State,Year,Area (Hectare),Production (Tonnes),Yield (Tonne/Hectare),Season,T2M,T2M_MAX,T2M_MIN,PRECTOTCORR,ALLSKY_SFC_SW_DWN,RH2M,WS2M,NDVI_SeasonalMean,Mean_SOC,Median_SOC,Min_SOC,Max_SOC,Std_SOC
Chandigarh,2011,600,2725,4.54,Kharif,28.54581967213115,32.636721311475405,24.65122950819672,1120.7,2415.25,73.59778688524591,1.6708196721311475,0.5050329342243784,2.126695009944596,2.0,2.0,6.25,0.38420373556564835
Chandigarh,2011,600,2725,4.54,Rabi,18.84254716981132,26.39858490566038,13.19245283018868,81.17,3551.9900000000002,46.76957547169811,1.7133962264150944,0.38336348309297524,2.126695009944596,2.0,2.0,6.25,0.38420373556564835
Chandigarh,2012,575,2590,4.5,Kharif,30.871885245901638,35.985163934426225,26.062868852459015,761.14,2549.54,58.65032786885246,1.8951639344262297,0.4571699416363171,2.126695009944596,2.0,2.0,6.25,0.38420373556564835
Chandigarh,2012,575,2590,4.5,Rabi,18.925164319248825,26.774976525821597,13.223896713615023,87.2,3528.42,41.122769953051645,1.888967136150235,0.3800363806016983,2.126695009944596,2.0,2.0,6.25,0.38420373556564835
Chandigarh,2013,575,2600,4.52,Kharif,28.820409836065576,32.81147540983606,24.909918032786884,1174.1,2440.15,72.61442622950818,1.5352459016393443,0.5229577745333753,2.126695009944596,2.0,2.0,6.25,0.38420373556564835
Chandigarh,2013,575,2600,4.52,Rabi,18.963962264150943,26.33570754716981,13.638632075471698,223.1,3406.2,49.07466981132075,1.8521698113207548,0.4129733027432506,2.126695009944596,2.0,2.0,6.25,0.38420373556564835
Chandigarh,2014,550,2500,4.55,Kharif,31.703524590163934,37.26303278688525,26.480737704918035,557.51,2623.93,51.82754098360656,2.0229508196721313,0.47447255786576015,2.126695009944596,2.0,2.0,6.25,0.38420373556564835
Chandigarh,2014,550,2500,4.55,Rabi,18.753301886792453,26.376603773584907,13.247311320754717,266.69,3408.7400000000002,46.53712264150944,1.872877358490566,0.41003432095146275,2.126695009944596,2.0,2.0,6.25,0.38420373556564835
Chandigarh,2015,550,2530,4.6,Kharif,29.421639344262296,34.33295081967213,24.787950819672133,840.64,2563.15,62.88696721311475,1.7577868852459015,0.49344790738988775,2.126695009944596,2.0,2.0,6.25,0.38420373556564835
Chandigarh,2015,550,2530,4.6,Rabi,19.41617924528302,26.784575471698112,14.022783018867925,278.99,3382.2,47.279481132075475,1.8676415094339622,0.43233304266794625,2.126695009944596,2.0,2.0,6.25,0.38420373556564835
Chandigarh,2016,550,2585,4.7,Kharif,30.18532786885246,34.943360655737706,25.51270491803279,712.46,2542.28,63.45172131147541,1.5940983606557375,0.4958072924372617,2.126695009944596,2.0,2.0,6.25,0.38420373556564835
Chandigarh,2016,550,2585,4.7,Rabi,20.75230046948357,28.93037558685446,14.938075117370891,116.72,3564.83,34.851361502347416,1.9136150234741784,0.3642333330809911,2.126695009944596,2.0,2.0,6.25,0.38420373556564835
Chandigarh,2017,546,2566,4.7,Kharif,29.200327868852458,33.70877049180328,24.907459016393442,991.37,2491.03,67.66360655737704,1.6227049180327868,0.46797826112857793,2.126695009944596,2.0,2.0,6.25,0.38420373556564835
Chandigarh,2017,546,2566,4.7,Rabi,19.83452830188679,27.704811320754718,14.153207547169812,193.66,3556.26,42.65971698113208,1.9210849056603774,0.4035156813719912,2.126695009944596,2.0,2.0,6.25,0.38420373556564835
Chandigarh,2018,546,2730,5.0,Kharif,28.78844262295082,32.89368852459017,24.914836065573773,1270.35,2306.17,72.85770491803278,1.7394262295081968,0.5092124430056052,2.126695009944596,2.0,2.0,6.25,0.38420373556564835
Chandigarh,2018,546,2730,5.0,Rabi,19.198679245283017,26.844669811320752,13.57504716981132,122.39,3634.3,45.88849056603774,1.8907075471698112,0.4103721290289392,2.126695009944596,2.0,2.0,6.25,0.38420373556564835
Chandigarh,2019,546,2457,4.5,Kharif,30.270737704918034,34.93459016393442,25.798688524590165,849.83,2466.68,63.884098360655734,1.6586065573770492,0.5041336443869856,2.126695009944596,2.0,2.0,6.25,0.38420373556564835
Chandigarh,2019,546,2457,4.5,Rabi,18.05938679245283,25.008396226415094,12.940424528301886,263.17,3244.63,54.88150943396226,1.7711792452830188,0.438480201288909,2.126695009944596,2.0,2.0,6.25,0.38420373556564835
Chandigarh,2020,547,2735,5.0,Kharif,29.43155737704918,34.16688524590164,24.94860655737705,802.1,2585.98,68.58319672131147,1.6604098360655737,0.5140452587065382,2.126695009944596,2.0,2.0,6.25,0.38420373556564835
Chandigarh,2020,547,2735,5.0,Rabi,18.117464788732395,25.535258215962443,12.869577464788732,323.19,3448.5099999999998,50.97868544600939,1.8621596244131455,0.44331813491273137,2.126695009944596,2.0,2.0,6.25,0.38420373556564835
Chandigarh,2021,547,2735,5.0,Kharif,29.265901639344264,33.71975409836066,24.959016393442624,992.6,2429.1,68.71827868852458,1.5581147540983606,0.517970780992147,2.126695009944596,2.0,2.0,6.25,0.38420373556564835
Chandigarh,2021,547,2735,5.0,Rabi,19.571415094339624,27.240896226415092,14.013254716981132,157.82,3527.73,46.41481132075472,1.9489622641509434,0.4128822221183472,2.126695009944596,2.0,2.0,6.25,0.38420373556564835
Chandigarh,2022,547,2735,5.0,Kharif,29.236475409836064,33.537213114754095,25.18622950819672,1139.18,2462.37,70.54655737704918,1.7131147540983607,0.5378283776069824,2.126695009944596,2.0,2.0,6.25,0.38420373556564835
Chandigarh,2022,547,2735,5.0,Rabi,19.302075471698114,26.322264150943393,14.119669811320755,246.48,3492.06,57.034905660377355,1.8995283018867923,0.4277274005475121,2.126695009944596,2.0,2.0,6.25,0.38420373556564835
Haryana,2011,87061,423000,4.86,Kharif,31.57967213114754,36.57680327868852,26.908360655737706,497.43,2348.21,62.538360655737705,2.1618852459016393,0.4813594145870198,1.6565648888347506,1.5994094488188977,0.9724409448818898,2.9783464566929134,0.4464617884996307
Haryana,2011,151368,650000,4.29,Kharif,31.57967213114754,36.57680327868852,26.908360655737706,497.43,2348.21,62.538360655737705,2.1618852459016393,0.4813594145870198,1.6565648888347506,1.5994094488188977,0.9724409448818898,2.9783464566929134,0.4464617884996307
Haryana,2011,30475,150000,4.92,Kharif,31.57967213114754,36.57680327868852,26.908360655737706,497.43,2348.21,62.538360655737705,2.1618852459016393,0.4813594145870198,1.6565648888347506,1.5994094488188977,0.9724409448818898,2.9783464566929134,0.4464617884996307
Haryana,2011,189331,1034000,5.46,Kharif,31.57967213114754,36.57680327868852,26.908360655737706,497.43,2348.21,62.538360655737705,2.1618852459016393,0.4813594145870198,1.6565648888347506,1.5994094488188977,0.9724409448818898,2.9783464566929134,0.4464617884996307
Haryana,2011,52388,258000,4.92,Kharif,31.57967213114754,36.57680327868852,26.908360655737706,497.43,2348.21,62.538360655737705,2.1618852459016393,0.4813594145870198,1.6565648888347506,1.5994094488188977,0.9724409448818898,2.9783464566929134,0.4464617884996307
Haryana,2011,237072,1208000,5.1,Kharif,31.57967213114754,36.57680327868852,26.908360655737706,497.43,2348.21,62.538360655737705,2.1618852459016393,0.4813594145870198,1.6565648888347506,1.5994094488188977,0.9724409448818898,2.9783464566929134,0.4464617884996307
Haryana,2011,98419,481000,4.89,Kharif,31.57967213114754,36.57680327868852,26.908360655737706,497.43,2348.21,62.538360655737705,2.1618852459016393,0.4813594145870198,1.6565648888347506,1.5994094488188977,0.9724409448818898,2.9783464566929134,0.4464617884996307
Haryana,2011,216610,1136000,5.24,Kharif,31.57967213114754,36.57680327868852,26.908360655737706,497.43,2348.21,62.538360655737705,2.1618852459016393,0.4813594145870198,1.6565648888347506,1.5994094488188977,0.9724409448818898,2.9783464566929134,0.4464617884996307
Haryana,2011,173134,943000,5.45,Kharif,31.57967213114754,36.57680327868852,26.908360655737706,497.43,2348.21,62.538360655737705,2.1618852459016393,0.4813594145870198,1.6565648888347506,1.5994094488188977,0.9724409448818898,2.9783464566929134,0.4464617884996307
Haryana,2011,171771,975000,5.68,Kharif,31.57967213114754,36.57680327868852,26.908360655737706,497.43,2348.21,62.538360655737705,2.1618852459016393,0.4813594145870198,1.6565648888347506,1.5994094488188977,0.9724409448818898,2.9783464566929134,0.4464617884996307
Haryana,2011,112004,609000,5.44,Kharif,31.57967213114754,36.57680327868852,26.908360655737706,497.43,2348.21,62.538360655737705,2.1618852459016393,0.4813594145870198,1.6565648888347506,1.5994094488188977,0.9724409448818898,2.9783464566929134,0.4464617884996307
Haryana,2011,41029,189000,4.61,Kharif,31.57967213114754,36.57680327868852,26.908360655737706,497.43,2348.21,62.538360655737705,2.1618852459016393,0.4813594145870198,1.6565648888347506,1.5994094488188977,0.9724409448818898,2.9783464566929134,0.4464617884996307
Haryana,2011,71378,312000,4.37,Kharif,31.57967213114754,36.57680327868852,26.908360655737706,497.43,2348.21,62.538360655737705,2.1618852459016393,0.4813594145870198,1.6565648888347506,1.5994094488188977,0.9724409448818898,2.9783464566929134,0.4464617884996307
Haryana,2011,99588,507000,5.09,Kharif,31.57967213114754,36.57680327868852,26.908360655737706,497.43,2348.21,62.538360655737705,2.1618852459016393,0.4813594145870198,1.6565648888347506,1.5994094488188977,0.9724409448818898,2.9783464566929134,0.4464617884996307
Haryana,2011,15987,57000,3.57,Kharif,31.57967213114754,36.57680327868852,26.908360655737706,497.43,2348.21,62.538360655737705,2.1618852459016393,0.4813594145870198,1.6565648888347506,1.5994094488188977,0.9724409448818898,2.9783464566929134,0.4464617884996307
Haryana,2011,86807,483000,5.56,Kharif,31.57967213114754,36.57680327868852,26.908360655737706,497.43,2348.21,62.538360655737705,2.1618852459016393,0.4813594145870198,1.6565648888347506,1.5994094488188977,0.9724409448818898,2.9783464566929134,0.4464617884996307
Haryana,2011,48291,240000,4.97,Kharif,31.57967213114754,36.57680327868852,26.908360655737706,497.43,2348.21,62.538360655737705,2.1618852459016393,0.4813594145870198,1.6565648888347506,1.5994094488188977,0.9724409448818898,2.9783464566929134,0.4464617884996307
Haryana,2011,102483,512000,5.0,Kharif,31.57967213114754,36.57680327868852,26.908360655737706,497.43,2348.21,62.538360655737705,2.1618852459016393,0.4813594145870198,1.6565648888347506,1.5994094488188977,0.9724409448818898,2.9783464566929134,0.4464617884996307
Haryana,2011,299053,1602000,5.36,Kharif,31.57967213114754,36.57680327868852,26.908360655737706,497.43,2348.21,62.538360655737705,2.1618852459016393,0.4813594145870198,1.6565648888347506,1.5994094488188977,0.9724409448818898,2.9783464566929134,0.4464617884996307
Haryana,2011,162264,894000,5.51,Kharif,31.57967213114754,36.57680327868852,26.908360655737706,497.43,2348.21,62.538360655737705,2.1618852459016393,0.4813594145870198,1.6565648888347506,1.5994094488188977,0.9724409448818898,2.9783464566929134,0.4464617884996307
Haryana,2011,84789,456000,5.38,Kharif,31.57967213114754,36.57680327868852,26.908360655737706,497.43,2348.21,62.538360655737705,2.1618852459016393,0.4813594145870198,1.6565648888347506,1.5994094488188977,0.9724409448818898,2.9783464566929134,0.4464617884996307
Haryana,2011,87061,423000,4.86,Rabi,20.24806603773585,28.97014150943396,13.265849056603773,62.17,3370.19,42.047216981132074,1.5315566037735848,0.46160950275527074,1.6565648888347506,1.5994094488188977,0.9724409448818898,2.9783464566929134,0.4464617884996307
Haryana,2011,151368,650000,4.29,Rabi,20.24806603773585,28.97014150943396,13.265849056603773,62.17,3370.19,42.047216981132074,1.5315566037735848,0.46160950275527074,1.6565648888347506,1.5994094488188977,0.9724409448818898,2.9783464566929134,0.4464617884996307
Haryana,2011,30475,150000,4.92,Rabi,20.24806603773585,28.97014150943396,13.265849056603773,62.17,3370.19,42.047216981132074,1.5315566037735848,0.46160950275527074,1.6565648888347506,1.5994094488188977,0.9724409448818898,2.9783464566929134,0.4464617884996307
Haryana,2011,189331,1034000,5.46,Rabi,20.24806603773585,28.97014150943396,13.265849056603773,62.17,3370.19,42.047216981132074,1.5315566037735848,0.46160950275527074,1.6565648888347506,1.5994094488188977,0.9724409448818898,2.9783464566929134,0.4464617884996307
Haryana,2011,52388,258000,4.92,Rabi,20.24806603773585,28.97014150943396,13.265849056603773,62.17,3370.19,42.047216981132074,1.5315566037735848,0.46160950275527074,1.6565648888347506,1.5994094488188977,0.9724409448818898,2.9783464566929134,0.4464617884996307
Haryana,2011,237072,1208000,5.1,Rabi,20.24806603773585,28.97014150943396,13.265849056603773,62.17,3370.19,42.047216981132074,1.5315566037735848,0.46160950275527074,1.6565648888347506,1.5994094488188977,0.9724409448818898,2.9783464566929134,0.4464617884996307
Haryana,2011,98419,481000,4.89,Rabi,20.24806603773585,28.97014150943396,13.265849056603773,62.17,3370.19,42.047216981132074,1.5315566037735848,0.46160950275527074,1.6565648888347506,1.5994094488188977,0.9724409448818898,2.9783464566929134,0.4464617884996307
Haryana,2011,216610,1136000,5.24,Rabi,20.24806603773585,28.97014150943396,13.265849056603773,62.17,3370.19,42.047216981132074,1.5315566037735848,0.46160950275527074,1.6565648888347506,1.5994094488188977,0.9724409448818898,2.9783464566929134,0.4464617884996307
Haryana,2011,173134,943000,5.45,Rabi,20.24806603773585,28.97014150943396,13.265849056603773,62.17,3370.19,42.047216981132074,1.5315566037735848,0.46160950275527074,1.6565648888347506,1.5994094488188977,0.9724409448818898,2.9783464566929134,0.4464617884996307
Haryana,2011,171771,975000,5.68,Rabi,20.24806603773585,28.97014150943396,13.265849056603773,62.17,3370.19,42.047216981132074,1.5315566037735848,0.46160950275527074,1.6565648888347506,1.5994094488188977,0.9724409448818898,2.9783464566929134,0.4464617884996307
Haryana,2011,112004,609000,5.44,Rabi,20.24806603773585,28.97014150943396,13.265849056603773,62.17,3370.19,42.047216981132074,1.5315566037735848,0.46160950275527074,1.6565648888347506,1.5994094488188977,0.9724409448818898,2.9783464566929134,0.4464617884996307
Haryana,2011,41029,189000,4.61,Rabi,20.24806603773585,28.97014150943396,13.265849056603773,62.17,3370.19,42.047216981132074,1.5315566037735848,0.46160950275527074,1.6565648888347506,1.5994094488188977,0.9724409448818898,2.9783464566929134,0.4464617884996307
Haryana,2011,71378,312000,4.37,Rabi,20.24806603773585,28.97014150943396,13.265849056603773,62.17,3370.19,42.047216981132074,1.5315566037735848,0.46160950275527074,1.6565648888347506,1.5994094488188977,0.9724409448818898,2.9783464566929134,0.4464617884996307
Haryana,2011,99588,507000,5.09,Rabi,20.24806603773585,28.97014150943396,13.265849056603773,62.17,3370.19,42.047216981132074,1.5315566037735848,0.46160950275527074,1.6565648888347506,1.5994094488188977,0.9724409448818898,2.9783464566929134,0.4464617884996307
Haryana,2011,15987,57000,3.57,Rabi,20.24806603773585,28.97014150943396,13.265849056603773,62.17,3370.19,42.047216981132074,1.5315566037735848,0.46160950275527074,1.6565648888347506,1.5994094488188977,0.9724409448818898,2.9783464566929134,0.4464617884996307
Haryana,2011,86807,483000,5.56,Rabi,20.24806603773585,28.97014150943396,13.265849056603773,62.17,3370.19,42.047216981132074,1.5315566037735848,0.46160950275527074,1.6565648888347506,1.5994094488188977,0.9724409448818898,2.9783464566929134,0.4464617884996307
Haryana,2011,48291,240000,4.97,Rabi,20.24806603773585,28.97014150943396,13.265849056603773,62.17,3370.19,42.047216981132074,1.5315566037735848,0.46160950275527074,1.6565648888347506,1.5994094488188977,0.9724409448818898,2.9783464566929134,0.4464617884996307
Haryana,2011,102483,512000,5.0,Rabi,20.24806603773585,28.97014150943396,13.265849056603773,62.17,3370.19,42.047216981132074,1.5315566037735848,0.46160950275527074,1.6565648888347506,1.5994094488188977,0.9724409448818898,2.9783464566929134,0.4464617884996307
Haryana,2011,299053,1602000,5.36,Rabi,20.24806603773585,28.97014150943396,13.265849056603773,62.17,3370.19,42.047216981132074,1.5315566037735848,0.46160950275527074,1.6565648888347506,1.5994094488188977,0.9724409448818898,2.9783464566929134,0.4464617884996307
Haryana,2011,162264,894000,5.51,Rabi,20.24806603773585,28.97014150943396,13.265849056603773,62.17,3370.19,42.047216981132074,1.5315566037735848,0.46160950275527074,1.6565648888347506,1.5994094488188977,0.9724409448818898,2.9783464566929134,0.4464617884996307
Haryana,2011,84789,456000,5.38,Rabi,20.24806603773585,28.97014150943396,13.265849056603773,62.17,3370.19,42.047216981132074,1.5315566037735848,0.46160950275527074,1.6565648888347506,1.5994094488188977,0.9724409448818898,2.9783464566929134,0.4464617884996307
Haryana,2012,87168,366000,4.2,Kharif,32.951557377049184,38.40680327868853,27.740409836065574,409.64,2411.83,51.674590163934425,2.563606557377049,0.4393926393040388,1.6565648888347506,1.5994094488188977,0.9724409448818898,2.9783464566929134,0.4464617884996307
Haryana,2012,162442,657000,4.04,Kharif,32.951557377049184,38.40680327868853,27.740409836065574,409.64,2411.83,51.674590163934425,2.563606557377049,0.4393926393040388,1.6565648888347506,1.5994094488188977,0.9724409448818898,2.9783464566929134,0.4464617884996307
Haryana,2012,31055,141000,4.54,Kharif,32.951557377049184,38.40680327868853,27.740409836065574,409.64,2411.83,51.674590163934425,2.563606557377049,0.4393926393040388,1.6565648888347506,1.5994094488188977,0.9724409448818898,2.9783464566929134,0.4464617884996307
Haryana,2012,188020,880000,4.68,Kharif,32.951557377049184,38.40680327868853,27.740409836065574,409.64,2411.83,51.674590163934425,2.563606557377049,0.4393926393040388,1.6565648888347506,1.5994094488188977,0.9724409448818898,2.9783464566929134,0.4464617884996307
Haryana,2012,44667,205000,4.59,Kharif,32.951557377049184,38.40680327868853,27.740409836065574,409.64,2411.83,51.674590163934425,2.563606557377049,0.4393926393040388,1.6565648888347506,1.5994094488188977,0.9724409448818898,2.9783464566929134,0.4464617884996307
Haryana,2012,231555,987000,4.26,Kharif,32.951557377049184,38.40680327868853,27.740409836065574,409.64,2411.83,51.674590163934425,2.563606557377049,0.4393926393040388,1.6565648888347506,1.5994094488188977,0.9724409448818898,2.9783464566929134,0.4464617884996307
Haryana,2012,95856,377000,3.93,Kharif,32.951557377049184,38.40680327868853,27.740409836065574,409.64,2411.83,51.674590163934425,2.563606557377049,0.4393926393040388,1.6565648888347506,1.5994094488188977,0.9724409448818898,2.9783464566929134,0.4464617884996307
Haryana,2012,215979,922000,4.27,Kharif,32.951557377049184,38.40680327868853,27.740409836065574,409.64,2411.83,51.674590163934425,2.563606557377049,0.4393926393040388,1.6565648888347506,1.5994094488188977,0.9724409448818898,2.9783464566929134,0.4464617884996307
Haryana,2012,172302,806000,4.68,Kharif,32.951557377049184,38.40680327868853,27.740409836065574,409.64,2411.83,51.674590163934425,2.563606557377049,0.4393926393040388,1.6565648888347506,1.5994094488188977,0.9724409448818898,2.9783464566929134,0.4464617884996307
Haryana,2012,172790,808000,4.68,Kharif,32.951557377049184,38.40680327868853,27.740409836065574,409.64,2411.83,51.674590163934425,2.563606557377049,0.4393926393040388,1.6565648888347506,1.5994094488188977,0.9724409448818898,2.9783464566929134,0.4464617884996307
Haryana,2012,112658,526000,4.67,Kharif,32.951557377049184,38.40680327868853,27.740409836065574,409.64,2411.83,51.674590163934425,2.563606557377049,0.4393926393040388,1.6565648888347506,1.5994094488188977,0.9724409448818898,2.9783464566929134,0.4464617884996307
Haryana,2012,42876,205000,4.78,Kharif,32.951557377049184,38.40680327868853,27.740409836065574,409.64,2411.83,51.674590163934425,2.563606557377049,0.4393926393040388,1.6565648888347506,1.5994094488188977,0.9724409448818898,2.9783464566929134,0.4464617884996307
Haryana,2012,71677,296000,4.13,Kharif,32.951557377049184,38.40680327868853,27.740409836065574,409.64,2411.83,51.674590163934425,2.563606557377049,0.4393926393040388,1.6565648888347506,1.5994094488188977,0.9724409448818898,2.9783464566929134,0.4464617884996307
Haryana,2012,96044,442000,4.6,Kharif,32.951557377049184,38.40680327868853,27.740409836065574,409.64,2411.83,51.674590163934425,2.563606557377049,0.4393926393040388,1.6565648888347506,1.5994094488188977,0.9724409448818898,2.9783464566929134,0.4464617884996307
Haryana,2012,16823,59000,3.51,Kharif,32.951557377049184,38.40680327868853,27.740409836065574,409.64,2411.83,51.674590163934425,2.563606557377049,0.4393926393040388,1.6565648888347506,1.5994094488188977,0.9724409448818898,2.9783464566929134,0.4464617884996307
Haryana,2012,85907,395000,4.6,Kharif,32.951557377049184,38.40680327868853,27.740409836065574,409.64,2411.83,51.674590163934425,2.563606557377049,0.4393926393040388,1.6565648888347506,1.5994094488188977,0.9724409448818898,2.9783464566929134,0.4464617884996307
Haryana,2012,44652,222000,4.97,Kharif,32.951557377049184,38.40680327868853,27.740409836065574,409.64,2411.83,51.674590163934425,2.563606557377049,0.4393926393040388,1.6565648888347506,1.5994094488188977,0.9724409448818898,2.9783464566929134,0.4464617884996307
Haryana,2012,104032,389000,3.74,Kharif,32.951557377049184,38.40680327868853,27.740409836065574,409.64,2411.83,51.674590163934425,2.563606557377049,0.4393926393040388,1.6565648888347506,1.5994094488188977,0.9724409448818898,2.9783464566929134,0.4464617884996307
Haryana,2012,293495,1423000,4.85,Kharif,32.951557377049184,38.40680327868853,27.740409836065574,409.64,2411.83,51.674590163934425,2.563606557377049,0.4393926393040388,1.6565648888347506,1.5994094488188977,0.9724409448818898,2.9783464566929134,0.4464617884996307
Haryana,2012,141805,642000,4.53,Kharif,32.951557377049184,38.40680327868853,27.740409836065574,409.64,2411.83,51.674590163934425,2.563606557377049,0.4393926393040388,1.6565648888347506,1.5994094488188977,0.9724409448818898,2.9783464566929134,0.4464617884996307
Haryana,2012,85102,369000,4.34,Kharif,32.951557377049184,38.40680327868853,27.740409836065574,409.64,2411.83,51.674590163934425,2.563606557377049,0.4393926393040388,1.6565648888347506,1.5994094488188977,0.9724409448818898,2.9783464566929134,0.4464617884996307
Haryana,2012,87168,366000,4.2,Rabi,19.80854460093897,28.861830985915493,12.493661971830987,48.88,3331.6,33.53577464788732,1.7831455399061034,0.44616429987509737,1.6565648888347506,1.5994094488188977,0.9724409448818898,2.9783464566929134,0.4464617884996307
Haryana,2012,162442,657000,4.04,Rabi,19.80854460093897,28.861830985915493,12.493661971830987,48.88,3331.6,33.53577464788732,1.7831455399061034,0.44616429987509737,1.6565648888347506,1.5994094488188977,0.9724409448818898,2.9783464566929134,0.4464617884996307
Haryana,2012,31055,141000,4.54,Rabi,19.80854460093897,28.861830985915493,12.493661971830987,48.88,3331.6,33.53577464788732,1.7831455399061034,0.44616429987509737,1.6565648888347506,1.5994094488188977,0.9724409448818898,2.9783464566929134,0.4464617884996307
Haryana,2012,188020,880000,4.68,Rabi,19.80854460093897,28.861830985915493,12.493661971830987,48.88,3331.6,33.53577464788732,1.7831455399061034,0.44616429987509737,1.6565648888347506,1.5994094488188977,0.9724409448818898,2.9783464566929134,0.4464617884996307
Haryana,2012,44667,205000,4.59,Rabi,19.80854460093897,28.861830985915493,12.493661971830987,48.88,3331.6,33.53577464788732,1.7831455399061034,0.44616429987509737,1.6565648888347506,1.5994094488188977,0.9724409448818898,2.9783464566929134,0.4464617884996307
Haryana,2012,231555,987000,4.26,Rabi,19.80854460093897,28.861830985915493,12.493661971830987,48.88,3331.6,33.53577464788732,1.7831455399061034,0.44616429987509737,1.6565648888347506,1.5994094488188977,0.9724409448818898,2.9783464566929134,0.4464617884996307
Haryana,2012,95856,377000,3.93,Rabi,19.80854460093897,28.861830985915493,12.493661971830987,48.88,3331.6,33.53577464788732,1.7831455399061034,0.44616429987509737,1.6565648888347506,1.5994094488188977,0.9724409448818898,2.9783464566929134,0.4464617884996307
Haryana,2012,215979,922000,4.27,Rabi,19.80854460093897,28.861830985915493,12.493661971830987,48.88,3331.6,33.53577464788732,1.7831455399061034,0.44616429987509737,1.6565648888347506,1.5994094488188977,0.9724409448818898,2.9783464566929134,0.4464617884996307
Haryana,2012,172302,806000,4.68,Rabi,19.80854460093897,28.861830985915493,12.493661971830987,48.88,3331.6,33.53577464788732,1.7831455399061034,0.44616429987509737,1.6565648888347506,1.5994094488188977,0.9724409448818898,2.9783464566929134,0.4464617884996307
Haryana,2012,172790,808000,4.68,Rabi,19.80854460093897,28.861830985915493,12.493661971830987,48.88,3331.6,33.53577464788732,1.7831455399061034,0.44616429987509737,1.6565648888347506,1.5994094488188977,0.9724409448818898,2.9783464566929134,0.4464617884996307
Haryana,2012,112658,526000,4.67,Rabi,19.80854460093897,28.861830985915493,12.493661971830987,48.88,3331.6,33.53577464788732,1.7831455399061034,0.44616429987509737,1.6565648888347506,1.5994094488188977,0.9724409448818898,2.9783464566929134,0.4464617884996307
Haryana,2012,42876,205000,4.78,Rabi,19.80854460093897,28.861830985915493,12.493661971830987,48.88,3331.6,33.53577464788732,1.7831455399061034,0.44616429987509737,1.6565648888347506,1.5994094488188977,0.9724409448818898,2.9783464566929134,0.4464617884996307
Haryana,2012,71677,296000,4.13,Rabi,19.80854460093897,28.861830985915493,12.493661971830987,48.88,3331.6,33.53577464788732,1.7831455399061034,0.44616429987509737,1.6565648888347506,1.5994094488188977,0.9724409448818898,2.9783464566929134,0.4464617884996307
Haryana,2012,96044,442000,4.6,Rabi,19.80854460093897,28.861830985915493,12.493661971830987,48.88,3331.6,33.53577464788732,1.7831455399061034,0.44616429987509737,1.6565648888347506,1.5994094488188977,0.9724409448818898,2.9783464566929134,0.4464617884996307
Haryana,2012,16823,59000,3.51,Rabi,19.80854460093897,28.861830985915493,12.493661971830987,48.88,3331.6,33.53577464788732,1.7831455399061034,0.44616429987509737,1.6565648888347506,1.5994094488188977,0.9724409448818898,2.9783464566929134,0.4464617884996307
Haryana,2012,85907,395000,4.6,Rabi,19.80854460093897,28.861830985915493,12.493661971830987,48.88,3331.6,33.53577464788732,1.7831455399061034,0.44616429987509737,1.6565648888347506,1.5994094488188977,0.9724409448818898,2.9783464566929134,0.4464617884996307
Haryana,2012,44652,222000,4.97,Rabi,19.80854460093897,28.861830985915493,12.493661971830987,48.88,3331.6,33.53577464788732,1.7831455399061034,0.44616429987509737,1.6565648888347506,1.5994094488188977,0.9724409448818898,2.9783464566929134,0.4464617884996307
Haryana,2012,104032,389000,3.74,Rabi,19.80854460093897,28.861830985915493,12.493661971830987,48.88,3331.6,33.53577464788732,1.7831455399061034,0.44616429987509737,1.6565648888347506,1.5994094488188977,0.9724409448818898,2.9783464566929134,0.4464617884996307
Haryana,2012,293495,1423000,4.85,Rabi,19.80854460093897,28.861830985915493,12.493661971830987,48.88,3331.6,33.53577464788732,1.7831455399061034,0.44616429987509737,1.6565648888347506,1.5994094488188977,0.9724409448818898,2.9783464566929134,0.4464617884996307
Haryana,2012,141805,642000,4.53,Rabi,19.80854460093897,28.861830985915493,12.493661971830987,48.88,3331.6,33.53577464788732,1.7831455399061034,0.44616429987509737,1.6565648888347506,1.5994094488188977,0.9724409448818898,2.9783464566929134,0.4464617884996307
Haryana,2012,85102,369000,4.34,Rabi,19.80854460093897,28.861830985915493,12.493661971830987,48.88,3331.6,33.53577464788732,1.7831455399061034,0.44616429987509737,1.6565648888347506,1.5994094488188977,0.9724409448818898,2.9783464566929134,0.4464617884996307
Haryana,2013,86000,398000,4.63,Kharif,31.361639344262294,36.47311475409836,26.40844262295082,624.97,2381.95,61.823196721311476,2.020655737704918,0.4887531065083045,1.6565648888347506,1.5994094488188977,0.9724409448818898,2.9783464566929134,0.4464617884996307
Haryana,2013,167000,706000,4.23,Kharif,31.361639344262294,36.47311475409836,26.40844262295082,624.97,2381.95,61.823196721311476,2.020655737704918,0.4887531065083045,1.6565648888347506,1.5994094488188977,0.9724409448818898,2.9783464566929134,0.4464617884996307
Haryana,2013,30000,140000,4.67,Kharif,31.361639344262294,36.47311475409836,26.40844262295082,624.97,2381.95,61.823196721311476,2.020655737704918,0.4887531065083045,1.6565648888347506,1.5994094488188977,0.9724409448818898,2.9783464566929134,0.4464617884996307
Haryana,2013,189000,1005000,5.32,Kharif,31.361639344262294,36.47311475409836,26.40844262295082,624.97,2381.95,61.823196721311476,2.020655737704918,0.4887531065083045,1.6565648888347506,1.5994094488188977,0.9724409448818898,2.9783464566929134,0.4464617884996307
Haryana,2013,48000,215000,4.48,Kharif,31.361639344262294,36.47311475409836,26.40844262295082,624.97,2381.95,61.823196721311476,2.020655737704918,0.4887531065083045,1.6565648888347506,1.5994094488188977,0.9724409448818898,2.9783464566929134,0.4464617884996307
Haryana,2013,226000,1012000,4.48,Kharif,31.361639344262294,36.47311475409836,26.40844262295082,624.97,2381.95,61.823196721311476,2.020655737704918,0.4887531065083045,1.6565648888347506,1.5994094488188977,0.9724409448818898,2.9783464566929134,0.4464617884996307
Haryana,2013,98000,442000,4.51,Kharif,31.361639344262294,36.47311475409836,26.40844262295082,624.97,2381.95,61.823196721311476,2.020655737704918,0.4887531065083045,1.6565648888347506,1.5994094488188977,0.9724409448818898,2.9783464566929134,0.4464617884996307
Haryana,2013,217000,987000,4.55,Kharif,31.361639344262294,36.47311475409836,26.40844262295082,624.97,2381.95,61.823196721311476,2.020655737704918,0.4887531065083045,1.6565648888347506,1.5994094488188977,0.9724409448818898,2.9783464566929134,0.4464617884996307
Haryana,2013,174000,838000,4.82,Kharif,31.361639344262294,36.47311475409836,26.40844262295082,624.97,2381.95,61.823196721311476,2.020655737704918,0.4887531065083045,1.6565648888347506,1.5994094488188977,0.9724409448818898,2.9783464566929134,0.4464617884996307
Haryana,2013,172000,845000,4.91,Kharif,31.361639344262294,36.47311475409836,26.40844262295082,624.97,2381.95,61.823196721311476,2.020655737704918,0.4887531065083045,1.6565648888347506,1.5994094488188977,0.9724409448818898,2.9783464566929134,0.4464617884996307
Haryana,2013,112000,546000,4.88,Kharif,31.361639344262294,36.47311475409836,26.40844262295082,624.97,2381.95,61.823196721311476,2.020655737704918,0.4887531065083045,1.6565648888347506,1.5994094488188977,0.9724409448818898,2.9783464566929134,0.4464617884996307
Haryana,2013,46000,231000,5.02,Kharif,31.361639344262294,36.47311475409836,26.40844262295082,624.97,2381.95,61.823196721311476,2.020655737704918,0.4887531065083045,1.6565648888347506,1.5994094488188977,0.9724409448818898,2.9783464566929134,0.4464617884996307
Haryana,2013,74000,318000,4.3,Kharif,31.361639344262294,36.47311475409836,26.40844262295082,624.97,2381.95,61.823196721311476,2.020655737704918,0.4887531065083045,1.6565648888347506,1.5994094488188977,0.9724409448818898,2.9783464566929134,0.4464617884996307
Haryana,2013,97000,441000,4.55,Kharif,31.361639344262294,36.47311475409836,26.40844262295082,624.97,2381.95,61.823196721311476,2.020655737704918,0.4887531065083045,1.6565648888347506,1.5994094488188977,0.9724409448818898,2.9783464566929134,0.4464617884996307
Haryana,2013,17000,59000,3.47,Kharif,31.361639344262294,36.47311475409836,26.40844262295082,624.97,2381.95,61.823196721311476,2.020655737704918,0.4887531065083045,1.6565648888347506,1.5994094488188977,0.9724409448818898,2.9783464566929134,0.4464617884996307
Haryana,2013,86000,421000,4.9,Kharif,31.361639344262294,36.47311475409836,26.40844262295082,624.97,2381.95,61.823196721311476,2.020655737704918,0.4887531065083045,1.6565648888347506,1.5994094488188977,0.9724409448818898,2.9783464566929134,0.4464617884996307
Haryana,2013,45000,222000,4.93,Kharif,31.361639344262294,36.47311475409836,26.40844262295082,624.97,2381.95,61.823196721311476,2.020655737704918,0.4887531065083045,1.6565648888347506,1.5994094488188977,0.9724409448818898,2.9783464566929134,0.4464617884996307
Haryana,2013,102000,400000,3.92,Kharif,31.361639344262294,36.47311475409836,26.40844262295082,624.97,2381.95,61.823196721311476,2.020655737704918,0.4887531065083045,1.6565648888347506,1.5994094488188977,0.9724409448818898,2.9783464566929134,0.4464617884996307
Haryana,2013,285000,1524000,5.35,Kharif,31.361639344262294,36.47311475409836,26.40844262295082,624.97,2381.95,61.823196721311476,2.020655737704918,0.4887531065083045,1.6565648888347506,1.5994094488188977,0.9724409448818898,2.9783464566929134,0.4464617884996307
Haryana,2013,143000,665000,4.65,Kharif,31.361639344262294,36.47311475409836,26.40844262295082,624.97,2381.95,61.823196721311476,2.020655737704918,0.4887531065083045,1.6565648888347506,1.5994094488188977,0.9724409448818898,2.9783464566929134,0.4464617884996307
Haryana,2013,85000,385000,4.53,Kharif,31.361639344262294,36.47311475409836,26.40844262295082,624.97,2381.95,61.823196721311476,2.020655737704918,0.4887531065083045,1.6565648888347506,1.5994094488188977,0.9724409448818898,2.9783464566929134,0.4464617884996307
Haryana,2013,86000,398000,4.63,Rabi,19.878773584905662,28.319433962264153,12.924009433962263,137.25,3252.09,43.91485849056604,1.7187264150943395,0.46887265360168484,1.6565648888347506,1.5994094488188977,0.9724409448818898,2.9783464566929134,0.4464617884996307
Haryana,2013,167000,706000,4.23,Rabi,19.878773584905662,28.319433962264153,12.924009433962263,137.25,3252.09,43.91485849056604,1.7187264150943395,0.46887265360168484,1.6565648888347506,1.5994094488188977,0.9724409448818898,2.9783464566929134,0.4464617884996307
Haryana,2013,30000,140000,4.67,Rabi,19.878773584905662,28.319433962264153,12.924009433962263,137.25,3252.09,43.91485849056604,1.7187264150943395,0.46887265360168484,1.6565648888347506,1.5994094488188977,0.9724409448818898,2.9783464566929134,0.4464617884996307
Haryana,2013,189000,1005000,5.32,Rabi,19.878773584905662,28.319433962264153,12.924009433962263,137.25,3252.09,43.91485849056604,1.7187264150943395,0.46887265360168484,1.6565648888347506,1.5994094488188977,0.9724409448818898,2.9783464566929134,0.4464617884996307
Haryana,2013,48000,215000,4.48,Rabi,19.878773584905662,28.319433962264153,12.924009433962263,137.25,3252.09,43.91485849056604,1.7187264150943395,0.46887265360168484,1.6565648888347506,1.5994094488188977,0.9724409448818898,2.9783464566929134,0.4464617884996307
Haryana,2013,226000,1012000,4.48,Rabi,19.878773584905662,28.319433962264153,12.924009433962263,137.25,3252.09,43.91485849056604,1.7187264150943395,0.46887265360168484,1.6565648888347506,1.5994094488188977,0.9724409448818898,2.9783464566929134,0.4464617884996307
Haryana,2013,98000,442000,4.51,Rabi,19.878773584905662,28.319433962264153,12.924009433962263,137.25,3252.09,43.91485849056604,1.7187264150943395,0.46887265360168484,1.6565648888347506,1.5994094488188977,0.9724409448818898,2.9783464566929134,0.4464617884996307
Haryana,2013,217000,987000,4.55,Rabi,19.878773584905662,28.319433962264153,12.924009433962263,137.25,3252.09,43.91485849056604,1.7187264150943395,0.46887265360168484,1.6565648888347506,1.5994094488188977,0.9724409448818898,2.9783464566929134,0.4464617884996307
Haryana,2013,174000,838000,4.82,Rabi,19.878773584905662,28.319433962264153,12.924009433962263,137.25,3252.09,43.91485849056604,1.7187264150943395,0.46887265360168484,1.6565648888347506,1.5994094488188977,0.9724409448818898,2.9783464566929134,0.4464617884996307
Haryana,2013,172000,845000,4.91,Rabi,19.878773584905662,28.319433962264153,12.924009433962263,137.25,3252.09,43.91485849056604,1.7187264150943395,0.46887265360168484,1.6565648888347506,1.5994094488188977,0.9724409448818898,2.9783464566929134,0.4464617884996307
Haryana,2013,112000,546000,4.88,Rabi,19.878773584905662,28.319433962264153,12.924009433962263,137.25,3252.09,43.91485849056604,1.7187264150943395,0.46887265360168484,1.6565648888347506,1.5994094488188977,0.9724409448818898,2.9783464566929134,0.4464617884996307
Haryana,2013,46000,231000,5.02,Rabi,19.878773584905662,28.319433962264153,12.924009433962263,137.25,3252.09,43.91485849056604,1.7187264150943395,0.46887265360168484,1.6565648888347506,1.5994094488188977,0.9724409448818898,2.9783464566929134,0.4464617884996307
Haryana,2013,74000,318000,4.3,Rabi,19.878773584905662,28.319433962264153,12.924009433962263,137.25,3252.09,43.91485849056604,1.7187264150943395,0.46887265360168484,1.6565648888347506,1.5994094488188977,0.9724409448818898,2.9783464566929134,0.4464617884996307
Haryana,2013,97000,441000,4.55,Rabi,19.878773584905662,28.319433962264153,12.924009433962263,137.25,3252.09,43.91485849056604,1.7187264150943395,0.46887265360168484,1.6565648888347506,1.5994094488188977,0.9724409448818898,2.9783464566929134,0.4464617884996307
Haryana,2013,17000,59000,3.47,Rabi,19.878773584905662,28.319433962264153,12.924009433962263,137.25,3252.09,43.91485849056604,1.7187264150943395,0.46887265360168484,1.6565648888347506,1.5994094488188977,0.9724409448818898,2.9783464566929134,0.4464617884996307
Haryana,2013,86000,421000,4.9,Rabi,19.878773584905662,28.319433962264153,12.924009433962263,137.25,3252.09,43.91485849056604,1.7187264150943395,0.46887265360168484,1.6565648888347506,1.5994094488188977,0.9724409448818898,2.9783464566929134,0.4464617884996307
Haryana,2013,45000,222000,4.93,Rabi,19.878773584905662,28.319433962264153,12.924009433962263,137.25,3252.09,43.91485849056604,1.7187264150943395,0.46887265360168484,1.6565648888347506,1.5994094488188977,0.9724409448818898,2.9783464566929134,0.4464617884996307
Haryana,2013,102000,400000,3.92,Rabi,19.878773584905662,28.319433962264153,12.924009433962263,137.25,3252.09,43.91485849056604,1.7187264150943395,0.46887265360168484,1.6565648888347506,1.5994094488188977,0.9724409448818898,2.9783464566929134,0.4464617884996307
Haryana,2013,285000,1524000,5.35,Rabi,19.878773584905662,28.319433962264153,12.924009433962263,137.25,3252.09,43.91485849056604,1.7187264150943395,0.46887265360168484,1.6565648888347506,1.5994094488188977,0.9724409448818898,2.9783464566929134,0.4464617884996307
Haryana,2013,143000,665000,4.65,Rabi,19.878773584905662,28.319433962264153,12.924009433962263,137.25,3252.09,43.91485849056604,1.7187264150943395,0.46887265360168484,1.6565648888347506,1.5994094488188977,0.9724409448818898,2.9783464566929134,0.4464617884996307
Haryana,2013,85000,385000,4.53,Rabi,19.878773584905662,28.319433962264153,12.924009433962263,137.25,3252.09,43.91485849056604,1.7187264150943395,0.46887265360168484,1.6565648888347506,1.5994094488188977,0.9724409448818898,2.9783464566929134,0.4464617884996307
Haryana,2014,88000,322000,3.66,Kharif,33.71590163934427,39.72352459016393,27.878032786885246,243.34,2545.76,44.75139344262295,2.499344262295082,0.46125579825089147,1.6565648888347506,1.5994094488188977,0.9724409448818898,2.9783464566929134,0.4464617884996307
Haryana,2014,219000,843000,3.85,Kharif,33.71590163934427,39.72352459016393,27.878032786885246,243.34,2545.76,44.75139344262295,2.499344262295082,0.46125579825089147,1.6565648888347506,1.5994094488188977,0.9724409448818898,2.9783464566929134,0.4464617884996307
Haryana,2014,28000,93000,3.32,Kharif,33.71590163934427,39.72352459016393,27.878032786885246,243.34,2545.76,44.75139344262295,2.499344262295082,0.46125579825089147,1.6565648888347506,1.5994094488188977,0.9724409448818898,2.9783464566929134,0.4464617884996307
Haryana,2014,190000,923000,4.86,Kharif,33.71590163934427,39.72352459016393,27.878032786885246,243.34,2545.76,44.75139344262295,2.499344262295082,0.46125579825089147,1.6565648888347506,1.5994094488188977,0.9724409448818898,2.9783464566929134,0.4464617884996307
Haryana,2014,49000,155000,3.16,Kharif,33.71590163934427,39.72352459016393,27.878032786885246,243.34,2545.76,44.75139344262295,2.499344262295082,0.46125579825089147,1.6565648888347506,1.5994094488188977,0.9724409448818898,2.9783464566929134,0.4464617884996307
Haryana,2014,230000,961000,4.18,Kharif,33.71590163934427,39.72352459016393,27.878032786885246,243.34,2545.76,44.75139344262295,2.499344262295082,0.46125579825089147,1.6565648888347506,1.5994094488188977,0.9724409448818898,2.9783464566929134,0.4464617884996307
Haryana,2014,114000,421000,3.69,Kharif,33.71590163934427,39.72352459016393,27.878032786885246,243.34,2545.76,44.75139344262295,2.499344262295082,0.46125579825089147,1.6565648888347506,1.5994094488188977,0.9724409448818898,2.9783464566929134,0.4464617884996307
Haryana,2014,219000,799000,3.65,Kharif,33.71590163934427,39.72352459016393,27.878032786885246,243.34,2545.76,44.75139344262295,2.499344262295082,0.46125579825089147,1.6565648888347506,1.5994094488188977,0.9724409448818898,2.9783464566929134,0.4464617884996307
Haryana,2014,175000,744000,4.25,Kharif,33.71590163934427,39.72352459016393,27.878032786885246,243.34,2545.76,44.75139344262295,2.499344262295082,0.46125579825089147,1.6565648888347506,1.5994094488188977,0.9724409448818898,2.9783464566929134,0.4464617884996307
Haryana,2014,174000,704000,4.05,Kharif,33.71590163934427,39.72352459016393,27.878032786885246,243.34,2545.76,44.75139344262295,2.499344262295082,0.46125579825089147,1.6565648888347506,1.5994094488188977,0.9724409448818898,2.9783464566929134,0.4464617884996307
Haryana,2014,113000,459000,4.06,Kharif,33.71590163934427,39.72352459016393,27.878032786885246,243.34,2545.76,44.75139344262295,2.499344262295082,0.46125579825089147,1.6565648888347506,1.5994094488188977,0.9724409448818898,2.9783464566929134,0.4464617884996307
Haryana,2014,49000,207000,4.22,Kharif,33.71590163934427,39.72352459016393,27.878032786885246,243.34,2545.76,44.75139344262295,2.499344262295082,0.46125579825089147,1.6565648888347506,1.5994094488188977,0.9724409448818898,2.9783464566929134,0.4464617884996307
Haryana,2014,77000,247000,3.21,Kharif,33.71590163934427,39.72352459016393,27.878032786885246,243.34,2545.76,44.75139344262295,2.499344262295082,0.46125579825089147,1.6565648888347506,1.5994094488188977,0.9724409448818898,2.9783464566929134,0.4464617884996307
Haryana,2014,105000,356000,3.39,Kharif,33.71590163934427,39.72352459016393,27.878032786885246,243.34,2545.76,44.75139344262295,2.499344262295082,0.46125579825089147,1.6565648888347506,1.5994094488188977,0.9724409448818898,2.9783464566929134,0.4464617884996307
Haryana,2014,18000,53000,2.94,Kharif,33.71590163934427,39.72352459016393,27.878032786885246,243.34,2545.76,44.75139344262295,2.499344262295082,0.46125579825089147,1.6565648888347506,1.5994094488188977,0.9724409448818898,2.9783464566929134,0.4464617884996307
Haryana,2014,84000,301000,3.58,Kharif,33.71590163934427,39.72352459016393,27.878032786885246,243.34,2545.76,44.75139344262295,2.499344262295082,0.46125579825089147,1.6565648888347506,1.5994094488188977,0.9724409448818898,2.9783464566929134,0.4464617884996307
Haryana,2014,50000,181000,3.62,Kharif,33.71590163934427,39.72352459016393,27.878032786885246,243.34,2545.76,44.75139344262295,2.499344262295082,0.46125579825089147,1.6565648888347506,1.5994094488188977,0.9724409448818898,2.9783464566929134,0.4464617884996307
Haryana,2014,107000,371000,3.47,Kharif,33.71590163934427,39.72352459016393,27.878032786885246,243.34,2545.76,44.75139344262295,2.499344262295082,0.46125579825089147,1.6565648888347506,1.5994094488188977,0.9724409448818898,2.9783464566929134,0.4464617884996307
Haryana,2014,304000,1431000,4.71,Kharif,33.71590163934427,39.72352459016393,27.878032786885246,243.34,2545.76,44.75139344262295,2.499344262295082,0.46125579825089147,1.6565648888347506,1.5994094488188977,0.9724409448818898,2.9783464566929134,0.4464617884996307
Haryana,2014,147000,548000,3.73,Kharif,33.71590163934427,39.72352459016393,27.878032786885246,243.34,2545.76,44.75139344262295,2.499344262295082,0.46125579825089147,1.6565648888347506,1.5994094488188977,0.9724409448818898,2.9783464566929134,0.4464617884996307
Haryana,2014,88000,338000,3.84,Kharif,33.71590163934427,39.72352459016393,27.878032786885246,243.34,2545.76,44.75139344262295,2.499344262295082,0.46125579825089147,1.6565648888347506,1.5994094488188977,0.9724409448818898,2.9783464566929134,0.4464617884996307
Haryana,2014,88000,322000,3.66,Rabi,20.018679245283018,28.5236320754717,13.08311320754717,98.31,3197.25,37.49787735849057,1.598443396226415,0.45768531386939804,1.6565648888347506,1.5994094488188977,0.9724409448818898,2.9783464566929134,0.4464617884996307
Haryana,2014,219000,843000,3.85,Rabi,20.018679245283018,28.5236320754717,13.08311320754717,98.31,3197.25,37.49787735849057,1.598443396226415,0.45768531386939804,1.6565648888347506,1.5994094488188977,0.9724409448818898,2.9783464566929134,0.4464617884996307
Haryana,2014,28000,93000,3.32,Rabi,20.018679245283018,28.5236320754717,13.08311320754717,98.31,3197.25,37.49787735849057,1.598443396226415,0.45768531386939804,1.6565648888347506,1.5994094488188977,0.9724409448818898,2.9783464566929134,0.4464617884996307
Haryana,2014,190000,923000,4.86,Rabi,20.018679245283018,28.5236320754717,13.08311320754717,98.31,3197.25,37.49787735849057,1.598443396226415,0.45768531386939804,1.6565648888347506,1.5994094488188977,0.9724409448818898,2.9783464566929134,0.4464617884996307
Haryana,2014,49000,155000,3.16,Rabi,20.018679245283018,28.5236320754717,13.08311320754717,98.31,3197.25,37.49787735849057,1.598443396226415,0.45768531386939804,1.6565648888347506,1.5994094488188977,0.9724409448818898,2.9783464566929134,0.4464617884996307
Haryana,2014,230000,961000,4.18,Rabi,20.018679245283018,28.5236320754717,13.08311320754717,98.31,3197.25,37.49787735849057,1.598443396226415,0.45768531386939804,1.6565648888347506,1.5994094488188977,0.9724409448818898,2.9783464566929134,0.4464617884996307
Haryana,2014,114000,421000,3.69,Rabi,20.018679245283018,28.5236320754717,13.08311320754717,98.31,3197.25,37.49787735849057,1.598443396226415,0.45768531386939804,1.6565648888347506,1.5994094488188977,0.9724409448818898,2.9783464566929134,0.4464617884996307
Haryana,2014,219000,799000,3.65,Rabi,20.018679245283018,28.5236320754717,13.08311320754717,98.31,3197.25,37.49787735849057,1.598443396226415,0.45768531386939804,1.6565648888347506,1.5994094488188977,0.9724409448818898,2.9783464566929134,0.4464617884996307
Haryana,2014,175000,744000,4.25,Rabi,20.018679245283018,28.5236320754717,13.08311320754717,98.31,3197.25,37.49787735849057,1.598443396226415,0.45768531386939804,1.6565648888347506,1.5994094488188977,0.9724409448818898,2.9783464566929134,0.4464617884996307
Haryana,2014,174000,704000,4.05,Rabi,20.018679245283018,28.5236320754717,13.08311320754717,98.31,3197.25,37.49787735849057,1.598443396226415,0.45768531386939804,1.6565648888347506,1.5994094488188977,0.9724409448818898,2.9783464566929134,0.4464617884996307
Haryana,2014,113000,459000,4.06,Rabi,20.018679245283018,28.5236320754717,13.08311320754717,98.31,3197.25,37.49787735849057,1.598443396226415,0.45768531386939804,1.6565648888347506,1.5994094488188977,0.9724409448818898,2.9783464566929134,0.4464617884996307
Haryana,2014,49000,207000,4.22,Rabi,20.018679245283018,28.5236320754717,13.08311320754717,98.31,3197.25,37.49787735849057,1.598443396226415,0.45768531386939804,1.6565648888347506,1.5994094488188977,0.9724409448818898,2.9783464566929134,0.4464617884996307
Haryana,2014,77000,247000,3.21,Rabi,20.018679245283018,28.5236320754717,13.08311320754717,98.31,3197.25,37.49787735849057,1.598443396226415,0.45768531386939804,1.6565648888347506,1.5994094488188977,0.9724409448818898,2.9783464566929134,0.4464617884996307
Haryana,2014,105000,356000,3.39,Rabi,20.018679245283018,28.5236320754717,13.08311320754717,98.31,3197.25,37.49787735849057,1.598443396226415,0.45768531386939804,1.6565648888347506,1.5994094488188977,0.9724409448818898,2.9783464566929134,0.4464617884996307
Haryana,2014,18000,53000,2.94,Rabi,20.018679245283018,28.5236320754717,13.08311320754717,98.31,3197.25,37.49787735849057,1.598443396226415,0.45768531386939804,1.6565648888347506,1.5994094488188977,0.9724409448818898,2.9783464566929134,0.4464617884996307
Haryana,2014,84000,301000,3.58,Rabi,20.018679245283018,28.5236320754717,13.08311320754717,98.31,3197.25,37.49787735849057,1.598443396226415,0.45768531386939804,1.6565648888347506,1.5994094488188977,0.9724409448818898,2.9783464566929134,0.4464617884996307
Haryana,2014,50000,181000,3.62,Rabi,20.018679245283018,28.5236320754717,13.08311320754717,98.31,3197.25,37.49787735849057,1.598443396226415,0.45768531386939804,1.6565648888347506,1.5994094488188977,0.9724409448818898,2.9783464566929134,0.4464617884996307
Haryana,2014,107000,371000,3.47,Rabi,20.018679245283018,28.5236320754717,13.08311320754717,98.31,3197.25,37.49787735849057,1.598443396226415,0.45768531386939804,1.6565648888347506,1.5994094488188977,0.9724409448818898,2.9783464566929134,0.4464617884996307
Haryana,2014,304000,1431000,4.71,Rabi,20.018679245283018,28.5236320754717,13.08311320754717,98.31,3197.25,37.49787735849057,1.598443396226415,0.45768531386939804,1.6565648888347506,1.5994094488188977,0.9724409448818898,2.9783464566929134,0.4464617884996307
Haryana,2014,147000,548000,3.73,Rabi,20.018679245283018,28.5236320754717,13.08311320754717,98.31,3197.25,37.49787735849057,1.598443396226415,0.45768531386939804,1.6565648888347506,1.5994094488188977,0.9724409448818898,2.9783464566929134,0.4464617884996307
Haryana,2014,88000,338000,3.84,Rabi,20.018679245283018,28.5236320754717,13.08311320754717,98.31,3197.25,37.49787735849057,1.598443396226415,0.45768531386939804,1.6565648888347506,1.5994094488188977,0.9724409448818898,2.9783464566929134,0.4464617884996307
Haryana,2015,174000,797000,4.58,Kharif,31.50672131147541,37.28622950819672,25.92811475409836,449.28999999999996,2440.17,54.17360655737705,2.138360655737705,0.46569229298032744,1.6565648888347506,1.5994094488188977,0.9724409448818898,2.9783464566929134,0.4464617884996307
Haryana,2015,181000,714000,3.94,Kharif,31.50672131147541,37.28622950819672,25.92811475409836,449.28999999999996,2440.17,54.17360655737705,2.138360655737705,0.46569229298032744,1.6565648888347506,1.5994094488188977,0.9724409448818898,2.9783464566929134,0.4464617884996307
Haryana,2015,100000,399000,3.99,Kharif,31.50672131147541,37.28622950819672,25.92811475409836,449.28999999999996,2440.17,54.17360655737705,2.138360655737705,0.46569229298032744,1.6565648888347506,1.5994094488188977,0.9724409448818898,2.9783464566929134,0.4464617884996307
Haryana,2015,189000,858000,4.54,Kharif,31.50672131147541,37.28622950819672,25.92811475409836,449.28999999999996,2440.17,54.17360655737705,2.138360655737705,0.46569229298032744,1.6565648888347506,1.5994094488188977,0.9724409448818898,2.9783464566929134,0.4464617884996307
Haryana,2015,50000,215000,4.3,Kharif,31.50672131147541,37.28622950819672,25.92811475409836,449.28999999999996,2440.17,54.17360655737705,2.138360655737705,0.46569229298032744,1.6565648888347506,1.5994094488188977,0.9724409448818898,2.9783464566929134,0.4464617884996307
Haryana,2015,226000,1050000,4.65,Kharif,31.50672131147541,37.28622950819672,25.92811475409836,449.28999999999996,2440.17,54.17360655737705,2.138360655737705,0.46569229298032744,1.6565648888347506,1.5994094488188977,0.9724409448818898,2.9783464566929134,0.4464617884996307
Haryana,2015,111000,430000,3.87,Kharif,31.50672131147541,37.28622950819672,25.92811475409836,449.28999999999996,2440.17,54.17360655737705,2.138360655737705,0.46569229298032744,1.6565648888347506,1.5994094488188977,0.9724409448818898,2.9783464566929134,0.4464617884996307
Haryana,2015,91000,408000,4.48,Kharif,31.50672131147541,37.28622950819672,25.92811475409836,449.28999999999996,2440.17,54.17360655737705,2.138360655737705,0.46569229298032744,1.6565648888347506,1.5994094488188977,0.9724409448818898,2.9783464566929134,0.4464617884996307
Haryana,2015,113000,512000,4.53,Kharif,31.50672131147541,37.28622950819672,25.92811475409836,449.28999999999996,2440.17,54.17360655737705,2.138360655737705,0.46569229298032744,1.6565648888347506,1.5994094488188977,0.9724409448818898,2.9783464566929134,0.4464617884996307
Haryana,2015,27000,93000,3.44,Kharif,31.50672131147541,37.28622950819672,25.92811475409836,449.28999999999996,2440.17,54.17360655737705,2.138360655737705,0.46569229298032744,1.6565648888347506,1.5994094488188977,0.9724409448818898,2.9783464566929134,0.4464617884996307
Haryana,2015,84000,371000,4.42,Kharif,31.50672131147541,37.28622950819672,25.92811475409836,449.28999999999996,2440.17,54.17360655737705,2.138360655737705,0.46569229298032744,1.6565648888347506,1.5994094488188977,0.9724409448818898,2.9783464566929134,0.4464617884996307
Haryana,2015,217000,946000,4.36,Kharif,31.50672131147541,37.28622950819672,25.92811475409836,449.28999999999996,2440.17,54.17360655737705,2.138360655737705,0.46569229298032744,1.6565648888347506,1.5994094488188977,0.9724409448818898,2.9783464566929134,0.4464617884996307
Haryana,2015,80000,317000,3.96,Kharif,31.50672131147541,37.28622950819672,25.92811475409836,449.28999999999996,2440.17,54.17360655737705,2.138360655737705,0.46569229298032744,1.6565648888347506,1.5994094488188977,0.9724409448818898,2.9783464566929134,0.4464617884996307
Haryana,2015,51000,226000,4.43,Kharif,31.50672131147541,37.28622950819672,25.92811475409836,449.28999999999996,2440.17,54.17360655737705,2.138360655737705,0.46569229298032744,1.6565648888347506,1.5994094488188977,0.9724409448818898,2.9783464566929134,0.4464617884996307
Haryana,2015,88000,378000,4.3,Kharif,31.50672131147541,37.28622950819672,25.92811475409836,449.28999999999996,2440.17,54.17360655737705,2.138360655737705,0.46569229298032744,1.6565648888347506,1.5994094488188977,0.9724409448818898,2.9783464566929134,0.4464617884996307
Haryana,2015,174000,858000,4.93,Kharif,31.50672131147541,37.28622950819672,25.92811475409836,449.28999999999996,2440.17,54.17360655737705,2.138360655737705,0.46569229298032744,1.6565648888347506,1.5994094488188977,0.9724409448818898,2.9783464566929134,0.4464617884996307
Haryana,2015,51000,207000,4.06,Kharif,31.50672131147541,37.28622950819672,25.92811475409836,449.28999999999996,2440.17,54.17360655737705,2.138360655737705,0.46569229298032744,1.6565648888347506,1.5994094488188977,0.9724409448818898,2.9783464566929134,0.4464617884996307
Haryana,2015,107000,418000,3.91,Kharif,31.50672131147541,37.28622950819672,25.92811475409836,449.28999999999996,2440.17,54.17360655737705,2.138360655737705,0.46569229298032744,1.6565648888347506,1.5994094488188977,0.9724409448818898,2.9783464566929134,0.4464617884996307
Haryana,2015,301000,1456000,4.84,Kharif,31.50672131147541,37.28622950819672,25.92811475409836,449.28999999999996,2440.17,54.17360655737705,2.138360655737705,0.46569229298032744,1.6565648888347506,1.5994094488188977,0.9724409448818898,2.9783464566929134,0.4464617884996307
Haryana,2015,143000,637000,4.45,Kharif,31.50672131147541,37.28622950819672,25.92811475409836,449.28999999999996,2440.17,54.17360655737705,2.138360655737705,0.46569229298032744,1.6565648888347506,1.5994094488188977,0.9724409448818898,2.9783464566929134,0.4464617884996307
Haryana,2015,18000,60000,3.33,Kharif,31.50672131147541,37.28622950819672,25.92811475409836,449.28999999999996,2440.17,54.17360655737705,2.138360655737705,0.46569229298032744,1.6565648888347506,1.5994094488188977,0.9724409448818898,2.9783464566929134,0.4464617884996307
Haryana,2015,174000,797000,4.58,Rabi,20.4252358490566,28.783632075471697,13.564905660377358,177.07,3188.31,40.35377358490566,1.604858490566038,0.4745322980880036,1.6565648888347506,1.5994094488188977,0.9724409448818898,2.9783464566929134,0.4464617884996307
Haryana,2015,181000,714000,3.94,Rabi,20.4252358490566,28.783632075471697,13.564905660377358,177.07,3188.31,40.35377358490566,1.604858490566038,0.4745322980880036,1.6565648888347506,1.5994094488188977,0.9724409448818898,2.9783464566929134,0.4464617884996307
Haryana,2015,100000,399000,3.99,Rabi,20.4252358490566,28.783632075471697,13.564905660377358,177.07,3188.31,40.35377358490566,1.604858490566038,0.4745322980880036,1.6565648888347506,1.5994094488188977,0.9724409448818898,2.9783464566929134,0.4464617884996307
Haryana,2015,189000,858000,4.54,Rabi,20.4252358490566,28.783632075471697,13.564905660377358,177.07,3188.31,40.35377358490566,1.604858490566038,0.4745322980880036,1.6565648888347506,1.5994094488188977,0.9724409448818898,2.9783464566929134,0.4464617884996307
Haryana,2015,50000,215000,4.3,Rabi,20.4252358490566,28.783632075471697,13.564905660377358,177.07,3188.31,40.35377358490566,1.604858490566038,0.4745322980880036,1.6565648888347506,1.5994094488188977,0.9724409448818898,2.9783464566929134,0.4464617884996307
Haryana,2015,226000,1050000,4.65,Rabi,20.4252358490566,28.783632075471697,13.564905660377358,177.07,3188.31,40.35377358490566,1.604858490566038,0.4745322980880036,1.6565648888347506,1.5994094488188977,0.9724409448818898,2.9783464566929134,0.4464617884996307
Haryana,2015,111000,430000,3.87,Rabi,20.4252358490566,28.783632075471697,13.564905660377358,177.07,3188.31,40.35377358490566,1.604858490566038,0.4745322980880036,1.6565648888347506,1.5994094488188977,0.9724409448818898,2.9783464566929134,0.4464617884996307
Haryana,2015,91000,408000,4.48,Rabi,20.4252358490566,28.783632075471697,13.564905660377358,177.07,3188.31,40.35377358490566,1.604858490566038,0.4745322980880036,1.6565648888347506,1.5994094488188977,0.9724409448818898,2.9783464566929134,0.4464617884996307
Haryana,2015,113000,512000,4.53,Rabi,20.4252358490566,28.783632075471697,13.564905660377358,177.07,3188.31,40.35377358490566,1.604858490566038,0.4745322980880036,1.6565648888347506,1.5994094488188977,0.9724409448818898,2.9783464566929134,0.4464617884996307
Haryana,2015,27000,93000,3.44,Rabi,20.4252358490566,28.783632075471697,13.564905660377358,177.07,3188.31,40.35377358490566,1.604858490566038,0.4745322980880036,1.6565648888347506,1.5994094488188977,0.9724409448818898,2.9783464566929134,0.4464617884996307
Haryana,2015,84000,371000,4.42,Rabi,20.4252358490566,28.783632075471697,13.564905660377358,177.07,3188.31,40.35377358490566,1.604858490566038,0.4745322980880036,1.6565648888347506,1.5994094488188977,0.9724409448818898,2.9783464566929134,0.4464617884996307
Haryana,2015,217000,946000,4.36,Rabi,20.4252358490566,28.783632075471697,13.564905660377358,177.07,3188.31,40.35377358490566,1.604858490566038,0.4745322980880036,1.6565648888347506,1.5994094488188977,0.9724409448818898,2.9783464566929134,0.4464617884996307
Haryana,2015,80000,317000,3.96,Rabi,20.4252358490566,28.783632075471697,13.564905660377358,177.07,3188.31,40.35377358490566,1.604858490566038,0.4745322980880036,1.6565648888347506,1.5994094488188977,0.9724409448818898,2.9783464566929134,0.4464617884996307
Haryana,2015,51000,226000,4.43,Rabi,20.4252358490566,28.783632075471697,13.564905660377358,177.07,3188.31,40.35377358490566,1.604858490566038,0.4745322980880036,1.6565648888347506,1.5994094488188977,0.9724409448818898,2.9783464566929134,0.4464617884996307
Haryana,2015,88000,378000,4.3,Rabi,20.4252358490566,28.783632075471697,13.564905660377358,177.07,3188.31,40.35377358490566,1.604858490566038,0.4745322980880036,1.6565648888347506,1.5994094488188977,0.9724409448818898,2.9783464566929134,0.4464617884996307
Haryana,2015,174000,858000,4.93,Rabi,20.4252358490566,28.783632075471697,13.564905660377358,177.07,3188.31,40.35377358490566,1.604858490566038,0.4745322980880036,1.6565648888347506,1.5994094488188977,0.9724409448818898,2.9783464566929134,0.4464617884996307
Haryana,2015,51000,207000,4.06,Rabi,20.4252358490566,28.783632075471697,13.564905660377358,177.07,3188.31,40.35377358490566,1.604858490566038,0.4745322980880036,1.6565648888347506,1.5994094488188977,0.9724409448818898,2.9783464566929134,0.4464617884996307
Haryana,2015,107000,418000,3.91,Rabi,20.4252358490566,28.783632075471697,13.564905660377358,177.07,3188.31,40.35377358490566,1.604858490566038,0.4745322980880036,1.6565648888347506,1.5994094488188977,0.9724409448818898,2.9783464566929134,0.4464617884996307
Haryana,2015,301000,1456000,4.84,Rabi,20.4252358490566,28.783632075471697,13.564905660377358,177.07,3188.31,40.35377358490566,1.604858490566038,0.4745322980880036,1.6565648888347506,1.5994094488188977,0.9724409448818898,2.9783464566929134,0.4464617884996307
Haryana,2015,143000,637000,4.45,Rabi,20.4252358490566,28.783632075471697,13.564905660377358,177.07,3188.31,40.35377358490566,1.604858490566038,0.4745322980880036,1.6565648888347506,1.5994094488188977,0.9724409448818898,2.9783464566929134,0.4464617884996307
Haryana,2015,18000,60000,3.33,Rabi,20.4252358490566,28.783632075471697,13.564905660377358,177.07,3188.31,40.35377358490566,1.604858490566038,0.4745322980880036,1.6565648888347506,1.5994094488188977,0.9724409448818898,2.9783464566929134,0.4464617884996307
Haryana,2016,87000,392000,4.51,Kharif,31.853770491803278,37.154426229508196,26.68934426229508,478.25,2387.67,58.28704918032786,1.8001639344262295,0.4941692551261344,1.6565648888347506,1.5994094488188977,0.9724409448818898,2.9783464566929134,0.4464617884996307
Haryana,2016,180000,778000,4.32,Kharif,31.853770491803278,37.154426229508196,26.68934426229508,478.25,2387.67,58.28704918032786,1.8001639344262295,0.4941692551261344,1.6565648888347506,1.5994094488188977,0.9724409448818898,2.9783464566929134,0.4464617884996307
Haryana,2016,30000,141000,4.7,Kharif,31.853770491803278,37.154426229508196,26.68934426229508,478.25,2387.67,58.28704918032786,1.8001639344262295,0.4941692551261344,1.6565648888347506,1.5994094488188977,0.9724409448818898,2.9783464566929134,0.4464617884996307
Haryana,2016,189000,995000,5.26,Kharif,31.853770491803278,37.154426229508196,26.68934426229508,478.25,2387.67,58.28704918032786,1.8001639344262295,0.4941692551261344,1.6565648888347506,1.5994094488188977,0.9724409448818898,2.9783464566929134,0.4464617884996307
Haryana,2016,48000,224000,4.67,Kharif,31.853770491803278,37.154426229508196,26.68934426229508,478.25,2387.67,58.28704918032786,1.8001639344262295,0.4941692551261344,1.6565648888347506,1.5994094488188977,0.9724409448818898,2.9783464566929134,0.4464617884996307
Haryana,2016,226000,1075000,4.76,Kharif,31.853770491803278,37.154426229508196,26.68934426229508,478.25,2387.67,58.28704918032786,1.8001639344262295,0.4941692551261344,1.6565648888347506,1.5994094488188977,0.9724409448818898,2.9783464566929134,0.4464617884996307
Haryana,2016,93000,473000,5.09,Kharif,31.853770491803278,37.154426229508196,26.68934426229508,478.25,2387.67,58.28704918032786,1.8001639344262295,0.4941692551261344,1.6565648888347506,1.5994094488188977,0.9724409448818898,2.9783464566929134,0.4464617884996307
Haryana,2016,194000,944000,4.87,Kharif,31.853770491803278,37.154426229508196,26.68934426229508,478.25,2387.67,58.28704918032786,1.8001639344262295,0.4941692551261344,1.6565648888347506,1.5994094488188977,0.9724409448818898,2.9783464566929134,0.4464617884996307
Haryana,2016,173000,861000,4.98,Kharif,31.853770491803278,37.154426229508196,26.68934426229508,478.25,2387.67,58.28704918032786,1.8001639344262295,0.4941692551261344,1.6565648888347506,1.5994094488188977,0.9724409448818898,2.9783464566929134,0.4464617884996307
Haryana,2016,197000,1027000,5.21,Kharif,31.853770491803278,37.154426229508196,26.68934426229508,478.25,2387.67,58.28704918032786,1.8001639344262295,0.4941692551261344,1.6565648888347506,1.5994094488188977,0.9724409448818898,2.9783464566929134,0.4464617884996307
Haryana,2016,106000,506000,4.77,Kharif,31.853770491803278,37.154426229508196,26.68934426229508,478.25,2387.67,58.28704918032786,1.8001639344262295,0.4941692551261344,1.6565648888347506,1.5994094488188977,0.9724409448818898,2.9783464566929134,0.4464617884996307
Haryana,2016,50000,236000,4.72,Kharif,31.853770491803278,37.154426229508196,26.68934426229508,478.25,2387.67,58.28704918032786,1.8001639344262295,0.4941692551261344,1.6565648888347506,1.5994094488188977,0.9724409448818898,2.9783464566929134,0.4464617884996307
Haryana,2016,81000,338000,4.17,Kharif,31.853770491803278,37.154426229508196,26.68934426229508,478.25,2387.67,58.28704918032786,1.8001639344262295,0.4941692551261344,1.6565648888347506,1.5994094488188977,0.9724409448818898,2.9783464566929134,0.4464617884996307
Haryana,2016,97000,424000,4.37,Kharif,31.853770491803278,37.154426229508196,26.68934426229508,478.25,2387.67,58.28704918032786,1.8001639344262295,0.4941692551261344,1.6565648888347506,1.5994094488188977,0.9724409448818898,2.9783464566929134,0.4464617884996307
Haryana,2016,18000,69000,3.83,Kharif,31.853770491803278,37.154426229508196,26.68934426229508,478.25,2387.67,58.28704918032786,1.8001639344262295,0.4941692551261344,1.6565648888347506,1.5994094488188977,0.9724409448818898,2.9783464566929134,0.4464617884996307
Haryana,2016,82000,419000,5.11,Kharif,31.853770491803278,37.154426229508196,26.68934426229508,478.25,2387.67,58.28704918032786,1.8001639344262295,0.4941692551261344,1.6565648888347506,1.5994094488188977,0.9724409448818898,2.9783464566929134,0.4464617884996307
Haryana,2016,48000,241000,5.02,Kharif,31.853770491803278,37.154426229508196,26.68934426229508,478.25,2387.67,58.28704918032786,1.8001639344262295,0.4941692551261344,1.6565648888347506,1.5994094488188977,0.9724409448818898,2.9783464566929134,0.4464617884996307
Haryana,2016,105100,483000,4.6,Kharif,31.853770491803278,37.154426229508196,26.68934426229508,478.25,2387.67,58.28704918032786,1.8001639344262295,0.4941692551261344,1.6565648888347506,1.5994094488188977,0.9724409448818898,2.9783464566929134,0.4464617884996307
Haryana,2016,304500,1544000,5.07,Kharif,31.853770491803278,37.154426229508196,26.68934426229508,478.25,2387.67,58.28704918032786,1.8001639344262295,0.4941692551261344,1.6565648888347506,1.5994094488188977,0.9724409448818898,2.9783464566929134,0.4464617884996307
Haryana,2016,144500,741000,5.13,Kharif,31.853770491803278,37.154426229508196,26.68934426229508,478.25,2387.67,58.28704918032786,1.8001639344262295,0.4941692551261344,1.6565648888347506,1.5994094488188977,0.9724409448818898,2.9783464566929134,0.4464617884996307
Haryana,2016,89000,399000,4.48,Kharif,31.853770491803278,37.154426229508196,26.68934426229508,478.25,2387.67,58.28704918032786,1.8001639344262295,0.4941692551261344,1.6565648888347506,1.5994094488188977,0.9724409448818898,2.9783464566929134,0.4464617884996307
Haryana,2016,87000,392000,4.51,Rabi,21.945164319248825,30.828450704225354,14.609953051643194,31.41,3309.7,27.887511737089202,1.6638967136150236,0.4492043640877087,1.6565648888347506,1.5994094488188977,0.9724409448818898,2.9783464566929134,0.4464617884996307
Haryana,2016,180000,778000,4.32,Rabi,21.945164319248825,30.828450704225354,14.609953051643194,31.41,3309.7,27.887511737089202,1.6638967136150236,0.4492043640877087,1.6565648888347506,1.5994094488188977,0.9724409448818898,2.9783464566929134,0.4464617884996307
Haryana,2016,30000,141000,4.7,Rabi,21.945164319248825,30.828450704225354,14.609953051643194,31.41,3309.7,27.887511737089202,1.6638967136150236,0.4492043640877087,1.6565648888347506,1.5994094488188977,0.9724409448818898,2.9783464566929134,0.4464617884996307
Haryana,2016,189000,995000,5.26,Rabi,21.945164319248825,30.828450704225354,14.609953051643194,31.41,3309.7,27.887511737089202,1.6638967136150236,0.4492043640877087,1.6565648888347506,1.5994094488188977,0.9724409448818898,2.9783464566929134,0.4464617884996307
Haryana,2016,48000,224000,4.67,Rabi,21.945164319248825,30.828450704225354,14.609953051643194,31.41,3309.7,27.887511737089202,1.6638967136150236,0.4492043640877087,1.6565648888347506,1.5994094488188977,0.9724409448818898,2.9783464566929134,0.4464617884996307
Haryana,2016,226000,1075000,4.76,Rabi,21.945164319248825,30.828450704225354,14.609953051643194,31.41,3309.7,27.887511737089202,1.6638967136150236,0.4492043640877087,1.6565648888347506,1.5994094488188977,0.9724409448818898,2.9783464566929134,0.4464617884996307
Haryana,2016,93000,473000,5.09,Rabi,21.945164319248825,30.828450704225354,14.609953051643194,31.41,3309.7,27.887511737089202,1.6638967136150236,0.4492043640877087,1.6565648888347506,1.5994094488188977,0.9724409448818898,2.9783464566929134,0.4464617884996307
Haryana,2016,194000,944000,4.87,Rabi,21.945164319248825,30.828450704225354,14.609953051643194,31.41,3309.7,27.887511737089202,1.6638967136150236,0.4492043640877087,1.6565648888347506,1.5994094488188977,0.9724409448818898,2.9783464566929134,0.4464617884996307
Haryana,2016,173000,861000,4.98,Rabi,21.945164319248825,30.828450704225354,14.609953051643194,31.41,3309.7,27.887511737089202,1.6638967136150236,0.4492043640877087,1.6565648888347506,1.5994094488188977,0.9724409448818898,2.9783464566929134,0.4464617884996307
Haryana,2016,197000,1027000,5.21,Rabi,21.945164319248825,30.828450704225354,14.609953051643194,31.41,3309.7,27.887511737089202,1.6638967136150236,0.4492043640877087,1.6565648888347506,1.5994094488188977,0.9724409448818898,2.9783464566929134,0.4464617884996307
Haryana,2016,106000,506000,4.77,Rabi,21.945164319248825,30.828450704225354,14.609953051643194,31.41,3309.7,27.887511737089202,1.6638967136150236,0.4492043640877087,1.6565648888347506,1.5994094488188977,0.9724409448818898,2.9783464566929134,0.4464617884996307
Haryana,2016,50000,236000,4.72,Rabi,21.945164319248825,30.828450704225354,14.609953051643194,31.41,3309.7,27.887511737089202,1.6638967136150236,0.4492043640877087,1.6565648888347506,1.5994094488188977,0.9724409448818898,2.9783464566929134,0.4464617884996307
Haryana,2016,81000,338000,4.17,Rabi,21.945164319248825,30.828450704225354,14.609953051643194,31.41,3309.7,27.887511737089202,1.6638967136150236,0.4492043640877087,1.6565648888347506,1.5994094488188977,0.9724409448818898,2.9783464566929134,0.4464617884996307
Haryana,2016,97000,424000,4.37,Rabi,21.945164319248825,30.828450704225354,14.609953051643194,31.41,3309.7,27.887511737089202,1.6638967136150236,0.4492043640877087,1.6565648888347506,1.5994094488188977,0.9724409448818898,2.9783464566929134,0.4464617884996307
Haryana,2016,18000,69000,3.83,Rabi,21.945164319248825,30.828450704225354,14.609953051643194,31.41,3309.7,27.887511737089202,1.6638967136150236,0.4492043640877087,1.6565648888347506,1.5994094488188977,0.9724409448818898,2.9783464566929134,0.4464617884996307
Haryana,2016,82000,419000,5.11,Rabi,21.945164319248825,30.828450704225354,14.609953051643194,31.41,3309.7,27.887511737089202,1.6638967136150236,0.4492043640877087,1.6565648888347506,1.5994094488188977,0.9724409448818898,2.9783464566929134,0.4464617884996307
Haryana,2016,48000,241000,5.02,Rabi,21.945164319248825,30.828450704225354,14.609953051643194,31.41,3309.7,27.887511737089202,1.6638967136150236,0.4492043640877087,1.6565648888347506,1.5994094488188977,0.9724409448818898,2.9783464566929134,0.4464617884996307
Haryana,2016,105100,483000,4.6,Rabi,21.945164319248825,30.828450704225354,14.609953051643194,31.41,3309.7,27.887511737089202,1.6638967136150236,0.4492043640877087,1.6565648888347506,1.5994094488188977,0.9724409448818898,2.9783464566929134,0.4464617884996307
Haryana,2016,304500,1544000,5.07,Rabi,21.945164319248825,30.828450704225354,14.609953051643194,31.41,3309.7,27.887511737089202,1.6638967136150236,0.4492043640877087,1.6565648888347506,1.5994094488188977,0.9724409448818898,2.9783464566929134,0.4464617884996307
Haryana,2016,144500,741000,5.13,Rabi,21.945164319248825,30.828450704225354,14.609953051643194,31.41,3309.7,27.887511737089202,1.6638967136150236,0.4492043640877087,1.6565648888347506,1.5994094488188977,0.9724409448818898,2.9783464566929134,0.4464617884996307
Haryana,2016,89000,399000,4.48,Rabi,21.945164319248825,30.828450704225354,14.609953051643194,31.41,3309.7,27.887511737089202,1.6638967136150236,0.4492043640877087,1.6565648888347506,1.5994094488188977,0.9724409448818898,2.9783464566929134,0.4464617884996307
Haryana,2017,87200,405600,4.65,Kharif,31.846065573770492,37.55270491803279,26.483196721311472,420.15000000000003,2378.82,55.50934426229509,2.094672131147541,0.4925162178636872,1.6565648888347506,1.5994094488188977,0.9724409448818898,2.9783464566929134,0.4464617884996307
Haryana,2017,117400,507700,4.32,Kharif,31.846065573770492,37.55270491803279,26.483196721311472,420.15000000000003,2378.82,55.50934426229509,2.094672131147541,0.4925162178636872,1.6565648888347506,1.5994094488188977,0.9724409448818898,2.9783464566929134,0.4464617884996307
Haryana,2017,54800,225600,4.12,Kharif,31.846065573770492,37.55270491803279,26.483196721311472,420.15000000000003,2378.82,55.50934426229509,2.094672131147541,0.4925162178636872,1.6565648888347506,1.5994094488188977,0.9724409448818898,2.9783464566929134,0.4464617884996307
Haryana,2017,30000,133600,4.45,Kharif,31.846065573770492,37.55270491803279,26.483196721311472,420.15000000000003,2378.82,55.50934426229509,2.094672131147541,0.4925162178636872,1.6565648888347506,1.5994094488188977,0.9724409448818898,2.9783464566929134,0.4464617884996307
Haryana,2017,188200,1013200,5.38,Kharif,31.846065573770492,37.55270491803279,26.483196721311472,420.15000000000003,2378.82,55.50934426229509,2.094672131147541,0.4925162178636872,1.6565648888347506,1.5994094488188977,0.9724409448818898,2.9783464566929134,0.4464617884996307
Haryana,2017,43000,211000,4.91,Kharif,31.846065573770492,37.55270491803279,26.483196721311472,420.15000000000003,2378.82,55.50934426229509,2.094672131147541,0.4925162178636872,1.6565648888347506,1.5994094488188977,0.9724409448818898,2.9783464566929134,0.4464617884996307
Haryana,2017,223900,1100400,4.91,Kharif,31.846065573770492,37.55270491803279,26.483196721311472,420.15000000000003,2378.82,55.50934426229509,2.094672131147541,0.4925162178636872,1.6565648888347506,1.5994094488188977,0.9724409448818898,2.9783464566929134,0.4464617884996307
Haryana,2017,106200,494300,4.65,Kharif,31.846065573770492,37.55270491803279,26.483196721311472,420.15000000000003,2378.82,55.50934426229509,2.094672131147541,0.4925162178636872,1.6565648888347506,1.5994094488188977,0.9724409448818898,2.9783464566929134,0.4464617884996307
Haryana,2017,216300,1091600,5.05,Kharif,31.846065573770492,37.55270491803279,26.483196721311472,420.15000000000003,2378.82,55.50934426229509,2.094672131147541,0.4925162178636872,1.6565648888347506,1.5994094488188977,0.9724409448818898,2.9783464566929134,0.4464617884996307
Haryana,2017,173600,838900,4.83,Kharif,31.846065573770492,37.55270491803279,26.483196721311472,420.15000000000003,2378.82,55.50934426229509,2.094672131147541,0.4925162178636872,1.6565648888347506,1.5994094488188977,0.9724409448818898,2.9783464566929134,0.4464617884996307
Haryana,2017,176000,866500,4.92,Kharif,31.846065573770492,37.55270491803279,26.483196721311472,420.15000000000003,2378.82,55.50934426229509,2.094672131147541,0.4925162178636872,1.6565648888347506,1.5994094488188977,0.9724409448818898,2.9783464566929134,0.4464617884996307
Haryana,2017,112600,542900,4.82,Kharif,31.846065573770492,37.55270491803279,26.483196721311472,420.15000000000003,2378.82,55.50934426229509,2.094672131147541,0.4925162178636872,1.6565648888347506,1.5994094488188977,0.9724409448818898,2.9783464566929134,0.4464617884996307
Haryana,2017,49100,209500,4.27,Kharif,31.846065573770492,37.55270491803279,26.483196721311472,420.15000000000003,2378.82,55.50934426229509,2.094672131147541,0.4925162178636872,1.6565648888347506,1.5994094488188977,0.9724409448818898,2.9783464566929134,0.4464617884996307
Haryana,2017,77100,332800,4.32,Kharif,31.846065573770492,37.55270491803279,26.483196721311472,420.15000000000003,2378.82,55.50934426229509,2.094672131147541,0.4925162178636872,1.6565648888347506,1.5994094488188977,0.9724409448818898,2.9783464566929134,0.4464617884996307
Haryana,2017,93600,425800,4.55,Kharif,31.846065573770492,37.55270491803279,26.483196721311472,420.15000000000003,2378.82,55.50934426229509,2.094672131147541,0.4925162178636872,1.6565648888347506,1.5994094488188977,0.9724409448818898,2.9783464566929134,0.4464617884996307
Haryana,2017,18000,67300,3.74,Kharif,31.846065573770492,37.55270491803279,26.483196721311472,420.15000000000003,2378.82,55.50934426229509,2.094672131147541,0.4925162178636872,1.6565648888347506,1.5994094488188977,0.9724409448818898,2.9783464566929134,0.4464617884996307
Haryana,2017,84300,437100,5.19,Kharif,31.846065573770492,37.55270491803279,26.483196721311472,420.15000000000003,2378.82,55.50934426229509,2.094672131147541,0.4925162178636872,1.6565648888347506,1.5994094488188977,0.9724409448818898,2.9783464566929134,0.4464617884996307
Haryana,2017,46100,225800,4.9,Kharif,31.846065573770492,37.55270491803279,26.483196721311472,420.15000000000003,2378.82,55.50934426229509,2.094672131147541,0.4925162178636872,1.6565648888347506,1.5994094488188977,0.9724409448818898,2.9783464566929134,0.4464617884996307
Haryana,2017,104400,483000,4.63,Kharif,31.846065573770492,37.55270491803279,26.483196721311472,420.15000000000003,2378.82,55.50934426229509,2.094672131147541,0.4925162178636872,1.6565648888347506,1.5994094488188977,0.9724409448818898,2.9783464566929134,0.4464617884996307
Haryana,2017,295300,1494700,5.06,Kharif,31.846065573770492,37.55270491803279,26.483196721311472,420.15000000000003,2378.82,55.50934426229509,2.094672131147541,0.4925162178636872,1.6565648888347506,1.5994094488188977,0.9724409448818898,2.9783464566929134,0.4464617884996307
Haryana,2017,144400,732100,5.07,Kharif,31.846065573770492,37.55270491803279,26.483196721311472,420.15000000000003,2378.82,55.50934426229509,2.094672131147541,0.4925162178636872,1.6565648888347506,1.5994094488188977,0.9724409448818898,2.9783464566929134,0.4464617884996307
Haryana,2017,89000,425700,4.78,Kharif,31.846065573770492,37.55270491803279,26.483196721311472,420.15000000000003,2378.82,55.50934426229509,2.094672131147541,0.4925162178636872,1.6565648888347506,1.5994094488188977,0.9724409448818898,2.9783464566929134,0.4464617884996307
Haryana,2017,87200,405600,4.65,Rabi,21.104150943396228,30.00867924528302,13.958679245283017,88.78,3355.38,33.639009433962265,1.696933962264151,0.45865382532779203,1.6565648888347506,1.5994094488188977,0.9724409448818898,2.9783464566929134,0.4464617884996307
Haryana,2017,117400,507700,4.32,Rabi,21.104150943396228,30.00867924528302,13.958679245283017,88.78,3355.38,33.639009433962265,1.696933962264151,0.45865382532779203,1.6565648888347506,1.5994094488188977,0.9724409448818898,2.9783464566929134,0.4464617884996307
Haryana,2017,54800,225600,4.12,Rabi,21.104150943396228,30.00867924528302,13.958679245283017,88.78,3355.38,33.639009433962265,1.696933962264151,0.45865382532779203,1.6565648888347506,1.5994094488188977,0.9724409448818898,2.9783464566929134,0.4464617884996307
Haryana,2017,30000,133600,4.45,Rabi,21.104150943396228,30.00867924528302,13.958679245283017,88.78,3355.38,33.639009433962265,1.696933962264151,0.45865382532779203,1.6565648888347506,1.5994094488188977,0.9724409448818898,2.9783464566929134,0.4464617884996307
Haryana,2017,188200,1013200,5.38,Rabi,21.104150943396228,30.00867924528302,13.958679245283017,88.78,3355.38,33.639009433962265,1.696933962264151,0.45865382532779203,1.6565648888347506,1.5994094488188977,0.9724409448818898,2.9783464566929134,0.4464617884996307
Haryana,2017,43000,211000,4.91,Rabi,21.104150943396228,30.00867924528302,13.958679245283017,88.78,3355.38,33.639009433962265,1.696933962264151,0.45865382532779203,1.6565648888347506,1.5994094488188977,0.9724409448818898,2.9783464566929134,0.4464617884996307
Haryana,2017,223900,1100400,4.91,Rabi,21.104150943396228,30.00867924528302,13.958679245283017,88.78,3355.38,33.639009433962265,1.696933962264151,0.45865382532779203,1.6565648888347506,1.5994094488188977,0.9724409448818898,2.9783464566929134,0.4464617884996307
Haryana,2017,106200,494300,4.65,Rabi,21.104150943396228,30.00867924528302,13.958679245283017,88.78,3355.38,33.639009433962265,1.696933962264151,0.45865382532779203,1.6565648888347506,1.5994094488188977,0.9724409448818898,2.9783464566929134,0.4464617884996307
Haryana,2017,216300,1091600,5.05,Rabi,21.104150943396228,30.00867924528302,13.958679245283017,88.78,3355.38,33.639009433962265,1.696933962264151,0.45865382532779203,1.6565648888347506,1.5994094488188977,0.9724409448818898,2.9783464566929134,0.4464617884996307
Haryana,2017,173600,838900,4.83,Rabi,21.104150943396228,30.00867924528302,13.958679245283017,88.78,3355.38,33.639009433962265,1.696933962264151,0.45865382532779203,1.6565648888347506,1.5994094488188977,0.9724409448818898,2.9783464566929134,0.4464617884996307
Haryana,2017,176000,866500,4.92,Rabi,21.104150943396228,30.00867924528302,13.958679245283017,88.78,3355.38,33.639009433962265,1.696933962264151,0.45865382532779203,1.6565648888347506,1.5994094488188977,0.9724409448818898,2.9783464566929134,0.4464617884996307
Haryana,2017,112600,542900,4.82,Rabi,21.104150943396228,30.00867924528302,13.958679245283017,88.78,3355.38,33.639009433962265,1.696933962264151,0.45865382532779203,1.6565648888347506,1.5994094488188977,0.9724409448818898,2.9783464566929134,0.4464617884996307
Haryana,2017,49100,209500,4.27,Rabi,21.104150943396228,30.00867924528302,13.958679245283017,88.78,3355.38,33.639009433962265,1.696933962264151,0.45865382532779203,1.6565648888347506,1.5994094488188977,0.9724409448818898,2.9783464566929134,0.4464617884996307
Haryana,2017,77100,332800,4.32,Rabi,21.104150943396228,30.00867924528302,13.958679245283017,88.78,3355.38,33.639009433962265,1.696933962264151,0.45865382532779203,1.6565648888347506,1.5994094488188977,0.9724409448818898,2.9783464566929134,0.4464617884996307
Haryana,2017,93600,425800,4.55,Rabi,21.104150943396228,30.00867924528302,13.958679245283017,88.78,3355.38,33.639009433962265,1.696933962264151,0.45865382532779203,1.6565648888347506,1.5994094488188977,0.9724409448818898,2.9783464566929134,0.4464617884996307
Haryana,2017,18000,67300,3.74,Rabi,21.104150943396228,30.00867924528302,13.958679245283017,88.78,3355.38,33.639009433962265,1.696933962264151,0.45865382532779203,1.6565648888347506,1.5994094488188977,0.9724409448818898,2.9783464566929134,0.4464617884996307
Haryana,2017,84300,437100,5.19,Rabi,21.104150943396228,30.00867924528302,13.958679245283017,88.78,3355.38,33.639009433962265,1.696933962264151,0.45865382532779203,1.6565648888347506,1.5994094488188977,0.9724409448818898,2.9783464566929134,0.4464617884996307
Haryana,2017,46100,225800,4.9,Rabi,21.104150943396228,30.00867924528302,13.958679245283017,88.78,3355.38,33.639009433962265,1.696933962264151,0.45865382532779203,1.6565648888347506,1.5994094488188977,0.9724409448818898,2.9783464566929134,0.4464617884996307
Haryana,2017,104400,483000,4.63,Rabi,21.104150943396228,30.00867924528302,13.958679245283017,88.78,3355.38,33.639009433962265,1.696933962264151,0.45865382532779203,1.6565648888347506,1.5994094488188977,0.9724409448818898,2.9783464566929134,0.4464617884996307
Haryana,2017,295300,1494700,5.06,Rabi,21.104150943396228,30.00867924528302,13.958679245283017,88.78,3355.38,33.639009433962265,1.696933962264151,0.45865382532779203,1.6565648888347506,1.5994094488188977,0.9724409448818898,2.9783464566929134,0.4464617884996307
Haryana,2017,144400,732100,5.07,Rabi,21.104150943396228,30.00867924528302,13.958679245283017,88.78,3355.38,33.639009433962265,1.696933962264151,0.45865382532779203,1.6565648888347506,1.5994094488188977,0.9724409448818898,2.9783464566929134,0.4464617884996307
Haryana,2017,89000,425700,4.78,Rabi,21.104150943396228,30.00867924528302,13.958679245283017,88.78,3355.38,33.639009433962265,1.696933962264151,0.45865382532779203,1.6565648888347506,1.5994094488188977,0.9724409448818898,2.9783464566929134,0.4464617884996307
Haryana,2018,88000,418000,4.75,Kharif,31.50565573770492,36.689590163934426,26.63639344262295,566.6,2197.5,60.75,2.0035245901639347,0.4842721389258372,1.6565648888347506,1.5994094488188977,0.9724409448818898,2.9783464566929134,0.4464617884996307
Haryana,2018,113000,500000,4.42,Kharif,31.50565573770492,36.689590163934426,26.63639344262295,566.6,2197.5,60.75,2.0035245901639347,0.4842721389258372,1.6565648888347506,1.5994094488188977,0.9724409448818898,2.9783464566929134,0.4464617884996307
Haryana,2018,54600,273000,5.0,Kharif,31.50565573770492,36.689590163934426,26.63639344262295,566.6,2197.5,60.75,2.0035245901639347,0.4842721389258372,1.6565648888347506,1.5994094488188977,0.9724409448818898,2.9783464566929134,0.4464617884996307
Haryana,2018,29600,152000,5.14,Kharif,31.50565573770492,36.689590163934426,26.63639344262295,566.6,2197.5,60.75,2.0035245901639347,0.4842721389258372,1.6565648888347506,1.5994094488188977,0.9724409448818898,2.9783464566929134,0.4464617884996307
Haryana,2018,187200,1008000,5.38,Kharif,31.50565573770492,36.689590163934426,26.63639344262295,566.6,2197.5,60.75,2.0035245901639347,0.4842721389258372,1.6565648888347506,1.5994094488188977,0.9724409448818898,2.9783464566929134,0.4464617884996307
Haryana,2018,43000,213000,4.95,Kharif,31.50565573770492,36.689590163934426,26.63639344262295,566.6,2197.5,60.75,2.0035245901639347,0.4842721389258372,1.6565648888347506,1.5994094488188977,0.9724409448818898,2.9783464566929134,0.4464617884996307
Haryana,2018,221100,1096000,4.96,Kharif,31.50565573770492,36.689590163934426,26.63639344262295,566.6,2197.5,60.75,2.0035245901639347,0.4842721389258372,1.6565648888347506,1.5994094488188977,0.9724409448818898,2.9783464566929134,0.4464617884996307
Haryana,2018,105200,501000,4.76,Kharif,31.50565573770492,36.689590163934426,26.63639344262295,566.6,2197.5,60.75,2.0035245901639347,0.4842721389258372,1.6565648888347506,1.5994094488188977,0.9724409448818898,2.9783464566929134,0.4464617884996307
Haryana,2018,215000,1127000,5.24,Kharif,31.50565573770492,36.689590163934426,26.63639344262295,566.6,2197.5,60.75,2.0035245901639347,0.4842721389258372,1.6565648888347506,1.5994094488188977,0.9724409448818898,2.9783464566929134,0.4464617884996307
Haryana,2018,215000,1057000,4.92,Kharif,31.50565573770492,36.689590163934426,26.63639344262295,566.6,2197.5,60.75,2.0035245901639347,0.4842721389258372,1.6565648888347506,1.5994094488188977,0.9724409448818898,2.9783464566929134,0.4464617884996307
Haryana,2018,178500,1007000,5.64,Kharif,31.50565573770492,36.689590163934426,26.63639344262295,566.6,2197.5,60.75,2.0035245901639347,0.4842721389258372,1.6565648888347506,1.5994094488188977,0.9724409448818898,2.9783464566929134,0.4464617884996307
Haryana,2018,113000,560000,4.96,Kharif,31.50565573770492,36.689590163934426,26.63639344262295,566.6,2197.5,60.75,2.0035245901639347,0.4842721389258372,1.6565648888347506,1.5994094488188977,0.9724409448818898,2.9783464566929134,0.4464617884996307
Haryana,2018,44300,210000,4.74,Kharif,31.50565573770492,36.689590163934426,26.63639344262295,566.6,2197.5,60.75,2.0035245901639347,0.4842721389258372,1.6565648888347506,1.5994094488188977,0.9724409448818898,2.9783464566929134,0.4464617884996307
Haryana,2018,76400,347000,4.54,Kharif,31.50565573770492,36.689590163934426,26.63639344262295,566.6,2197.5,60.75,2.0035245901639347,0.4842721389258372,1.6565648888347506,1.5994094488188977,0.9724409448818898,2.9783464566929134,0.4464617884996307
Haryana,2018,95000,402000,4.23,Kharif,31.50565573770492,36.689590163934426,26.63639344262295,566.6,2197.5,60.75,2.0035245901639347,0.4842721389258372,1.6565648888347506,1.5994094488188977,0.9724409448818898,2.9783464566929134,0.4464617884996307
Haryana,2018,18000,71000,3.94,Kharif,31.50565573770492,36.689590163934426,26.63639344262295,566.6,2197.5,60.75,2.0035245901639347,0.4842721389258372,1.6565648888347506,1.5994094488188977,0.9724409448818898,2.9783464566929134,0.4464617884996307
Haryana,2018,83000,433000,5.22,Kharif,31.50565573770492,36.689590163934426,26.63639344262295,566.6,2197.5,60.75,2.0035245901639347,0.4842721389258372,1.6565648888347506,1.5994094488188977,0.9724409448818898,2.9783464566929134,0.4464617884996307
Haryana,2018,41000,203000,4.95,Kharif,31.50565573770492,36.689590163934426,26.63639344262295,566.6,2197.5,60.75,2.0035245901639347,0.4842721389258372,1.6565648888347506,1.5994094488188977,0.9724409448818898,2.9783464566929134,0.4464617884996307
Haryana,2018,104200,476000,4.57,Kharif,31.50565573770492,36.689590163934426,26.63639344262295,566.6,2197.5,60.75,2.0035245901639347,0.4842721389258372,1.6565648888347506,1.5994094488188977,0.9724409448818898,2.9783464566929134,0.4464617884996307
Haryana,2018,293100,1484000,5.06,Kharif,31.50565573770492,36.689590163934426,26.63639344262295,566.6,2197.5,60.75,2.0035245901639347,0.4842721389258372,1.6565648888347506,1.5994094488188977,0.9724409448818898,2.9783464566929134,0.4464617884996307
Haryana,2018,144100,645000,4.48,Kharif,31.50565573770492,36.689590163934426,26.63639344262295,566.6,2197.5,60.75,2.0035245901639347,0.4842721389258372,1.6565648888347506,1.5994094488188977,0.9724409448818898,2.9783464566929134,0.4464617884996307
Haryana,2018,90800,390000,4.3,Kharif,31.50565573770492,36.689590163934426,26.63639344262295,566.6,2197.5,60.75,2.0035245901639347,0.4842721389258372,1.6565648888347506,1.5994094488188977,0.9724409448818898,2.9783464566929134,0.4464617884996307
Haryana,2018,88000,418000,4.75,Rabi,20.88004716981132,29.862594339622643,13.640471698113208,34.74,3413.94,35.63457547169811,1.6241509433962265,0.4846047209086452,1.6565648888347506,1.5994094488188977,0.9724409448818898,2.9783464566929134,0.4464617884996307
Haryana,2018,113000,500000,4.42,Rabi,20.88004716981132,29.862594339622643,13.640471698113208,34.74,3413.94,35.63457547169811,1.6241509433962265,0.4846047209086452,1.6565648888347506,1.5994094488188977,0.9724409448818898,2.9783464566929134,0.4464617884996307
Haryana,2018,54600,273000,5.0,Rabi,20.88004716981132,29.862594339622643,13.640471698113208,34.74,3413.94,35.63457547169811,1.6241509433962265,0.4846047209086452,1.6565648888347506,1.5994094488188977,0.9724409448818898,2.9783464566929134,0.4464617884996307
Haryana,2018,29600,152000,5.14,Rabi,20.88004716981132,29.862594339622643,13.640471698113208,34.74,3413.94,35.63457547169811,1.6241509433962265,0.4846047209086452,1.6565648888347506,1.5994094488188977,0.9724409448818898,2.9783464566929134,0.4464617884996307
Haryana,2018,187200,1008000,5.38,Rabi,20.88004716981132,29.862594339622643,13.640471698113208,34.74,3413.94,35.63457547169811,1.6241509433962265,0.4846047209086452,1.6565648888347506,1.5994094488188977,0.9724409448818898,2.9783464566929134,0.4464617884996307
Haryana,2018,43000,213000,4.95,Rabi,20.88004716981132,29.862594339622643,13.640471698113208,34.74,3413.94,35.63457547169811,1.6241509433962265,0.4846047209086452,1.6565648888347506,1.5994094488188977,0.9724409448818898,2.9783464566929134,0.4464617884996307
Haryana,2018,221100,1096000,4.96,Rabi,20.88004716981132,29.862594339622643,13.640471698113208,34.74,3413.94,35.63457547169811,1.6241509433962265,0.4846047209086452,1.6565648888347506,1.5994094488188977,0.9724409448818898,2.9783464566929134,0.4464617884996307
Haryana,2018,105200,501000,4.76,Rabi,20.88004716981132,29.862594339622643,13.640471698113208,34.74,3413.94,35.63457547169811,1.6241509433962265,0.4846047209086452,1.6565648888347506,1.5994094488188977,0.9724409448818898,2.9783464566929134,0.4464617884996307
Haryana,2018,215000,1127000,5.24,Rabi,20.88004716981132,29.862594339622643,13.640471698113208,34.74,3413.94,35.63457547169811,1.6241509433962265,0.4846047209086452,1.6565648888347506,1.5994094488188977,0.9724409448818898,2.9783464566929134,0.4464617884996307
Haryana,2018,215000,1057000,4.92,Rabi,20.88004716981132,29.862594339622643,13.640471698113208,34.74,3413.94,35.63457547169811,1.6241509433962265,0.4846047209086452,1.6565648888347506,1.5994094488188977,0.9724409448818898,2.9783464566929134,0.4464617884996307
Haryana,2018,178500,1007000,5.64,Rabi,20.88004716981132,29.862594339622643,13.640471698113208,34.74,3413.94,35.63457547169811,1.6241509433962265,0.4846047209086452,1.6565648888347506,1.5994094488188977,0.9724409448818898,2.9783464566929134,0.4464617884996307
Haryana,2018,113000,560000,4.96,Rabi,20.88004716981132,29.862594339622643,13.640471698113208,34.74,3413.94,35.63457547169811,1.6241509433962265,0.4846047209086452,1.6565648888347506,1.5994094488188977,0.9724409448818898,2.9783464566929134,0.4464617884996307
Haryana,2018,44300,210000,4.74,Rabi,20.88004716981132,29.862594339622643,13.640471698113208,34.74,3413.94,35.63457547169811,1.6241509433962265,0.4846047209086452,1.6565648888347506,1.5994094488188977,0.9724409448818898,2.9783464566929134,0.4464617884996307
Haryana,2018,76400,347000,4.54,Rabi,20.88004716981132,29.862594339622643,13.640471698113208,34.74,3413.94,35.63457547169811,1.6241509433962265,0.4846047209086452,1.6565648888347506,1.5994094488188977,0.9724409448818898,2.9783464566929134,0.4464617884996307
Haryana,2018,95000,402000,4.23,Rabi,20.88004716981132,29.862594339622643,13.640471698113208,34.74,3413.94,35.63457547169811,1.6241509433962265,0.4846047209086452,1.6565648888347506,1.5994094488188977,0.9724409448818898,2.9783464566929134,0.4464617884996307
Haryana,2018,18000,71000,3.94,Rabi,20.88004716981132,29.862594339622643,13.640471698113208,34.74,3413.94,35.63457547169811,1.6241509433962265,0.4846047209086452,1.6565648888347506,1.5994094488188977,0.9724409448818898,2.9783464566929134,0.4464617884996307
Haryana,2018,83000,433000,5.22,Rabi,20.88004716981132,29.862594339622643,13.640471698113208,34.74,3413.94,35.63457547169811,1.6241509433962265,0.4846047209086452,1.6565648888347506,1.5994094488188977,0.9724409448818898,2.9783464566929134,0.4464617884996307
Haryana,2018,41000,203000,4.95,Rabi,20.88004716981132,29.862594339622643,13.640471698113208,34.74,3413.94,35.63457547169811,1.6241509433962265,0.4846047209086452,1.6565648888347506,1.5994094488188977,0.9724409448818898,2.9783464566929134,0.4464617884996307
Haryana,2018,104200,476000,4.57,Rabi,20.88004716981132,29.862594339622643,13.640471698113208,34.74,3413.94,35.63457547169811,1.6241509433962265,0.4846047209086452,1.6565648888347506,1.5994094488188977,0.9724409448818898,2.9783464566929134,0.4464617884996307
Haryana,2018,293100,1484000,5.06,Rabi,20.88004716981132,29.862594339622643,13.640471698113208,34.74,3413.94,35.63457547169811,1.6241509433962265,0.4846047209086452,1.6565648888347506,1.5994094488188977,0.9724409448818898,2.9783464566929134,0.4464617884996307
Haryana,2018,144100,645000,4.48,Rabi,20.88004716981132,29.862594339622643,13.640471698113208,34.74,3413.94,35.63457547169811,1.6241509433962265,0.4846047209086452,1.6565648888347506,1.5994094488188977,0.9724409448818898,2.9783464566929134,0.4464617884996307
Haryana,2018,90800,390000,4.3,Rabi,20.88004716981132,29.862594339622643,13.640471698113208,34.74,3413.94,35.63457547169811,1.6241509433962265,0.4846047209086452,1.6565648888347506,1.5994094488188977,0.9724409448818898,2.9783464566929134,0.4464617884996307
Haryana,2019,90900,380100,4.18,Kharif,32.808196721311475,38.1844262295082,27.75893442622951,382.55,2357.4,55.98491803278689,1.9606557377049179,0.5005047137621035,1.6565648888347506,1.5994094488188977,0.9724409448818898,2.9783464566929134,0.4464617884996307
Haryana,2019,107400,449600,4.19,Kharif,32.808196721311475,38.1844262295082,27.75893442622951,382.55,2357.4,55.98491803278689,1.9606557377049179,0.5005047137621035,1.6565648888347506,1.5994094488188977,0.9724409448818898,2.9783464566929134,0.4464617884996307
Haryana,2019,50100,228900,4.57,Kharif,32.808196721311475,38.1844262295082,27.75893442622951,382.55,2357.4,55.98491803278689,1.9606557377049179,0.5005047137621035,1.6565648888347506,1.5994094488188977,0.9724409448818898,2.9783464566929134,0.4464617884996307
Haryana,2019,30700,128800,4.2,Kharif,32.808196721311475,38.1844262295082,27.75893442622951,382.55,2357.4,55.98491803278689,1.9606557377049179,0.5005047137621035,1.6565648888347506,1.5994094488188977,0.9724409448818898,2.9783464566929134,0.4464617884996307
Haryana,2019,191900,931500,4.85,Kharif,32.808196721311475,38.1844262295082,27.75893442622951,382.55,2357.4,55.98491803278689,1.9606557377049179,0.5005047137621035,1.6565648888347506,1.5994094488188977,0.9724409448818898,2.9783464566929134,0.4464617884996307
Haryana,2019,40600,205600,5.06,Kharif,32.808196721311475,38.1844262295082,27.75893442622951,382.55,2357.4,55.98491803278689,1.9606557377049179,0.5005047137621035,1.6565648888347506,1.5994094488188977,0.9724409448818898,2.9783464566929134,0.4464617884996307
Haryana,2019,224300,1022800,4.56,Kharif,32.808196721311475,38.1844262295082,27.75893442622951,382.55,2357.4,55.98491803278689,1.9606557377049179,0.5005047137621035,1.6565648888347506,1.5994094488188977,0.9724409448818898,2.9783464566929134,0.4464617884996307
Haryana,2019,106600,512600,4.81,Kharif,32.808196721311475,38.1844262295082,27.75893442622951,382.55,2357.4,55.98491803278689,1.9606557377049179,0.5005047137621035,1.6565648888347506,1.5994094488188977,0.9724409448818898,2.9783464566929134,0.4464617884996307
Haryana,2019,214400,1030600,4.81,Kharif,32.808196721311475,38.1844262295082,27.75893442622951,382.55,2357.4,55.98491803278689,1.9606557377049179,0.5005047137621035,1.6565648888347506,1.5994094488188977,0.9724409448818898,2.9783464566929134,0.4464617884996307
Haryana,2019,182200,839000,4.6,Kharif,32.808196721311475,38.1844262295082,27.75893442622951,382.55,2357.4,55.98491803278689,1.9606557377049179,0.5005047137621035,1.6565648888347506,1.5994094488188977,0.9724409448818898,2.9783464566929134,0.4464617884996307
Haryana,2019,178400,864500,4.85,Kharif,32.808196721311475,38.1844262295082,27.75893442622951,382.55,2357.4,55.98491803278689,1.9606557377049179,0.5005047137621035,1.6565648888347506,1.5994094488188977,0.9724409448818898,2.9783464566929134,0.4464617884996307
Haryana,2019,110400,520200,4.71,Kharif,32.808196721311475,38.1844262295082,27.75893442622951,382.55,2357.4,55.98491803278689,1.9606557377049179,0.5005047137621035,1.6565648888347506,1.5994094488188977,0.9724409448818898,2.9783464566929134,0.4464617884996307
Haryana,2019,36600,163800,4.48,Kharif,32.808196721311475,38.1844262295082,27.75893442622951,382.55,2357.4,55.98491803278689,1.9606557377049179,0.5005047137621035,1.6565648888347506,1.5994094488188977,0.9724409448818898,2.9783464566929134,0.4464617884996307
Haryana,2019,78700,362300,4.6,Kharif,32.808196721311475,38.1844262295082,27.75893442622951,382.55,2357.4,55.98491803278689,1.9606557377049179,0.5005047137621035,1.6565648888347506,1.5994094488188977,0.9724409448818898,2.9783464566929134,0.4464617884996307
Haryana,2019,100700,487100,4.84,Kharif,32.808196721311475,38.1844262295082,27.75893442622951,382.55,2357.4,55.98491803278689,1.9606557377049179,0.5005047137621035,1.6565648888347506,1.5994094488188977,0.9724409448818898,2.9783464566929134,0.4464617884996307
Haryana,2019,18800,78400,4.17,Kharif,32.808196721311475,38.1844262295082,27.75893442622951,382.55,2357.4,55.98491803278689,1.9606557377049179,0.5005047137621035,1.6565648888347506,1.5994094488188977,0.9724409448818898,2.9783464566929134,0.4464617884996307
Haryana,2019,89800,426200,4.75,Kharif,32.808196721311475,38.1844262295082,27.75893442622951,382.55,2357.4,55.98491803278689,1.9606557377049179,0.5005047137621035,1.6565648888347506,1.5994094488188977,0.9724409448818898,2.9783464566929134,0.4464617884996307
Haryana,2019,37700,166100,4.41,Kharif,32.808196721311475,38.1844262295082,27.75893442622951,382.55,2357.4,55.98491803278689,1.9606557377049179,0.5005047137621035,1.6565648888347506,1.5994094488188977,0.9724409448818898,2.9783464566929134,0.4464617884996307
Haryana,2019,106800,461300,4.32,Kharif,32.808196721311475,38.1844262295082,27.75893442622951,382.55,2357.4,55.98491803278689,1.9606557377049179,0.5005047137621035,1.6565648888347506,1.5994094488188977,0.9724409448818898,2.9783464566929134,0.4464617884996307
Haryana,2019,296900,1443800,4.86,Kharif,32.808196721311475,38.1844262295082,27.75893442622951,382.55,2357.4,55.98491803278689,1.9606557377049179,0.5005047137621035,1.6565648888347506,1.5994094488188977,0.9724409448818898,2.9783464566929134,0.4464617884996307
Haryana,2019,146400,716200,4.89,Kharif,32.808196721311475,38.1844262295082,27.75893442622951,382.55,2357.4,55.98491803278689,1.9606557377049179,0.5005047137621035,1.6565648888347506,1.5994094488188977,0.9724409448818898,2.9783464566929134,0.4464617884996307
Haryana,2019,93500,457500,4.89,Kharif,32.808196721311475,38.1844262295082,27.75893442622951,382.55,2357.4,55.98491803278689,1.9606557377049179,0.5005047137621035,1.6565648888347506,1.5994094488188977,0.9724409448818898,2.9783464566929134,0.4464617884996307
Haryana,2019,90900,380100,4.18,Rabi,19.764103773584903,27.979009433962265,13.076933962264151,135.11,3102.24,46.22981132075471,1.7031132075471698,0.5036904115336948,1.6565648888347506,1.5994094488188977,0.9724409448818898,2.9783464566929134,0.4464617884996307
Haryana,2019,107400,449600,4.19,Rabi,19.764103773584903,27.979009433962265,13.076933962264151,135.11,3102.24,46.22981132075471,1.7031132075471698,0.5036904115336948,1.6565648888347506,1.5994094488188977,0.9724409448818898,2.9783464566929134,0.4464617884996307
Haryana,2019,50100,228900,4.57,Rabi,19.764103773584903,27.979009433962265,13.076933962264151,135.11,3102.24,46.22981132075471,1.7031132075471698,0.5036904115336948,1.6565648888347506,1.5994094488188977,0.9724409448818898,2.9783464566929134,0.4464617884996307
Haryana,2019,30700,128800,4.2,Rabi,19.764103773584903,27.979009433962265,13.076933962264151,135.11,3102.24,46.22981132075471,1.7031132075471698,0.5036904115336948,1.6565648888347506,1.5994094488188977,0.9724409448818898,2.9783464566929134,0.4464617884996307
Haryana,2019,191900,931500,4.85,Rabi,19.764103773584903,27.979009433962265,13.076933962264151,135.11,3102.24,46.22981132075471,1.7031132075471698,0.5036904115336948,1.6565648888347506,1.5994094488188977,0.9724409448818898,2.9783464566929134,0.4464617884996307
Haryana,2019,40600,205600,5.06,Rabi,19.764103773584903,27.979009433962265,13.076933962264151,135.11,3102.24,46.22981132075471,1.7031132075471698,0.5036904115336948,1.6565648888347506,1.5994094488188977,0.9724409448818898,2.9783464566929134,0.4464617884996307
Haryana,2019,224300,1022800,4.56,Rabi,19.764103773584903,27.979009433962265,13.076933962264151,135.11,3102.24,46.22981132075471,1.7031132075471698,0.5036904115336948,1.6565648888347506,1.5994094488188977,0.9724409448818898,2.9783464566929134,0.4464617884996307
Haryana,2019,106600,512600,4.81,Rabi,19.764103773584903,27.979009433962265,13.076933962264151,135.11,3102.24,46.22981132075471,1.7031132075471698,0.5036904115336948,1.6565648888347506,1.5994094488188977,0.9724409448818898,2.9783464566929134,0.4464617884996307
Haryana,2019,214400,1030600,4.81,Rabi,19.764103773584903,27.979009433962265,13.076933962264151,135.11,3102.24,46.22981132075471,1.7031132075471698,0.5036904115336948,1.6565648888347506,1.5994094488188977,0.9724409448818898,2.9783464566929134,0.4464617884996307
Haryana,2019,182200,839000,4.6,Rabi,19.764103773584903,27.979009433962265,13.076933962264151,135.11,3102.24,46.22981132075471,1.7031132075471698,0.5036904115336948,1.6565648888347506,1.5994094488188977,0.9724409448818898,2.9783464566929134,0.4464617884996307
Haryana,2019,178400,864500,4.85,Rabi,19.764103773584903,27.979009433962265,13.076933962264151,135.11,3102.24,46.22981132075471,1.7031132075471698,0.5036904115336948,1.6565648888347506,1.5994094488188977,0.9724409448818898,2.9783464566929134,0.4464617884996307
Haryana,2019,110400,520200,4.71,Rabi,19.764103773584903,27.979009433962265,13.076933962264151,135.11,3102.24,46.22981132075471,1.7031132075471698,0.5036904115336948,1.6565648888347506,1.5994094488188977,0.9724409448818898,2.9783464566929134,0.4464617884996307
Haryana,2019,36600,163800,4.48,Rabi,19.764103773584903,27.979009433962265,13.076933962264151,135.11,3102.24,46.22981132075471,1.7031132075471698,0.5036904115336948,1.6565648888347506,1.5994094488188977,0.9724409448818898,2.9783464566929134,0.4464617884996307
Haryana,2019,78700,362300,4.6,Rabi,19.764103773584903,27.979009433962265,13.076933962264151,135.11,3102.24,46.22981132075471,1.7031132075471698,0.5036904115336948,1.6565648888347506,1.5994094488188977,0.9724409448818898,2.9783464566929134,0.4464617884996307
Haryana,2019,100700,487100,4.84,Rabi,19.764103773584903,27.979009433962265,13.076933962264151,135.11,3102.24,46.22981132075471,1.7031132075471698,0.5036904115336948,1.6565648888347506,1.5994094488188977,0.9724409448818898,2.9783464566929134,0.4464617884996307
Haryana,2019,18800,78400,4.17,Rabi,19.764103773584903,27.979009433962265,13.076933962264151,135.11,3102.24,46.22981132075471,1.7031132075471698,0.5036904115336948,1.6565648888347506,1.5994094488188977,0.9724409448818898,2.9783464566929134,0.4464617884996307
Haryana,2019,89800,426200,4.75,Rabi,19.764103773584903,27.979009433962265,13.076933962264151,135.11,3102.24,46.22981132075471,1.7031132075471698,0.5036904115336948,1.6565648888347506,1.5994094488188977,0.9724409448818898,2.9783464566929134,0.4464617884996307
Haryana,2019,37700,166100,4.41,Rabi,19.764103773584903,27.979009433962265,13.076933962264151,135.11,3102.24,46.22981132075471,1.7031132075471698,0.5036904115336948,1.6565648888347506,1.5994094488188977,0.9724409448818898,2.9783464566929134,0.4464617884996307
Haryana,2019,106800,461300,4.32,Rabi,19.764103773584903,27.979009433962265,13.076933962264151,135.11,3102.24,46.22981132075471,1.7031132075471698,0.5036904115336948,1.6565648888347506,1.5994094488188977,0.9724409448818898,2.9783464566929134,0.4464617884996307
Haryana,2019,296900,1443800,4.86,Rabi,19.764103773584903,27.979009433962265,13.076933962264151,135.11,3102.24,46.22981132075471,1.7031132075471698,0.5036904115336948,1.6565648888347506,1.5994094488188977,0.9724409448818898,2.9783464566929134,0.4464617884996307
Haryana,2019,146400,716200,4.89,Rabi,19.764103773584903,27.979009433962265,13.076933962264151,135.11,3102.24,46.22981132075471,1.7031132075471698,0.5036904115336948,1.6565648888347506,1.5994094488188977,0.9724409448818898,2.9783464566929134,0.4464617884996307
Haryana,2019,93500,457500,4.89,Rabi,19.764103773584903,27.979009433962265,13.076933962264151,135.11,3102.24,46.22981132075471,1.7031132075471698,0.5036904115336948,1.6565648888347506,1.5994094488188977,0.9724409448818898,2.9783464566929134,0.4464617884996307
Haryana,2020,93890,475080,5.06,Kharif,32.048852459016395,37.0477868852459,27.265983606557377,552.9,2408.95,60.81065573770491,1.8459836065573771,0.495529709420333,1.6565648888347506,1.5994094488188977,0.9724409448818898,2.9783464566929134,0.4464617884996307
Haryana,2020,116330,493120,4.24,Kharif,32.048852459016395,37.0477868852459,27.265983606557377,552.9,2408.95,60.81065573770491,1.8459836065573771,0.495529709420333,1.6565648888347506,1.5994094488188977,0.9724409448818898,2.9783464566929134,0.4464617884996307
Haryana,2020,5090,25390,4.99,Kharif,32.048852459016395,37.0477868852459,27.265983606557377,552.9,2408.95,60.81065573770491,1.8459836065573771,0.495529709420333,1.6565648888347506,1.5994094488188977,0.9724409448818898,2.9783464566929134,0.4464617884996307
Haryana,2020,30660,103320,3.37,Kharif,32.048852459016395,37.0477868852459,27.265983606557377,552.9,2408.95,60.81065573770491,1.8459836065573771,0.495529709420333,1.6565648888347506,1.5994094488188977,0.9724409448818898,2.9783464566929134,0.4464617884996307
Haryana,2020,189790,955970,5.04,Kharif,32.048852459016395,37.0477868852459,27.265983606557377,552.9,2408.95,60.81065573770491,1.8459836065573771,0.495529709420333,1.6565648888347506,1.5994094488188977,0.9724409448818898,2.9783464566929134,0.4464617884996307
Haryana,2020,41830,198320,4.74,Kharif,32.048852459016395,37.0477868852459,27.265983606557377,552.9,2408.95,60.81065573770491,1.8459836065573771,0.495529709420333,1.6565648888347506,1.5994094488188977,0.9724409448818898,2.9783464566929134,0.4464617884996307
Haryana,2020,231250,1149780,4.97,Kharif,32.048852459016395,37.0477868852459,27.265983606557377,552.9,2408.95,60.81065573770491,1.8459836065573771,0.495529709420333,1.6565648888347506,1.5994094488188977,0.9724409448818898,2.9783464566929134,0.4464617884996307
Haryana,2020,102140,462800,4.53,Kharif,32.048852459016395,37.0477868852459,27.265983606557377,552.9,2408.95,60.81065573770491,1.8459836065573771,0.495529709420333,1.6565648888347506,1.5994094488188977,0.9724409448818898,2.9783464566929134,0.4464617884996307
Haryana,2020,215600,1080370,5.01,Kharif,32.048852459016395,37.0477868852459,27.265983606557377,552.9,2408.95,60.81065573770491,1.8459836065573771,0.495529709420333,1.6565648888347506,1.5994094488188977,0.9724409448818898,2.9783464566929134,0.4464617884996307
Haryana,2020,182000,900720,4.95,Kharif,32.048852459016395,37.0477868852459,27.265983606557377,552.9,2408.95,60.81065573770491,1.8459836065573771,0.495529709420333,1.6565648888347506,1.5994094488188977,0.9724409448818898,2.9783464566929134,0.4464617884996307
Haryana,2020,186700,967300,5.18,Kharif,32.048852459016395,37.0477868852459,27.265983606557377,552.9,2408.95,60.81065573770491,1.8459836065573771,0.495529709420333,1.6565648888347506,1.5994094488188977,0.9724409448818898,2.9783464566929134,0.4464617884996307
Haryana,2020,111280,573540,5.15,Kharif,32.048852459016395,37.0477868852459,27.265983606557377,552.9,2408.95,60.81065573770491,1.8459836065573771,0.495529709420333,1.6565648888347506,1.5994094488188977,0.9724409448818898,2.9783464566929134,0.4464617884996307
Haryana,2020,34630,167640,4.84,Kharif,32.048852459016395,37.0477868852459,27.265983606557377,552.9,2408.95,60.81065573770491,1.8459836065573771,0.495529709420333,1.6565648888347506,1.5994094488188977,0.9724409448818898,2.9783464566929134,0.4464617884996307
Haryana,2020,73760,311560,4.22,Kharif,32.048852459016395,37.0477868852459,27.265983606557377,552.9,2408.95,60.81065573770491,1.8459836065573771,0.495529709420333,1.6565648888347506,1.5994094488188977,0.9724409448818898,2.9783464566929134,0.4464617884996307
Haryana,2020,10060,44720,4.45,Kharif,32.048852459016395,37.0477868852459,27.265983606557377,552.9,2408.95,60.81065573770491,1.8459836065573771,0.495529709420333,1.6565648888347506,1.5994094488188977,0.9724409448818898,2.9783464566929134,0.4464617884996307
Haryana,2020,20360,73210,3.6,Kharif,32.048852459016395,37.0477868852459,27.265983606557377,552.9,2408.95,60.81065573770491,1.8459836065573771,0.495529709420333,1.6565648888347506,1.5994094488188977,0.9724409448818898,2.9783464566929134,0.4464617884996307
Haryana,2020,94630,467090,4.94,Kharif,32.048852459016395,37.0477868852459,27.265983606557377,552.9,2408.95,60.81065573770491,1.8459836065573771,0.495529709420333,1.6565648888347506,1.5994094488188977,0.9724409448818898,2.9783464566929134,0.4464617884996307
Haryana,2020,37480,176080,4.7,Kharif,32.048852459016395,37.0477868852459,27.265983606557377,552.9,2408.95,60.81065573770491,1.8459836065573771,0.495529709420333,1.6565648888347506,1.5994094488188977,0.9724409448818898,2.9783464566929134,0.4464617884996307
Haryana,2020,42790,205050,4.79,Kharif,32.048852459016395,37.0477868852459,27.265983606557377,552.9,2408.95,60.81065573770491,1.8459836065573771,0.495529709420333,1.6565648888347506,1.5994094488188977,0.9724409448818898,2.9783464566929134,0.4464617884996307
Haryana,2020,293660,1362290,4.64,Kharif,32.048852459016395,37.0477868852459,27.265983606557377,552.9,2408.95,60.81065573770491,1.8459836065573771,0.495529709420333,1.6565648888347506,1.5994094488188977,0.9724409448818898,2.9783464566929134,0.4464617884996307
Haryana,2020,143560,720530,5.02,Kharif,32.048852459016395,37.0477868852459,27.265983606557377,552.9,2408.95,60.81065573770491,1.8459836065573771,0.495529709420333,1.6565648888347506,1.5994094488188977,0.9724409448818898,2.9783464566929134,0.4464617884996307
Haryana,2020,96520,492350,5.1,Kharif,32.048852459016395,37.0477868852459,27.265983606557377,552.9,2408.95,60.81065573770491,1.8459836065573771,0.495529709420333,1.6565648888347506,1.5994094488188977,0.9724409448818898,2.9783464566929134,0.4464617884996307
Haryana,2020,93890,475080,5.06,Rabi,19.42582159624413,27.822018779342724,12.779483568075118,144.06,3258.25,46.872910798122064,1.6565727699530517,0.4859159033543557,1.6565648888347506,1.5994094488188977,0.9724409448818898,2.9783464566929134,0.4464617884996307
Haryana,2020,116330,493120,4.24,Rabi,19.42582159624413,27.822018779342724,12.779483568075118,144.06,3258.25,46.872910798122064,1.6565727699530517,0.4859159033543557,1.6565648888347506,1.5994094488188977,0.9724409448818898,2.9783464566929134,0.4464617884996307
Haryana,2020,5090,25390,4.99,Rabi,19.42582159624413,27.822018779342724,12.779483568075118,144.06,3258.25,46.872910798122064,1.6565727699530517,0.4859159033543557,1.6565648888347506,1.5994094488188977,0.9724409448818898,2.9783464566929134,0.4464617884996307
Haryana,2020,30660,103320,3.37,Rabi,19.42582159624413,27.822018779342724,12.779483568075118,144.06,3258.25,46.872910798122064,1.6565727699530517,0.4859159033543557,1.6565648888347506,1.5994094488188977,0.9724409448818898,2.9783464566929134,0.4464617884996307
Haryana,2020,189790,955970,5.04,Rabi,19.42582159624413,27.822018779342724,12.779483568075118,144.06,3258.25,46.872910798122064,1.6565727699530517,0.4859159033543557,1.6565648888347506,1.5994094488188977,0.9724409448818898,2.9783464566929134,0.4464617884996307
Haryana,2020,41830,198320,4.74,Rabi,19.42582159624413,27.822018779342724,12.779483568075118,144.06,3258.25,46.872910798122064,1.6565727699530517,0.4859159033543557,1.6565648888347506,1.5994094488188977,0.9724409448818898,2.9783464566929134,0.4464617884996307
Haryana,2020,231250,1149780,4.97,Rabi,19.42582159624413,27.822018779342724,12.779483568075118,144.06,3258.25,46.872910798122064,1.6565727699530517,0.4859159033543557,1.6565648888347506,1.5994094488188977,0.9724409448818898,2.9783464566929134,0.4464617884996307
Haryana,2020,102140,462800,4.53,Rabi,19.42582159624413,27.822018779342724,12.779483568075118,144.06,3258.25,46.872910798122064,1.6565727699530517,0.4859159033543557,1.6565648888347506,1.5994094488188977,0.9724409448818898,2.9783464566929134,0.4464617884996307
Haryana,2020,215600,1080370,5.01,Rabi,19.42582159624413,27.822018779342724,12.779483568075118,144.06,3258.25,46.872910798122064,1.6565727699530517,0.4859159033543557,1.6565648888347506,1.5994094488188977,0.9724409448818898,2.9783464566929134,0.4464617884996307
Haryana,2020,182000,900720,4.95,Rabi,19.42582159624413,27.822018779342724,12.779483568075118,144.06,3258.25,46.872910798122064,1.6565727699530517,0.4859159033543557,1.6565648888347506,1.5994094488188977,0.9724409448818898,2.9783464566929134,0.4464617884996307
Haryana,2020,186700,967300,5.18,Rabi,19.42582159624413,27.822018779342724,12.779483568075118,144.06,3258.25,46.872910798122064,1.6565727699530517,0.4859159033543557,1.6565648888347506,1.5994094488188977,0.9724409448818898,2.9783464566929134,0.4464617884996307
Haryana,2020,111280,573540,5.15,Rabi,19.42582159624413,27.822018779342724,12.779483568075118,144.06,3258.25,46.872910798122064,1.6565727699530517,0.4859159033543557,1.6565648888347506,1.5994094488188977,0.9724409448818898,2.9783464566929134,0.4464617884996307
Haryana,2020,34630,167640,4.84,Rabi,19.42582159624413,27.822018779342724,12.779483568075118,144.06,3258.25,46.872910798122064,1.6565727699530517,0.4859159033543557,1.6565648888347506,1.5994094488188977,0.9724409448818898,2.9783464566929134,0.4464617884996307
Haryana,2020,73760,311560,4.22,Rabi,19.42582159624413,27.822018779342724,12.779483568075118,144.06,3258.25,46.872910798122064,1.6565727699530517,0.4859159033543557,1.6565648888347506,1.5994094488188977,0.9724409448818898,2.9783464566929134,0.4464617884996307
Haryana,2020,10060,44720,4.45,Rabi,19.42582159624413,27.822018779342724,12.779483568075118,144.06,3258.25,46.872910798122064,1.6565727699530517,0.4859159033543557,1.6565648888347506,1.5994094488188977,0.9724409448818898,2.9783464566929134,0.4464617884996307
Haryana,2020,20360,73210,3.6,Rabi,19.42582159624413,27.822018779342724,12.779483568075118,144.06,3258.25,46.872910798122064,1.6565727699530517,0.4859159033543557,1.6565648888347506,1.5994094488188977,0.9724409448818898,2.9783464566929134,0.4464617884996307
Haryana,2020,94630,467090,4.94,Rabi,19.42582159624413,27.822018779342724,12.779483568075118,144.06,3258.25,46.872910798122064,1.6565727699530517,0.4859159033543557,1.6565648888347506,1.5994094488188977,0.9724409448818898,2.9783464566929134,0.4464617884996307
Haryana,2020,37480,176080,4.7,Rabi,19.42582159624413,27.822018779342724,12.779483568075118,144.06,3258.25,46.872910798122064,1.6565727699530517,0.4859159033543557,1.6565648888347506,1.5994094488188977,0.9724409448818898,2.9783464566929134,0.4464617884996307
Haryana,2020,42790,205050,4.79,Rabi,19.42582159624413,27.822018779342724,12.779483568075118,144.06,3258.25,46.872910798122064,1.6565727699530517,0.4859159033543557,1.6565648888347506,1.5994094488188977,0.9724409448818898,2.9783464566929134,0.4464617884996307
Haryana,2020,293660,1362290,4.64,Rabi,19.42582159624413,27.822018779342724,12.779483568075118,144.06,3258.25,46.872910798122064,1.6565727699530517,0.4859159033543557,1.6565648888347506,1.5994094488188977,0.9724409448818898,2.9783464566929134,0.4464617884996307
Haryana,2020,143560,720530,5.02,Rabi,19.42582159624413,27.822018779342724,12.779483568075118,144.06,3258.25,46.872910798122064,1.6565727699530517,0.4859159033543557,1.6565648888347506,1.5994094488188977,0.9724409448818898,2.9783464566929134,0.4464617884996307
Haryana,2020,96520,492350,5.1,Rabi,19.42582159624413,27.822018779342724,12.779483568075118,144.06,3258.25,46.872910798122064,1.6565727699530517,0.4859159033543557,1.6565648888347506,1.5994094488188977,0.9724409448818898,2.9783464566929134,0.4464617884996307
Haryana,2021,87884,360940,4.11,Kharif,30.897131147540982,35.545819672131145,26.34762295081967,808.37,2258.24,66.45532786885246,1.8778688524590164,0.4957110495163579,1.6565648888347506,1.5994094488188977,0.9724409448818898,2.9783464566929134,0.4464617884996307
Haryana,2021,86914,371210,4.27,Kharif,30.897131147540982,35.545819672131145,26.34762295081967,808.37,2258.24,66.45532786885246,1.8778688524590164,0.4957110495163579,1.6565648888347506,1.5994094488188977,0.9724409448818898,2.9783464566929134,0.4464617884996307
Haryana,2021,33188,136870,4.12,Kharif,30.897131147540982,35.545819672131145,26.34762295081967,808.37,2258.24,66.45532786885246,1.8778688524590164,0.4957110495163579,1.6565648888347506,1.5994094488188977,0.9724409448818898,2.9783464566929134,0.4464617884996307
Haryana,2021,28646,112180,3.92,Kharif,30.897131147540982,35.545819672131145,26.34762295081967,808.37,2258.24,66.45532786885246,1.8778688524590164,0.4957110495163579,1.6565648888347506,1.5994094488188977,0.9724409448818898,2.9783464566929134,0.4464617884996307
Haryana,2021,184207,859330,4.67,Kharif,30.897131147540982,35.545819672131145,26.34762295081967,808.37,2258.24,66.45532786885246,1.8778688524590164,0.4957110495163579,1.6565648888347506,1.5994094488188977,0.9724409448818898,2.9783464566929134,0.4464617884996307
Haryana,2021,36086,168630,4.67,Kharif,30.897131147540982,35.545819672131145,26.34762295081967,808.37,2258.24,66.45532786885246,1.8778688524590164,0.4957110495163579,1.6565648888347506,1.5994094488188977,0.9724409448818898,2.9783464566929134,0.4464617884996307
Haryana,2021,206860,960660,4.64,Kharif,30.897131147540982,35.545819672131145,26.34762295081967,808.37,2258.24,66.45532786885246,1.8778688524590164,0.4957110495163579,1.6565648888347506,1.5994094488188977,0.9724409448818898,2.9783464566929134,0.4464617884996307
Haryana,2021,80310,353360,4.4,Kharif,30.897131147540982,35.545819672131145,26.34762295081967,808.37,2258.24,66.45532786885246,1.8778688524590164,0.4957110495163579,1.6565648888347506,1.5994094488188977,0.9724409448818898,2.9783464566929134,0.4464617884996307
Haryana,2021,205354,956950,4.66,Kharif,30.897131147540982,35.545819672131145,26.34762295081967,808.37,2258.24,66.45532786885246,1.8778688524590164,0.4957110495163579,1.6565648888347506,1.5994094488188977,0.9724409448818898,2.9783464566929134,0.4464617884996307
Haryana,2021,176551,816200,4.62,Kharif,30.897131147540982,35.545819672131145,26.34762295081967,808.37,2258.24,66.45532786885246,1.8778688524590164,0.4957110495163579,1.6565648888347506,1.5994094488188977,0.9724409448818898,2.9783464566929134,0.4464617884996307
Haryana,2021,176594,901510,5.1,Kharif,30.897131147540982,35.545819672131145,26.34762295081967,808.37,2258.24,66.45532786885246,1.8778688524590164,0.4957110495163579,1.6565648888347506,1.5994094488188977,0.9724409448818898,2.9783464566929134,0.4464617884996307
Haryana,2021,104134,443190,4.26,Kharif,30.897131147540982,35.545819672131145,26.34762295081967,808.37,2258.24,66.45532786885246,1.8778688524590164,0.4957110495163579,1.6565648888347506,1.5994094488188977,0.9724409448818898,2.9783464566929134,0.4464617884996307
Haryana,2021,25905,120380,4.65,Kharif,30.897131147540982,35.545819672131145,26.34762295081967,808.37,2258.24,66.45532786885246,1.8778688524590164,0.4957110495163579,1.6565648888347506,1.5994094488188977,0.9724409448818898,2.9783464566929134,0.4464617884996307
Haryana,2021,62170,264970,4.26,Kharif,30.897131147540982,35.545819672131145,26.34762295081967,808.37,2258.24,66.45532786885246,1.8778688524590164,0.4957110495163579,1.6565648888347506,1.5994094488188977,0.9724409448818898,2.9783464566929134,0.4464617884996307
Haryana,2021,94678,439400,4.64,Kharif,30.897131147540982,35.545819672131145,26.34762295081967,808.37,2258.24,66.45532786885246,1.8778688524590164,0.4957110495163579,1.6565648888347506,1.5994094488188977,0.9724409448818898,2.9783464566929134,0.4464617884996307
Haryana,2021,19266,72670,3.77,Kharif,30.897131147540982,35.545819672131145,26.34762295081967,808.37,2258.24,66.45532786885246,1.8778688524590164,0.4957110495163579,1.6565648888347506,1.5994094488188977,0.9724409448818898,2.9783464566929134,0.4464617884996307
Haryana,2021,83977,388980,4.63,Kharif,30.897131147540982,35.545819672131145,26.34762295081967,808.37,2258.24,66.45532786885246,1.8778688524590164,0.4957110495163579,1.6565648888347506,1.5994094488188977,0.9724409448818898,2.9783464566929134,0.4464617884996307
Haryana,2021,27921,127850,4.58,Kharif,30.897131147540982,35.545819672131145,26.34762295081967,808.37,2258.24,66.45532786885246,1.8778688524590164,0.4957110495163579,1.6565648888347506,1.5994094488188977,0.9724409448818898,2.9783464566929134,0.4464617884996307
Haryana,2021,100983,441600,4.37,Kharif,30.897131147540982,35.545819672131145,26.34762295081967,808.37,2258.24,66.45532786885246,1.8778688524590164,0.4957110495163579,1.6565648888347506,1.5994094488188977,0.9724409448818898,2.9783464566929134,0.4464617884996307
Haryana,2021,257738,1106470,4.29,Kharif,30.897131147540982,35.545819672131145,26.34762295081967,808.37,2258.24,66.45532786885246,1.8778688524590164,0.4957110495163579,1.6565648888347506,1.5994094488188977,0.9724409448818898,2.9783464566929134,0.4464617884996307
Haryana,2021,136834,645860,4.72,Kharif,30.897131147540982,35.545819672131145,26.34762295081967,808.37,2258.24,66.45532786885246,1.8778688524590164,0.4957110495163579,1.6565648888347506,1.5994094488188977,0.9724409448818898,2.9783464566929134,0.4464617884996307
Haryana,2021,87884,360940,4.11,Rabi,20.208584905660377,28.582688679245283,13.399245283018868,93.08,3333.45,45.69028301886792,1.6536792452830187,0.4719897348094155,1.6565648888347506,1.5994094488188977,0.9724409448818898,2.9783464566929134,0.4464617884996307
Haryana,2021,86914,371210,4.27,Rabi,20.208584905660377,28.582688679245283,13.399245283018868,93.08,3333.45,45.69028301886792,1.6536792452830187,0.4719897348094155,1.6565648888347506,1.5994094488188977,0.9724409448818898,2.9783464566929134,0.4464617884996307
Haryana,2021,33188,136870,4.12,Rabi,20.208584905660377,28.582688679245283,13.399245283018868,93.08,3333.45,45.69028301886792,1.6536792452830187,0.4719897348094155,1.6565648888347506,1.5994094488188977,0.9724409448818898,2.9783464566929134,0.4464617884996307
Haryana,2021,28646,112180,3.92,Rabi,20.208584905660377,28.582688679245283,13.399245283018868,93.08,3333.45,45.69028301886792,1.6536792452830187,0.4719897348094155,1.6565648888347506,1.5994094488188977,0.9724409448818898,2.9783464566929134,0.4464617884996307
Haryana,2021,184207,859330,4.67,Rabi,20.208584905660377,28.582688679245283,13.399245283018868,93.08,3333.45,45.69028301886792,1.6536792452830187,0.4719897348094155,1.6565648888347506,1.5994094488188977,0.9724409448818898,2.9783464566929134,0.4464617884996307
Haryana,2021,36086,168630,4.67,Rabi,20.208584905660377,28.582688679245283,13.399245283018868,93.08,3333.45,45.69028301886792,1.6536792452830187,0.4719897348094155,1.6565648888347506,1.5994094488188977,0.9724409448818898,2.9783464566929134,0.4464617884996307
Haryana,2021,206860,960660,4.64,Rabi,20.208584905660377,28.582688679245283,13.399245283018868,93.08,3333.45,45.69028301886792,1.6536792452830187,0.4719897348094155,1.6565648888347506,1.5994094488188977,0.9724409448818898,2.9783464566929134,0.4464617884996307
Haryana,2021,80310,353360,4.4,Rabi,20.208584905660377,28.582688679245283,13.399245283018868,93.08,3333.45,45.69028301886792,1.6536792452830187,0.4719897348094155,1.6565648888347506,1.5994094488188977,0.9724409448818898,2.9783464566929134,0.4464617884996307
Haryana,2021,205354,956950,4.66,Rabi,20.208584905660377,28.582688679245283,13.399245283018868,93.08,3333.45,45.69028301886792,1.6536792452830187,0.4719897348094155,1.6565648888347506,1.5994094488188977,0.9724409448818898,2.9783464566929134,0.4464617884996307
Haryana,2021,176551,816200,4.62,Rabi,20.208584905660377,28.582688679245283,13.399245283018868,93.08,3333.45,45.69028301886792,1.6536792452830187,0.4719897348094155,1.6565648888347506,1.5994094488188977,0.9724409448818898,2.9783464566929134,0.4464617884996307
Haryana,2021,176594,901510,5.1,Rabi,20.208584905660377,28.582688679245283,13.399245283018868,93.08,3333.45,45.69028301886792,1.6536792452830187,0.4719897348094155,1.6565648888347506,1.5994094488188977,0.9724409448818898,2.9783464566929134,0.4464617884996307
Haryana,2021,104134,443190,4.26,Rabi,20.208584905660377,28.582688679245283,13.399245283018868,93.08,3333.45,45.69028301886792,1.6536792452830187,0.4719897348094155,1.6565648888347506,1.5994094488188977,0.9724409448818898,2.9783464566929134,0.4464617884996307
Haryana,2021,25905,120380,4.65,Rabi,20.208584905660377,28.582688679245283,13.399245283018868,93.08,3333.45,45.69028301886792,1.6536792452830187,0.4719897348094155,1.6565648888347506,1.5994094488188977,0.9724409448818898,2.9783464566929134,0.4464617884996307
Haryana,2021,62170,264970,4.26,Rabi,20.208584905660377,28.582688679245283,13.399245283018868,93.08,3333.45,45.69028301886792,1.6536792452830187,0.4719897348094155,1.6565648888347506,1.5994094488188977,0.9724409448818898,2.9783464566929134,0.4464617884996307
Haryana,2021,94678,439400,4.64,Rabi,20.208584905660377,28.582688679245283,13.399245283018868,93.08,3333.45,45.69028301886792,1.6536792452830187,0.4719897348094155,1.6565648888347506,1.5994094488188977,0.9724409448818898,2.9783464566929134,0.4464617884996307
Haryana,2021,19266,72670,3.77,Rabi,20.208584905660377,28.582688679245283,13.399245283018868,93.08,3333.45,45.69028301886792,1.6536792452830187,0.4719897348094155,1.6565648888347506,1.5994094488188977,0.9724409448818898,2.9783464566929134,0.4464617884996307
Haryana,2021,83977,388980,4.63,Rabi,20.208584905660377,28.582688679245283,13.399245283018868,93.08,3333.45,45.69028301886792,1.6536792452830187,0.4719897348094155,1.6565648888347506,1.5994094488188977,0.9724409448818898,2.9783464566929134,0.4464617884996307
Haryana,2021,27921,127850,4.58,Rabi,20.208584905660377,28.582688679245283,13.399245283018868,93.08,3333.45,45.69028301886792,1.6536792452830187,0.4719897348094155,1.6565648888347506,1.5994094488188977,0.9724409448818898,2.9783464566929134,0.4464617884996307
Haryana,2021,100983,441600,4.37,Rabi,20.208584905660377,28.582688679245283,13.399245283018868,93.08,3333.45,45.69028301886792,1.6536792452830187,0.4719897348094155,1.6565648888347506,1.5994094488188977,0.9724409448818898,2.9783464566929134,0.4464617884996307
Haryana,2021,257738,1106470,4.29,Rabi,20.208584905660377,28.582688679245283,13.399245283018868,93.08,3333.45,45.69028301886792,1.6536792452830187,0.4719897348094155,1.6565648888347506,1.5994094488188977,0.9724409448818898,2.9783464566929134,0.4464617884996307
Haryana,2021,136834,645860,4.72,Rabi,20.208584905660377,28.582688679245283,13.399245283018868,93.08,3333.45,45.69028301886792,1.6536792452830187,0.4719897348094155,1.6565648888347506,1.5994094488188977,0.9724409448818898,2.9783464566929134,0.4464617884996307
Haryana,2022,88860,412220,4.64,Kharif,31.458360655737707,36.451967213114756,26.723114754098358,683.52,2320.48,62.52098360655738,2.129426229508197,0.5140536142342464,1.6565648888347506,1.5994094488188977,0.9724409448818898,2.9783464566929134,0.4464617884996307
Haryana,2022,90640,371410,4.1,Kharif,31.458360655737707,36.451967213114756,26.723114754098358,683.52,2320.48,62.52098360655738,2.129426229508197,0.5140536142342464,1.6565648888347506,1.5994094488188977,0.9724409448818898,2.9783464566929134,0.4464617884996307
Haryana,2022,37690,137940,3.66,Kharif,31.458360655737707,36.451967213114756,26.723114754098358,683.52,2320.48,62.52098360655738,2.129426229508197,0.5140536142342464,1.6565648888347506,1.5994094488188977,0.9724409448818898,2.9783464566929134,0.4464617884996307
Haryana,2022,28440,117700,4.14,Kharif,31.458360655737707,36.451967213114756,26.723114754098358,683.52,2320.48,62.52098360655738,2.129426229508197,0.5140536142342464,1.6565648888347506,1.5994094488188977,0.9724409448818898,2.9783464566929134,0.4464617884996307
Haryana,2022,182260,936570,5.14,Kharif,31.458360655737707,36.451967213114756,26.723114754098358,683.52,2320.48,62.52098360655738,2.129426229508197,0.5140536142342464,1.6565648888347506,1.5994094488188977,0.9724409448818898,2.9783464566929134,0.4464617884996307
Haryana,2022,33640,151340,4.5,Kharif,31.458360655737707,36.451967213114756,26.723114754098358,683.52,2320.48,62.52098360655738,2.129426229508197,0.5140536142342464,1.6565648888347506,1.5994094488188977,0.9724409448818898,2.9783464566929134,0.4464617884996307
Haryana,2022,208130,1038630,4.99,Kharif,31.458360655737707,36.451967213114756,26.723114754098358,683.52,2320.48,62.52098360655738,2.129426229508197,0.5140536142342464,1.6565648888347506,1.5994094488188977,0.9724409448818898,2.9783464566929134,0.4464617884996307
Haryana,2022,94710,412490,4.36,Kharif,31.458360655737707,36.451967213114756,26.723114754098358,683.52,2320.48,62.52098360655738,2.129426229508197,0.5140536142342464,1.6565648888347506,1.5994094488188977,0.9724409448818898,2.9783464566929134,0.4464617884996307
Haryana,2022,202120,984620,4.87,Kharif,31.458360655737707,36.451967213114756,26.723114754098358,683.52,2320.48,62.52098360655738,2.129426229508197,0.5140536142342464,1.6565648888347506,1.5994094488188977,0.9724409448818898,2.9783464566929134,0.4464617884996307
Haryana,2022,180060,847540,4.71,Kharif,31.458360655737707,36.451967213114756,26.723114754098358,683.52,2320.48,62.52098360655738,2.129426229508197,0.5140536142342464,1.6565648888347506,1.5994094488188977,0.9724409448818898,2.9783464566929134,0.4464617884996307
Haryana,2022,186280,1003050,5.38,Kharif,31.458360655737707,36.451967213114756,26.723114754098358,683.52,2320.48,62.52098360655738,2.129426229508197,0.5140536142342464,1.6565648888347506,1.5994094488188977,0.9724409448818898,2.9783464566929134,0.4464617884996307
Haryana,2022,105750,505730,4.78,Kharif,31.458360655737707,36.451967213114756,26.723114754098358,683.52,2320.48,62.52098360655738,2.129426229508197,0.5140536142342464,1.6565648888347506,1.5994094488188977,0.9724409448818898,2.9783464566929134,0.4464617884996307
Haryana,2022,30080,133200,4.43,Kharif,31.458360655737707,36.451967213114756,26.723114754098358,683.52,2320.48,62.52098360655738,2.129426229508197,0.5140536142342464,1.6565648888347506,1.5994094488188977,0.9724409448818898,2.9783464566929134,0.4464617884996307
Haryana,2022,68630,267460,3.9,Kharif,31.458360655737707,36.451967213114756,26.723114754098358,683.52,2320.48,62.52098360655738,2.129426229508197,0.5140536142342464,1.6565648888347506,1.5994094488188977,0.9724409448818898,2.9783464566929134,0.4464617884996307
Haryana,2022,97690,413960,4.24,Kharif,31.458360655737707,36.451967213114756,26.723114754098358,683.52,2320.48,62.52098360655738,2.129426229508197,0.5140536142342464,1.6565648888347506,1.5994094488188977,0.9724409448818898,2.9783464566929134,0.4464617884996307
Haryana,2022,19380,74260,3.83,Kharif,31.458360655737707,36.451967213114756,26.723114754098358,683.52,2320.48,62.52098360655738,2.129426229508197,0.5140536142342464,1.6565648888347506,1.5994094488188977,0.9724409448818898,2.9783464566929134,0.4464617884996307
Haryana,2022,83820,374960,4.47,Kharif,31.458360655737707,36.451967213114756,26.723114754098358,683.52,2320.48,62.52098360655738,2.129426229508197,0.5140536142342464,1.6565648888347506,1.5994094488188977,0.9724409448818898,2.9783464566929134,0.4464617884996307
Haryana,2022,33490,139090,4.15,Kharif,31.458360655737707,36.451967213114756,26.723114754098358,683.52,2320.48,62.52098360655738,2.129426229508197,0.5140536142342464,1.6565648888347506,1.5994094488188977,0.9724409448818898,2.9783464566929134,0.4464617884996307
Haryana,2022,103170,430240,4.17,Kharif,31.458360655737707,36.451967213114756,26.723114754098358,683.52,2320.48,62.52098360655738,2.129426229508197,0.5140536142342464,1.6565648888347506,1.5994094488188977,0.9724409448818898,2.9783464566929134,0.4464617884996307
Haryana,2022,269930,1204660,4.46,Kharif,31.458360655737707,36.451967213114756,26.723114754098358,683.52,2320.48,62.52098360655738,2.129426229508197,0.5140536142342464,1.6565648888347506,1.5994094488188977,0.9724409448818898,2.9783464566929134,0.4464617884996307
Haryana,2022,139000,629690,4.53,Kharif,31.458360655737707,36.451967213114756,26.723114754098358,683.52,2320.48,62.52098360655738,2.129426229508197,0.5140536142342464,1.6565648888347506,1.5994094488188977,0.9724409448818898,2.9783464566929134,0.4464617884996307
Haryana,2022,94499,426190,4.51,Kharif,31.458360655737707,36.451967213114756,26.723114754098358,683.52,2320.48,62.52098360655738,2.129426229508197,0.5140536142342464,1.6565648888347506,1.5994094488188977,0.9724409448818898,2.9783464566929134,0.4464617884996307
Haryana,2022,88860,412220,4.64,Rabi,20.42330188679245,28.794009433962263,13.76806603773585,150.37,3277.12,51.22825471698113,1.6718867924528302,0.47910373212140034,1.6565648888347506,1.5994094488188977,0.9724409448818898,2.9783464566929134,0.4464617884996307
Haryana,2022,90640,371410,4.1,Rabi,20.42330188679245,28.794009433962263,13.76806603773585,150.37,3277.12,51.22825471698113,1.6718867924528302,0.47910373212140034,1.6565648888347506,1.5994094488188977,0.9724409448818898,2.9783464566929134,0.4464617884996307
Haryana,2022,37690,137940,3.66,Rabi,20.42330188679245,28.794009433962263,13.76806603773585,150.37,3277.12,51.22825471698113,1.6718867924528302,0.47910373212140034,1.6565648888347506,1.5994094488188977,0.9724409448818898,2.9783464566929134,0.4464617884996307
Haryana,2022,28440,117700,4.14,Rabi,20.42330188679245,28.794009433962263,13.76806603773585,150.37,3277.12,51.22825471698113,1.6718867924528302,0.47910373212140034,1.6565648888347506,1.5994094488188977,0.9724409448818898,2.9783464566929134,0.4464617884996307
Haryana,2022,182260,936570,5.14,Rabi,20.42330188679245,28.794009433962263,13.76806603773585,150.37,3277.12,51.22825471698113,1.6718867924528302,0.47910373212140034,1.6565648888347506,1.5994094488188977,0.9724409448818898,2.9783464566929134,0.4464617884996307
Haryana,2022,33640,151340,4.5,Rabi,20.42330188679245,28.794009433962263,13.76806603773585,150.37,3277.12,51.22825471698113,1.6718867924528302,0.47910373212140034,1.6565648888347506,1.5994094488188977,0.9724409448818898,2.9783464566929134,0.4464617884996307
Haryana,2022,208130,1038630,4.99,Rabi,20.42330188679245,28.794009433962263,13.76806603773585,150.37,3277.12,51.22825471698113,1.6718867924528302,0.47910373212140034,1.6565648888347506,1.5994094488188977,0.9724409448818898,2.9783464566929134,0.4464617884996307
Haryana,2022,94710,412490,4.36,Rabi,20.42330188679245,28.794009433962263,13.76806603773585,150.37,3277.12,51.22825471698113,1.6718867924528302,0.47910373212140034,1.6565648888347506,1.5994094488188977,0.9724409448818898,2.9783464566929134,0.4464617884996307
Haryana,2022,202120,984620,4.87,Rabi,20.42330188679245,28.794009433962263,13.76806603773585,150.37,3277.12,51.22825471698113,1.6718867924528302,0.47910373212140034,1.6565648888347506,1.5994094488188977,0.9724409448818898,2.9783464566929134,0.4464617884996307
Haryana,2022,180060,847540,4.71,Rabi,20.42330188679245,28.794009433962263,13.76806603773585,150.37,3277.12,51.22825471698113,1.6718867924528302,0.47910373212140034,1.6565648888347506,1.5994094488188977,0.9724409448818898,2.9783464566929134,0.4464617884996307
Haryana,2022,186280,1003050,5.38,Rabi,20.42330188679245,28.794009433962263,13.76806603773585,150.37,3277.12,51.22825471698113,1.6718867924528302,0.47910373212140034,1.6565648888347506,1.5994094488188977,0.9724409448818898,2.9783464566929134,0.4464617884996307
Haryana,2022,105750,505730,4.78,Rabi,20.42330188679245,28.794009433962263,13.76806603773585,150.37,3277.12,51.22825471698113,1.6718867924528302,0.47910373212140034,1.6565648888347506,1.5994094488188977,0.9724409448818898,2.9783464566929134,0.4464617884996307
Haryana,2022,30080,133200,4.43,Rabi,20.42330188679245,28.794009433962263,13.76806603773585,150.37,3277.12,51.22825471698113,1.6718867924528302,0.47910373212140034,1.6565648888347506,1.5994094488188977,0.9724409448818898,2.9783464566929134,0.4464617884996307
Haryana,2022,68630,267460,3.9,Rabi,20.42330188679245,28.794009433962263,13.76806603773585,150.37,3277.12,51.22825471698113,1.6718867924528302,0.47910373212140034,1.6565648888347506,1.5994094488188977,0.9724409448818898,2.9783464566929134,0.4464617884996307
Haryana,2022,97690,413960,4.24,Rabi,20.42330188679245,28.794009433962263,13.76806603773585,150.37,3277.12,51.22825471698113,1.6718867924528302,0.47910373212140034,1.6565648888347506,1.5994094488188977,0.9724409448818898,2.9783464566929134,0.4464617884996307
Haryana,2022,19380,74260,3.83,Rabi,20.42330188679245,28.794009433962263,13.76806603773585,150.37,3277.12,51.22825471698113,1.6718867924528302,0.47910373212140034,1.6565648888347506,1.5994094488188977,0.9724409448818898,2.9783464566929134,0.4464617884996307
Haryana,2022,83820,374960,4.47,Rabi,20.42330188679245,28.794009433962263,13.76806603773585,150.37,3277.12,51.22825471698113,1.6718867924528302,0.47910373212140034,1.6565648888347506,1.5994094488188977,0.9724409448818898,2.9783464566929134,0.4464617884996307
Haryana,2022,33490,139090,4.15,Rabi,20.42330188679245,28.794009433962263,13.76806603773585,150.37,3277.12,51.22825471698113,1.6718867924528302,0.47910373212140034,1.6565648888347506,1.5994094488188977,0.9724409448818898,2.9783464566929134,0.4464617884996307
Haryana,2022,103170,430240,4.17,Rabi,20.42330188679245,28.794009433962263,13.76806603773585,150.37,3277.12,51.22825471698113,1.6718867924528302,0.47910373212140034,1.6565648888347506,1.5994094488188977,0.9724409448818898,2.9783464566929134,0.4464617884996307
Haryana,2022,269930,1204660,4.46,Rabi,20.42330188679245,28.794009433962263,13.76806603773585,150.37,3277.12,51.22825471698113,1.6718867924528302,0.47910373212140034,1.6565648888347506,1.5994094488188977,0.9724409448818898,2.9783464566929134,0.4464617884996307
Haryana,2022,139000,629690,4.53,Rabi,20.42330188679245,28.794009433962263,13.76806603773585,150.37,3277.12,51.22825471698113,1.6718867924528302,0.47910373212140034,1.6565648888347506,1.5994094488188977,0.9724409448818898,2.9783464566929134,0.4464617884996307
Haryana,2022,94499,426190,4.51,Rabi,20.42330188679245,28.794009433962263,13.76806603773585,150.37,3277.12,51.22825471698113,1.6718867924528302,0.47910373212140034,1.6565648888347506,1.5994094488188977,0.9724409448818898,2.9783464566929134,0.4464617884996307
Haryana,2023,92840,477490,5.14,Kharif,31.354426229508196,36.74262295081967,26.561639344262296,433.15,2376.7,64.04795081967214,2.1137704918032787,,1.6565648888347506,1.5994094488188977,0.9724409448818898,2.9783464566929134,0.4464617884996307
Haryana,2023,92840,477490,5.14,Rabi,20.446273584905658,29.0086320754717,13.787830188679246,156.33,3207.57,45.98528301886792,1.5843396226415094,,1.6565648888347506,1.5994094488188977,0.9724409448818898,2.9783464566929134,0.4464617884996307
Punjab,2011,190000,945000,4.97,Kharif,31.569180327868853,36.464999999999996,26.66762295081967,605.85,2268.47,61.42401639344262,1.6418032786885246,0.5645609505258775,2.240065060082642,2.183876811594203,1.1431159420289856,4.423913043478261,0.5966397479586178
Punjab,2011,115000,615000,5.35,Kharif,31.569180327868853,36.464999999999996,26.66762295081967,605.85,2268.47,61.42401639344262,1.6418032786885246,0.5645609505258775,2.240065060082642,2.183876811594203,1.1431159420289856,4.423913043478261,0.5966397479586178
Punjab,2011,252000,1260000,5.0,Kharif,31.569180327868853,36.464999999999996,26.66762295081967,605.85,2268.47,61.42401639344262,1.6418032786885246,0.5645609505258775,2.240065060082642,2.183876811594203,1.1431159420289856,4.423913043478261,0.5966397479586178
Punjab,2011,117000,616000,5.26,Kharif,31.569180327868853,36.464999999999996,26.66762295081967,605.85,2268.47,61.42401639344262,1.6418032786885246,0.5645609505258775,2.240065060082642,2.183876811594203,1.1431159420289856,4.423913043478261,0.5966397479586178
Punjab,2011,85000,449000,5.28,Kharif,31.569180327868853,36.464999999999996,26.66762295081967,605.85,2268.47,61.42401639344262,1.6418032786885246,0.5645609505258775,2.240065060082642,2.183876811594203,1.1431159420289856,4.423913043478261,0.5966397479586178
Punjab,2011,394000,1969000,5.0,Kharif,31.569180327868853,36.464999999999996,26.66762295081967,605.85,2268.47,61.42401639344262,1.6418032786885246,0.5645609505258775,2.240065060082642,2.183876811594203,1.1431159420289856,4.423913043478261,0.5966397479586178
Punjab,2011,231000,1098000,4.75,Kharif,31.569180327868853,36.464999999999996,26.66762295081967,605.85,2268.47,61.42401639344262,1.6418032786885246,0.5645609505258775,2.240065060082642,2.183876811594203,1.1431159420289856,4.423913043478261,0.5966397479586178
Punjab,2011,154000,694000,4.51,Kharif,31.569180327868853,36.464999999999996,26.66762295081967,605.85,2268.47,61.42401639344262,1.6418032786885246,0.5645609505258775,2.240065060082642,2.183876811594203,1.1431159420289856,4.423913043478261,0.5966397479586178
Punjab,2011,171000,866000,5.06,Kharif,31.569180327868853,36.464999999999996,26.66762295081967,605.85,2268.47,61.42401639344262,1.6418032786885246,0.5645609505258775,2.240065060082642,2.183876811594203,1.1431159420289856,4.423913043478261,0.5966397479586178
Punjab,2011,110000,542000,4.93,Kharif,31.569180327868853,36.464999999999996,26.66762295081967,605.85,2268.47,61.42401639344262,1.6418032786885246,0.5645609505258775,2.240065060082642,2.183876811594203,1.1431159420289856,4.423913043478261,0.5966397479586178
Punjab,2011,257000,1381000,5.37,Kharif,31.569180327868853,36.464999999999996,26.66762295081967,605.85,2268.47,61.42401639344262,1.6418032786885246,0.5645609505258775,2.240065060082642,2.183876811594203,1.1431159420289856,4.423913043478261,0.5966397479586178
Punjab,2011,170000,841000,4.95,Kharif,31.569180327868853,36.464999999999996,26.66762295081967,605.85,2268.47,61.42401639344262,1.6418032786885246,0.5645609505258775,2.240065060082642,2.183876811594203,1.1431159420289856,4.423913043478261,0.5966397479586178
Punjab,2011,176000,961000,5.46,Kharif,31.569180327868853,36.464999999999996,26.66762295081967,605.85,2268.47,61.42401639344262,1.6418032786885246,0.5645609505258775,2.240065060082642,2.183876811594203,1.1431159420289856,4.423913043478261,0.5966397479586178
Punjab,2011,206000,1036000,5.03,Kharif,31.569180327868853,36.464999999999996,26.66762295081967,605.85,2268.47,61.42401639344262,1.6418032786885246,0.5645609505258775,2.240065060082642,2.183876811594203,1.1431159420289856,4.423913043478261,0.5966397479586178
Punjab,2011,75000,387000,5.16,Kharif,31.569180327868853,36.464999999999996,26.66762295081967,605.85,2268.47,61.42401639344262,1.6418032786885246,0.5645609505258775,2.240065060082642,2.183876811594203,1.1431159420289856,4.423913043478261,0.5966397479586178
Punjab,2011,237000,1297000,5.47,Kharif,31.569180327868853,36.464999999999996,26.66762295081967,605.85,2268.47,61.42401639344262,1.6418032786885246,0.5645609505258775,2.240065060082642,2.183876811594203,1.1431159420289856,4.423913043478261,0.5966397479586178
Punjab,2011,64000,297000,4.64,Kharif,31.569180327868853,36.464999999999996,26.66762295081967,605.85,2268.47,61.42401639344262,1.6418032786885246,0.5645609505258775,2.240065060082642,2.183876811594203,1.1431159420289856,4.423913043478261,0.5966397479586178
Punjab,2011,52000,249000,4.79,Kharif,31.569180327868853,36.464999999999996,26.66762295081967,605.85,2268.47,61.42401639344262,1.6418032786885246,0.5645609505258775,2.240065060082642,2.183876811594203,1.1431159420289856,4.423913043478261,0.5966397479586178
Punjab,2011,287000,1577000,5.49,Kharif,31.569180327868853,36.464999999999996,26.66762295081967,605.85,2268.47,61.42401639344262,1.6418032786885246,0.5645609505258775,2.240065060082642,2.183876811594203,1.1431159420289856,4.423913043478261,0.5966397479586178
Punjab,2011,185000,902000,4.88,Kharif,31.569180327868853,36.464999999999996,26.66762295081967,605.85,2268.47,61.42401639344262,1.6418032786885246,0.5645609505258775,2.240065060082642,2.183876811594203,1.1431159420289856,4.423913043478261,0.5966397479586178
Punjab,2011,190000,945000,4.97,Rabi,19.648820754716983,27.900943396226417,13.16259433962264,63.62,3190.45,41.82693396226415,1.4108018867924528,0.5080307916861023,2.240065060082642,2.183876811594203,1.1431159420289856,4.423913043478261,0.5966397479586178
Punjab,2011,115000,615000,5.35,Rabi,19.648820754716983,27.900943396226417,13.16259433962264,63.62,3190.45,41.82693396226415,1.4108018867924528,0.5080307916861023,2.240065060082642,2.183876811594203,1.1431159420289856,4.423913043478261,0.5966397479586178
Punjab,2011,252000,1260000,5.0,Rabi,19.648820754716983,27.900943396226417,13.16259433962264,63.62,3190.45,41.82693396226415,1.4108018867924528,0.5080307916861023,2.240065060082642,2.183876811594203,1.1431159420289856,4.423913043478261,0.5966397479586178
Punjab,2011,117000,616000,5.26,Rabi,19.648820754716983,27.900943396226417,13.16259433962264,63.62,3190.45,41.82693396226415,1.4108018867924528,0.5080307916861023,2.240065060082642,2.183876811594203,1.1431159420289856,4.423913043478261,0.5966397479586178
Punjab,2011,85000,449000,5.28,Rabi,19.648820754716983,27.900943396226417,13.16259433962264,63.62,3190.45,41.82693396226415,1.4108018867924528,0.5080307916861023,2.240065060082642,2.183876811594203,1.1431159420289856,4.423913043478261,0.5966397479586178
Punjab,2011,394000,1969000,5.0,Rabi,19.648820754716983,27.900943396226417,13.16259433962264,63.62,3190.45,41.82693396226415,1.4108018867924528,0.5080307916861023,2.240065060082642,2.183876811594203,1.1431159420289856,4.423913043478261,0.5966397479586178
Punjab,2011,231000,1098000,4.75,Rabi,19.648820754716983,27.900943396226417,13.16259433962264,63.62,3190.45,41.82693396226415,1.4108018867924528,0.5080307916861023,2.240065060082642,2.183876811594203,1.1431159420289856,4.423913043478261,0.5966397479586178
Punjab,2011,154000,694000,4.51,Rabi,19.648820754716983,27.900943396226417,13.16259433962264,63.62,3190.45,41.82693396226415,1.4108018867924528,0.5080307916861023,2.240065060082642,2.183876811594203,1.1431159420289856,4.423913043478261,0.5966397479586178
Punjab,2011,171000,866000,5.06,Rabi,19.648820754716983,27.900943396226417,13.16259433962264,63.62,3190.45,41.82693396226415,1.4108018867924528,0.5080307916861023,2.240065060082642,2.183876811594203,1.1431159420289856,4.423913043478261,0.5966397479586178
Punjab,2011,110000,542000,4.93,Rabi,19.648820754716983,27.900943396226417,13.16259433962264,63.62,3190.45,41.82693396226415,1.4108018867924528,0.5080307916861023,2.240065060082642,2.183876811594203,1.1431159420289856,4.423913043478261,0.5966397479586178
Punjab,2011,257000,1381000,5.37,Rabi,19.648820754716983,27.900943396226417,13.16259433962264,63.62,3190.45,41.82693396226415,1.4108018867924528,0.5080307916861023,2.240065060082642,2.183876811594203,1.1431159420289856,4.423913043478261,0.5966397479586178
Punjab,2011,170000,841000,4.95,Rabi,19.648820754716983,27.900943396226417,13.16259433962264,63.62,3190.45,41.82693396226415,1.4108018867924528,0.5080307916861023,2.240065060082642,2.183876811594203,1.1431159420289856,4.423913043478261,0.5966397479586178
Punjab,2011,176000,961000,5.46,Rabi,19.648820754716983,27.900943396226417,13.16259433962264,63.62,3190.45,41.82693396226415,1.4108018867924528,0.5080307916861023,2.240065060082642,2.183876811594203,1.1431159420289856,4.423913043478261,0.5966397479586178
Punjab,2011,206000,1036000,5.03,Rabi,19.648820754716983,27.900943396226417,13.16259433962264,63.62,3190.45,41.82693396226415,1.4108018867924528,0.5080307916861023,2.240065060082642,2.183876811594203,1.1431159420289856,4.423913043478261,0.5966397479586178
Punjab,2011,75000,387000,5.16,Rabi,19.648820754716983,27.900943396226417,13.16259433962264,63.62,3190.45,41.82693396226415,1.4108018867924528,0.5080307916861023,2.240065060082642,2.183876811594203,1.1431159420289856,4.423913043478261,0.5966397479586178
Punjab,2011,237000,1297000,5.47,Rabi,19.648820754716983,27.900943396226417,13.16259433962264,63.62,3190.45,41.82693396226415,1.4108018867924528,0.5080307916861023,2.240065060082642,2.183876811594203,1.1431159420289856,4.423913043478261,0.5966397479586178
Punjab,2011,64000,297000,4.64,Rabi,19.648820754716983,27.900943396226417,13.16259433962264,63.62,3190.45,41.82693396226415,1.4108018867924528,0.5080307916861023,2.240065060082642,2.183876811594203,1.1431159420289856,4.423913043478261,0.5966397479586178
Punjab,2011,52000,249000,4.79,Rabi,19.648820754716983,27.900943396226417,13.16259433962264,63.62,3190.45,41.82693396226415,1.4108018867924528,0.5080307916861023,2.240065060082642,2.183876811594203,1.1431159420289856,4.423913043478261,0.5966397479586178
Punjab,2011,287000,1577000,5.49,Rabi,19.648820754716983,27.900943396226417,13.16259433962264,63.62,3190.45,41.82693396226415,1.4108018867924528,0.5080307916861023,2.240065060082642,2.183876811594203,1.1431159420289856,4.423913043478261,0.5966397479586178
Punjab,2011,185000,902000,4.88,Rabi,19.648820754716983,27.900943396226417,13.16259433962264,63.62,3190.45,41.82693396226415,1.4108018867924528,0.5080307916861023,2.240065060082642,2.183876811594203,1.1431159420289856,4.423913043478261,0.5966397479586178
Punjab,2012,190000,884000,4.65,Kharif,33.787622950819674,39.69647540983607,28.04040983606557,366.42,2443.52,45.64377049180328,1.9268032786885245,0.5369230181123466,2.240065060082642,2.183876811594203,1.1431159420289856,4.423913043478261,0.5966397479586178
Punjab,2012,114000,567000,4.97,Kharif,33.787622950819674,39.69647540983607,28.04040983606557,366.42,2443.52,45.64377049180328,1.9268032786885245,0.5369230181123466,2.240065060082642,2.183876811594203,1.1431159420289856,4.423913043478261,0.5966397479586178
Punjab,2012,254000,1216000,4.79,Kharif,33.787622950819674,39.69647540983607,28.04040983606557,366.42,2443.52,45.64377049180328,1.9268032786885245,0.5369230181123466,2.240065060082642,2.183876811594203,1.1431159420289856,4.423913043478261,0.5966397479586178
Punjab,2012,117000,553000,4.73,Kharif,33.787622950819674,39.69647540983607,28.04040983606557,366.42,2443.52,45.64377049180328,1.9268032786885245,0.5369230181123466,2.240065060082642,2.183876811594203,1.1431159420289856,4.423913043478261,0.5966397479586178
Punjab,2012,85000,440000,5.18,Kharif,33.787622950819674,39.69647540983607,28.04040983606557,366.42,2443.52,45.64377049180328,1.9268032786885245,0.5369230181123466,2.240065060082642,2.183876811594203,1.1431159420289856,4.423913043478261,0.5966397479586178
Punjab,2012,208000,972000,4.67,Kharif,33.787622950819674,39.69647540983607,28.04040983606557,366.42,2443.52,45.64377049180328,1.9268032786885245,0.5369230181123466,2.240065060082642,2.183876811594203,1.1431159420289856,4.423913043478261,0.5966397479586178
Punjab,2012,185000,911000,4.92,Kharif,33.787622950819674,39.69647540983607,28.04040983606557,366.42,2443.52,45.64377049180328,1.9268032786885245,0.5369230181123466,2.240065060082642,2.183876811594203,1.1431159420289856,4.423913043478261,0.5966397479586178
Punjab,2012,184000,825000,4.48,Kharif,33.787622950819674,39.69647540983607,28.04040983606557,366.42,2443.52,45.64377049180328,1.9268032786885245,0.5369230181123466,2.240065060082642,2.183876811594203,1.1431159420289856,4.423913043478261,0.5966397479586178
Punjab,2012,149000,629000,4.22,Kharif,33.787622950819674,39.69647540983607,28.04040983606557,366.42,2443.52,45.64377049180328,1.9268032786885245,0.5369230181123466,2.240065060082642,2.183876811594203,1.1431159420289856,4.423913043478261,0.5966397479586178
Punjab,2012,169000,773000,4.57,Kharif,33.787622950819674,39.69647540983607,28.04040983606557,366.42,2443.52,45.64377049180328,1.9268032786885245,0.5369230181123466,2.240065060082642,2.183876811594203,1.1431159420289856,4.423913043478261,0.5966397479586178
Punjab,2012,110000,510000,4.64,Kharif,33.787622950819674,39.69647540983607,28.04040983606557,366.42,2443.52,45.64377049180328,1.9268032786885245,0.5369230181123466,2.240065060082642,2.183876811594203,1.1431159420289856,4.423913043478261,0.5966397479586178
Punjab,2012,256000,1242000,4.85,Kharif,33.787622950819674,39.69647540983607,28.04040983606557,366.42,2443.52,45.64377049180328,1.9268032786885245,0.5369230181123466,2.240065060082642,2.183876811594203,1.1431159420289856,4.423913043478261,0.5966397479586178
Punjab,2012,171000,759000,4.44,Kharif,33.787622950819674,39.69647540983607,28.04040983606557,366.42,2443.52,45.64377049180328,1.9268032786885245,0.5369230181123466,2.240065060082642,2.183876811594203,1.1431159420289856,4.423913043478261,0.5966397479586178
Punjab,2012,176000,871000,4.95,Kharif,33.787622950819674,39.69647540983607,28.04040983606557,366.42,2443.52,45.64377049180328,1.9268032786885245,0.5369230181123466,2.240065060082642,2.183876811594203,1.1431159420289856,4.423913043478261,0.5966397479586178
Punjab,2012,209000,996000,4.77,Kharif,33.787622950819674,39.69647540983607,28.04040983606557,366.42,2443.52,45.64377049180328,1.9268032786885245,0.5369230181123466,2.240065060082642,2.183876811594203,1.1431159420289856,4.423913043478261,0.5966397479586178
Punjab,2012,80000,382000,4.78,Kharif,33.787622950819674,39.69647540983607,28.04040983606557,366.42,2443.52,45.64377049180328,1.9268032786885245,0.5369230181123466,2.240065060082642,2.183876811594203,1.1431159420289856,4.423913043478261,0.5966397479586178
Punjab,2012,42000,173000,4.12,Kharif,33.787622950819674,39.69647540983607,28.04040983606557,366.42,2443.52,45.64377049180328,1.9268032786885245,0.5369230181123466,2.240065060082642,2.183876811594203,1.1431159420289856,4.423913043478261,0.5966397479586178
Punjab,2012,234000,1123000,4.8,Kharif,33.787622950819674,39.69647540983607,28.04040983606557,366.42,2443.52,45.64377049180328,1.9268032786885245,0.5369230181123466,2.240065060082642,2.183876811594203,1.1431159420289856,4.423913043478261,0.5966397479586178
Punjab,2012,63000,284000,4.51,Kharif,33.787622950819674,39.69647540983607,28.04040983606557,366.42,2443.52,45.64377049180328,1.9268032786885245,0.5369230181123466,2.240065060082642,2.183876811594203,1.1431159420289856,4.423913043478261,0.5966397479586178
Punjab,2012,54000,233000,4.31,Kharif,33.787622950819674,39.69647540983607,28.04040983606557,366.42,2443.52,45.64377049180328,1.9268032786885245,0.5369230181123466,2.240065060082642,2.183876811594203,1.1431159420289856,4.423913043478261,0.5966397479586178
Punjab,2012,285000,1473000,5.17,Kharif,33.787622950819674,39.69647540983607,28.04040983606557,366.42,2443.52,45.64377049180328,1.9268032786885245,0.5369230181123466,2.240065060082642,2.183876811594203,1.1431159420289856,4.423913043478261,0.5966397479586178
Punjab,2012,182000,798000,4.38,Kharif,33.787622950819674,39.69647540983607,28.04040983606557,366.42,2443.52,45.64377049180328,1.9268032786885245,0.5369230181123466,2.240065060082642,2.183876811594203,1.1431159420289856,4.423913043478261,0.5966397479586178
Punjab,2012,190000,884000,4.65,Rabi,18.839342723004695,27.57868544600939,12.329154929577465,93.78,3229.11,39.93990610328639,1.6129107981220658,0.49692869284655333,2.240065060082642,2.183876811594203,1.1431159420289856,4.423913043478261,0.5966397479586178
Punjab,2012,114000,567000,4.97,Rabi,18.839342723004695,27.57868544600939,12.329154929577465,93.78,3229.11,39.93990610328639,1.6129107981220658,0.49692869284655333,2.240065060082642,2.183876811594203,1.1431159420289856,4.423913043478261,0.5966397479586178
Punjab,2012,254000,1216000,4.79,Rabi,18.839342723004695,27.57868544600939,12.329154929577465,93.78,3229.11,39.93990610328639,1.6129107981220658,0.49692869284655333,2.240065060082642,2.183876811594203,1.1431159420289856,4.423913043478261,0.5966397479586178
Punjab,2012,117000,553000,4.73,Rabi,18.839342723004695,27.57868544600939,12.329154929577465,93.78,3229.11,39.93990610328639,1.6129107981220658,0.49692869284655333,2.240065060082642,2.183876811594203,1.1431159420289856,4.423913043478261,0.5966397479586178
Punjab,2012,85000,440000,5.18,Rabi,18.839342723004695,27.57868544600939,12.329154929577465,93.78,3229.11,39.93990610328639,1.6129107981220658,0.49692869284655333,2.240065060082642,2.183876811594203,1.1431159420289856,4.423913043478261,0.5966397479586178
Punjab,2012,208000,972000,4.67,Rabi,18.839342723004695,27.57868544600939,12.329154929577465,93.78,3229.11,39.93990610328639,1.6129107981220658,0.49692869284655333,2.240065060082642,2.183876811594203,1.1431159420289856,4.423913043478261,0.5966397479586178
Punjab,2012,185000,911000,4.92,Rabi,18.839342723004695,27.57868544600939,12.329154929577465,93.78,3229.11,39.93990610328639,1.6129107981220658,0.49692869284655333,2.240065060082642,2.183876811594203,1.1431159420289856,4.423913043478261,0.5966397479586178
Punjab,2012,184000,825000,4.48,Rabi,18.839342723004695,27.57868544600939,12.329154929577465,93.78,3229.11,39.93990610328639,1.6129107981220658,0.49692869284655333,2.240065060082642,2.183876811594203,1.1431159420289856,4.423913043478261,0.5966397479586178
Punjab,2012,149000,629000,4.22,Rabi,18.839342723004695,27.57868544600939,12.329154929577465,93.78,3229.11,39.93990610328639,1.6129107981220658,0.49692869284655333,2.240065060082642,2.183876811594203,1.1431159420289856,4.423913043478261,0.5966397479586178
Punjab,2012,169000,773000,4.57,Rabi,18.839342723004695,27.57868544600939,12.329154929577465,93.78,3229.11,39.93990610328639,1.6129107981220658,0.49692869284655333,2.240065060082642,2.183876811594203,1.1431159420289856,4.423913043478261,0.5966397479586178
Punjab,2012,110000,510000,4.64,Rabi,18.839342723004695,27.57868544600939,12.329154929577465,93.78,3229.11,39.93990610328639,1.6129107981220658,0.49692869284655333,2.240065060082642,2.183876811594203,1.1431159420289856,4.423913043478261,0.5966397479586178
Punjab,2012,256000,1242000,4.85,Rabi,18.839342723004695,27.57868544600939,12.329154929577465,93.78,3229.11,39.93990610328639,1.6129107981220658,0.49692869284655333,2.240065060082642,2.183876811594203,1.1431159420289856,4.423913043478261,0.5966397479586178
Punjab,2012,171000,759000,4.44,Rabi,18.839342723004695,27.57868544600939,12.329154929577465,93.78,3229.11,39.93990610328639,1.6129107981220658,0.49692869284655333,2.240065060082642,2.183876811594203,1.1431159420289856,4.423913043478261,0.5966397479586178
Punjab,2012,176000,871000,4.95,Rabi,18.839342723004695,27.57868544600939,12.329154929577465,93.78,3229.11,39.93990610328639,1.6129107981220658,0.49692869284655333,2.240065060082642,2.183876811594203,1.1431159420289856,4.423913043478261,0.5966397479586178
Punjab,2012,209000,996000,4.77,Rabi,18.839342723004695,27.57868544600939,12.329154929577465,93.78,3229.11,39.93990610328639,1.6129107981220658,0.49692869284655333,2.240065060082642,2.183876811594203,1.1431159420289856,4.423913043478261,0.5966397479586178
Punjab,2012,80000,382000,4.78,Rabi,18.839342723004695,27.57868544600939,12.329154929577465,93.78,3229.11,39.93990610328639,1.6129107981220658,0.49692869284655333,2.240065060082642,2.183876811594203,1.1431159420289856,4.423913043478261,0.5966397479586178
Punjab,2012,42000,173000,4.12,Rabi,18.839342723004695,27.57868544600939,12.329154929577465,93.78,3229.11,39.93990610328639,1.6129107981220658,0.49692869284655333,2.240065060082642,2.183876811594203,1.1431159420289856,4.423913043478261,0.5966397479586178
Punjab,2012,234000,1123000,4.8,Rabi,18.839342723004695,27.57868544600939,12.329154929577465,93.78,3229.11,39.93990610328639,1.6129107981220658,0.49692869284655333,2.240065060082642,2.183876811594203,1.1431159420289856,4.423913043478261,0.5966397479586178
Punjab,2012,63000,284000,4.51,Rabi,18.839342723004695,27.57868544600939,12.329154929577465,93.78,3229.11,39.93990610328639,1.6129107981220658,0.49692869284655333,2.240065060082642,2.183876811594203,1.1431159420289856,4.423913043478261,0.5966397479586178
Punjab,2012,54000,233000,4.31,Rabi,18.839342723004695,27.57868544600939,12.329154929577465,93.78,3229.11,39.93990610328639,1.6129107981220658,0.49692869284655333,2.240065060082642,2.183876811594203,1.1431159420289856,4.423913043478261,0.5966397479586178
Punjab,2012,285000,1473000,5.17,Rabi,18.839342723004695,27.57868544600939,12.329154929577465,93.78,3229.11,39.93990610328639,1.6129107981220658,0.49692869284655333,2.240065060082642,2.183876811594203,1.1431159420289856,4.423913043478261,0.5966397479586178
Punjab,2012,182000,798000,4.38,Rabi,18.839342723004695,27.57868544600939,12.329154929577465,93.78,3229.11,39.93990610328639,1.6129107981220658,0.49692869284655333,2.240065060082642,2.183876811594203,1.1431159420289856,4.423913043478261,0.5966397479586178
Punjab,2013,188000,934000,4.97,Kharif,31.862540983606557,37.12319672131147,26.646639344262294,619.3299999999999,2303.98,58.41688524590164,1.59672131147541,0.5633723151169128,2.240065060082642,2.183876811594203,1.1431159420289856,4.423913043478261,0.5966397479586178
Punjab,2013,114000,596000,5.23,Kharif,31.862540983606557,37.12319672131147,26.646639344262294,619.3299999999999,2303.98,58.41688524590164,1.59672131147541,0.5633723151169128,2.240065060082642,2.183876811594203,1.1431159420289856,4.423913043478261,0.5966397479586178
Punjab,2013,254000,1259000,4.96,Kharif,31.862540983606557,37.12319672131147,26.646639344262294,619.3299999999999,2303.98,58.41688524590164,1.59672131147541,0.5633723151169128,2.240065060082642,2.183876811594203,1.1431159420289856,4.423913043478261,0.5966397479586178
Punjab,2013,116000,601000,5.18,Kharif,31.862540983606557,37.12319672131147,26.646639344262294,619.3299999999999,2303.98,58.41688524590164,1.59672131147541,0.5633723151169128,2.240065060082642,2.183876811594203,1.1431159420289856,4.423913043478261,0.5966397479586178
Punjab,2013,84000,427000,5.08,Kharif,31.862540983606557,37.12319672131147,26.646639344262294,619.3299999999999,2303.98,58.41688524590164,1.59672131147541,0.5633723151169128,2.240065060082642,2.183876811594203,1.1431159420289856,4.423913043478261,0.5966397479586178
Punjab,2013,211000,1039000,4.92,Kharif,31.862540983606557,37.12319672131147,26.646639344262294,619.3299999999999,2303.98,58.41688524590164,1.59672131147541,0.5633723151169128,2.240065060082642,2.183876811594203,1.1431159420289856,4.423913043478261,0.5966397479586178
Punjab,2013,189000,1001000,5.3,Kharif,31.862540983606557,37.12319672131147,26.646639344262294,619.3299999999999,2303.98,58.41688524590164,1.59672131147541,0.5633723151169128,2.240065060082642,2.183876811594203,1.1431159420289856,4.423913043478261,0.5966397479586178
Punjab,2013,184000,822000,4.47,Kharif,31.862540983606557,37.12319672131147,26.646639344262294,619.3299999999999,2303.98,58.41688524590164,1.59672131147541,0.5633723151169128,2.240065060082642,2.183876811594203,1.1431159420289856,4.423913043478261,0.5966397479586178
Punjab,2013,148000,671000,4.53,Kharif,31.862540983606557,37.12319672131147,26.646639344262294,619.3299999999999,2303.98,58.41688524590164,1.59672131147541,0.5633723151169128,2.240065060082642,2.183876811594203,1.1431159420289856,4.423913043478261,0.5966397479586178
Punjab,2013,169000,837000,4.95,Kharif,31.862540983606557,37.12319672131147,26.646639344262294,619.3299999999999,2303.98,58.41688524590164,1.59672131147541,0.5633723151169128,2.240065060082642,2.183876811594203,1.1431159420289856,4.423913043478261,0.5966397479586178
Punjab,2013,111000,548000,4.94,Kharif,31.862540983606557,37.12319672131147,26.646639344262294,619.3299999999999,2303.98,58.41688524590164,1.59672131147541,0.5633723151169128,2.240065060082642,2.183876811594203,1.1431159420289856,4.423913043478261,0.5966397479586178
Punjab,2013,254000,1327000,5.22,Kharif,31.862540983606557,37.12319672131147,26.646639344262294,619.3299999999999,2303.98,58.41688524590164,1.59672131147541,0.5633723151169128,2.240065060082642,2.183876811594203,1.1431159420289856,4.423913043478261,0.5966397479586178
Punjab,2013,170000,854000,5.02,Kharif,31.862540983606557,37.12319672131147,26.646639344262294,619.3299999999999,2303.98,58.41688524590164,1.59672131147541,0.5633723151169128,2.240065060082642,2.183876811594203,1.1431159420289856,4.423913043478261,0.5966397479586178
Punjab,2013,176000,922000,5.24,Kharif,31.862540983606557,37.12319672131147,26.646639344262294,619.3299999999999,2303.98,58.41688524590164,1.59672131147541,0.5633723151169128,2.240065060082642,2.183876811594203,1.1431159420289856,4.423913043478261,0.5966397479586178
Punjab,2013,209000,1058000,5.06,Kharif,31.862540983606557,37.12319672131147,26.646639344262294,619.3299999999999,2303.98,58.41688524590164,1.59672131147541,0.5633723151169128,2.240065060082642,2.183876811594203,1.1431159420289856,4.423913043478261,0.5966397479586178
Punjab,2013,75000,371000,4.95,Kharif,31.862540983606557,37.12319672131147,26.646639344262294,619.3299999999999,2303.98,58.41688524590164,1.59672131147541,0.5633723151169128,2.240065060082642,2.183876811594203,1.1431159420289856,4.423913043478261,0.5966397479586178
Punjab,2013,42000,167000,3.98,Kharif,31.862540983606557,37.12319672131147,26.646639344262294,619.3299999999999,2303.98,58.41688524590164,1.59672131147541,0.5633723151169128,2.240065060082642,2.183876811594203,1.1431159420289856,4.423913043478261,0.5966397479586178
Punjab,2013,232000,1153000,4.97,Kharif,31.862540983606557,37.12319672131147,26.646639344262294,619.3299999999999,2303.98,58.41688524590164,1.59672131147541,0.5633723151169128,2.240065060082642,2.183876811594203,1.1431159420289856,4.423913043478261,0.5966397479586178
Punjab,2013,67000,307000,4.58,Kharif,31.862540983606557,37.12319672131147,26.646639344262294,619.3299999999999,2303.98,58.41688524590164,1.59672131147541,0.5633723151169128,2.240065060082642,2.183876811594203,1.1431159420289856,4.423913043478261,0.5966397479586178
Punjab,2013,51000,228000,4.47,Kharif,31.862540983606557,37.12319672131147,26.646639344262294,619.3299999999999,2303.98,58.41688524590164,1.59672131147541,0.5633723151169128,2.240065060082642,2.183876811594203,1.1431159420289856,4.423913043478261,0.5966397479586178
Punjab,2013,285000,1567000,5.5,Kharif,31.862540983606557,37.12319672131147,26.646639344262294,619.3299999999999,2303.98,58.41688524590164,1.59672131147541,0.5633723151169128,2.240065060082642,2.183876811594203,1.1431159420289856,4.423913043478261,0.5966397479586178
Punjab,2013,183000,931000,5.09,Kharif,31.862540983606557,37.12319672131147,26.646639344262294,619.3299999999999,2303.98,58.41688524590164,1.59672131147541,0.5633723151169128,2.240065060082642,2.183876811594203,1.1431159420289856,4.423913043478261,0.5966397479586178
Punjab,2013,188000,934000,4.97,Rabi,19.345943396226417,27.804481132075473,12.923915094339621,158.25,3097.45,45.22561320754717,1.5999999999999999,0.5226444188602768,2.240065060082642,2.183876811594203,1.1431159420289856,4.423913043478261,0.5966397479586178
Punjab,2013,114000,596000,5.23,Rabi,19.345943396226417,27.804481132075473,12.923915094339621,158.25,3097.45,45.22561320754717,1.5999999999999999,0.5226444188602768,2.240065060082642,2.183876811594203,1.1431159420289856,4.423913043478261,0.5966397479586178
Punjab,2013,254000,1259000,4.96,Rabi,19.345943396226417,27.804481132075473,12.923915094339621,158.25,3097.45,45.22561320754717,1.5999999999999999,0.5226444188602768,2.240065060082642,2.183876811594203,1.1431159420289856,4.423913043478261,0.5966397479586178
Punjab,2013,116000,601000,5.18,Rabi,19.345943396226417,27.804481132075473,12.923915094339621,158.25,3097.45,45.22561320754717,1.5999999999999999,0.5226444188602768,2.240065060082642,2.183876811594203,1.1431159420289856,4.423913043478261,0.5966397479586178
Punjab,2013,84000,427000,5.08,Rabi,19.345943396226417,27.804481132075473,12.923915094339621,158.25,3097.45,45.22561320754717,1.5999999999999999,0.5226444188602768,2.240065060082642,2.183876811594203,1.1431159420289856,4.423913043478261,0.5966397479586178
Punjab,2013,211000,1039000,4.92,Rabi,19.345943396226417,27.804481132075473,12.923915094339621,158.25,3097.45,45.22561320754717,1.5999999999999999,0.5226444188602768,2.240065060082642,2.183876811594203,1.1431159420289856,4.423913043478261,0.5966397479586178
Punjab,2013,189000,1001000,5.3,Rabi,19.345943396226417,27.804481132075473,12.923915094339621,158.25,3097.45,45.22561320754717,1.5999999999999999,0.5226444188602768,2.240065060082642,2.183876811594203,1.1431159420289856,4.423913043478261,0.5966397479586178
Punjab,2013,184000,822000,4.47,Rabi,19.345943396226417,27.804481132075473,12.923915094339621,158.25,3097.45,45.22561320754717,1.5999999999999999,0.5226444188602768,2.240065060082642,2.183876811594203,1.1431159420289856,4.423913043478261,0.5966397479586178
Punjab,2013,148000,671000,4.53,Rabi,19.345943396226417,27.804481132075473,12.923915094339621,158.25,3097.45,45.22561320754717,1.5999999999999999,0.5226444188602768,2.240065060082642,2.183876811594203,1.1431159420289856,4.423913043478261,0.5966397479586178
Punjab,2013,169000,837000,4.95,Rabi,19.345943396226417,27.804481132075473,12.923915094339621,158.25,3097.45,45.22561320754717,1.5999999999999999,0.5226444188602768,2.240065060082642,2.183876811594203,1.1431159420289856,4.423913043478261,0.5966397479586178
Punjab,2013,111000,548000,4.94,Rabi,19.345943396226417,27.804481132075473,12.923915094339621,158.25,3097.45,45.22561320754717,1.5999999999999999,0.5226444188602768,2.240065060082642,2.183876811594203,1.1431159420289856,4.423913043478261,0.5966397479586178
Punjab,2013,254000,1327000,5.22,Rabi,19.345943396226417,27.804481132075473,12.923915094339621,158.25,3097.45,45.22561320754717,1.5999999999999999,0.5226444188602768,2.240065060082642,2.183876811594203,1.1431159420289856,4.423913043478261,0.5966397479586178
Punjab,2013,170000,854000,5.02,Rabi,19.345943396226417,27.804481132075473,12.923915094339621,158.25,3097.45,45.22561320754717,1.5999999999999999,0.5226444188602768,2.240065060082642,2.183876811594203,1.1431159420289856,4.423913043478261,0.5966397479586178
Punjab,2013,176000,922000,5.24,Rabi,19.345943396226417,27.804481132075473,12.923915094339621,158.25,3097.45,45.22561320754717,1.5999999999999999,0.5226444188602768,2.240065060082642,2.183876811594203,1.1431159420289856,4.423913043478261,0.5966397479586178
Punjab,2013,209000,1058000,5.06,Rabi,19.345943396226417,27.804481132075473,12.923915094339621,158.25,3097.45,45.22561320754717,1.5999999999999999,0.5226444188602768,2.240065060082642,2.183876811594203,1.1431159420289856,4.423913043478261,0.5966397479586178
Punjab,2013,75000,371000,4.95,Rabi,19.345943396226417,27.804481132075473,12.923915094339621,158.25,3097.45,45.22561320754717,1.5999999999999999,0.5226444188602768,2.240065060082642,2.183876811594203,1.1431159420289856,4.423913043478261,0.5966397479586178
Punjab,2013,42000,167000,3.98,Rabi,19.345943396226417,27.804481132075473,12.923915094339621,158.25,3097.45,45.22561320754717,1.5999999999999999,0.5226444188602768,2.240065060082642,2.183876811594203,1.1431159420289856,4.423913043478261,0.5966397479586178
Punjab,2013,232000,1153000,4.97,Rabi,19.345943396226417,27.804481132075473,12.923915094339621,158.25,3097.45,45.22561320754717,1.5999999999999999,0.5226444188602768,2.240065060082642,2.183876811594203,1.1431159420289856,4.423913043478261,0.5966397479586178
Punjab,2013,67000,307000,4.58,Rabi,19.345943396226417,27.804481132075473,12.923915094339621,158.25,3097.45,45.22561320754717,1.5999999999999999,0.5226444188602768,2.240065060082642,2.183876811594203,1.1431159420289856,4.423913043478261,0.5966397479586178
Punjab,2013,51000,228000,4.47,Rabi,19.345943396226417,27.804481132075473,12.923915094339621,158.25,3097.45,45.22561320754717,1.5999999999999999,0.5226444188602768,2.240065060082642,2.183876811594203,1.1431159420289856,4.423913043478261,0.5966397479586178
Punjab,2013,285000,1567000,5.5,Rabi,19.345943396226417,27.804481132075473,12.923915094339621,158.25,3097.45,45.22561320754717,1.5999999999999999,0.5226444188602768,2.240065060082642,2.183876811594203,1.1431159420289856,4.423913043478261,0.5966397479586178
Punjab,2013,183000,931000,5.09,Rabi,19.345943396226417,27.804481132075473,12.923915094339621,158.25,3097.45,45.22561320754717,1.5999999999999999,0.5226444188602768,2.240065060082642,2.183876811594203,1.1431159420289856,4.423913043478261,0.5966397479586178
Punjab,2014,188000,736000,3.91,Kharif,33.54860655737705,39.26098360655738,27.771475409836064,481.46999999999997,2481.94,46.02418032786885,1.8195081967213114,0.5443471517118271,2.240065060082642,2.183876811594203,1.1431159420289856,4.423913043478261,0.5966397479586178
Punjab,2014,114000,527000,4.62,Kharif,33.54860655737705,39.26098360655738,27.771475409836064,481.46999999999997,2481.94,46.02418032786885,1.8195081967213114,0.5443471517118271,2.240065060082642,2.183876811594203,1.1431159420289856,4.423913043478261,0.5966397479586178
Punjab,2014,254000,1218000,4.8,Kharif,33.54860655737705,39.26098360655738,27.771475409836064,481.46999999999997,2481.94,46.02418032786885,1.8195081967213114,0.5443471517118271,2.240065060082642,2.183876811594203,1.1431159420289856,4.423913043478261,0.5966397479586178
Punjab,2014,116000,558000,4.81,Kharif,33.54860655737705,39.26098360655738,27.771475409836064,481.46999999999997,2481.94,46.02418032786885,1.8195081967213114,0.5443471517118271,2.240065060082642,2.183876811594203,1.1431159420289856,4.423913043478261,0.5966397479586178
Punjab,2014,84000,340000,4.05,Kharif,33.54860655737705,39.26098360655738,27.771475409836064,481.46999999999997,2481.94,46.02418032786885,1.8195081967213114,0.5443471517118271,2.240065060082642,2.183876811594203,1.1431159420289856,4.423913043478261,0.5966397479586178
Punjab,2014,206000,913000,4.43,Kharif,33.54860655737705,39.26098360655738,27.771475409836064,481.46999999999997,2481.94,46.02418032786885,1.8195081967213114,0.5443471517118271,2.240065060082642,2.183876811594203,1.1431159420289856,4.423913043478261,0.5966397479586178
Punjab,2014,188000,877000,4.66,Kharif,33.54860655737705,39.26098360655738,27.771475409836064,481.46999999999997,2481.94,46.02418032786885,1.8195081967213114,0.5443471517118271,2.240065060082642,2.183876811594203,1.1431159420289856,4.423913043478261,0.5966397479586178
Punjab,2014,187000,627000,3.35,Kharif,33.54860655737705,39.26098360655738,27.771475409836064,481.46999999999997,2481.94,46.02418032786885,1.8195081967213114,0.5443471517118271,2.240065060082642,2.183876811594203,1.1431159420289856,4.423913043478261,0.5966397479586178
Punjab,2014,150000,540000,3.6,Kharif,33.54860655737705,39.26098360655738,27.771475409836064,481.46999999999997,2481.94,46.02418032786885,1.8195081967213114,0.5443471517118271,2.240065060082642,2.183876811594203,1.1431159420289856,4.423913043478261,0.5966397479586178
Punjab,2014,167000,685000,4.1,Kharif,33.54860655737705,39.26098360655738,27.771475409836064,481.46999999999997,2481.94,46.02418032786885,1.8195081967213114,0.5443471517118271,2.240065060082642,2.183876811594203,1.1431159420289856,4.423913043478261,0.5966397479586178
Punjab,2014,110000,429000,3.9,Kharif,33.54860655737705,39.26098360655738,27.771475409836064,481.46999999999997,2481.94,46.02418032786885,1.8195081967213114,0.5443471517118271,2.240065060082642,2.183876811594203,1.1431159420289856,4.423913043478261,0.5966397479586178
Punjab,2014,253000,1129000,4.46,Kharif,33.54860655737705,39.26098360655738,27.771475409836064,481.46999999999997,2481.94,46.02418032786885,1.8195081967213114,0.5443471517118271,2.240065060082642,2.183876811594203,1.1431159420289856,4.423913043478261,0.5966397479586178
Punjab,2014,166000,742000,4.47,Kharif,33.54860655737705,39.26098360655738,27.771475409836064,481.46999999999997,2481.94,46.02418032786885,1.8195081967213114,0.5443471517118271,2.240065060082642,2.183876811594203,1.1431159420289856,4.423913043478261,0.5966397479586178
Punjab,2014,175000,794000,4.54,Kharif,33.54860655737705,39.26098360655738,27.771475409836064,481.46999999999997,2481.94,46.02418032786885,1.8195081967213114,0.5443471517118271,2.240065060082642,2.183876811594203,1.1431159420289856,4.423913043478261,0.5966397479586178
Punjab,2014,208000,907000,4.36,Kharif,33.54860655737705,39.26098360655738,27.771475409836064,481.46999999999997,2481.94,46.02418032786885,1.8195081967213114,0.5443471517118271,2.240065060082642,2.183876811594203,1.1431159420289856,4.423913043478261,0.5966397479586178
Punjab,2014,76000,282000,3.71,Kharif,33.54860655737705,39.26098360655738,27.771475409836064,481.46999999999997,2481.94,46.02418032786885,1.8195081967213114,0.5443471517118271,2.240065060082642,2.183876811594203,1.1431159420289856,4.423913043478261,0.5966397479586178
Punjab,2014,42000,115000,2.74,Kharif,33.54860655737705,39.26098360655738,27.771475409836064,481.46999999999997,2481.94,46.02418032786885,1.8195081967213114,0.5443471517118271,2.240065060082642,2.183876811594203,1.1431159420289856,4.423913043478261,0.5966397479586178
Punjab,2014,233000,1024000,4.39,Kharif,33.54860655737705,39.26098360655738,27.771475409836064,481.46999999999997,2481.94,46.02418032786885,1.8195081967213114,0.5443471517118271,2.240065060082642,2.183876811594203,1.1431159420289856,4.423913043478261,0.5966397479586178
Punjab,2014,66000,266000,4.03,Kharif,33.54860655737705,39.26098360655738,27.771475409836064,481.46999999999997,2481.94,46.02418032786885,1.8195081967213114,0.5443471517118271,2.240065060082642,2.183876811594203,1.1431159420289856,4.423913043478261,0.5966397479586178
Punjab,2014,50000,198000,3.96,Kharif,33.54860655737705,39.26098360655738,27.771475409836064,481.46999999999997,2481.94,46.02418032786885,1.8195081967213114,0.5443471517118271,2.240065060082642,2.183876811594203,1.1431159420289856,4.423913043478261,0.5966397479586178
Punjab,2014,284000,1366000,4.81,Kharif,33.54860655737705,39.26098360655738,27.771475409836064,481.46999999999997,2481.94,46.02418032786885,1.8195081967213114,0.5443471517118271,2.240065060082642,2.183876811594203,1.1431159420289856,4.423913043478261,0.5966397479586178
Punjab,2014,188000,777000,4.13,Kharif,33.54860655737705,39.26098360655738,27.771475409836064,481.46999999999997,2481.94,46.02418032786885,1.8195081967213114,0.5443471517118271,2.240065060082642,2.183876811594203,1.1431159420289856,4.423913043478261,0.5966397479586178
Punjab,2014,188000,736000,3.91,Rabi,18.60816037735849,27.092877358490565,12.237122641509433,156.04,3080.97,45.703018867924534,1.5725,0.5163880402348814,2.240065060082642,2.183876811594203,1.1431159420289856,4.423913043478261,0.5966397479586178
Punjab,2014,114000,527000,4.62,Rabi,18.60816037735849,27.092877358490565,12.237122641509433,156.04,3080.97,45.703018867924534,1.5725,0.5163880402348814,2.240065060082642,2.183876811594203,1.1431159420289856,4.423913043478261,0.5966397479586178
Punjab,2014,254000,1218000,4.8,Rabi,18.60816037735849,27.092877358490565,12.237122641509433,156.04,3080.97,45.703018867924534,1.5725,0.5163880402348814,2.240065060082642,2.183876811594203,1.1431159420289856,4.423913043478261,0.5966397479586178
Punjab,2014,116000,558000,4.81,Rabi,18.60816037735849,27.092877358490565,12.237122641509433,156.04,3080.97,45.703018867924534,1.5725,0.5163880402348814,2.240065060082642,2.183876811594203,1.1431159420289856,4.423913043478261,0.5966397479586178
Punjab,2014,84000,340000,4.05,Rabi,18.60816037735849,27.092877358490565,12.237122641509433,156.04,3080.97,45.703018867924534,1.5725,0.5163880402348814,2.240065060082642,2.183876811594203,1.1431159420289856,4.423913043478261,0.5966397479586178
Punjab,2014,206000,913000,4.43,Rabi,18.60816037735849,27.092877358490565,12.237122641509433,156.04,3080.97,45.703018867924534,1.5725,0.5163880402348814,2.240065060082642,2.183876811594203,1.1431159420289856,4.423913043478261,0.5966397479586178
Punjab,2014,188000,877000,4.66,Rabi,18.60816037735849,27.092877358490565,12.237122641509433,156.04,3080.97,45.703018867924534,1.5725,0.5163880402348814,2.240065060082642,2.183876811594203,1.1431159420289856,4.423913043478261,0.5966397479586178
Punjab,2014,187000,627000,3.35,Rabi,18.60816037735849,27.092877358490565,12.237122641509433,156.04,3080.97,45.703018867924534,1.5725,0.5163880402348814,2.240065060082642,2.183876811594203,1.1431159420289856,4.423913043478261,0.5966397479586178
Punjab,2014,150000,540000,3.6,Rabi,18.60816037735849,27.092877358490565,12.237122641509433,156.04,3080.97,45.703018867924534,1.5725,0.5163880402348814,2.240065060082642,2.183876811594203,1.1431159420289856,4.423913043478261,0.5966397479586178
Punjab,2014,167000,685000,4.1,Rabi,18.60816037735849,27.092877358490565,12.237122641509433,156.04,3080.97,45.703018867924534,1.5725,0.5163880402348814,2.240065060082642,2.183876811594203,1.1431159420289856,4.423913043478261,0.5966397479586178
Punjab,2014,110000,429000,3.9,Rabi,18.60816037735849,27.092877358490565,12.237122641509433,156.04,3080.97,45.703018867924534,1.5725,0.5163880402348814,2.240065060082642,2.183876811594203,1.1431159420289856,4.423913043478261,0.5966397479586178
Punjab,2014,253000,1129000,4.46,Rabi,18.60816037735849,27.092877358490565,12.237122641509433,156.04,3080.97,45.703018867924534,1.5725,0.5163880402348814,2.240065060082642,2.183876811594203,1.1431159420289856,4.423913043478261,0.5966397479586178
Punjab,2014,166000,742000,4.47,Rabi,18.60816037735849,27.092877358490565,12.237122641509433,156.04,3080.97,45.703018867924534,1.5725,0.5163880402348814,2.240065060082642,2.183876811594203,1.1431159420289856,4.423913043478261,0.5966397479586178
Punjab,2014,175000,794000,4.54,Rabi,18.60816037735849,27.092877358490565,12.237122641509433,156.04,3080.97,45.703018867924534,1.5725,0.5163880402348814,2.240065060082642,2.183876811594203,1.1431159420289856,4.423913043478261,0.5966397479586178
Punjab,2014,208000,907000,4.36,Rabi,18.60816037735849,27.092877358490565,12.237122641509433,156.04,3080.97,45.703018867924534,1.5725,0.5163880402348814,2.240065060082642,2.183876811594203,1.1431159420289856,4.423913043478261,0.5966397479586178
Punjab,2014,76000,282000,3.71,Rabi,18.60816037735849,27.092877358490565,12.237122641509433,156.04,3080.97,45.703018867924534,1.5725,0.5163880402348814,2.240065060082642,2.183876811594203,1.1431159420289856,4.423913043478261,0.5966397479586178
Punjab,2014,42000,115000,2.74,Rabi,18.60816037735849,27.092877358490565,12.237122641509433,156.04,3080.97,45.703018867924534,1.5725,0.5163880402348814,2.240065060082642,2.183876811594203,1.1431159420289856,4.423913043478261,0.5966397479586178
Punjab,2014,233000,1024000,4.39,Rabi,18.60816037735849,27.092877358490565,12.237122641509433,156.04,3080.97,45.703018867924534,1.5725,0.5163880402348814,2.240065060082642,2.183876811594203,1.1431159420289856,4.423913043478261,0.5966397479586178
Punjab,2014,66000,266000,4.03,Rabi,18.60816037735849,27.092877358490565,12.237122641509433,156.04,3080.97,45.703018867924534,1.5725,0.5163880402348814,2.240065060082642,2.183876811594203,1.1431159420289856,4.423913043478261,0.5966397479586178
Punjab,2014,50000,198000,3.96,Rabi,18.60816037735849,27.092877358490565,12.237122641509433,156.04,3080.97,45.703018867924534,1.5725,0.5163880402348814,2.240065060082642,2.183876811594203,1.1431159420289856,4.423913043478261,0.5966397479586178
Punjab,2014,284000,1366000,4.81,Rabi,18.60816037735849,27.092877358490565,12.237122641509433,156.04,3080.97,45.703018867924534,1.5725,0.5163880402348814,2.240065060082642,2.183876811594203,1.1431159420289856,4.423913043478261,0.5966397479586178
Punjab,2014,188000,777000,4.13,Rabi,18.60816037735849,27.092877358490565,12.237122641509433,156.04,3080.97,45.703018867924534,1.5725,0.5163880402348814,2.240065060082642,2.183876811594203,1.1431159420289856,4.423913043478261,0.5966397479586178
Punjab,2015,188000,842000,4.48,Kharif,31.827540983606557,37.64049180327869,26.11606557377049,554.63,2402.59,52.44098360655738,1.7659836065573769,0.5606240024829441,2.240065060082642,2.183876811594203,1.1431159420289856,4.423913043478261,0.5966397479586178
Punjab,2015,115000,565000,4.91,Kharif,31.827540983606557,37.64049180327869,26.11606557377049,554.63,2402.59,52.44098360655738,1.7659836065573769,0.5606240024829441,2.240065060082642,2.183876811594203,1.1431159420289856,4.423913043478261,0.5966397479586178
Punjab,2015,253000,1184000,4.68,Kharif,31.827540983606557,37.64049180327869,26.11606557377049,554.63,2402.59,52.44098360655738,1.7659836065573769,0.5606240024829441,2.240065060082642,2.183876811594203,1.1431159420289856,4.423913043478261,0.5966397479586178
Punjab,2015,117000,550000,4.7,Kharif,31.827540983606557,37.64049180327869,26.11606557377049,554.63,2402.59,52.44098360655738,1.7659836065573769,0.5606240024829441,2.240065060082642,2.183876811594203,1.1431159420289856,4.423913043478261,0.5966397479586178
Punjab,2015,84000,394000,4.69,Kharif,31.827540983606557,37.64049180327869,26.11606557377049,554.63,2402.59,52.44098360655738,1.7659836065573769,0.5606240024829441,2.240065060082642,2.183876811594203,1.1431159420289856,4.423913043478261,0.5966397479586178
Punjab,2015,209000,939000,4.49,Kharif,31.827540983606557,37.64049180327869,26.11606557377049,554.63,2402.59,52.44098360655738,1.7659836065573769,0.5606240024829441,2.240065060082642,2.183876811594203,1.1431159420289856,4.423913043478261,0.5966397479586178
Punjab,2015,188000,862000,4.59,Kharif,31.827540983606557,37.64049180327869,26.11606557377049,554.63,2402.59,52.44098360655738,1.7659836065573769,0.5606240024829441,2.240065060082642,2.183876811594203,1.1431159420289856,4.423913043478261,0.5966397479586178
Punjab,2015,184000,856000,4.65,Kharif,31.827540983606557,37.64049180327869,26.11606557377049,554.63,2402.59,52.44098360655738,1.7659836065573769,0.5606240024829441,2.240065060082642,2.183876811594203,1.1431159420289856,4.423913043478261,0.5966397479586178
Punjab,2015,145000,591000,4.08,Kharif,31.827540983606557,37.64049180327869,26.11606557377049,554.63,2402.59,52.44098360655738,1.7659836065573769,0.5606240024829441,2.240065060082642,2.183876811594203,1.1431159420289856,4.423913043478261,0.5966397479586178
Punjab,2015,171000,762000,4.46,Kharif,31.827540983606557,37.64049180327869,26.11606557377049,554.63,2402.59,52.44098360655738,1.7659836065573769,0.5606240024829441,2.240065060082642,2.183876811594203,1.1431159420289856,4.423913043478261,0.5966397479586178
Punjab,2015,110000,469000,4.26,Kharif,31.827540983606557,37.64049180327869,26.11606557377049,554.63,2402.59,52.44098360655738,1.7659836065573769,0.5606240024829441,2.240065060082642,2.183876811594203,1.1431159420289856,4.423913043478261,0.5966397479586178
Punjab,2015,251000,1172000,4.67,Kharif,31.827540983606557,37.64049180327869,26.11606557377049,554.63,2402.59,52.44098360655738,1.7659836065573769,0.5606240024829441,2.240065060082642,2.183876811594203,1.1431159420289856,4.423913043478261,0.5966397479586178
Punjab,2015,170000,789000,4.64,Kharif,31.827540983606557,37.64049180327869,26.11606557377049,554.63,2402.59,52.44098360655738,1.7659836065573769,0.5606240024829441,2.240065060082642,2.183876811594203,1.1431159420289856,4.423913043478261,0.5966397479586178
Punjab,2015,175000,805000,4.6,Kharif,31.827540983606557,37.64049180327869,26.11606557377049,554.63,2402.59,52.44098360655738,1.7659836065573769,0.5606240024829441,2.240065060082642,2.183876811594203,1.1431159420289856,4.423913043478261,0.5966397479586178
Punjab,2015,209000,969000,4.64,Kharif,31.827540983606557,37.64049180327869,26.11606557377049,554.63,2402.59,52.44098360655738,1.7659836065573769,0.5606240024829441,2.240065060082642,2.183876811594203,1.1431159420289856,4.423913043478261,0.5966397479586178
Punjab,2015,78000,368000,4.72,Kharif,31.827540983606557,37.64049180327869,26.11606557377049,554.63,2402.59,52.44098360655738,1.7659836065573769,0.5606240024829441,2.240065060082642,2.183876811594203,1.1431159420289856,4.423913043478261,0.5966397479586178
Punjab,2015,41000,166000,4.05,Kharif,31.827540983606557,37.64049180327869,26.11606557377049,554.63,2402.59,52.44098360655738,1.7659836065573769,0.5606240024829441,2.240065060082642,2.183876811594203,1.1431159420289856,4.423913043478261,0.5966397479586178
Punjab,2015,234000,1073000,4.59,Kharif,31.827540983606557,37.64049180327869,26.11606557377049,554.63,2402.59,52.44098360655738,1.7659836065573769,0.5606240024829441,2.240065060082642,2.183876811594203,1.1431159420289856,4.423913043478261,0.5966397479586178
Punjab,2015,64000,274000,4.28,Kharif,31.827540983606557,37.64049180327869,26.11606557377049,554.63,2402.59,52.44098360655738,1.7659836065573769,0.5606240024829441,2.240065060082642,2.183876811594203,1.1431159420289856,4.423913043478261,0.5966397479586178
Punjab,2015,50000,232000,4.64,Kharif,31.827540983606557,37.64049180327869,26.11606557377049,554.63,2402.59,52.44098360655738,1.7659836065573769,0.5606240024829441,2.240065060082642,2.183876811594203,1.1431159420289856,4.423913043478261,0.5966397479586178
Punjab,2015,286000,1373000,4.8,Kharif,31.827540983606557,37.64049180327869,26.11606557377049,554.63,2402.59,52.44098360655738,1.7659836065573769,0.5606240024829441,2.240065060082642,2.183876811594203,1.1431159420289856,4.423913043478261,0.5966397479586178
Punjab,2015,188000,842000,4.48,Rabi,19.331509433962264,27.365235849056607,13.092783018867925,249.32,3014.63,47.93622641509434,1.5273584905660378,0.533292081051194,2.240065060082642,2.183876811594203,1.1431159420289856,4.423913043478261,0.5966397479586178
Punjab,2015,115000,565000,4.91,Rabi,19.331509433962264,27.365235849056607,13.092783018867925,249.32,3014.63,47.93622641509434,1.5273584905660378,0.533292081051194,2.240065060082642,2.183876811594203,1.1431159420289856,4.423913043478261,0.5966397479586178
Punjab,2015,253000,1184000,4.68,Rabi,19.331509433962264,27.365235849056607,13.092783018867925,249.32,3014.63,47.93622641509434,1.5273584905660378,0.533292081051194,2.240065060082642,2.183876811594203,1.1431159420289856,4.423913043478261,0.5966397479586178
Punjab,2015,117000,550000,4.7,Rabi,19.331509433962264,27.365235849056607,13.092783018867925,249.32,3014.63,47.93622641509434,1.5273584905660378,0.533292081051194,2.240065060082642,2.183876811594203,1.1431159420289856,4.423913043478261,0.5966397479586178
Punjab,2015,84000,394000,4.69,Rabi,19.331509433962264,27.365235849056607,13.092783018867925,249.32,3014.63,47.93622641509434,1.5273584905660378,0.533292081051194,2.240065060082642,2.183876811594203,1.1431159420289856,4.423913043478261,0.5966397479586178
Punjab,2015,209000,939000,4.49,Rabi,19.331509433962264,27.365235849056607,13.092783018867925,249.32,3014.63,47.93622641509434,1.5273584905660378,0.533292081051194,2.240065060082642,2.183876811594203,1.1431159420289856,4.423913043478261,0.5966397479586178
Punjab,2015,188000,862000,4.59,Rabi,19.331509433962264,27.365235849056607,13.092783018867925,249.32,3014.63,47.93622641509434,1.5273584905660378,0.533292081051194,2.240065060082642,2.183876811594203,1.1431159420289856,4.423913043478261,0.5966397479586178
Punjab,2015,184000,856000,4.65,Rabi,19.331509433962264,27.365235849056607,13.092783018867925,249.32,3014.63,47.93622641509434,1.5273584905660378,0.533292081051194,2.240065060082642,2.183876811594203,1.1431159420289856,4.423913043478261,0.5966397479586178
Punjab,2015,145000,591000,4.08,Rabi,19.331509433962264,27.365235849056607,13.092783018867925,249.32,3014.63,47.93622641509434,1.5273584905660378,0.533292081051194,2.240065060082642,2.183876811594203,1.1431159420289856,4.423913043478261,0.5966397479586178
Punjab,2015,171000,762000,4.46,Rabi,19.331509433962264,27.365235849056607,13.092783018867925,249.32,3014.63,47.93622641509434,1.5273584905660378,0.533292081051194,2.240065060082642,2.183876811594203,1.1431159420289856,4.423913043478261,0.5966397479586178
Punjab,2015,110000,469000,4.26,Rabi,19.331509433962264,27.365235849056607,13.092783018867925,249.32,3014.63,47.93622641509434,1.5273584905660378,0.533292081051194,2.240065060082642,2.183876811594203,1.1431159420289856,4.423913043478261,0.5966397479586178
Punjab,2015,251000,1172000,4.67,Rabi,19.331509433962264,27.365235849056607,13.092783018867925,249.32,3014.63,47.93622641509434,1.5273584905660378,0.533292081051194,2.240065060082642,2.183876811594203,1.1431159420289856,4.423913043478261,0.5966397479586178
Punjab,2015,170000,789000,4.64,Rabi,19.331509433962264,27.365235849056607,13.092783018867925,249.32,3014.63,47.93622641509434,1.5273584905660378,0.533292081051194,2.240065060082642,2.183876811594203,1.1431159420289856,4.423913043478261,0.5966397479586178
Punjab,2015,175000,805000,4.6,Rabi,19.331509433962264,27.365235849056607,13.092783018867925,249.32,3014.63,47.93622641509434,1.5273584905660378,0.533292081051194,2.240065060082642,2.183876811594203,1.1431159420289856,4.423913043478261,0.5966397479586178
Punjab,2015,209000,969000,4.64,Rabi,19.331509433962264,27.365235849056607,13.092783018867925,249.32,3014.63,47.93622641509434,1.5273584905660378,0.533292081051194,2.240065060082642,2.183876811594203,1.1431159420289856,4.423913043478261,0.5966397479586178
Punjab,2015,78000,368000,4.72,Rabi,19.331509433962264,27.365235849056607,13.092783018867925,249.32,3014.63,47.93622641509434,1.5273584905660378,0.533292081051194,2.240065060082642,2.183876811594203,1.1431159420289856,4.423913043478261,0.5966397479586178
Punjab,2015,41000,166000,4.05,Rabi,19.331509433962264,27.365235849056607,13.092783018867925,249.32,3014.63,47.93622641509434,1.5273584905660378,0.533292081051194,2.240065060082642,2.183876811594203,1.1431159420289856,4.423913043478261,0.5966397479586178
Punjab,2015,234000,1073000,4.59,Rabi,19.331509433962264,27.365235849056607,13.092783018867925,249.32,3014.63,47.93622641509434,1.5273584905660378,0.533292081051194,2.240065060082642,2.183876811594203,1.1431159420289856,4.423913043478261,0.5966397479586178
Punjab,2015,64000,274000,4.28,Rabi,19.331509433962264,27.365235849056607,13.092783018867925,249.32,3014.63,47.93622641509434,1.5273584905660378,0.533292081051194,2.240065060082642,2.183876811594203,1.1431159420289856,4.423913043478261,0.5966397479586178
Punjab,2015,50000,232000,4.64,Rabi,19.331509433962264,27.365235849056607,13.092783018867925,249.32,3014.63,47.93622641509434,1.5273584905660378,0.533292081051194,2.240065060082642,2.183876811594203,1.1431159420289856,4.423913043478261,0.5966397479586178
Punjab,2015,286000,1373000,4.8,Rabi,19.331509433962264,27.365235849056607,13.092783018867925,249.32,3014.63,47.93622641509434,1.5273584905660378,0.533292081051194,2.240065060082642,2.183876811594203,1.1431159420289856,4.423913043478261,0.5966397479586178
Punjab,2016,188000,930000,4.95,Kharif,32.63098360655738,38.14081967213115,27.050819672131148,502.38,2379.49,53.293196721311475,1.5898360655737707,0.5726659658956104,2.240065060082642,2.183876811594203,1.1431159420289856,4.423913043478261,0.5966397479586178
Punjab,2016,114000,626000,5.49,Kharif,32.63098360655738,38.14081967213115,27.050819672131148,502.38,2379.49,53.293196721311475,1.5898360655737707,0.5726659658956104,2.240065060082642,2.183876811594203,1.1431159420289856,4.423913043478261,0.5966397479586178
Punjab,2016,252000,1335000,5.3,Kharif,32.63098360655738,38.14081967213115,27.050819672131148,502.38,2379.49,53.293196721311475,1.5898360655737707,0.5726659658956104,2.240065060082642,2.183876811594203,1.1431159420289856,4.423913043478261,0.5966397479586178
Punjab,2016,117000,609000,5.21,Kharif,32.63098360655738,38.14081967213115,27.050819672131148,502.38,2379.49,53.293196721311475,1.5898360655737707,0.5726659658956104,2.240065060082642,2.183876811594203,1.1431159420289856,4.423913043478261,0.5966397479586178
Punjab,2016,84000,436000,5.19,Kharif,32.63098360655738,38.14081967213115,27.050819672131148,502.38,2379.49,53.293196721311475,1.5898360655737707,0.5726659658956104,2.240065060082642,2.183876811594203,1.1431159420289856,4.423913043478261,0.5966397479586178
Punjab,2016,207000,1023000,4.94,Kharif,32.63098360655738,38.14081967213115,27.050819672131148,502.38,2379.49,53.293196721311475,1.5898360655737707,0.5726659658956104,2.240065060082642,2.183876811594203,1.1431159420289856,4.423913043478261,0.5966397479586178
Punjab,2016,184000,959000,5.21,Kharif,32.63098360655738,38.14081967213115,27.050819672131148,502.38,2379.49,53.293196721311475,1.5898360655737707,0.5726659658956104,2.240065060082642,2.183876811594203,1.1431159420289856,4.423913043478261,0.5966397479586178
Punjab,2016,184000,848000,4.61,Kharif,32.63098360655738,38.14081967213115,27.050819672131148,502.38,2379.49,53.293196721311475,1.5898360655737707,0.5726659658956104,2.240065060082642,2.183876811594203,1.1431159420289856,4.423913043478261,0.5966397479586178
Punjab,2016,147000,606000,4.12,Kharif,32.63098360655738,38.14081967213115,27.050819672131148,502.38,2379.49,53.293196721311475,1.5898360655737707,0.5726659658956104,2.240065060082642,2.183876811594203,1.1431159420289856,4.423913043478261,0.5966397479586178
Punjab,2016,167000,809000,4.84,Kharif,32.63098360655738,38.14081967213115,27.050819672131148,502.38,2379.49,53.293196721311475,1.5898360655737707,0.5726659658956104,2.240065060082642,2.183876811594203,1.1431159420289856,4.423913043478261,0.5966397479586178
Punjab,2016,106000,522000,4.92,Kharif,32.63098360655738,38.14081967213115,27.050819672131148,502.38,2379.49,53.293196721311475,1.5898360655737707,0.5726659658956104,2.240065060082642,2.183876811594203,1.1431159420289856,4.423913043478261,0.5966397479586178
Punjab,2016,250000,1273000,5.09,Kharif,32.63098360655738,38.14081967213115,27.050819672131148,502.38,2379.49,53.293196721311475,1.5898360655737707,0.5726659658956104,2.240065060082642,2.183876811594203,1.1431159420289856,4.423913043478261,0.5966397479586178
Punjab,2016,171000,876000,5.12,Kharif,32.63098360655738,38.14081967213115,27.050819672131148,502.38,2379.49,53.293196721311475,1.5898360655737707,0.5726659658956104,2.240065060082642,2.183876811594203,1.1431159420289856,4.423913043478261,0.5966397479586178
Punjab,2016,174000,918000,5.28,Kharif,32.63098360655738,38.14081967213115,27.050819672131148,502.38,2379.49,53.293196721311475,1.5898360655737707,0.5726659658956104,2.240065060082642,2.183876811594203,1.1431159420289856,4.423913043478261,0.5966397479586178
Punjab,2016,213000,1093000,5.13,Kharif,32.63098360655738,38.14081967213115,27.050819672131148,502.38,2379.49,53.293196721311475,1.5898360655737707,0.5726659658956104,2.240065060082642,2.183876811594203,1.1431159420289856,4.423913043478261,0.5966397479586178
Punjab,2016,76000,374000,4.92,Kharif,32.63098360655738,38.14081967213115,27.050819672131148,502.38,2379.49,53.293196721311475,1.5898360655737707,0.5726659658956104,2.240065060082642,2.183876811594203,1.1431159420289856,4.423913043478261,0.5966397479586178
Punjab,2016,41000,168000,4.1,Kharif,32.63098360655738,38.14081967213115,27.050819672131148,502.38,2379.49,53.293196721311475,1.5898360655737707,0.5726659658956104,2.240065060082642,2.183876811594203,1.1431159420289856,4.423913043478261,0.5966397479586178
Punjab,2016,231000,1193000,5.16,Kharif,32.63098360655738,38.14081967213115,27.050819672131148,502.38,2379.49,53.293196721311475,1.5898360655737707,0.5726659658956104,2.240065060082642,2.183876811594203,1.1431159420289856,4.423913043478261,0.5966397479586178
Punjab,2016,68000,328000,4.82,Kharif,32.63098360655738,38.14081967213115,27.050819672131148,502.38,2379.49,53.293196721311475,1.5898360655737707,0.5726659658956104,2.240065060082642,2.183876811594203,1.1431159420289856,4.423913043478261,0.5966397479586178
Punjab,2016,50000,235000,4.7,Kharif,32.63098360655738,38.14081967213115,27.050819672131148,502.38,2379.49,53.293196721311475,1.5898360655737707,0.5726659658956104,2.240065060082642,2.183876811594203,1.1431159420289856,4.423913043478261,0.5966397479586178
Punjab,2016,286000,1589000,5.56,Kharif,32.63098360655738,38.14081967213115,27.050819672131148,502.38,2379.49,53.293196721311475,1.5898360655737707,0.5726659658956104,2.240065060082642,2.183876811594203,1.1431159420289856,4.423913043478261,0.5966397479586178
Punjab,2016,186000,842000,4.53,Kharif,32.63098360655738,38.14081967213115,27.050819672131148,502.38,2379.49,53.293196721311475,1.5898360655737707,0.5726659658956104,2.240065060082642,2.183876811594203,1.1431159420289856,4.423913043478261,0.5966397479586178
Punjab,2016,188000,930000,4.95,Rabi,20.959389671361503,29.79544600938967,14.106948356807512,70.69,3203.15,33.76962441314554,1.5894366197183099,0.5067152223904473,2.240065060082642,2.183876811594203,1.1431159420289856,4.423913043478261,0.5966397479586178
Punjab,2016,114000,626000,5.49,Rabi,20.959389671361503,29.79544600938967,14.106948356807512,70.69,3203.15,33.76962441314554,1.5894366197183099,0.5067152223904473,2.240065060082642,2.183876811594203,1.1431159420289856,4.423913043478261,0.5966397479586178
Punjab,2016,252000,1335000,5.3,Rabi,20.959389671361503,29.79544600938967,14.106948356807512,70.69,3203.15,33.76962441314554,1.5894366197183099,0.5067152223904473,2.240065060082642,2.183876811594203,1.1431159420289856,4.423913043478261,0.5966397479586178
Punjab,2016,117000,609000,5.21,Rabi,20.959389671361503,29.79544600938967,14.106948356807512,70.69,3203.15,33.76962441314554,1.5894366197183099,0.5067152223904473,2.240065060082642,2.183876811594203,1.1431159420289856,4.423913043478261,0.5966397479586178
Punjab,2016,84000,436000,5.19,Rabi,20.959389671361503,29.79544600938967,14.106948356807512,70.69,3203.15,33.76962441314554,1.5894366197183099,0.5067152223904473,2.240065060082642,2.183876811594203,1.1431159420289856,4.423913043478261,0.5966397479586178
Punjab,2016,207000,1023000,4.94,Rabi,20.959389671361503,29.79544600938967,14.106948356807512,70.69,3203.15,33.76962441314554,1.5894366197183099,0.5067152223904473,2.240065060082642,2.183876811594203,1.1431159420289856,4.423913043478261,0.5966397479586178
Punjab,2016,184000,959000,5.21,Rabi,20.959389671361503,29.79544600938967,14.106948356807512,70.69,3203.15,33.76962441314554,1.5894366197183099,0.5067152223904473,2.240065060082642,2.183876811594203,1.1431159420289856,4.423913043478261,0.5966397479586178
Punjab,2016,184000,848000,4.61,Rabi,20.959389671361503,29.79544600938967,14.106948356807512,70.69,3203.15,33.76962441314554,1.5894366197183099,0.5067152223904473,2.240065060082642,2.183876811594203,1.1431159420289856,4.423913043478261,0.5966397479586178
Punjab,2016,147000,606000,4.12,Rabi,20.959389671361503,29.79544600938967,14.106948356807512,70.69,3203.15,33.76962441314554,1.5894366197183099,0.5067152223904473,2.240065060082642,2.183876811594203,1.1431159420289856,4.423913043478261,0.5966397479586178
Punjab,2016,167000,809000,4.84,Rabi,20.959389671361503,29.79544600938967,14.106948356807512,70.69,3203.15,33.76962441314554,1.5894366197183099,0.5067152223904473,2.240065060082642,2.183876811594203,1.1431159420289856,4.423913043478261,0.5966397479586178
Punjab,2016,106000,522000,4.92,Rabi,20.959389671361503,29.79544600938967,14.106948356807512,70.69,3203.15,33.76962441314554,1.5894366197183099,0.5067152223904473,2.240065060082642,2.183876811594203,1.1431159420289856,4.423913043478261,0.5966397479586178
Punjab,2016,250000,1273000,5.09,Rabi,20.959389671361503,29.79544600938967,14.106948356807512,70.69,3203.15,33.76962441314554,1.5894366197183099,0.5067152223904473,2.240065060082642,2.183876811594203,1.1431159420289856,4.423913043478261,0.5966397479586178
Punjab,2016,171000,876000,5.12,Rabi,20.959389671361503,29.79544600938967,14.106948356807512,70.69,3203.15,33.76962441314554,1.5894366197183099,0.5067152223904473,2.240065060082642,2.183876811594203,1.1431159420289856,4.423913043478261,0.5966397479586178
Punjab,2016,174000,918000,5.28,Rabi,20.959389671361503,29.79544600938967,14.106948356807512,70.69,3203.15,33.76962441314554,1.5894366197183099,0.5067152223904473,2.240065060082642,2.183876811594203,1.1431159420289856,4.423913043478261,0.5966397479586178
Punjab,2016,213000,1093000,5.13,Rabi,20.959389671361503,29.79544600938967,14.106948356807512,70.69,3203.15,33.76962441314554,1.5894366197183099,0.5067152223904473,2.240065060082642,2.183876811594203,1.1431159420289856,4.423913043478261,0.5966397479586178
Punjab,2016,76000,374000,4.92,Rabi,20.959389671361503,29.79544600938967,14.106948356807512,70.69,3203.15,33.76962441314554,1.5894366197183099,0.5067152223904473,2.240065060082642,2.183876811594203,1.1431159420289856,4.423913043478261,0.5966397479586178
Punjab,2016,41000,168000,4.1,Rabi,20.959389671361503,29.79544600938967,14.106948356807512,70.69,3203.15,33.76962441314554,1.5894366197183099,0.5067152223904473,2.240065060082642,2.183876811594203,1.1431159420289856,4.423913043478261,0.5966397479586178
Punjab,2016,231000,1193000,5.16,Rabi,20.959389671361503,29.79544600938967,14.106948356807512,70.69,3203.15,33.76962441314554,1.5894366197183099,0.5067152223904473,2.240065060082642,2.183876811594203,1.1431159420289856,4.423913043478261,0.5966397479586178
Punjab,2016,68000,328000,4.82,Rabi,20.959389671361503,29.79544600938967,14.106948356807512,70.69,3203.15,33.76962441314554,1.5894366197183099,0.5067152223904473,2.240065060082642,2.183876811594203,1.1431159420289856,4.423913043478261,0.5966397479586178
Punjab,2016,50000,235000,4.7,Rabi,20.959389671361503,29.79544600938967,14.106948356807512,70.69,3203.15,33.76962441314554,1.5894366197183099,0.5067152223904473,2.240065060082642,2.183876811594203,1.1431159420289856,4.423913043478261,0.5966397479586178
Punjab,2016,286000,1589000,5.56,Rabi,20.959389671361503,29.79544600938967,14.106948356807512,70.69,3203.15,33.76962441314554,1.5894366197183099,0.5067152223904473,2.240065060082642,2.183876811594203,1.1431159420289856,4.423913043478261,0.5966397479586178
Punjab,2016,186000,842000,4.53,Rabi,20.959389671361503,29.79544600938967,14.106948356807512,70.69,3203.15,33.76962441314554,1.5894366197183099,0.5067152223904473,2.240065060082642,2.183876811594203,1.1431159420289856,4.423913043478261,0.5966397479586178
Punjab,2017,189000,920000,4.87,Kharif,31.80745901639344,37.27549180327868,26.447131147540986,601.82,2392.02,56.139016393442624,1.569262295081967,0.5718737080044366,2.240065060082642,2.183876811594203,1.1431159420289856,4.423913043478261,0.5966397479586178
Punjab,2017,114000,609000,5.34,Kharif,31.80745901639344,37.27549180327868,26.447131147540986,601.82,2392.02,56.139016393442624,1.569262295081967,0.5718737080044366,2.240065060082642,2.183876811594203,1.1431159420289856,4.423913043478261,0.5966397479586178
Punjab,2017,254000,1345000,5.3,Kharif,31.80745901639344,37.27549180327868,26.447131147540986,601.82,2392.02,56.139016393442624,1.569262295081967,0.5718737080044366,2.240065060082642,2.183876811594203,1.1431159420289856,4.423913043478261,0.5966397479586178
Punjab,2017,116000,619000,5.34,Kharif,31.80745901639344,37.27549180327868,26.447131147540986,601.82,2392.02,56.139016393442624,1.569262295081967,0.5718737080044366,2.240065060082642,2.183876811594203,1.1431159420289856,4.423913043478261,0.5966397479586178
Punjab,2017,85000,454000,5.34,Kharif,31.80745901639344,37.27549180327868,26.447131147540986,601.82,2392.02,56.139016393442624,1.569262295081967,0.5718737080044366,2.240065060082642,2.183876811594203,1.1431159420289856,4.423913043478261,0.5966397479586178
Punjab,2017,210000,1007000,4.8,Kharif,31.80745901639344,37.27549180327868,26.447131147540986,601.82,2392.02,56.139016393442624,1.569262295081967,0.5718737080044366,2.240065060082642,2.183876811594203,1.1431159420289856,4.423913043478261,0.5966397479586178
Punjab,2017,187000,977000,5.22,Kharif,31.80745901639344,37.27549180327868,26.447131147540986,601.82,2392.02,56.139016393442624,1.569262295081967,0.5718737080044366,2.240065060082642,2.183876811594203,1.1431159420289856,4.423913043478261,0.5966397479586178
Punjab,2017,185000,876000,4.74,Kharif,31.80745901639344,37.27549180327868,26.447131147540986,601.82,2392.02,56.139016393442624,1.569262295081967,0.5718737080044366,2.240065060082642,2.183876811594203,1.1431159420289856,4.423913043478261,0.5966397479586178
Punjab,2017,143000,620000,4.34,Kharif,31.80745901639344,37.27549180327868,26.447131147540986,601.82,2392.02,56.139016393442624,1.569262295081967,0.5718737080044366,2.240065060082642,2.183876811594203,1.1431159420289856,4.423913043478261,0.5966397479586178
Punjab,2017,170000,861000,5.06,Kharif,31.80745901639344,37.27549180327868,26.447131147540986,601.82,2392.02,56.139016393442624,1.569262295081967,0.5718737080044366,2.240065060082642,2.183876811594203,1.1431159420289856,4.423913043478261,0.5966397479586178
Punjab,2017,108000,523000,4.84,Kharif,31.80745901639344,37.27549180327868,26.447131147540986,601.82,2392.02,56.139016393442624,1.569262295081967,0.5718737080044366,2.240065060082642,2.183876811594203,1.1431159420289856,4.423913043478261,0.5966397479586178
Punjab,2017,252000,1296000,5.14,Kharif,31.80745901639344,37.27549180327868,26.447131147540986,601.82,2392.02,56.139016393442624,1.569262295081967,0.5718737080044366,2.240065060082642,2.183876811594203,1.1431159420289856,4.423913043478261,0.5966397479586178
Punjab,2017,172000,890000,5.17,Kharif,31.80745901639344,37.27549180327868,26.447131147540986,601.82,2392.02,56.139016393442624,1.569262295081967,0.5718737080044366,2.240065060082642,2.183876811594203,1.1431159420289856,4.423913043478261,0.5966397479586178
Punjab,2017,175000,908000,5.19,Kharif,31.80745901639344,37.27549180327868,26.447131147540986,601.82,2392.02,56.139016393442624,1.569262295081967,0.5718737080044366,2.240065060082642,2.183876811594203,1.1431159420289856,4.423913043478261,0.5966397479586178
Punjab,2017,211000,1108000,5.25,Kharif,31.80745901639344,37.27549180327868,26.447131147540986,601.82,2392.02,56.139016393442624,1.569262295081967,0.5718737080044366,2.240065060082642,2.183876811594203,1.1431159420289856,4.423913043478261,0.5966397479586178
Punjab,2017,77000,385000,5.0,Kharif,31.80745901639344,37.27549180327868,26.447131147540986,601.82,2392.02,56.139016393442624,1.569262295081967,0.5718737080044366,2.240065060082642,2.183876811594203,1.1431159420289856,4.423913043478261,0.5966397479586178
Punjab,2017,41000,165000,4.02,Kharif,31.80745901639344,37.27549180327868,26.447131147540986,601.82,2392.02,56.139016393442624,1.569262295081967,0.5718737080044366,2.240065060082642,2.183876811594203,1.1431159420289856,4.423913043478261,0.5966397479586178
Punjab,2017,232000,1223000,5.27,Kharif,31.80745901639344,37.27549180327868,26.447131147540986,601.82,2392.02,56.139016393442624,1.569262295081967,0.5718737080044366,2.240065060082642,2.183876811594203,1.1431159420289856,4.423913043478261,0.5966397479586178
Punjab,2017,67000,326000,4.87,Kharif,31.80745901639344,37.27549180327868,26.447131147540986,601.82,2392.02,56.139016393442624,1.569262295081967,0.5718737080044366,2.240065060082642,2.183876811594203,1.1431159420289856,4.423913043478261,0.5966397479586178
Punjab,2017,50000,248000,4.96,Kharif,31.80745901639344,37.27549180327868,26.447131147540986,601.82,2392.02,56.139016393442624,1.569262295081967,0.5718737080044366,2.240065060082642,2.183876811594203,1.1431159420289856,4.423913043478261,0.5966397479586178
Punjab,2017,288000,1599000,5.55,Kharif,31.80745901639344,37.27549180327868,26.447131147540986,601.82,2392.02,56.139016393442624,1.569262295081967,0.5718737080044366,2.240065060082642,2.183876811594203,1.1431159420289856,4.423913043478261,0.5966397479586178
Punjab,2017,185000,886000,4.79,Kharif,31.80745901639344,37.27549180327868,26.447131147540986,601.82,2392.02,56.139016393442624,1.569262295081967,0.5718737080044366,2.240065060082642,2.183876811594203,1.1431159420289856,4.423913043478261,0.5966397479586178
Punjab,2017,189000,920000,4.87,Rabi,20.0738679245283,28.65764150943396,13.410141509433961,157.75,3187.46,40.45594339622642,1.563867924528302,0.4977549432196277,2.240065060082642,2.183876811594203,1.1431159420289856,4.423913043478261,0.5966397479586178
Punjab,2017,114000,609000,5.34,Rabi,20.0738679245283,28.65764150943396,13.410141509433961,157.75,3187.46,40.45594339622642,1.563867924528302,0.4977549432196277,2.240065060082642,2.183876811594203,1.1431159420289856,4.423913043478261,0.5966397479586178
Punjab,2017,254000,1345000,5.3,Rabi,20.0738679245283,28.65764150943396,13.410141509433961,157.75,3187.46,40.45594339622642,1.563867924528302,0.4977549432196277,2.240065060082642,2.183876811594203,1.1431159420289856,4.423913043478261,0.5966397479586178
Punjab,2017,116000,619000,5.34,Rabi,20.0738679245283,28.65764150943396,13.410141509433961,157.75,3187.46,40.45594339622642,1.563867924528302,0.4977549432196277,2.240065060082642,2.183876811594203,1.1431159420289856,4.423913043478261,0.5966397479586178
Punjab,2017,85000,454000,5.34,Rabi,20.0738679245283,28.65764150943396,13.410141509433961,157.75,3187.46,40.45594339622642,1.563867924528302,0.4977549432196277,2.240065060082642,2.183876811594203,1.1431159420289856,4.423913043478261,0.5966397479586178
Punjab,2017,210000,1007000,4.8,Rabi,20.0738679245283,28.65764150943396,13.410141509433961,157.75,3187.46,40.45594339622642,1.563867924528302,0.4977549432196277,2.240065060082642,2.183876811594203,1.1431159420289856,4.423913043478261,0.5966397479586178
Punjab,2017,187000,977000,5.22,Rabi,20.0738679245283,28.65764150943396,13.410141509433961,157.75,3187.46,40.45594339622642,1.563867924528302,0.4977549432196277,2.240065060082642,2.183876811594203,1.1431159420289856,4.423913043478261,0.5966397479586178
Punjab,2017,185000,876000,4.74,Rabi,20.0738679245283,28.65764150943396,13.410141509433961,157.75,3187.46,40.45594339622642,1.563867924528302,0.4977549432196277,2.240065060082642,2.183876811594203,1.1431159420289856,4.423913043478261,0.5966397479586178
Punjab,2017,143000,620000,4.34,Rabi,20.0738679245283,28.65764150943396,13.410141509433961,157.75,3187.46,40.45594339622642,1.563867924528302,0.4977549432196277,2.240065060082642,2.183876811594203,1.1431159420289856,4.423913043478261,0.5966397479586178
Punjab,2017,170000,861000,5.06,Rabi,20.0738679245283,28.65764150943396,13.410141509433961,157.75,3187.46,40.45594339622642,1.563867924528302,0.4977549432196277,2.240065060082642,2.183876811594203,1.1431159420289856,4.423913043478261,0.5966397479586178
Punjab,2017,108000,523000,4.84,Rabi,20.0738679245283,28.65764150943396,13.410141509433961,157.75,3187.46,40.45594339622642,1.563867924528302,0.4977549432196277,2.240065060082642,2.183876811594203,1.1431159420289856,4.423913043478261,0.5966397479586178
Punjab,2017,252000,1296000,5.14,Rabi,20.0738679245283,28.65764150943396,13.410141509433961,157.75,3187.46,40.45594339622642,1.563867924528302,0.4977549432196277,2.240065060082642,2.183876811594203,1.1431159420289856,4.423913043478261,0.5966397479586178
Punjab,2017,172000,890000,5.17,Rabi,20.0738679245283,28.65764150943396,13.410141509433961,157.75,3187.46,40.45594339622642,1.563867924528302,0.4977549432196277,2.240065060082642,2.183876811594203,1.1431159420289856,4.423913043478261,0.5966397479586178
Punjab,2017,175000,908000,5.19,Rabi,20.0738679245283,28.65764150943396,13.410141509433961,157.75,3187.46,40.45594339622642,1.563867924528302,0.4977549432196277,2.240065060082642,2.183876811594203,1.1431159420289856,4.423913043478261,0.5966397479586178
Punjab,2017,211000,1108000,5.25,Rabi,20.0738679245283,28.65764150943396,13.410141509433961,157.75,3187.46,40.45594339622642,1.563867924528302,0.4977549432196277,2.240065060082642,2.183876811594203,1.1431159420289856,4.423913043478261,0.5966397479586178
Punjab,2017,77000,385000,5.0,Rabi,20.0738679245283,28.65764150943396,13.410141509433961,157.75,3187.46,40.45594339622642,1.563867924528302,0.4977549432196277,2.240065060082642,2.183876811594203,1.1431159420289856,4.423913043478261,0.5966397479586178
Punjab,2017,41000,165000,4.02,Rabi,20.0738679245283,28.65764150943396,13.410141509433961,157.75,3187.46,40.45594339622642,1.563867924528302,0.4977549432196277,2.240065060082642,2.183876811594203,1.1431159420289856,4.423913043478261,0.5966397479586178
Punjab,2017,232000,1223000,5.27,Rabi,20.0738679245283,28.65764150943396,13.410141509433961,157.75,3187.46,40.45594339622642,1.563867924528302,0.4977549432196277,2.240065060082642,2.183876811594203,1.1431159420289856,4.423913043478261,0.5966397479586178
Punjab,2017,67000,326000,4.87,Rabi,20.0738679245283,28.65764150943396,13.410141509433961,157.75,3187.46,40.45594339622642,1.563867924528302,0.4977549432196277,2.240065060082642,2.183876811594203,1.1431159420289856,4.423913043478261,0.5966397479586178
Punjab,2017,50000,248000,4.96,Rabi,20.0738679245283,28.65764150943396,13.410141509433961,157.75,3187.46,40.45594339622642,1.563867924528302,0.4977549432196277,2.240065060082642,2.183876811594203,1.1431159420289856,4.423913043478261,0.5966397479586178
Punjab,2017,288000,1599000,5.55,Rabi,20.0738679245283,28.65764150943396,13.410141509433961,157.75,3187.46,40.45594339622642,1.563867924528302,0.4977549432196277,2.240065060082642,2.183876811594203,1.1431159420289856,4.423913043478261,0.5966397479586178
Punjab,2017,185000,886000,4.79,Rabi,20.0738679245283,28.65764150943396,13.410141509433961,157.75,3187.46,40.45594339622642,1.563867924528302,0.4977549432196277,2.240065060082642,2.183876811594203,1.1431159420289856,4.423913043478261,0.5966397479586178
Punjab,2018,189000,910000,4.81,Kharif,31.2644262295082,36.3744262295082,26.26139344262295,845.29,2277.7,62.45459016393443,1.7097540983606558,0.5540848719019515,2.240065060082642,2.183876811594203,1.1431159420289856,4.423913043478261,0.5966397479586178
Punjab,2018,115000,641000,5.57,Kharif,31.2644262295082,36.3744262295082,26.26139344262295,845.29,2277.7,62.45459016393443,1.7097540983606558,0.5540848719019515,2.240065060082642,2.183876811594203,1.1431159420289856,4.423913043478261,0.5966397479586178
Punjab,2018,255000,1428000,5.6,Kharif,31.2644262295082,36.3744262295082,26.26139344262295,845.29,2277.7,62.45459016393443,1.7097540983606558,0.5540848719019515,2.240065060082642,2.183876811594203,1.1431159420289856,4.423913043478261,0.5966397479586178
Punjab,2018,116000,620000,5.34,Kharif,31.2644262295082,36.3744262295082,26.26139344262295,845.29,2277.7,62.45459016393443,1.7097540983606558,0.5540848719019515,2.240065060082642,2.183876811594203,1.1431159420289856,4.423913043478261,0.5966397479586178
Punjab,2018,85000,440000,5.18,Kharif,31.2644262295082,36.3744262295082,26.26139344262295,845.29,2277.7,62.45459016393443,1.7097540983606558,0.5540848719019515,2.240065060082642,2.183876811594203,1.1431159420289856,4.423913043478261,0.5966397479586178
Punjab,2018,208000,1052000,5.06,Kharif,31.2644262295082,36.3744262295082,26.26139344262295,845.29,2277.7,62.45459016393443,1.7097540983606558,0.5540848719019515,2.240065060082642,2.183876811594203,1.1431159420289856,4.423913043478261,0.5966397479586178
Punjab,2018,187000,1010000,5.4,Kharif,31.2644262295082,36.3744262295082,26.26139344262295,845.29,2277.7,62.45459016393443,1.7097540983606558,0.5540848719019515,2.240065060082642,2.183876811594203,1.1431159420289856,4.423913043478261,0.5966397479586178
Punjab,2018,184000,868000,4.72,Kharif,31.2644262295082,36.3744262295082,26.26139344262295,845.29,2277.7,62.45459016393443,1.7097540983606558,0.5540848719019515,2.240065060082642,2.183876811594203,1.1431159420289856,4.423913043478261,0.5966397479586178
Punjab,2018,144000,611000,4.24,Kharif,31.2644262295082,36.3744262295082,26.26139344262295,845.29,2277.7,62.45459016393443,1.7097540983606558,0.5540848719019515,2.240065060082642,2.183876811594203,1.1431159420289856,4.423913043478261,0.5966397479586178
Punjab,2018,170000,845000,4.97,Kharif,31.2644262295082,36.3744262295082,26.26139344262295,845.29,2277.7,62.45459016393443,1.7097540983606558,0.5540848719019515,2.240065060082642,2.183876811594203,1.1431159420289856,4.423913043478261,0.5966397479586178
Punjab,2018,109000,516000,4.73,Kharif,31.2644262295082,36.3744262295082,26.26139344262295,845.29,2277.7,62.45459016393443,1.7097540983606558,0.5540848719019515,2.240065060082642,2.183876811594203,1.1431159420289856,4.423913043478261,0.5966397479586178
Punjab,2018,251000,1288000,5.13,Kharif,31.2644262295082,36.3744262295082,26.26139344262295,845.29,2277.7,62.45459016393443,1.7097540983606558,0.5540848719019515,2.240065060082642,2.183876811594203,1.1431159420289856,4.423913043478261,0.5966397479586178
Punjab,2018,171000,932000,5.45,Kharif,31.2644262295082,36.3744262295082,26.26139344262295,845.29,2277.7,62.45459016393443,1.7097540983606558,0.5540848719019515,2.240065060082642,2.183876811594203,1.1431159420289856,4.423913043478261,0.5966397479586178
Punjab,2018,175000,941000,5.38,Kharif,31.2644262295082,36.3744262295082,26.26139344262295,845.29,2277.7,62.45459016393443,1.7097540983606558,0.5540848719019515,2.240065060082642,2.183876811594203,1.1431159420289856,4.423913043478261,0.5966397479586178
Punjab,2018,214000,1192000,5.57,Kharif,31.2644262295082,36.3744262295082,26.26139344262295,845.29,2277.7,62.45459016393443,1.7097540983606558,0.5540848719019515,2.240065060082642,2.183876811594203,1.1431159420289856,4.423913043478261,0.5966397479586178
Punjab,2018,77000,385000,5.0,Kharif,31.2644262295082,36.3744262295082,26.26139344262295,845.29,2277.7,62.45459016393443,1.7097540983606558,0.5540848719019515,2.240065060082642,2.183876811594203,1.1431159420289856,4.423913043478261,0.5966397479586178
Punjab,2018,41000,163000,3.98,Kharif,31.2644262295082,36.3744262295082,26.26139344262295,845.29,2277.7,62.45459016393443,1.7097540983606558,0.5540848719019515,2.240065060082642,2.183876811594203,1.1431159420289856,4.423913043478261,0.5966397479586178
Punjab,2018,233000,1275000,5.47,Kharif,31.2644262295082,36.3744262295082,26.26139344262295,845.29,2277.7,62.45459016393443,1.7097540983606558,0.5540848719019515,2.240065060082642,2.183876811594203,1.1431159420289856,4.423913043478261,0.5966397479586178
Punjab,2018,69000,315000,4.57,Kharif,31.2644262295082,36.3744262295082,26.26139344262295,845.29,2277.7,62.45459016393443,1.7097540983606558,0.5540848719019515,2.240065060082642,2.183876811594203,1.1431159420289856,4.423913043478261,0.5966397479586178
Punjab,2018,50000,232000,4.64,Kharif,31.2644262295082,36.3744262295082,26.26139344262295,845.29,2277.7,62.45459016393443,1.7097540983606558,0.5540848719019515,2.240065060082642,2.183876811594203,1.1431159420289856,4.423913043478261,0.5966397479586178
Punjab,2018,290000,1682000,5.8,Kharif,31.2644262295082,36.3744262295082,26.26139344262295,845.29,2277.7,62.45459016393443,1.7097540983606558,0.5540848719019515,2.240065060082642,2.183876811594203,1.1431159420289856,4.423913043478261,0.5966397479586178
Punjab,2018,186000,871000,4.68,Kharif,31.2644262295082,36.3744262295082,26.26139344262295,845.29,2277.7,62.45459016393443,1.7097540983606558,0.5540848719019515,2.240065060082642,2.183876811594203,1.1431159420289856,4.423913043478261,0.5966397479586178
Punjab,2018,189000,910000,4.81,Rabi,19.755849056603772,28.0786320754717,13.134009433962264,86.7,3282.12,42.1761320754717,1.4984433962264152,0.5223407888194652,2.240065060082642,2.183876811594203,1.1431159420289856,4.423913043478261,0.5966397479586178
Punjab,2018,115000,641000,5.57,Rabi,19.755849056603772,28.0786320754717,13.134009433962264,86.7,3282.12,42.1761320754717,1.4984433962264152,0.5223407888194652,2.240065060082642,2.183876811594203,1.1431159420289856,4.423913043478261,0.5966397479586178
Punjab,2018,255000,1428000,5.6,Rabi,19.755849056603772,28.0786320754717,13.134009433962264,86.7,3282.12,42.1761320754717,1.4984433962264152,0.5223407888194652,2.240065060082642,2.183876811594203,1.1431159420289856,4.423913043478261,0.5966397479586178
Punjab,2018,116000,620000,5.34,Rabi,19.755849056603772,28.0786320754717,13.134009433962264,86.7,3282.12,42.1761320754717,1.4984433962264152,0.5223407888194652,2.240065060082642,2.183876811594203,1.1431159420289856,4.423913043478261,0.5966397479586178
Punjab,2018,85000,440000,5.18,Rabi,19.755849056603772,28.0786320754717,13.134009433962264,86.7,3282.12,42.1761320754717,1.4984433962264152,0.5223407888194652,2.240065060082642,2.183876811594203,1.1431159420289856,4.423913043478261,0.5966397479586178
Punjab,2018,208000,1052000,5.06,Rabi,19.755849056603772,28.0786320754717,13.134009433962264,86.7,3282.12,42.1761320754717,1.4984433962264152,0.5223407888194652,2.240065060082642,2.183876811594203,1.1431159420289856,4.423913043478261,0.5966397479586178
Punjab,2018,187000,1010000,5.4,Rabi,19.755849056603772,28.0786320754717,13.134009433962264,86.7,3282.12,42.1761320754717,1.4984433962264152,0.5223407888194652,2.240065060082642,2.183876811594203,1.1431159420289856,4.423913043478261,0.5966397479586178
Punjab,2018,184000,868000,4.72,Rabi,19.755849056603772,28.0786320754717,13.134009433962264,86.7,3282.12,42.1761320754717,1.4984433962264152,0.5223407888194652,2.240065060082642,2.183876811594203,1.1431159420289856,4.423913043478261,0.5966397479586178
Punjab,2018,144000,611000,4.24,Rabi,19.755849056603772,28.0786320754717,13.134009433962264,86.7,3282.12,42.1761320754717,1.4984433962264152,0.5223407888194652,2.240065060082642,2.183876811594203,1.1431159420289856,4.423913043478261,0.5966397479586178
Punjab,2018,170000,845000,4.97,Rabi,19.755849056603772,28.0786320754717,13.134009433962264,86.7,3282.12,42.1761320754717,1.4984433962264152,0.5223407888194652,2.240065060082642,2.183876811594203,1.1431159420289856,4.423913043478261,0.5966397479586178
Punjab,2018,109000,516000,4.73,Rabi,19.755849056603772,28.0786320754717,13.134009433962264,86.7,3282.12,42.1761320754717,1.4984433962264152,0.5223407888194652,2.240065060082642,2.183876811594203,1.1431159420289856,4.423913043478261,0.5966397479586178
Punjab,2018,251000,1288000,5.13,Rabi,19.755849056603772,28.0786320754717,13.134009433962264,86.7,3282.12,42.1761320754717,1.4984433962264152,0.5223407888194652,2.240065060082642,2.183876811594203,1.1431159420289856,4.423913043478261,0.5966397479586178
Punjab,2018,171000,932000,5.45,Rabi,19.755849056603772,28.0786320754717,13.134009433962264,86.7,3282.12,42.1761320754717,1.4984433962264152,0.5223407888194652,2.240065060082642,2.183876811594203,1.1431159420289856,4.423913043478261,0.5966397479586178
Punjab,2018,175000,941000,5.38,Rabi,19.755849056603772,28.0786320754717,13.134009433962264,86.7,3282.12,42.1761320754717,1.4984433962264152,0.5223407888194652,2.240065060082642,2.183876811594203,1.1431159420289856,4.423913043478261,0.5966397479586178
Punjab,2018,214000,1192000,5.57,Rabi,19.755849056603772,28.0786320754717,13.134009433962264,86.7,3282.12,42.1761320754717,1.4984433962264152,0.5223407888194652,2.240065060082642,2.183876811594203,1.1431159420289856,4.423913043478261,0.5966397479586178
Punjab,2018,77000,385000,5.0,Rabi,19.755849056603772,28.0786320754717,13.134009433962264,86.7,3282.12,42.1761320754717,1.4984433962264152,0.5223407888194652,2.240065060082642,2.183876811594203,1.1431159420289856,4.423913043478261,0.5966397479586178
Punjab,2018,41000,163000,3.98,Rabi,19.755849056603772,28.0786320754717,13.134009433962264,86.7,3282.12,42.1761320754717,1.4984433962264152,0.5223407888194652,2.240065060082642,2.183876811594203,1.1431159420289856,4.423913043478261,0.5966397479586178
Punjab,2018,233000,1275000,5.47,Rabi,19.755849056603772,28.0786320754717,13.134009433962264,86.7,3282.12,42.1761320754717,1.4984433962264152,0.5223407888194652,2.240065060082642,2.183876811594203,1.1431159420289856,4.423913043478261,0.5966397479586178
Punjab,2018,69000,315000,4.57,Rabi,19.755849056603772,28.0786320754717,13.134009433962264,86.7,3282.12,42.1761320754717,1.4984433962264152,0.5223407888194652,2.240065060082642,2.183876811594203,1.1431159420289856,4.423913043478261,0.5966397479586178
Punjab,2018,50000,232000,4.64,Rabi,19.755849056603772,28.0786320754717,13.134009433962264,86.7,3282.12,42.1761320754717,1.4984433962264152,0.5223407888194652,2.240065060082642,2.183876811594203,1.1431159420289856,4.423913043478261,0.5966397479586178
Punjab,2018,290000,1682000,5.8,Rabi,19.755849056603772,28.0786320754717,13.134009433962264,86.7,3282.12,42.1761320754717,1.4984433962264152,0.5223407888194652,2.240065060082642,2.183876811594203,1.1431159420289856,4.423913043478261,0.5966397479586178
Punjab,2018,186000,871000,4.68,Rabi,19.755849056603772,28.0786320754717,13.134009433962264,86.7,3282.12,42.1761320754717,1.4984433962264152,0.5223407888194652,2.240065060082642,2.183876811594203,1.1431159420289856,4.423913043478261,0.5966397479586178
Punjab,2019,188000,852000,4.53,Kharif,32.04975409836066,37.17360655737705,26.929344262295082,702.83,2396.67,58.48934426229508,1.555327868852459,0.5883517689063078,2.240065060082642,2.183876811594203,1.1431159420289856,4.423913043478261,0.5966397479586178
Punjab,2019,114000,599000,5.25,Kharif,32.04975409836066,37.17360655737705,26.929344262295082,702.83,2396.67,58.48934426229508,1.555327868852459,0.5883517689063078,2.240065060082642,2.183876811594203,1.1431159420289856,4.423913043478261,0.5966397479586178
Punjab,2019,256000,1387000,5.42,Kharif,32.04975409836066,37.17360655737705,26.929344262295082,702.83,2396.67,58.48934426229508,1.555327868852459,0.5883517689063078,2.240065060082642,2.183876811594203,1.1431159420289856,4.423913043478261,0.5966397479586178
Punjab,2019,116000,646000,5.57,Kharif,32.04975409836066,37.17360655737705,26.929344262295082,702.83,2396.67,58.48934426229508,1.555327868852459,0.5883517689063078,2.240065060082642,2.183876811594203,1.1431159420289856,4.423913043478261,0.5966397479586178
Punjab,2019,85000,374000,4.4,Kharif,32.04975409836066,37.17360655737705,26.929344262295082,702.83,2396.67,58.48934426229508,1.555327868852459,0.5883517689063078,2.240065060082642,2.183876811594203,1.1431159420289856,4.423913043478261,0.5966397479586178
Punjab,2019,206000,1016000,4.93,Kharif,32.04975409836066,37.17360655737705,26.929344262295082,702.83,2396.67,58.48934426229508,1.555327868852459,0.5883517689063078,2.240065060082642,2.183876811594203,1.1431159420289856,4.423913043478261,0.5966397479586178
Punjab,2019,187000,957000,5.12,Kharif,32.04975409836066,37.17360655737705,26.929344262295082,702.83,2396.67,58.48934426229508,1.555327868852459,0.5883517689063078,2.240065060082642,2.183876811594203,1.1431159420289856,4.423913043478261,0.5966397479586178
Punjab,2019,185000,772000,4.17,Kharif,32.04975409836066,37.17360655737705,26.929344262295082,702.83,2396.67,58.48934426229508,1.555327868852459,0.5883517689063078,2.240065060082642,2.183876811594203,1.1431159420289856,4.423913043478261,0.5966397479586178
Punjab,2019,142000,609000,4.29,Kharif,32.04975409836066,37.17360655737705,26.929344262295082,702.83,2396.67,58.48934426229508,1.555327868852459,0.5883517689063078,2.240065060082642,2.183876811594203,1.1431159420289856,4.423913043478261,0.5966397479586178
Punjab,2019,173000,870000,5.03,Kharif,32.04975409836066,37.17360655737705,26.929344262295082,702.83,2396.67,58.48934426229508,1.555327868852459,0.5883517689063078,2.240065060082642,2.183876811594203,1.1431159420289856,4.423913043478261,0.5966397479586178
Punjab,2019,109000,507000,4.65,Kharif,32.04975409836066,37.17360655737705,26.929344262295082,702.83,2396.67,58.48934426229508,1.555327868852459,0.5883517689063078,2.240065060082642,2.183876811594203,1.1431159420289856,4.423913043478261,0.5966397479586178
Punjab,2019,250000,1275000,5.1,Kharif,32.04975409836066,37.17360655737705,26.929344262295082,702.83,2396.67,58.48934426229508,1.555327868852459,0.5883517689063078,2.240065060082642,2.183876811594203,1.1431159420289856,4.423913043478261,0.5966397479586178
Punjab,2019,171000,922000,5.39,Kharif,32.04975409836066,37.17360655737705,26.929344262295082,702.83,2396.67,58.48934426229508,1.555327868852459,0.5883517689063078,2.240065060082642,2.183876811594203,1.1431159420289856,4.423913043478261,0.5966397479586178
Punjab,2019,176000,942000,5.35,Kharif,32.04975409836066,37.17360655737705,26.929344262295082,702.83,2396.67,58.48934426229508,1.555327868852459,0.5883517689063078,2.240065060082642,2.183876811594203,1.1431159420289856,4.423913043478261,0.5966397479586178
Punjab,2019,214000,1168000,5.46,Kharif,32.04975409836066,37.17360655737705,26.929344262295082,702.83,2396.67,58.48934426229508,1.555327868852459,0.5883517689063078,2.240065060082642,2.183876811594203,1.1431159420289856,4.423913043478261,0.5966397479586178
Punjab,2019,77000,391000,5.08,Kharif,32.04975409836066,37.17360655737705,26.929344262295082,702.83,2396.67,58.48934426229508,1.555327868852459,0.5883517689063078,2.240065060082642,2.183876811594203,1.1431159420289856,4.423913043478261,0.5966397479586178
Punjab,2019,40000,158000,3.95,Kharif,32.04975409836066,37.17360655737705,26.929344262295082,702.83,2396.67,58.48934426229508,1.555327868852459,0.5883517689063078,2.240065060082642,2.183876811594203,1.1431159420289856,4.423913043478261,0.5966397479586178
Punjab,2019,234000,1116000,4.77,Kharif,32.04975409836066,37.17360655737705,26.929344262295082,702.83,2396.67,58.48934426229508,1.555327868852459,0.5883517689063078,2.240065060082642,2.183876811594203,1.1431159420289856,4.423913043478261,0.5966397479586178
Punjab,2019,69000,299000,4.33,Kharif,32.04975409836066,37.17360655737705,26.929344262295082,702.83,2396.67,58.48934426229508,1.555327868852459,0.5883517689063078,2.240065060082642,2.183876811594203,1.1431159420289856,4.423913043478261,0.5966397479586178
Punjab,2019,50000,226000,4.52,Kharif,32.04975409836066,37.17360655737705,26.929344262295082,702.83,2396.67,58.48934426229508,1.555327868852459,0.5883517689063078,2.240065060082642,2.183876811594203,1.1431159420289856,4.423913043478261,0.5966397479586178
Punjab,2019,291000,1678000,5.77,Kharif,32.04975409836066,37.17360655737705,26.929344262295082,702.83,2396.67,58.48934426229508,1.555327868852459,0.5883517689063078,2.240065060082642,2.183876811594203,1.1431159420289856,4.423913043478261,0.5966397479586178
Punjab,2019,187000,916000,4.9,Kharif,32.04975409836066,37.17360655737705,26.929344262295082,702.83,2396.67,58.48934426229508,1.555327868852459,0.5883517689063078,2.240065060082642,2.183876811594203,1.1431159420289856,4.423913043478261,0.5966397479586178
Punjab,2019,188000,852000,4.53,Rabi,18.329245283018867,25.684622641509435,12.429858490566039,236.78,2929.68,55.080707547169816,1.4485377358490565,0.5499544392336299,2.240065060082642,2.183876811594203,1.1431159420289856,4.423913043478261,0.5966397479586178
Punjab,2019,114000,599000,5.25,Rabi,18.329245283018867,25.684622641509435,12.429858490566039,236.78,2929.68,55.080707547169816,1.4485377358490565,0.5499544392336299,2.240065060082642,2.183876811594203,1.1431159420289856,4.423913043478261,0.5966397479586178
Punjab,2019,256000,1387000,5.42,Rabi,18.329245283018867,25.684622641509435,12.429858490566039,236.78,2929.68,55.080707547169816,1.4485377358490565,0.5499544392336299,2.240065060082642,2.183876811594203,1.1431159420289856,4.423913043478261,0.5966397479586178
Punjab,2019,116000,646000,5.57,Rabi,18.329245283018867,25.684622641509435,12.429858490566039,236.78,2929.68,55.080707547169816,1.4485377358490565,0.5499544392336299,2.240065060082642,2.183876811594203,1.1431159420289856,4.423913043478261,0.5966397479586178
Punjab,2019,85000,374000,4.4,Rabi,18.329245283018867,25.684622641509435,12.429858490566039,236.78,2929.68,55.080707547169816,1.4485377358490565,0.5499544392336299,2.240065060082642,2.183876811594203,1.1431159420289856,4.423913043478261,0.5966397479586178
Punjab,2019,206000,1016000,4.93,Rabi,18.329245283018867,25.684622641509435,12.429858490566039,236.78,2929.68,55.080707547169816,1.4485377358490565,0.5499544392336299,2.240065060082642,2.183876811594203,1.1431159420289856,4.423913043478261,0.5966397479586178
Punjab,2019,187000,957000,5.12,Rabi,18.329245283018867,25.684622641509435,12.429858490566039,236.78,2929.68,55.080707547169816,1.4485377358490565,0.5499544392336299,2.240065060082642,2.183876811594203,1.1431159420289856,4.423913043478261,0.5966397479586178
Punjab,2019,185000,772000,4.17,Rabi,18.329245283018867,25.684622641509435,12.429858490566039,236.78,2929.68,55.080707547169816,1.4485377358490565,0.5499544392336299,2.240065060082642,2.183876811594203,1.1431159420289856,4.423913043478261,0.5966397479586178
Punjab,2019,142000,609000,4.29,Rabi,18.329245283018867,25.684622641509435,12.429858490566039,236.78,2929.68,55.080707547169816,1.4485377358490565,0.5499544392336299,2.240065060082642,2.183876811594203,1.1431159420289856,4.423913043478261,0.5966397479586178
Punjab,2019,173000,870000,5.03,Rabi,18.329245283018867,25.684622641509435,12.429858490566039,236.78,2929.68,55.080707547169816,1.4485377358490565,0.5499544392336299,2.240065060082642,2.183876811594203,1.1431159420289856,4.423913043478261,0.5966397479586178
Punjab,2019,109000,507000,4.65,Rabi,18.329245283018867,25.684622641509435,12.429858490566039,236.78,2929.68,55.080707547169816,1.4485377358490565,0.5499544392336299,2.240065060082642,2.183876811594203,1.1431159420289856,4.423913043478261,0.5966397479586178
Punjab,2019,250000,1275000,5.1,Rabi,18.329245283018867,25.684622641509435,12.429858490566039,236.78,2929.68,55.080707547169816,1.4485377358490565,0.5499544392336299,2.240065060082642,2.183876811594203,1.1431159420289856,4.423913043478261,0.5966397479586178
Punjab,2019,171000,922000,5.39,Rabi,18.329245283018867,25.684622641509435,12.429858490566039,236.78,2929.68,55.080707547169816,1.4485377358490565,0.5499544392336299,2.240065060082642,2.183876811594203,1.1431159420289856,4.423913043478261,0.5966397479586178
Punjab,2019,176000,942000,5.35,Rabi,18.329245283018867,25.684622641509435,12.429858490566039,236.78,2929.68,55.080707547169816,1.4485377358490565,0.5499544392336299,2.240065060082642,2.183876811594203,1.1431159420289856,4.423913043478261,0.5966397479586178
Punjab,2019,214000,1168000,5.46,Rabi,18.329245283018867,25.684622641509435,12.429858490566039,236.78,2929.68,55.080707547169816,1.4485377358490565,0.5499544392336299,2.240065060082642,2.183876811594203,1.1431159420289856,4.423913043478261,0.5966397479586178
Punjab,2019,77000,391000,5.08,Rabi,18.329245283018867,25.684622641509435,12.429858490566039,236.78,2929.68,55.080707547169816,1.4485377358490565,0.5499544392336299,2.240065060082642,2.183876811594203,1.1431159420289856,4.423913043478261,0.5966397479586178
Punjab,2019,40000,158000,3.95,Rabi,18.329245283018867,25.684622641509435,12.429858490566039,236.78,2929.68,55.080707547169816,1.4485377358490565,0.5499544392336299,2.240065060082642,2.183876811594203,1.1431159420289856,4.423913043478261,0.5966397479586178
Punjab,2019,234000,1116000,4.77,Rabi,18.329245283018867,25.684622641509435,12.429858490566039,236.78,2929.68,55.080707547169816,1.4485377358490565,0.5499544392336299,2.240065060082642,2.183876811594203,1.1431159420289856,4.423913043478261,0.5966397479586178
Punjab,2019,69000,299000,4.33,Rabi,18.329245283018867,25.684622641509435,12.429858490566039,236.78,2929.68,55.080707547169816,1.4485377358490565,0.5499544392336299,2.240065060082642,2.183876811594203,1.1431159420289856,4.423913043478261,0.5966397479586178
Punjab,2019,50000,226000,4.52,Rabi,18.329245283018867,25.684622641509435,12.429858490566039,236.78,2929.68,55.080707547169816,1.4485377358490565,0.5499544392336299,2.240065060082642,2.183876811594203,1.1431159420289856,4.423913043478261,0.5966397479586178
Punjab,2019,291000,1678000,5.77,Rabi,18.329245283018867,25.684622641509435,12.429858490566039,236.78,2929.68,55.080707547169816,1.4485377358490565,0.5499544392336299,2.240065060082642,2.183876811594203,1.1431159420289856,4.423913043478261,0.5966397479586178
Punjab,2019,187000,916000,4.9,Rabi,18.329245283018867,25.684622641509435,12.429858490566039,236.78,2929.68,55.080707547169816,1.4485377358490565,0.5499544392336299,2.240065060082642,2.183876811594203,1.1431159420289856,4.423913043478261,0.5966397479586178
Punjab,2020,189000,900000,4.76,Kharif,32.01032786885246,37.417459016393444,26.8072131147541,529.83,2478.16,58.580163934426224,1.598360655737705,0.5880785617281754,2.240065060082642,2.183876811594203,1.1431159420289856,4.423913043478261,0.5966397479586178
Punjab,2020,113700,546000,4.8,Kharif,32.01032786885246,37.417459016393444,26.8072131147541,529.83,2478.16,58.580163934426224,1.598360655737705,0.5880785617281754,2.240065060082642,2.183876811594203,1.1431159420289856,4.423913043478261,0.5966397479586178
Punjab,2020,255600,1266000,4.95,Kharif,32.01032786885246,37.417459016393444,26.8072131147541,529.83,2478.16,58.580163934426224,1.598360655737705,0.5880785617281754,2.240065060082642,2.183876811594203,1.1431159420289856,4.423913043478261,0.5966397479586178
Punjab,2020,116000,588000,5.07,Kharif,32.01032786885246,37.417459016393444,26.8072131147541,529.83,2478.16,58.580163934426224,1.598360655737705,0.5880785617281754,2.240065060082642,2.183876811594203,1.1431159420289856,4.423913043478261,0.5966397479586178
Punjab,2020,85100,422000,4.96,Kharif,32.01032786885246,37.417459016393444,26.8072131147541,529.83,2478.16,58.580163934426224,1.598360655737705,0.5880785617281754,2.240065060082642,2.183876811594203,1.1431159420289856,4.423913043478261,0.5966397479586178
Punjab,2020,207500,984000,4.74,Kharif,32.01032786885246,37.417459016393444,26.8072131147541,529.83,2478.16,58.580163934426224,1.598360655737705,0.5880785617281754,2.240065060082642,2.183876811594203,1.1431159420289856,4.423913043478261,0.5966397479586178
Punjab,2020,196100,967000,4.93,Kharif,32.01032786885246,37.417459016393444,26.8072131147541,529.83,2478.16,58.580163934426224,1.598360655737705,0.5880785617281754,2.240065060082642,2.183876811594203,1.1431159420289856,4.423913043478261,0.5966397479586178
Punjab,2020,185600,840000,4.53,Kharif,32.01032786885246,37.417459016393444,26.8072131147541,529.83,2478.16,58.580163934426224,1.598360655737705,0.5880785617281754,2.240065060082642,2.183876811594203,1.1431159420289856,4.423913043478261,0.5966397479586178
Punjab,2020,141900,588000,4.14,Kharif,32.01032786885246,37.417459016393444,26.8072131147541,529.83,2478.16,58.580163934426224,1.598360655737705,0.5880785617281754,2.240065060082642,2.183876811594203,1.1431159420289856,4.423913043478261,0.5966397479586178
Punjab,2020,172400,845000,4.9,Kharif,32.01032786885246,37.417459016393444,26.8072131147541,529.83,2478.16,58.580163934426224,1.598360655737705,0.5880785617281754,2.240065060082642,2.183876811594203,1.1431159420289856,4.423913043478261,0.5966397479586178
Punjab,2020,105200,486000,4.62,Kharif,32.01032786885246,37.417459016393444,26.8072131147541,529.83,2478.16,58.580163934426224,1.598360655737705,0.5880785617281754,2.240065060082642,2.183876811594203,1.1431159420289856,4.423913043478261,0.5966397479586178
Punjab,2020,249700,1241000,4.97,Kharif,32.01032786885246,37.417459016393444,26.8072131147541,529.83,2478.16,58.580163934426224,1.598360655737705,0.5880785617281754,2.240065060082642,2.183876811594203,1.1431159420289856,4.423913043478261,0.5966397479586178
Punjab,2020,171600,852000,4.97,Kharif,32.01032786885246,37.417459016393444,26.8072131147541,529.83,2478.16,58.580163934426224,1.598360655737705,0.5880785617281754,2.240065060082642,2.183876811594203,1.1431159420289856,4.423913043478261,0.5966397479586178
Punjab,2020,177000,911000,5.15,Kharif,32.01032786885246,37.417459016393444,26.8072131147541,529.83,2478.16,58.580163934426224,1.598360655737705,0.5880785617281754,2.240065060082642,2.183876811594203,1.1431159420289856,4.423913043478261,0.5966397479586178
Punjab,2020,215200,1087000,5.05,Kharif,32.01032786885246,37.417459016393444,26.8072131147541,529.83,2478.16,58.580163934426224,1.598360655737705,0.5880785617281754,2.240065060082642,2.183876811594203,1.1431159420289856,4.423913043478261,0.5966397479586178
Punjab,2020,77700,384000,4.94,Kharif,32.01032786885246,37.417459016393444,26.8072131147541,529.83,2478.16,58.580163934426224,1.598360655737705,0.5880785617281754,2.240065060082642,2.183876811594203,1.1431159420289856,4.423913043478261,0.5966397479586178
Punjab,2020,42000,182000,4.33,Kharif,32.01032786885246,37.417459016393444,26.8072131147541,529.83,2478.16,58.580163934426224,1.598360655737705,0.5880785617281754,2.240065060082642,2.183876811594203,1.1431159420289856,4.423913043478261,0.5966397479586178
Punjab,2020,233700,1162000,4.97,Kharif,32.01032786885246,37.417459016393444,26.8072131147541,529.83,2478.16,58.580163934426224,1.598360655737705,0.5880785617281754,2.240065060082642,2.183876811594203,1.1431159420289856,4.423913043478261,0.5966397479586178
Punjab,2020,68700,310000,4.51,Kharif,32.01032786885246,37.417459016393444,26.8072131147541,529.83,2478.16,58.580163934426224,1.598360655737705,0.5880785617281754,2.240065060082642,2.183876811594203,1.1431159420289856,4.423913043478261,0.5966397479586178
Punjab,2020,48500,212000,4.37,Kharif,32.01032786885246,37.417459016393444,26.8072131147541,529.83,2478.16,58.580163934426224,1.598360655737705,0.5880785617281754,2.240065060082642,2.183876811594203,1.1431159420289856,4.423913043478261,0.5966397479586178
Punjab,2020,291000,1532000,5.26,Kharif,32.01032786885246,37.417459016393444,26.8072131147541,529.83,2478.16,58.580163934426224,1.598360655737705,0.5880785617281754,2.240065060082642,2.183876811594203,1.1431159420289856,4.423913043478261,0.5966397479586178
Punjab,2020,188000,855000,4.55,Kharif,32.01032786885246,37.417459016393444,26.8072131147541,529.83,2478.16,58.580163934426224,1.598360655737705,0.5880785617281754,2.240065060082642,2.183876811594203,1.1431159420289856,4.423913043478261,0.5966397479586178
Punjab,2020,189000,900000,4.76,Rabi,18.144084507042255,25.947652582159627,12.340046948356807,227.81,3124.1,54.43586854460094,1.5744600938967137,0.5322127943971849,2.240065060082642,2.183876811594203,1.1431159420289856,4.423913043478261,0.5966397479586178
Punjab,2020,113700,546000,4.8,Rabi,18.144084507042255,25.947652582159627,12.340046948356807,227.81,3124.1,54.43586854460094,1.5744600938967137,0.5322127943971849,2.240065060082642,2.183876811594203,1.1431159420289856,4.423913043478261,0.5966397479586178
Punjab,2020,255600,1266000,4.95,Rabi,18.144084507042255,25.947652582159627,12.340046948356807,227.81,3124.1,54.43586854460094,1.5744600938967137,0.5322127943971849,2.240065060082642,2.183876811594203,1.1431159420289856,4.423913043478261,0.5966397479586178
Punjab,2020,116000,588000,5.07,Rabi,18.144084507042255,25.947652582159627,12.340046948356807,227.81,3124.1,54.43586854460094,1.5744600938967137,0.5322127943971849,2.240065060082642,2.183876811594203,1.1431159420289856,4.423913043478261,0.5966397479586178
Punjab,2020,85100,422000,4.96,Rabi,18.144084507042255,25.947652582159627,12.340046948356807,227.81,3124.1,54.43586854460094,1.5744600938967137,0.5322127943971849,2.240065060082642,2.183876811594203,1.1431159420289856,4.423913043478261,0.5966397479586178
Punjab,2020,207500,984000,4.74,Rabi,18.144084507042255,25.947652582159627,12.340046948356807,227.81,3124.1,54.43586854460094,1.5744600938967137,0.5322127943971849,2.240065060082642,2.183876811594203,1.1431159420289856,4.423913043478261,0.5966397479586178
Punjab,2020,196100,967000,4.93,Rabi,18.144084507042255,25.947652582159627,12.340046948356807,227.81,3124.1,54.43586854460094,1.5744600938967137,0.5322127943971849,2.240065060082642,2.183876811594203,1.1431159420289856,4.423913043478261,0.5966397479586178
Punjab,2020,185600,840000,4.53,Rabi,18.144084507042255,25.947652582159627,12.340046948356807,227.81,3124.1,54.43586854460094,1.5744600938967137,0.5322127943971849,2.240065060082642,2.183876811594203,1.1431159420289856,4.423913043478261,0.5966397479586178
Punjab,2020,141900,588000,4.14,Rabi,18.144084507042255,25.947652582159627,12.340046948356807,227.81,3124.1,54.43586854460094,1.5744600938967137,0.5322127943971849,2.240065060082642,2.183876811594203,1.1431159420289856,4.423913043478261,0.5966397479586178
Punjab,2020,172400,845000,4.9,Rabi,18.144084507042255,25.947652582159627,12.340046948356807,227.81,3124.1,54.43586854460094,1.5744600938967137,0.5322127943971849,2.240065060082642,2.183876811594203,1.1431159420289856,4.423913043478261,0.5966397479586178
Punjab,2020,105200,486000,4.62,Rabi,18.144084507042255,25.947652582159627,12.340046948356807,227.81,3124.1,54.43586854460094,1.5744600938967137,0.5322127943971849,2.240065060082642,2.183876811594203,1.1431159420289856,4.423913043478261,0.5966397479586178
Punjab,2020,249700,1241000,4.97,Rabi,18.144084507042255,25.947652582159627,12.340046948356807,227.81,3124.1,54.43586854460094,1.5744600938967137,0.5322127943971849,2.240065060082642,2.183876811594203,1.1431159420289856,4.423913043478261,0.5966397479586178
Punjab,2020,171600,852000,4.97,Rabi,18.144084507042255,25.947652582159627,12.340046948356807,227.81,3124.1,54.43586854460094,1.5744600938967137,0.5322127943971849,2.240065060082642,2.183876811594203,1.1431159420289856,4.423913043478261,0.5966397479586178
Punjab,2020,177000,911000,5.15,Rabi,18.144084507042255,25.947652582159627,12.340046948356807,227.81,3124.1,54.43586854460094,1.5744600938967137,0.5322127943971849,2.240065060082642,2.183876811594203,1.1431159420289856,4.423913043478261,0.5966397479586178
Punjab,2020,215200,1087000,5.05,Rabi,18.144084507042255,25.947652582159627,12.340046948356807,227.81,3124.1,54.43586854460094,1.5744600938967137,0.5322127943971849,2.240065060082642,2.183876811594203,1.1431159420289856,4.423913043478261,0.5966397479586178
Punjab,2020,77700,384000,4.94,Rabi,18.144084507042255,25.947652582159627,12.340046948356807,227.81,3124.1,54.43586854460094,1.5744600938967137,0.5322127943971849,2.240065060082642,2.183876811594203,1.1431159420289856,4.423913043478261,0.5966397479586178
Punjab,2020,42000,182000,4.33,Rabi,18.144084507042255,25.947652582159627,12.340046948356807,227.81,3124.1,54.43586854460094,1.5744600938967137,0.5322127943971849,2.240065060082642,2.183876811594203,1.1431159420289856,4.423913043478261,0.5966397479586178
Punjab,2020,233700,1162000,4.97,Rabi,18.144084507042255,25.947652582159627,12.340046948356807,227.81,3124.1,54.43586854460094,1.5744600938967137,0.5322127943971849,2.240065060082642,2.183876811594203,1.1431159420289856,4.423913043478261,0.5966397479586178
Punjab,2020,68700,310000,4.51,Rabi,18.144084507042255,25.947652582159627,12.340046948356807,227.81,3124.1,54.43586854460094,1.5744600938967137,0.5322127943971849,2.240065060082642,2.183876811594203,1.1431159420289856,4.423913043478261,0.5966397479586178
Punjab,2020,48500,212000,4.37,Rabi,18.144084507042255,25.947652582159627,12.340046948356807,227.81,3124.1,54.43586854460094,1.5744600938967137,0.5322127943971849,2.240065060082642,2.183876811594203,1.1431159420289856,4.423913043478261,0.5966397479586178
Punjab,2020,291000,1532000,5.26,Rabi,18.144084507042255,25.947652582159627,12.340046948356807,227.81,3124.1,54.43586854460094,1.5744600938967137,0.5322127943971849,2.240065060082642,2.183876811594203,1.1431159420289856,4.423913043478261,0.5966397479586178
Punjab,2020,188000,855000,4.55,Rabi,18.144084507042255,25.947652582159627,12.340046948356807,227.81,3124.1,54.43586854460094,1.5744600938967137,0.5322127943971849,2.240065060082642,2.183876811594203,1.1431159420289856,4.423913043478261,0.5966397479586178
Punjab,2021,189300,843000,4.45,Kharif,31.964918032786883,37.309999999999995,26.69360655737705,649.23,2330.4,58.30795081967213,1.5758196721311475,0.5876032571601886,2.240065060082642,2.183876811594203,1.1431159420289856,4.423913043478261,0.5966397479586178
Punjab,2021,114800,525000,4.57,Kharif,31.964918032786883,37.309999999999995,26.69360655737705,649.23,2330.4,58.30795081967213,1.5758196721311475,0.5876032571601886,2.240065060082642,2.183876811594203,1.1431159420289856,4.423913043478261,0.5966397479586178
Punjab,2021,260700,1149000,4.41,Kharif,31.964918032786883,37.309999999999995,26.69360655737705,649.23,2330.4,58.30795081967213,1.5758196721311475,0.5876032571601886,2.240065060082642,2.183876811594203,1.1431159420289856,4.423913043478261,0.5966397479586178
Punjab,2021,115500,529000,4.58,Kharif,31.964918032786883,37.309999999999995,26.69360655737705,649.23,2330.4,58.30795081967213,1.5758196721311475,0.5876032571601886,2.240065060082642,2.183876811594203,1.1431159420289856,4.423913043478261,0.5966397479586178
Punjab,2021,85300,290000,3.4,Kharif,31.964918032786883,37.309999999999995,26.69360655737705,649.23,2330.4,58.30795081967213,1.5758196721311475,0.5876032571601886,2.240065060082642,2.183876811594203,1.1431159420289856,4.423913043478261,0.5966397479586178
Punjab,2021,204100,873000,4.28,Kharif,31.964918032786883,37.309999999999995,26.69360655737705,649.23,2330.4,58.30795081967213,1.5758196721311475,0.5876032571601886,2.240065060082642,2.183876811594203,1.1431159420289856,4.423913043478261,0.5966397479586178
Punjab,2021,187800,821000,4.37,Kharif,31.964918032786883,37.309999999999995,26.69360655737705,649.23,2330.4,58.30795081967213,1.5758196721311475,0.5876032571601886,2.240065060082642,2.183876811594203,1.1431159420289856,4.423913043478261,0.5966397479586178
Punjab,2021,184100,777000,4.22,Kharif,31.964918032786883,37.309999999999995,26.69360655737705,649.23,2330.4,58.30795081967213,1.5758196721311475,0.5876032571601886,2.240065060082642,2.183876811594203,1.1431159420289856,4.423913043478261,0.5966397479586178
Punjab,2021,142200,515000,3.62,Kharif,31.964918032786883,37.309999999999995,26.69360655737705,649.23,2330.4,58.30795081967213,1.5758196721311475,0.5876032571601886,2.240065060082642,2.183876811594203,1.1431159420289856,4.423913043478261,0.5966397479586178
Punjab,2021,173300,732000,4.22,Kharif,31.964918032786883,37.309999999999995,26.69360655737705,649.23,2330.4,58.30795081967213,1.5758196721311475,0.5876032571601886,2.240065060082642,2.183876811594203,1.1431159420289856,4.423913043478261,0.5966397479586178
Punjab,2021,110000,439000,3.99,Kharif,31.964918032786883,37.309999999999995,26.69360655737705,649.23,2330.4,58.30795081967213,1.5758196721311475,0.5876032571601886,2.240065060082642,2.183876811594203,1.1431159420289856,4.423913043478261,0.5966397479586178
Punjab,2021,244200,1044000,4.28,Kharif,31.964918032786883,37.309999999999995,26.69360655737705,649.23,2330.4,58.30795081967213,1.5758196721311475,0.5876032571601886,2.240065060082642,2.183876811594203,1.1431159420289856,4.423913043478261,0.5966397479586178
Punjab,2021,52400,227000,4.33,Kharif,31.964918032786883,37.309999999999995,26.69360655737705,649.23,2330.4,58.30795081967213,1.5758196721311475,0.5876032571601886,2.240065060082642,2.183876811594203,1.1431159420289856,4.423913043478261,0.5966397479586178
Punjab,2021,172500,768000,4.45,Kharif,31.964918032786883,37.309999999999995,26.69360655737705,649.23,2330.4,58.30795081967213,1.5758196721311475,0.5876032571601886,2.240065060082642,2.183876811594203,1.1431159420289856,4.423913043478261,0.5966397479586178
Punjab,2021,177900,778000,4.37,Kharif,31.964918032786883,37.309999999999995,26.69360655737705,649.23,2330.4,58.30795081967213,1.5758196721311475,0.5876032571601886,2.240065060082642,2.183876811594203,1.1431159420289856,4.423913043478261,0.5966397479586178
Punjab,2021,219200,992000,4.53,Kharif,31.964918032786883,37.309999999999995,26.69360655737705,649.23,2330.4,58.30795081967213,1.5758196721311475,0.5876032571601886,2.240065060082642,2.183876811594203,1.1431159420289856,4.423913043478261,0.5966397479586178
Punjab,2021,77300,299000,3.87,Kharif,31.964918032786883,37.309999999999995,26.69360655737705,649.23,2330.4,58.30795081967213,1.5758196721311475,0.5876032571601886,2.240065060082642,2.183876811594203,1.1431159420289856,4.423913043478261,0.5966397479586178
Punjab,2021,39400,144000,3.65,Kharif,31.964918032786883,37.309999999999995,26.69360655737705,649.23,2330.4,58.30795081967213,1.5758196721311475,0.5876032571601886,2.240065060082642,2.183876811594203,1.1431159420289856,4.423913043478261,0.5966397479586178
Punjab,2021,233500,907000,3.88,Kharif,31.964918032786883,37.309999999999995,26.69360655737705,649.23,2330.4,58.30795081967213,1.5758196721311475,0.5876032571601886,2.240065060082642,2.183876811594203,1.1431159420289856,4.423913043478261,0.5966397479586178
Punjab,2021,68600,248000,3.62,Kharif,31.964918032786883,37.309999999999995,26.69360655737705,649.23,2330.4,58.30795081967213,1.5758196721311475,0.5876032571601886,2.240065060082642,2.183876811594203,1.1431159420289856,4.423913043478261,0.5966397479586178
Punjab,2021,50100,186000,3.71,Kharif,31.964918032786883,37.309999999999995,26.69360655737705,649.23,2330.4,58.30795081967213,1.5758196721311475,0.5876032571601886,2.240065060082642,2.183876811594203,1.1431159420289856,4.423913043478261,0.5966397479586178
Punjab,2021,238800,989000,4.14,Kharif,31.964918032786883,37.309999999999995,26.69360655737705,649.23,2330.4,58.30795081967213,1.5758196721311475,0.5876032571601886,2.240065060082642,2.183876811594203,1.1431159420289856,4.423913043478261,0.5966397479586178
Punjab,2021,187000,880000,4.71,Kharif,31.964918032786883,37.309999999999995,26.69360655737705,649.23,2330.4,58.30795081967213,1.5758196721311475,0.5876032571601886,2.240065060082642,2.183876811594203,1.1431159420289856,4.423913043478261,0.5966397479586178
Punjab,2021,189300,843000,4.45,Rabi,19.602735849056604,28.025801886792454,13.304905660377358,119.08,3151.53,48.10306603773585,1.6305188679245284,0.4922091696766246,2.240065060082642,2.183876811594203,1.1431159420289856,4.423913043478261,0.5966397479586178
Punjab,2021,114800,525000,4.57,Rabi,19.602735849056604,28.025801886792454,13.304905660377358,119.08,3151.53,48.10306603773585,1.6305188679245284,0.4922091696766246,2.240065060082642,2.183876811594203,1.1431159420289856,4.423913043478261,0.5966397479586178
Punjab,2021,260700,1149000,4.41,Rabi,19.602735849056604,28.025801886792454,13.304905660377358,119.08,3151.53,48.10306603773585,1.6305188679245284,0.4922091696766246,2.240065060082642,2.183876811594203,1.1431159420289856,4.423913043478261,0.5966397479586178
Punjab,2021,115500,529000,4.58,Rabi,19.602735849056604,28.025801886792454,13.304905660377358,119.08,3151.53,48.10306603773585,1.6305188679245284,0.4922091696766246,2.240065060082642,2.183876811594203,1.1431159420289856,4.423913043478261,0.5966397479586178
Punjab,2021,85300,290000,3.4,Rabi,19.602735849056604,28.025801886792454,13.304905660377358,119.08,3151.53,48.10306603773585,1.6305188679245284,0.4922091696766246,2.240065060082642,2.183876811594203,1.1431159420289856,4.423913043478261,0.5966397479586178
Punjab,2021,204100,873000,4.28,Rabi,19.602735849056604,28.025801886792454,13.304905660377358,119.08,3151.53,48.10306603773585,1.6305188679245284,0.4922091696766246,2.240065060082642,2.183876811594203,1.1431159420289856,4.423913043478261,0.5966397479586178
Punjab,2021,187800,821000,4.37,Rabi,19.602735849056604,28.025801886792454,13.304905660377358,119.08,3151.53,48.10306603773585,1.6305188679245284,0.4922091696766246,2.240065060082642,2.183876811594203,1.1431159420289856,4.423913043478261,0.5966397479586178
Punjab,2021,184100,777000,4.22,Rabi,19.602735849056604,28.025801886792454,13.304905660377358,119.08,3151.53,48.10306603773585,1.6305188679245284,0.4922091696766246,2.240065060082642,2.183876811594203,1.1431159420289856,4.423913043478261,0.5966397479586178
Punjab,2021,142200,515000,3.62,Rabi,19.602735849056604,28.025801886792454,13.304905660377358,119.08,3151.53,48.10306603773585,1.6305188679245284,0.4922091696766246,2.240065060082642,2.183876811594203,1.1431159420289856,4.423913043478261,0.5966397479586178
Punjab,2021,173300,732000,4.22,Rabi,19.602735849056604,28.025801886792454,13.304905660377358,119.08,3151.53,48.10306603773585,1.6305188679245284,0.4922091696766246,2.240065060082642,2.183876811594203,1.1431159420289856,4.423913043478261,0.5966397479586178
Punjab,2021,110000,439000,3.99,Rabi,19.602735849056604,28.025801886792454,13.304905660377358,119.08,3151.53,48.10306603773585,1.6305188679245284,0.4922091696766246,2.240065060082642,2.183876811594203,1.1431159420289856,4.423913043478261,0.5966397479586178
Punjab,2021,244200,1044000,4.28,Rabi,19.602735849056604,28.025801886792454,13.304905660377358,119.08,3151.53,48.10306603773585,1.6305188679245284,0.4922091696766246,2.240065060082642,2.183876811594203,1.1431159420289856,4.423913043478261,0.5966397479586178
Punjab,2021,52400,227000,4.33,Rabi,19.602735849056604,28.025801886792454,13.304905660377358,119.08,3151.53,48.10306603773585,1.6305188679245284,0.4922091696766246,2.240065060082642,2.183876811594203,1.1431159420289856,4.423913043478261,0.5966397479586178
Punjab,2021,172500,768000,4.45,Rabi,19.602735849056604,28.025801886792454,13.304905660377358,119.08,3151.53,48.10306603773585,1.6305188679245284,0.4922091696766246,2.240065060082642,2.183876811594203,1.1431159420289856,4.423913043478261,0.5966397479586178
Punjab,2021,177900,778000,4.37,Rabi,19.602735849056604,28.025801886792454,13.304905660377358,119.08,3151.53,48.10306603773585,1.6305188679245284,0.4922091696766246,2.240065060082642,2.183876811594203,1.1431159420289856,4.423913043478261,0.5966397479586178
Punjab,2021,219200,992000,4.53,Rabi,19.602735849056604,28.025801886792454,13.304905660377358,119.08,3151.53,48.10306603773585,1.6305188679245284,0.4922091696766246,2.240065060082642,2.183876811594203,1.1431159420289856,4.423913043478261,0.5966397479586178
Punjab,2021,77300,299000,3.87,Rabi,19.602735849056604,28.025801886792454,13.304905660377358,119.08,3151.53,48.10306603773585,1.6305188679245284,0.4922091696766246,2.240065060082642,2.183876811594203,1.1431159420289856,4.423913043478261,0.5966397479586178
Punjab,2021,39400,144000,3.65,Rabi,19.602735849056604,28.025801886792454,13.304905660377358,119.08,3151.53,48.10306603773585,1.6305188679245284,0.4922091696766246,2.240065060082642,2.183876811594203,1.1431159420289856,4.423913043478261,0.5966397479586178
Punjab,2021,233500,907000,3.88,Rabi,19.602735849056604,28.025801886792454,13.304905660377358,119.08,3151.53,48.10306603773585,1.6305188679245284,0.4922091696766246,2.240065060082642,2.183876811594203,1.1431159420289856,4.423913043478261,0.5966397479586178
Punjab,2021,68600,248000,3.62,Rabi,19.602735849056604,28.025801886792454,13.304905660377358,119.08,3151.53,48.10306603773585,1.6305188679245284,0.4922091696766246,2.240065060082642,2.183876811594203,1.1431159420289856,4.423913043478261,0.5966397479586178
Punjab,2021,50100,186000,3.71,Rabi,19.602735849056604,28.025801886792454,13.304905660377358,119.08,3151.53,48.10306603773585,1.6305188679245284,0.4922091696766246,2.240065060082642,2.183876811594203,1.1431159420289856,4.423913043478261,0.5966397479586178
Punjab,2021,238800,989000,4.14,Rabi,19.602735849056604,28.025801886792454,13.304905660377358,119.08,3151.53,48.10306603773585,1.6305188679245284,0.4922091696766246,2.240065060082642,2.183876811594203,1.1431159420289856,4.423913043478261,0.5966397479586178
Punjab,2021,187000,880000,4.71,Rabi,19.602735849056604,28.025801886792454,13.304905660377358,119.08,3151.53,48.10306603773585,1.6305188679245284,0.4922091696766246,2.240065060082642,2.183876811594203,1.1431159420289856,4.423913043478261,0.5966397479586178
Punjab,2022,189100,905400,4.79,Kharif,31.06590163934426,35.73680327868853,26.458196721311477,766.54,2333.83,64.34745901639344,1.5604098360655738,0.6011112925613307,2.240065060082642,2.183876811594203,1.1431159420289856,4.423913043478261,0.5966397479586178
Punjab,2022,113400,574100,5.06,Kharif,31.06590163934426,35.73680327868853,26.458196721311477,766.54,2333.83,64.34745901639344,1.5604098360655738,0.6011112925613307,2.240065060082642,2.183876811594203,1.1431159420289856,4.423913043478261,0.5966397479586178
Punjab,2022,254000,1257300,4.95,Kharif,31.06590163934426,35.73680327868853,26.458196721311477,766.54,2333.83,64.34745901639344,1.5604098360655738,0.6011112925613307,2.240065060082642,2.183876811594203,1.1431159420289856,4.423913043478261,0.5966397479586178
Punjab,2022,115300,504500,4.38,Kharif,31.06590163934426,35.73680327868853,26.458196721311477,766.54,2333.83,64.34745901639344,1.5604098360655738,0.6011112925613307,2.240065060082642,2.183876811594203,1.1431159420289856,4.423913043478261,0.5966397479586178
Punjab,2022,84500,404700,4.79,Kharif,31.06590163934426,35.73680327868853,26.458196721311477,766.54,2333.83,64.34745901639344,1.5604098360655738,0.6011112925613307,2.240065060082642,2.183876811594203,1.1431159420289856,4.423913043478261,0.5966397479586178
Punjab,2022,200000,925000,4.63,Kharif,31.06590163934426,35.73680327868853,26.458196721311477,766.54,2333.83,64.34745901639344,1.5604098360655738,0.6011112925613307,2.240065060082642,2.183876811594203,1.1431159420289856,4.423913043478261,0.5966397479586178
Punjab,2022,188700,906000,4.8,Kharif,31.06590163934426,35.73680327868853,26.458196721311477,766.54,2333.83,64.34745901639344,1.5604098360655738,0.6011112925613307,2.240065060082642,2.183876811594203,1.1431159420289856,4.423913043478261,0.5966397479586178
Punjab,2022,185100,820400,4.43,Kharif,31.06590163934426,35.73680327868853,26.458196721311477,766.54,2333.83,64.34745901639344,1.5604098360655738,0.6011112925613307,2.240065060082642,2.183876811594203,1.1431159420289856,4.423913043478261,0.5966397479586178
Punjab,2022,141700,570800,4.03,Kharif,31.06590163934426,35.73680327868853,26.458196721311477,766.54,2333.83,64.34745901639344,1.5604098360655738,0.6011112925613307,2.240065060082642,2.183876811594203,1.1431159420289856,4.423913043478261,0.5966397479586178
Punjab,2022,173400,754300,4.35,Kharif,31.06590163934426,35.73680327868853,26.458196721311477,766.54,2333.83,64.34745901639344,1.5604098360655738,0.6011112925613307,2.240065060082642,2.183876811594203,1.1431159420289856,4.423913043478261,0.5966397479586178
Punjab,2022,108600,484300,4.46,Kharif,31.06590163934426,35.73680327868853,26.458196721311477,766.54,2333.83,64.34745901639344,1.5604098360655738,0.6011112925613307,2.240065060082642,2.183876811594203,1.1431159420289856,4.423913043478261,0.5966397479586178
Punjab,2022,244700,1123400,4.59,Kharif,31.06590163934426,35.73680327868853,26.458196721311477,766.54,2333.83,64.34745901639344,1.5604098360655738,0.6011112925613307,2.240065060082642,2.183876811594203,1.1431159420289856,4.423913043478261,0.5966397479586178
Punjab,2022,52100,258500,4.96,Kharif,31.06590163934426,35.73680327868853,26.458196721311477,766.54,2333.83,64.34745901639344,1.5604098360655738,0.6011112925613307,2.240065060082642,2.183876811594203,1.1431159420289856,4.423913043478261,0.5966397479586178
Punjab,2022,170800,854200,5.0,Kharif,31.06590163934426,35.73680327868853,26.458196721311477,766.54,2333.83,64.34745901639344,1.5604098360655738,0.6011112925613307,2.240065060082642,2.183876811594203,1.1431159420289856,4.423913043478261,0.5966397479586178
Punjab,2022,178100,846300,4.75,Kharif,31.06590163934426,35.73680327868853,26.458196721311477,766.54,2333.83,64.34745901639344,1.5604098360655738,0.6011112925613307,2.240065060082642,2.183876811594203,1.1431159420289856,4.423913043478261,0.5966397479586178
Punjab,2022,217100,1019100,4.69,Kharif,31.06590163934426,35.73680327868853,26.458196721311477,766.54,2333.83,64.34745901639344,1.5604098360655738,0.6011112925613307,2.240065060082642,2.183876811594203,1.1431159420289856,4.423913043478261,0.5966397479586178
Punjab,2022,78100,386300,4.95,Kharif,31.06590163934426,35.73680327868853,26.458196721311477,766.54,2333.83,64.34745901639344,1.5604098360655738,0.6011112925613307,2.240065060082642,2.183876811594203,1.1431159420289856,4.423913043478261,0.5966397479586178
Punjab,2022,40100,160300,4.0,Kharif,31.06590163934426,35.73680327868853,26.458196721311477,766.54,2333.83,64.34745901639344,1.5604098360655738,0.6011112925613307,2.240065060082642,2.183876811594203,1.1431159420289856,4.423913043478261,0.5966397479586178
Punjab,2022,233300,1145100,4.91,Kharif,31.06590163934426,35.73680327868853,26.458196721311477,766.54,2333.83,64.34745901639344,1.5604098360655738,0.6011112925613307,2.240065060082642,2.183876811594203,1.1431159420289856,4.423913043478261,0.5966397479586178
Punjab,2022,67900,306300,4.51,Kharif,31.06590163934426,35.73680327868853,26.458196721311477,766.54,2333.83,64.34745901639344,1.5604098360655738,0.6011112925613307,2.240065060082642,2.183876811594203,1.1431159420289856,4.423913043478261,0.5966397479586178
Punjab,2022,53000,217000,4.09,Kharif,31.06590163934426,35.73680327868853,26.458196721311477,766.54,2333.83,64.34745901639344,1.5604098360655738,0.6011112925613307,2.240065060082642,2.183876811594203,1.1431159420289856,4.423913043478261,0.5966397479586178
Punjab,2022,238700,1257700,5.27,Kharif,31.06590163934426,35.73680327868853,26.458196721311477,766.54,2333.83,64.34745901639344,1.5604098360655738,0.6011112925613307,2.240065060082642,2.183876811594203,1.1431159420289856,4.423913043478261,0.5966397479586178
Punjab,2022,185500,796000,4.29,Kharif,31.06590163934426,35.73680327868853,26.458196721311477,766.54,2333.83,64.34745901639344,1.5604098360655738,0.6011112925613307,2.240065060082642,2.183876811594203,1.1431159420289856,4.423913043478261,0.5966397479586178
Punjab,2022,189100,905400,4.79,Rabi,19.82985849056604,27.855283018867922,13.722735849056603,197.93,3175.95,55.02754716981132,1.5632547169811322,0.5154733131026278,2.240065060082642,2.183876811594203,1.1431159420289856,4.423913043478261,0.5966397479586178
Punjab,2022,113400,574100,5.06,Rabi,19.82985849056604,27.855283018867922,13.722735849056603,197.93,3175.95,55.02754716981132,1.5632547169811322,0.5154733131026278,2.240065060082642,2.183876811594203,1.1431159420289856,4.423913043478261,0.5966397479586178
Punjab,2022,254000,1257300,4.95,Rabi,19.82985849056604,27.855283018867922,13.722735849056603,197.93,3175.95,55.02754716981132,1.5632547169811322,0.5154733131026278,2.240065060082642,2.183876811594203,1.1431159420289856,4.423913043478261,0.5966397479586178
Punjab,2022,115300,504500,4.38,Rabi,19.82985849056604,27.855283018867922,13.722735849056603,197.93,3175.95,55.02754716981132,1.5632547169811322,0.5154733131026278,2.240065060082642,2.183876811594203,1.1431159420289856,4.423913043478261,0.5966397479586178
Punjab,2022,84500,404700,4.79,Rabi,19.82985849056604,27.855283018867922,13.722735849056603,197.93,3175.95,55.02754716981132,1.5632547169811322,0.5154733131026278,2.240065060082642,2.183876811594203,1.1431159420289856,4.423913043478261,0.5966397479586178
Punjab,2022,200000,925000,4.63,Rabi,19.82985849056604,27.855283018867922,13.722735849056603,197.93,3175.95,55.02754716981132,1.5632547169811322,0.5154733131026278,2.240065060082642,2.183876811594203,1.1431159420289856,4.423913043478261,0.5966397479586178
Punjab,2022,188700,906000,4.8,Rabi,19.82985849056604,27.855283018867922,13.722735849056603,197.93,3175.95,55.02754716981132,1.5632547169811322,0.5154733131026278,2.240065060082642,2.183876811594203,1.1431159420289856,4.423913043478261,0.5966397479586178
Punjab,2022,185100,820400,4.43,Rabi,19.82985849056604,27.855283018867922,13.722735849056603,197.93,3175.95,55.02754716981132,1.5632547169811322,0.5154733131026278,2.240065060082642,2.183876811594203,1.1431159420289856,4.423913043478261,0.5966397479586178
Punjab,2022,141700,570800,4.03,Rabi,19.82985849056604,27.855283018867922,13.722735849056603,197.93,3175.95,55.02754716981132,1.5632547169811322,0.5154733131026278,2.240065060082642,2.183876811594203,1.1431159420289856,4.423913043478261,0.5966397479586178
Punjab,2022,173400,754300,4.35,Rabi,19.82985849056604,27.855283018867922,13.722735849056603,197.93,3175.95,55.02754716981132,1.5632547169811322,0.5154733131026278,2.240065060082642,2.183876811594203,1.1431159420289856,4.423913043478261,0.5966397479586178
Punjab,2022,108600,484300,4.46,Rabi,19.82985849056604,27.855283018867922,13.722735849056603,197.93,3175.95,55.02754716981132,1.5632547169811322,0.5154733131026278,2.240065060082642,2.183876811594203,1.1431159420289856,4.423913043478261,0.5966397479586178
Punjab,2022,244700,1123400,4.59,Rabi,19.82985849056604,27.855283018867922,13.722735849056603,197.93,3175.95,55.02754716981132,1.5632547169811322,0.5154733131026278,2.240065060082642,2.183876811594203,1.1431159420289856,4.423913043478261,0.5966397479586178
Punjab,2022,52100,258500,4.96,Rabi,19.82985849056604,27.855283018867922,13.722735849056603,197.93,3175.95,55.02754716981132,1.5632547169811322,0.5154733131026278,2.240065060082642,2.183876811594203,1.1431159420289856,4.423913043478261,0.5966397479586178
Punjab,2022,170800,854200,5.0,Rabi,19.82985849056604,27.855283018867922,13.722735849056603,197.93,3175.95,55.02754716981132,1.5632547169811322,0.5154733131026278,2.240065060082642,2.183876811594203,1.1431159420289856,4.423913043478261,0.5966397479586178
Punjab,2022,178100,846300,4.75,Rabi,19.82985849056604,27.855283018867922,13.722735849056603,197.93,3175.95,55.02754716981132,1.5632547169811322,0.5154733131026278,2.240065060082642,2.183876811594203,1.1431159420289856,4.423913043478261,0.5966397479586178
Punjab,2022,217100,1019100,4.69,Rabi,19.82985849056604,27.855283018867922,13.722735849056603,197.93,3175.95,55.02754716981132,1.5632547169811322,0.5154733131026278,2.240065060082642,2.183876811594203,1.1431159420289856,4.423913043478261,0.5966397479586178
Punjab,2022,78100,386300,4.95,Rabi,19.82985849056604,27.855283018867922,13.722735849056603,197.93,3175.95,55.02754716981132,1.5632547169811322,0.5154733131026278,2.240065060082642,2.183876811594203,1.1431159420289856,4.423913043478261,0.5966397479586178
Punjab,2022,40100,160300,4.0,Rabi,19.82985849056604,27.855283018867922,13.722735849056603,197.93,3175.95,55.02754716981132,1.5632547169811322,0.5154733131026278,2.240065060082642,2.183876811594203,1.1431159420289856,4.423913043478261,0.5966397479586178
Punjab,2022,233300,1145100,4.91,Rabi,19.82985849056604,27.855283018867922,13.722735849056603,197.93,3175.95,55.02754716981132,1.5632547169811322,0.5154733131026278,2.240065060082642,2.183876811594203,1.1431159420289856,4.423913043478261,0.5966397479586178
Punjab,2022,67900,306300,4.51,Rabi,19.82985849056604,27.855283018867922,13.722735849056603,197.93,3175.95,55.02754716981132,1.5632547169811322,0.5154733131026278,2.240065060082642,2.183876811594203,1.1431159420289856,4.423913043478261,0.5966397479586178
Punjab,2022,53000,217000,4.09,Rabi,19.82985849056604,27.855283018867922,13.722735849056603,197.93,3175.95,55.02754716981132,1.5632547169811322,0.5154733131026278,2.240065060082642,2.183876811594203,1.1431159420289856,4.423913043478261,0.5966397479586178
Punjab,2022,238700,1257700,5.27,Rabi,19.82985849056604,27.855283018867922,13.722735849056603,197.93,3175.95,55.02754716981132,1.5632547169811322,0.5154733131026278,2.240065060082642,2.183876811594203,1.1431159420289856,4.423913043478261,0.5966397479586178
Punjab,2022,185500,796000,4.29,Rabi,19.82985849056604,27.855283018867922,13.722735849056603,197.93,3175.95,55.02754716981132,1.5632547169811322,0.5154733131026278,2.240065060082642,2.183876811594203,1.1431159420289856,4.423913043478261,0.5966397479586178
Punjab,2023,189800,886400,4.67,Kharif,30.044098360655738,34.30401639344262,25.808032786885246,1115.98,2315.52,71.54540983606559,1.4481147540983605,,2.240065060082642,2.183876811594203,1.1431159420289856,4.423913043478261,0.5966397479586178
Punjab,2023,189800,886400,4.67,Rabi,19.04193396226415,26.75872641509434,13.268490566037736,199.77,3068.57,55.74495283018868,1.385754716981132,,2.240065060082642,2.183876811594203,1.1431159420289856,4.423913043478261,0.5966397479586178
Rajasthan,2011,46550,146725,3.15,Kharif,30.56581967213115,35.49393442622951,25.989262295081968,505.68,2505.48,63.22147540983607,2.829590163934426,0.343497691696363,1.128951356435442,1.1232815301852959,0.4793783622235505,2.4273759713090257,0.34798622211840036
Rajasthan,2011,185167,727380,3.93,Kharif,30.56581967213115,35.49393442622951,25.989262295081968,505.68,2505.48,63.22147540983607,2.829590163934426,0.343497691696363,1.128951356435442,1.1232815301852959,0.4793783622235505,2.4273759713090257,0.34798622211840036
Rajasthan,2011,87177,203751,2.34,Kharif,30.56581967213115,35.49393442622951,25.989262295081968,505.68,2505.48,63.22147540983607,2.829590163934426,0.343497691696363,1.128951356435442,1.1232815301852959,0.4793783622235505,2.4273759713090257,0.34798622211840036
Rajasthan,2011,142589,543296,3.81,Kharif,30.56581967213115,35.49393442622951,25.989262295081968,505.68,2505.48,63.22147540983607,2.829590163934426,0.343497691696363,1.128951356435442,1.1232815301852959,0.4793783622235505,2.4273759713090257,0.34798622211840036
Rajasthan,2011,11659,14405,1.24,Kharif,30.56581967213115,35.49393442622951,25.989262295081968,505.68,2505.48,63.22147540983607,2.829590163934426,0.343497691696363,1.128951356435442,1.1232815301852959,0.4793783622235505,2.4273759713090257,0.34798622211840036
Rajasthan,2011,155304,668993,4.31,Kharif,30.56581967213115,35.49393442622951,25.989262295081968,505.68,2505.48,63.22147540983607,2.829590163934426,0.343497691696363,1.128951356435442,1.1232815301852959,0.4793783622235505,2.4273759713090257,0.34798622211840036
Rajasthan,2011,109581,318262,2.9,Kharif,30.56581967213115,35.49393442622951,25.989262295081968,505.68,2505.48,63.22147540983607,2.829590163934426,0.343497691696363,1.128951356435442,1.1232815301852959,0.4793783622235505,2.4273759713090257,0.34798622211840036
Rajasthan,2011,84175,209882,2.49,Kharif,30.56581967213115,35.49393442622951,25.989262295081968,505.68,2505.48,63.22147540983607,2.829590163934426,0.343497691696363,1.128951356435442,1.1232815301852959,0.4793783622235505,2.4273759713090257,0.34798622211840036
Rajasthan,2011,155833,707009,4.54,Kharif,30.56581967213115,35.49393442622951,25.989262295081968,505.68,2505.48,63.22147540983607,2.829590163934426,0.343497691696363,1.128951356435442,1.1232815301852959,0.4793783622235505,2.4273759713090257,0.34798622211840036
Rajasthan,2011,110075,410185,3.73,Kharif,30.56581967213115,35.49393442622951,25.989262295081968,505.68,2505.48,63.22147540983607,2.829590163934426,0.343497691696363,1.128951356435442,1.1232815301852959,0.4793783622235505,2.4273759713090257,0.34798622211840036
Rajasthan,2011,24469,26110,1.07,Kharif,30.56581967213115,35.49393442622951,25.989262295081968,505.68,2505.48,63.22147540983607,2.829590163934426,0.343497691696363,1.128951356435442,1.1232815301852959,0.4793783622235505,2.4273759713090257,0.34798622211840036
Rajasthan,2011,87883,331343,3.77,Kharif,30.56581967213115,35.49393442622951,25.989262295081968,505.68,2505.48,63.22147540983607,2.829590163934426,0.343497691696363,1.128951356435442,1.1232815301852959,0.4793783622235505,2.4273759713090257,0.34798622211840036
Rajasthan,2011,58477,246225,4.21,Kharif,30.56581967213115,35.49393442622951,25.989262295081968,505.68,2505.48,63.22147540983607,2.829590163934426,0.343497691696363,1.128951356435442,1.1232815301852959,0.4793783622235505,2.4273759713090257,0.34798622211840036
Rajasthan,2011,45085,90785,2.01,Kharif,30.56581967213115,35.49393442622951,25.989262295081968,505.68,2505.48,63.22147540983607,2.829590163934426,0.343497691696363,1.128951356435442,1.1232815301852959,0.4793783622235505,2.4273759713090257,0.34798622211840036
Rajasthan,2011,252690,1001106,3.96,Kharif,30.56581967213115,35.49393442622951,25.989262295081968,505.68,2505.48,63.22147540983607,2.829590163934426,0.343497691696363,1.128951356435442,1.1232815301852959,0.4793783622235505,2.4273759713090257,0.34798622211840036
Rajasthan,2011,247880,896383,3.62,Kharif,30.56581967213115,35.49393442622951,25.989262295081968,505.68,2505.48,63.22147540983607,2.829590163934426,0.343497691696363,1.128951356435442,1.1232815301852959,0.4793783622235505,2.4273759713090257,0.34798622211840036
Rajasthan,2011,148076,461366,3.12,Kharif,30.56581967213115,35.49393442622951,25.989262295081968,505.68,2505.48,63.22147540983607,2.829590163934426,0.343497691696363,1.128951356435442,1.1232815301852959,0.4793783622235505,2.4273759713090257,0.34798622211840036
Rajasthan,2011,14076,18403,1.31,Kharif,30.56581967213115,35.49393442622951,25.989262295081968,505.68,2505.48,63.22147540983607,2.829590163934426,0.343497691696363,1.128951356435442,1.1232815301852959,0.4793783622235505,2.4273759713090257,0.34798622211840036
Rajasthan,2011,29980,54290,1.81,Kharif,30.56581967213115,35.49393442622951,25.989262295081968,505.68,2505.48,63.22147540983607,2.829590163934426,0.343497691696363,1.128951356435442,1.1232815301852959,0.4793783622235505,2.4273759713090257,0.34798622211840036
Rajasthan,2011,87563,330747,3.78,Kharif,30.56581967213115,35.49393442622951,25.989262295081968,505.68,2505.48,63.22147540983607,2.829590163934426,0.343497691696363,1.128951356435442,1.1232815301852959,0.4793783622235505,2.4273759713090257,0.34798622211840036
Rajasthan,2011,73708,250190,3.39,Kharif,30.56581967213115,35.49393442622951,25.989262295081968,505.68,2505.48,63.22147540983607,2.829590163934426,0.343497691696363,1.128951356435442,1.1232815301852959,0.4793783622235505,2.4273759713090257,0.34798622211840036
Rajasthan,2011,50154,136352,2.72,Kharif,30.56581967213115,35.49393442622951,25.989262295081968,505.68,2505.48,63.22147540983607,2.829590163934426,0.343497691696363,1.128951356435442,1.1232815301852959,0.4793783622235505,2.4273759713090257,0.34798622211840036
Rajasthan,2011,46550,146725,3.15,Rabi,21.255613207547167,29.884575471698113,14.052028301886793,25.59,3874.12,35.053396226415096,1.808867924528302,0.28922598896896096,1.128951356435442,1.1232815301852959,0.4793783622235505,2.4273759713090257,0.34798622211840036
Rajasthan,2011,185167,727380,3.93,Rabi,21.255613207547167,29.884575471698113,14.052028301886793,25.59,3874.12,35.053396226415096,1.808867924528302,0.28922598896896096,1.128951356435442,1.1232815301852959,0.4793783622235505,2.4273759713090257,0.34798622211840036
Rajasthan,2011,87177,203751,2.34,Rabi,21.255613207547167,29.884575471698113,14.052028301886793,25.59,3874.12,35.053396226415096,1.808867924528302,0.28922598896896096,1.128951356435442,1.1232815301852959,0.4793783622235505,2.4273759713090257,0.34798622211840036
Rajasthan,2011,142589,543296,3.81,Rabi,21.255613207547167,29.884575471698113,14.052028301886793,25.59,3874.12,35.053396226415096,1.808867924528302,0.28922598896896096,1.128951356435442,1.1232815301852959,0.4793783622235505,2.4273759713090257,0.34798622211840036
Rajasthan,2011,11659,14405,1.24,Rabi,21.255613207547167,29.884575471698113,14.052028301886793,25.59,3874.12,35.053396226415096,1.808867924528302,0.28922598896896096,1.128951356435442,1.1232815301852959,0.4793783622235505,2.4273759713090257,0.34798622211840036
Rajasthan,2011,155304,668993,4.31,Rabi,21.255613207547167,29.884575471698113,14.052028301886793,25.59,3874.12,35.053396226415096,1.808867924528302,0.28922598896896096,1.128951356435442,1.1232815301852959,0.4793783622235505,2.4273759713090257,0.34798622211840036
Rajasthan,2011,109581,318262,2.9,Rabi,21.255613207547167,29.884575471698113,14.052028301886793,25.59,3874.12,35.053396226415096,1.808867924528302,0.28922598896896096,1.128951356435442,1.1232815301852959,0.4793783622235505,2.4273759713090257,0.34798622211840036
Rajasthan,2011,84175,209882,2.49,Rabi,21.255613207547167,29.884575471698113,14.052028301886793,25.59,3874.12,35.053396226415096,1.808867924528302,0.28922598896896096,1.128951356435442,1.1232815301852959,0.4793783622235505,2.4273759713090257,0.34798622211840036
Rajasthan,2011,155833,707009,4.54,Rabi,21.255613207547167,29.884575471698113,14.052028301886793,25.59,3874.12,35.053396226415096,1.808867924528302,0.28922598896896096,1.128951356435442,1.1232815301852959,0.4793783622235505,2.4273759713090257,0.34798622211840036
Rajasthan,2011,110075,410185,3.73,Rabi,21.255613207547167,29.884575471698113,14.052028301886793,25.59,3874.12,35.053396226415096,1.808867924528302,0.28922598896896096,1.128951356435442,1.1232815301852959,0.4793783622235505,2.4273759713090257,0.34798622211840036
Rajasthan,2011,24469,26110,1.07,Rabi,21.255613207547167,29.884575471698113,14.052028301886793,25.59,3874.12,35.053396226415096,1.808867924528302,0.28922598896896096,1.128951356435442,1.1232815301852959,0.4793783622235505,2.4273759713090257,0.34798622211840036
Rajasthan,2011,87883,331343,3.77,Rabi,21.255613207547167,29.884575471698113,14.052028301886793,25.59,3874.12,35.053396226415096,1.808867924528302,0.28922598896896096,1.128951356435442,1.1232815301852959,0.4793783622235505,2.4273759713090257,0.34798622211840036
Rajasthan,2011,58477,246225,4.21,Rabi,21.255613207547167,29.884575471698113,14.052028301886793,25.59,3874.12,35.053396226415096,1.808867924528302,0.28922598896896096,1.128951356435442,1.1232815301852959,0.4793783622235505,2.4273759713090257,0.34798622211840036
Rajasthan,2011,45085,90785,2.01,Rabi,21.255613207547167,29.884575471698113,14.052028301886793,25.59,3874.12,35.053396226415096,1.808867924528302,0.28922598896896096,1.128951356435442,1.1232815301852959,0.4793783622235505,2.4273759713090257,0.34798622211840036
Rajasthan,2011,252690,1001106,3.96,Rabi,21.255613207547167,29.884575471698113,14.052028301886793,25.59,3874.12,35.053396226415096,1.808867924528302,0.28922598896896096,1.128951356435442,1.1232815301852959,0.4793783622235505,2.4273759713090257,0.34798622211840036
Rajasthan,2011,247880,896383,3.62,Rabi,21.255613207547167,29.884575471698113,14.052028301886793,25.59,3874.12,35.053396226415096,1.808867924528302,0.28922598896896096,1.128951356435442,1.1232815301852959,0.4793783622235505,2.4273759713090257,0.34798622211840036
Rajasthan,2011,148076,461366,3.12,Rabi,21.255613207547167,29.884575471698113,14.052028301886793,25.59,3874.12,35.053396226415096,1.808867924528302,0.28922598896896096,1.128951356435442,1.1232815301852959,0.4793783622235505,2.4273759713090257,0.34798622211840036
Rajasthan,2011,14076,18403,1.31,Rabi,21.255613207547167,29.884575471698113,14.052028301886793,25.59,3874.12,35.053396226415096,1.808867924528302,0.28922598896896096,1.128951356435442,1.1232815301852959,0.4793783622235505,2.4273759713090257,0.34798622211840036
Rajasthan,2011,29980,54290,1.81,Rabi,21.255613207547167,29.884575471698113,14.052028301886793,25.59,3874.12,35.053396226415096,1.808867924528302,0.28922598896896096,1.128951356435442,1.1232815301852959,0.4793783622235505,2.4273759713090257,0.34798622211840036
Rajasthan,2011,87563,330747,3.78,Rabi,21.255613207547167,29.884575471698113,14.052028301886793,25.59,3874.12,35.053396226415096,1.808867924528302,0.28922598896896096,1.128951356435442,1.1232815301852959,0.4793783622235505,2.4273759713090257,0.34798622211840036
Rajasthan,2011,73708,250190,3.39,Rabi,21.255613207547167,29.884575471698113,14.052028301886793,25.59,3874.12,35.053396226415096,1.808867924528302,0.28922598896896096,1.128951356435442,1.1232815301852959,0.4793783622235505,2.4273759713090257,0.34798622211840036
Rajasthan,2011,50154,136352,2.72,Rabi,21.255613207547167,29.884575471698113,14.052028301886793,25.59,3874.12,35.053396226415096,1.808867924528302,0.28922598896896096,1.128951356435442,1.1232815301852959,0.4793783622235505,2.4273759713090257,0.34798622211840036
Rajasthan,2012,66027,219014,3.32,Kharif,31.063196721311474,36.21147540983607,26.129180327868855,503.43,2485.95,57.03450819672131,2.893606557377049,0.30324132687032196,1.128951356435442,1.1232815301852959,0.4793783622235505,2.4273759713090257,0.34798622211840036
Rajasthan,2012,204967,837412,4.09,Kharif,31.063196721311474,36.21147540983607,26.129180327868855,503.43,2485.95,57.03450819672131,2.893606557377049,0.30324132687032196,1.128951356435442,1.1232815301852959,0.4793783622235505,2.4273759713090257,0.34798622211840036
Rajasthan,2012,87975,186789,2.12,Kharif,31.063196721311474,36.21147540983607,26.129180327868855,503.43,2485.95,57.03450819672131,2.893606557377049,0.30324132687032196,1.128951356435442,1.1232815301852959,0.4793783622235505,2.4273759713090257,0.34798622211840036
Rajasthan,2012,167037,730536,4.37,Kharif,31.063196721311474,36.21147540983607,26.129180327868855,503.43,2485.95,57.03450819672131,2.893606557377049,0.30324132687032196,1.128951356435442,1.1232815301852959,0.4793783622235505,2.4273759713090257,0.34798622211840036
Rajasthan,2012,12613,17137,1.36,Kharif,31.063196721311474,36.21147540983607,26.129180327868855,503.43,2485.95,57.03450819672131,2.893606557377049,0.30324132687032196,1.128951356435442,1.1232815301852959,0.4793783622235505,2.4273759713090257,0.34798622211840036
Rajasthan,2012,134784,588118,4.36,Kharif,31.063196721311474,36.21147540983607,26.129180327868855,503.43,2485.95,57.03450819672131,2.893606557377049,0.30324132687032196,1.128951356435442,1.1232815301852959,0.4793783622235505,2.4273759713090257,0.34798622211840036
Rajasthan,2012,121786,413835,3.4,Kharif,31.063196721311474,36.21147540983607,26.129180327868855,503.43,2485.95,57.03450819672131,2.893606557377049,0.30324132687032196,1.128951356435442,1.1232815301852959,0.4793783622235505,2.4273759713090257,0.34798622211840036
Rajasthan,2012,94731,230363,2.43,Kharif,31.063196721311474,36.21147540983607,26.129180327868855,503.43,2485.95,57.03450819672131,2.893606557377049,0.30324132687032196,1.128951356435442,1.1232815301852959,0.4793783622235505,2.4273759713090257,0.34798622211840036
Rajasthan,2012,154109,678060,4.4,Kharif,31.063196721311474,36.21147540983607,26.129180327868855,503.43,2485.95,57.03450819672131,2.893606557377049,0.30324132687032196,1.128951356435442,1.1232815301852959,0.4793783622235505,2.4273759713090257,0.34798622211840036
Rajasthan,2012,111860,468988,4.19,Kharif,31.063196721311474,36.21147540983607,26.129180327868855,503.43,2485.95,57.03450819672131,2.893606557377049,0.30324132687032196,1.128951356435442,1.1232815301852959,0.4793783622235505,2.4273759713090257,0.34798622211840036
Rajasthan,2012,29668,62135,2.09,Kharif,31.063196721311474,36.21147540983607,26.129180327868855,503.43,2485.95,57.03450819672131,2.893606557377049,0.30324132687032196,1.128951356435442,1.1232815301852959,0.4793783622235505,2.4273759713090257,0.34798622211840036
Rajasthan,2012,91312,338857,3.71,Kharif,31.063196721311474,36.21147540983607,26.129180327868855,503.43,2485.95,57.03450819672131,2.893606557377049,0.30324132687032196,1.128951356435442,1.1232815301852959,0.4793783622235505,2.4273759713090257,0.34798622211840036
Rajasthan,2012,59520,243792,4.1,Kharif,31.063196721311474,36.21147540983607,26.129180327868855,503.43,2485.95,57.03450819672131,2.893606557377049,0.30324132687032196,1.128951356435442,1.1232815301852959,0.4793783622235505,2.4273759713090257,0.34798622211840036
Rajasthan,2012,45749,78533,1.72,Kharif,31.063196721311474,36.21147540983607,26.129180327868855,503.43,2485.95,57.03450819672131,2.893606557377049,0.30324132687032196,1.128951356435442,1.1232815301852959,0.4793783622235505,2.4273759713090257,0.34798622211840036
Rajasthan,2012,243122,937270,3.86,Kharif,31.063196721311474,36.21147540983607,26.129180327868855,503.43,2485.95,57.03450819672131,2.893606557377049,0.30324132687032196,1.128951356435442,1.1232815301852959,0.4793783622235505,2.4273759713090257,0.34798622211840036
Rajasthan,2012,234125,884340,3.78,Kharif,31.063196721311474,36.21147540983607,26.129180327868855,503.43,2485.95,57.03450819672131,2.893606557377049,0.30324132687032196,1.128951356435442,1.1232815301852959,0.4793783622235505,2.4273759713090257,0.34798622211840036
Rajasthan,2012,151092,510277,3.38,Kharif,31.063196721311474,36.21147540983607,26.129180327868855,503.43,2485.95,57.03450819672131,2.893606557377049,0.30324132687032196,1.128951356435442,1.1232815301852959,0.4793783622235505,2.4273759713090257,0.34798622211840036
Rajasthan,2012,13424,17467,1.3,Kharif,31.063196721311474,36.21147540983607,26.129180327868855,503.43,2485.95,57.03450819672131,2.893606557377049,0.30324132687032196,1.128951356435442,1.1232815301852959,0.4793783622235505,2.4273759713090257,0.34798622211840036
Rajasthan,2012,28379,50464,1.78,Kharif,31.063196721311474,36.21147540983607,26.129180327868855,503.43,2485.95,57.03450819672131,2.893606557377049,0.30324132687032196,1.128951356435442,1.1232815301852959,0.4793783622235505,2.4273759713090257,0.34798622211840036
Rajasthan,2012,86055,279018,3.24,Kharif,31.063196721311474,36.21147540983607,26.129180327868855,503.43,2485.95,57.03450819672131,2.893606557377049,0.30324132687032196,1.128951356435442,1.1232815301852959,0.4793783622235505,2.4273759713090257,0.34798622211840036
Rajasthan,2012,84439,315480,3.74,Kharif,31.063196721311474,36.21147540983607,26.129180327868855,503.43,2485.95,57.03450819672131,2.893606557377049,0.30324132687032196,1.128951356435442,1.1232815301852959,0.4793783622235505,2.4273759713090257,0.34798622211840036
Rajasthan,2012,60974,133164,2.18,Kharif,31.063196721311474,36.21147540983607,26.129180327868855,503.43,2485.95,57.03450819672131,2.893606557377049,0.30324132687032196,1.128951356435442,1.1232815301852959,0.4793783622235505,2.4273759713090257,0.34798622211840036
Rajasthan,2012,66027,219014,3.32,Rabi,20.347183098591547,28.83150234741784,13.27150234741784,22.259999999999998,3845.62,31.35943661971831,1.8176525821596246,0.2763528190089165,1.128951356435442,1.1232815301852959,0.4793783622235505,2.4273759713090257,0.34798622211840036
Rajasthan,2012,204967,837412,4.09,Rabi,20.347183098591547,28.83150234741784,13.27150234741784,22.259999999999998,3845.62,31.35943661971831,1.8176525821596246,0.2763528190089165,1.128951356435442,1.1232815301852959,0.4793783622235505,2.4273759713090257,0.34798622211840036
Rajasthan,2012,87975,186789,2.12,Rabi,20.347183098591547,28.83150234741784,13.27150234741784,22.259999999999998,3845.62,31.35943661971831,1.8176525821596246,0.2763528190089165,1.128951356435442,1.1232815301852959,0.4793783622235505,2.4273759713090257,0.34798622211840036
Rajasthan,2012,167037,730536,4.37,Rabi,20.347183098591547,28.83150234741784,13.27150234741784,22.259999999999998,3845.62,31.35943661971831,1.8176525821596246,0.2763528190089165,1.128951356435442,1.1232815301852959,0.4793783622235505,2.4273759713090257,0.34798622211840036
Rajasthan,2012,12613,17137,1.36,Rabi,20.347183098591547,28.83150234741784,13.27150234741784,22.259999999999998,3845.62,31.35943661971831,1.8176525821596246,0.2763528190089165,1.128951356435442,1.1232815301852959,0.4793783622235505,2.4273759713090257,0.34798622211840036
Rajasthan,2012,134784,588118,4.36,Rabi,20.347183098591547,28.83150234741784,13.27150234741784,22.259999999999998,3845.62,31.35943661971831,1.8176525821596246,0.2763528190089165,1.128951356435442,1.1232815301852959,0.4793783622235505,2.4273759713090257,0.34798622211840036
Rajasthan,2012,121786,413835,3.4,Rabi,20.347183098591547,28.83150234741784,13.27150234741784,22.259999999999998,3845.62,31.35943661971831,1.8176525821596246,0.2763528190089165,1.128951356435442,1.1232815301852959,0.4793783622235505,2.4273759713090257,0.34798622211840036
Rajasthan,2012,94731,230363,2.43,Rabi,20.347183098591547,28.83150234741784,13.27150234741784,22.259999999999998,3845.62,31.35943661971831,1.8176525821596246,0.2763528190089165,1.128951356435442,1.1232815301852959,0.4793783622235505,2.4273759713090257,0.34798622211840036
Rajasthan,2012,154109,678060,4.4,Rabi,20.347183098591547,28.83150234741784,13.27150234741784,22.259999999999998,3845.62,31.35943661971831,1.8176525821596246,0.2763528190089165,1.128951356435442,1.1232815301852959,0.4793783622235505,2.4273759713090257,0.34798622211840036
Rajasthan,2012,111860,468988,4.19,Rabi,20.347183098591547,28.83150234741784,13.27150234741784,22.259999999999998,3845.62,31.35943661971831,1.8176525821596246,0.2763528190089165,1.128951356435442,1.1232815301852959,0.4793783622235505,2.4273759713090257,0.34798622211840036
Rajasthan,2012,29668,62135,2.09,Rabi,20.347183098591547,28.83150234741784,13.27150234741784,22.259999999999998,3845.62,31.35943661971831,1.8176525821596246,0.2763528190089165,1.128951356435442,1.1232815301852959,0.4793783622235505,2.4273759713090257,0.34798622211840036
Rajasthan,2012,91312,338857,3.71,Rabi,20.347183098591547,28.83150234741784,13.27150234741784,22.259999999999998,3845.62,31.35943661971831,1.8176525821596246,0.2763528190089165,1.128951356435442,1.1232815301852959,0.4793783622235505,2.4273759713090257,0.34798622211840036
Rajasthan,2012,59520,243792,4.1,Rabi,20.347183098591547,28.83150234741784,13.27150234741784,22.259999999999998,3845.62,31.35943661971831,1.8176525821596246,0.2763528190089165,1.128951356435442,1.1232815301852959,0.4793783622235505,2.4273759713090257,0.34798622211840036
Rajasthan,2012,45749,78533,1.72,Rabi,20.347183098591547,28.83150234741784,13.27150234741784,22.259999999999998,3845.62,31.35943661971831,1.8176525821596246,0.2763528190089165,1.128951356435442,1.1232815301852959,0.4793783622235505,2.4273759713090257,0.34798622211840036
Rajasthan,2012,243122,937270,3.86,Rabi,20.347183098591547,28.83150234741784,13.27150234741784,22.259999999999998,3845.62,31.35943661971831,1.8176525821596246,0.2763528190089165,1.128951356435442,1.1232815301852959,0.4793783622235505,2.4273759713090257,0.34798622211840036
Rajasthan,2012,234125,884340,3.78,Rabi,20.347183098591547,28.83150234741784,13.27150234741784,22.259999999999998,3845.62,31.35943661971831,1.8176525821596246,0.2763528190089165,1.128951356435442,1.1232815301852959,0.4793783622235505,2.4273759713090257,0.34798622211840036
Rajasthan,2012,151092,510277,3.38,Rabi,20.347183098591547,28.83150234741784,13.27150234741784,22.259999999999998,3845.62,31.35943661971831,1.8176525821596246,0.2763528190089165,1.128951356435442,1.1232815301852959,0.4793783622235505,2.4273759713090257,0.34798622211840036
Rajasthan,2012,13424,17467,1.3,Rabi,20.347183098591547,28.83150234741784,13.27150234741784,22.259999999999998,3845.62,31.35943661971831,1.8176525821596246,0.2763528190089165,1.128951356435442,1.1232815301852959,0.4793783622235505,2.4273759713090257,0.34798622211840036
Rajasthan,2012,28379,50464,1.78,Rabi,20.347183098591547,28.83150234741784,13.27150234741784,22.259999999999998,3845.62,31.35943661971831,1.8176525821596246,0.2763528190089165,1.128951356435442,1.1232815301852959,0.4793783622235505,2.4273759713090257,0.34798622211840036
Rajasthan,2012,86055,279018,3.24,Rabi,20.347183098591547,28.83150234741784,13.27150234741784,22.259999999999998,3845.62,31.35943661971831,1.8176525821596246,0.2763528190089165,1.128951356435442,1.1232815301852959,0.4793783622235505,2.4273759713090257,0.34798622211840036
Rajasthan,2012,84439,315480,3.74,Rabi,20.347183098591547,28.83150234741784,13.27150234741784,22.259999999999998,3845.62,31.35943661971831,1.8176525821596246,0.2763528190089165,1.128951356435442,1.1232815301852959,0.4793783622235505,2.4273759713090257,0.34798622211840036
Rajasthan,2012,60974,133164,2.18,Rabi,20.347183098591547,28.83150234741784,13.27150234741784,22.259999999999998,3845.62,31.35943661971831,1.8176525821596246,0.2763528190089165,1.128951356435442,1.1232815301852959,0.4793783622235505,2.4273759713090257,0.34798622211840036
Rajasthan,2013,56000,193073,3.45,Kharif,30.478852459016395,35.637131147540984,25.579262295081968,515.66,2618.19,62.34327868852459,2.612704918032787,0.33222800005900793,1.128951356435442,1.1232815301852959,0.4793783622235505,2.4273759713090257,0.34798622211840036
Rajasthan,2013,208206,825344,3.96,Kharif,30.478852459016395,35.637131147540984,25.579262295081968,515.66,2618.19,62.34327868852459,2.612704918032787,0.33222800005900793,1.128951356435442,1.1232815301852959,0.4793783622235505,2.4273759713090257,0.34798622211840036
Rajasthan,2013,89620,202260,2.26,Kharif,30.478852459016395,35.637131147540984,25.579262295081968,515.66,2618.19,62.34327868852459,2.612704918032787,0.33222800005900793,1.128951356435442,1.1232815301852959,0.4793783622235505,2.4273759713090257,0.34798622211840036
Rajasthan,2013,162852,551485,3.39,Kharif,30.478852459016395,35.637131147540984,25.579262295081968,515.66,2618.19,62.34327868852459,2.612704918032787,0.33222800005900793,1.128951356435442,1.1232815301852959,0.4793783622235505,2.4273759713090257,0.34798622211840036
Rajasthan,2013,14020,20346,1.45,Kharif,30.478852459016395,35.637131147540984,25.579262295081968,515.66,2618.19,62.34327868852459,2.612704918032787,0.33222800005900793,1.128951356435442,1.1232815301852959,0.4793783622235505,2.4273759713090257,0.34798622211840036
Rajasthan,2013,155130,668117,4.31,Kharif,30.478852459016395,35.637131147540984,25.579262295081968,515.66,2618.19,62.34327868852459,2.612704918032787,0.33222800005900793,1.128951356435442,1.1232815301852959,0.4793783622235505,2.4273759713090257,0.34798622211840036
Rajasthan,2013,124466,448391,3.6,Kharif,30.478852459016395,35.637131147540984,25.579262295081968,515.66,2618.19,62.34327868852459,2.612704918032787,0.33222800005900793,1.128951356435442,1.1232815301852959,0.4793783622235505,2.4273759713090257,0.34798622211840036
Rajasthan,2013,116365,287266,2.47,Kharif,30.478852459016395,35.637131147540984,25.579262295081968,515.66,2618.19,62.34327868852459,2.612704918032787,0.33222800005900793,1.128951356435442,1.1232815301852959,0.4793783622235505,2.4273759713090257,0.34798622211840036
Rajasthan,2013,160285,607915,3.79,Kharif,30.478852459016395,35.637131147540984,25.579262295081968,515.66,2618.19,62.34327868852459,2.612704918032787,0.33222800005900793,1.128951356435442,1.1232815301852959,0.4793783622235505,2.4273759713090257,0.34798622211840036
Rajasthan,2013,123946,499258,4.03,Kharif,30.478852459016395,35.637131147540984,25.579262295081968,515.66,2618.19,62.34327868852459,2.612704918032787,0.33222800005900793,1.128951356435442,1.1232815301852959,0.4793783622235505,2.4273759713090257,0.34798622211840036
Rajasthan,2013,33368,69914,2.1,Kharif,30.478852459016395,35.637131147540984,25.579262295081968,515.66,2618.19,62.34327868852459,2.612704918032787,0.33222800005900793,1.128951356435442,1.1232815301852959,0.4793783622235505,2.4273759713090257,0.34798622211840036
Rajasthan,2013,95716,355461,3.71,Kharif,30.478852459016395,35.637131147540984,25.579262295081968,515.66,2618.19,62.34327868852459,2.612704918032787,0.33222800005900793,1.128951356435442,1.1232815301852959,0.4793783622235505,2.4273759713090257,0.34798622211840036
Rajasthan,2013,61419,242823,3.95,Kharif,30.478852459016395,35.637131147540984,25.579262295081968,515.66,2618.19,62.34327868852459,2.612704918032787,0.33222800005900793,1.128951356435442,1.1232815301852959,0.4793783622235505,2.4273759713090257,0.34798622211840036
Rajasthan,2013,47474,90477,1.91,Kharif,30.478852459016395,35.637131147540984,25.579262295081968,515.66,2618.19,62.34327868852459,2.612704918032787,0.33222800005900793,1.128951356435442,1.1232815301852959,0.4793783622235505,2.4273759713090257,0.34798622211840036
Rajasthan,2013,262808,1095610,4.17,Kharif,30.478852459016395,35.637131147540984,25.579262295081968,515.66,2618.19,62.34327868852459,2.612704918032787,0.33222800005900793,1.128951356435442,1.1232815301852959,0.4793783622235505,2.4273759713090257,0.34798622211840036
Rajasthan,2013,247706,885386,3.57,Kharif,30.478852459016395,35.637131147540984,25.579262295081968,515.66,2618.19,62.34327868852459,2.612704918032787,0.33222800005900793,1.128951356435442,1.1232815301852959,0.4793783622235505,2.4273759713090257,0.34798622211840036
Rajasthan,2013,153563,473829,3.09,Kharif,30.478852459016395,35.637131147540984,25.579262295081968,515.66,2618.19,62.34327868852459,2.612704918032787,0.33222800005900793,1.128951356435442,1.1232815301852959,0.4793783622235505,2.4273759713090257,0.34798622211840036
Rajasthan,2013,13709,18128,1.32,Kharif,30.478852459016395,35.637131147540984,25.579262295081968,515.66,2618.19,62.34327868852459,2.612704918032787,0.33222800005900793,1.128951356435442,1.1232815301852959,0.4793783622235505,2.4273759713090257,0.34798622211840036
Rajasthan,2013,35013,77088,2.2,Kharif,30.478852459016395,35.637131147540984,25.579262295081968,515.66,2618.19,62.34327868852459,2.612704918032787,0.33222800005900793,1.128951356435442,1.1232815301852959,0.4793783622235505,2.4273759713090257,0.34798622211840036
Rajasthan,2013,106834,329955,3.09,Kharif,30.478852459016395,35.637131147540984,25.579262295081968,515.66,2618.19,62.34327868852459,2.612704918032787,0.33222800005900793,1.128951356435442,1.1232815301852959,0.4793783622235505,2.4273759713090257,0.34798622211840036
Rajasthan,2013,86716,346467,4.0,Kharif,30.478852459016395,35.637131147540984,25.579262295081968,515.66,2618.19,62.34327868852459,2.612704918032787,0.33222800005900793,1.128951356435442,1.1232815301852959,0.4793783622235505,2.4273759713090257,0.34798622211840036
Rajasthan,2013,67879,152460,2.25,Kharif,30.478852459016395,35.637131147540984,25.579262295081968,515.66,2618.19,62.34327868852459,2.612704918032787,0.33222800005900793,1.128951356435442,1.1232815301852959,0.4793783622235505,2.4273759713090257,0.34798622211840036
Rajasthan,2013,56000,193073,3.45,Rabi,20.704952830188677,28.984198113207544,13.96740566037736,56.36,3780.89,37.74297169811321,1.7965094339622643,0.2930784196032527,1.128951356435442,1.1232815301852959,0.4793783622235505,2.4273759713090257,0.34798622211840036
Rajasthan,2013,208206,825344,3.96,Rabi,20.704952830188677,28.984198113207544,13.96740566037736,56.36,3780.89,37.74297169811321,1.7965094339622643,0.2930784196032527,1.128951356435442,1.1232815301852959,0.4793783622235505,2.4273759713090257,0.34798622211840036
Rajasthan,2013,89620,202260,2.26,Rabi,20.704952830188677,28.984198113207544,13.96740566037736,56.36,3780.89,37.74297169811321,1.7965094339622643,0.2930784196032527,1.128951356435442,1.1232815301852959,0.4793783622235505,2.4273759713090257,0.34798622211840036
Rajasthan,2013,162852,551485,3.39,Rabi,20.704952830188677,28.984198113207544,13.96740566037736,56.36,3780.89,37.74297169811321,1.7965094339622643,0.2930784196032527,1.128951356435442,1.1232815301852959,0.4793783622235505,2.4273759713090257,0.34798622211840036
Rajasthan,2013,14020,20346,1.45,Rabi,20.704952830188677,28.984198113207544,13.96740566037736,56.36,3780.89,37.74297169811321,1.7965094339622643,0.2930784196032527,1.128951356435442,1.1232815301852959,0.4793783622235505,2.4273759713090257,0.34798622211840036
Rajasthan,2013,155130,668117,4.31,Rabi,20.704952830188677,28.984198113207544,13.96740566037736,56.36,3780.89,37.74297169811321,1.7965094339622643,0.2930784196032527,1.128951356435442,1.1232815301852959,0.4793783622235505,2.4273759713090257,0.34798622211840036
Rajasthan,2013,124466,448391,3.6,Rabi,20.704952830188677,28.984198113207544,13.96740566037736,56.36,3780.89,37.74297169811321,1.7965094339622643,0.2930784196032527,1.128951356435442,1.1232815301852959,0.4793783622235505,2.4273759713090257,0.34798622211840036
Rajasthan,2013,116365,287266,2.47,Rabi,20.704952830188677,28.984198113207544,13.96740566037736,56.36,3780.89,37.74297169811321,1.7965094339622643,0.2930784196032527,1.128951356435442,1.1232815301852959,0.4793783622235505,2.4273759713090257,0.34798622211840036
Rajasthan,2013,160285,607915,3.79,Rabi,20.704952830188677,28.984198113207544,13.96740566037736,56.36,3780.89,37.74297169811321,1.7965094339622643,0.2930784196032527,1.128951356435442,1.1232815301852959,0.4793783622235505,2.4273759713090257,0.34798622211840036
Rajasthan,2013,123946,499258,4.03,Rabi,20.704952830188677,28.984198113207544,13.96740566037736,56.36,3780.89,37.74297169811321,1.7965094339622643,0.2930784196032527,1.128951356435442,1.1232815301852959,0.4793783622235505,2.4273759713090257,0.34798622211840036
Rajasthan,2013,33368,69914,2.1,Rabi,20.704952830188677,28.984198113207544,13.96740566037736,56.36,3780.89,37.74297169811321,1.7965094339622643,0.2930784196032527,1.128951356435442,1.1232815301852959,0.4793783622235505,2.4273759713090257,0.34798622211840036
Rajasthan,2013,95716,355461,3.71,Rabi,20.704952830188677,28.984198113207544,13.96740566037736,56.36,3780.89,37.74297169811321,1.7965094339622643,0.2930784196032527,1.128951356435442,1.1232815301852959,0.4793783622235505,2.4273759713090257,0.34798622211840036
Rajasthan,2013,61419,242823,3.95,Rabi,20.704952830188677,28.984198113207544,13.96740566037736,56.36,3780.89,37.74297169811321,1.7965094339622643,0.2930784196032527,1.128951356435442,1.1232815301852959,0.4793783622235505,2.4273759713090257,0.34798622211840036
Rajasthan,2013,47474,90477,1.91,Rabi,20.704952830188677,28.984198113207544,13.96740566037736,56.36,3780.89,37.74297169811321,1.7965094339622643,0.2930784196032527,1.128951356435442,1.1232815301852959,0.4793783622235505,2.4273759713090257,0.34798622211840036
Rajasthan,2013,262808,1095610,4.17,Rabi,20.704952830188677,28.984198113207544,13.96740566037736,56.36,3780.89,37.74297169811321,1.7965094339622643,0.2930784196032527,1.128951356435442,1.1232815301852959,0.4793783622235505,2.4273759713090257,0.34798622211840036
Rajasthan,2013,247706,885386,3.57,Rabi,20.704952830188677,28.984198113207544,13.96740566037736,56.36,3780.89,37.74297169811321,1.7965094339622643,0.2930784196032527,1.128951356435442,1.1232815301852959,0.4793783622235505,2.4273759713090257,0.34798622211840036
Rajasthan,2013,153563,473829,3.09,Rabi,20.704952830188677,28.984198113207544,13.96740566037736,56.36,3780.89,37.74297169811321,1.7965094339622643,0.2930784196032527,1.128951356435442,1.1232815301852959,0.4793783622235505,2.4273759713090257,0.34798622211840036
Rajasthan,2013,13709,18128,1.32,Rabi,20.704952830188677,28.984198113207544,13.96740566037736,56.36,3780.89,37.74297169811321,1.7965094339622643,0.2930784196032527,1.128951356435442,1.1232815301852959,0.4793783622235505,2.4273759713090257,0.34798622211840036
Rajasthan,2013,35013,77088,2.2,Rabi,20.704952830188677,28.984198113207544,13.96740566037736,56.36,3780.89,37.74297169811321,1.7965094339622643,0.2930784196032527,1.128951356435442,1.1232815301852959,0.4793783622235505,2.4273759713090257,0.34798622211840036
Rajasthan,2013,106834,329955,3.09,Rabi,20.704952830188677,28.984198113207544,13.96740566037736,56.36,3780.89,37.74297169811321,1.7965094339622643,0.2930784196032527,1.128951356435442,1.1232815301852959,0.4793783622235505,2.4273759713090257,0.34798622211840036
Rajasthan,2013,86716,346467,4.0,Rabi,20.704952830188677,28.984198113207544,13.96740566037736,56.36,3780.89,37.74297169811321,1.7965094339622643,0.2930784196032527,1.128951356435442,1.1232815301852959,0.4793783622235505,2.4273759713090257,0.34798622211840036
Rajasthan,2013,67879,152460,2.25,Rabi,20.704952830188677,28.984198113207544,13.96740566037736,56.36,3780.89,37.74297169811321,1.7965094339622643,0.2930784196032527,1.128951356435442,1.1232815301852959,0.4793783622235505,2.4273759713090257,0.34798622211840036
Rajasthan,2014,62442,131969,2.11,Kharif,31.32,37.0155737704918,25.991967213114755,377.41,2734.69,55.3905737704918,3.2459016393442623,0.3130106206823001,1.128951356435442,1.1232815301852959,0.4793783622235505,2.4273759713090257,0.34798622211840036
Rajasthan,2014,219063,757957,3.46,Kharif,31.32,37.0155737704918,25.991967213114755,377.41,2734.69,55.3905737704918,3.2459016393442623,0.3130106206823001,1.128951356435442,1.1232815301852959,0.4793783622235505,2.4273759713090257,0.34798622211840036
Rajasthan,2014,88181,195462,2.22,Kharif,31.32,37.0155737704918,25.991967213114755,377.41,2734.69,55.3905737704918,3.2459016393442623,0.3130106206823001,1.128951356435442,1.1232815301852959,0.4793783622235505,2.4273759713090257,0.34798622211840036
Rajasthan,2014,174319,667888,3.83,Kharif,31.32,37.0155737704918,25.991967213114755,377.41,2734.69,55.3905737704918,3.2459016393442623,0.3130106206823001,1.128951356435442,1.1232815301852959,0.4793783622235505,2.4273759713090257,0.34798622211840036
Rajasthan,2014,13525,14091,1.04,Kharif,31.32,37.0155737704918,25.991967213114755,377.41,2734.69,55.3905737704918,3.2459016393442623,0.3130106206823001,1.128951356435442,1.1232815301852959,0.4793783622235505,2.4273759713090257,0.34798622211840036
Rajasthan,2014,165751,604169,3.65,Kharif,31.32,37.0155737704918,25.991967213114755,377.41,2734.69,55.3905737704918,3.2459016393442623,0.3130106206823001,1.128951356435442,1.1232815301852959,0.4793783622235505,2.4273759713090257,0.34798622211840036
Rajasthan,2014,137224,281870,2.05,Kharif,31.32,37.0155737704918,25.991967213114755,377.41,2734.69,55.3905737704918,3.2459016393442623,0.3130106206823001,1.128951356435442,1.1232815301852959,0.4793783622235505,2.4273759713090257,0.34798622211840036
Rajasthan,2014,120347,242416,2.01,Kharif,31.32,37.0155737704918,25.991967213114755,377.41,2734.69,55.3905737704918,3.2459016393442623,0.3130106206823001,1.128951356435442,1.1232815301852959,0.4793783622235505,2.4273759713090257,0.34798622211840036
Rajasthan,2014,172991,368763,2.13,Kharif,31.32,37.0155737704918,25.991967213114755,377.41,2734.69,55.3905737704918,3.2459016393442623,0.3130106206823001,1.128951356435442,1.1232815301852959,0.4793783622235505,2.4273759713090257,0.34798622211840036
Rajasthan,2014,144749,412372,2.85,Kharif,31.32,37.0155737704918,25.991967213114755,377.41,2734.69,55.3905737704918,3.2459016393442623,0.3130106206823001,1.128951356435442,1.1232815301852959,0.4793783622235505,2.4273759713090257,0.34798622211840036
Rajasthan,2014,32072,51944,1.62,Kharif,31.32,37.0155737704918,25.991967213114755,377.41,2734.69,55.3905737704918,3.2459016393442623,0.3130106206823001,1.128951356435442,1.1232815301852959,0.4793783622235505,2.4273759713090257,0.34798622211840036
Rajasthan,2014,103644,373078,3.6,Kharif,31.32,37.0155737704918,25.991967213114755,377.41,2734.69,55.3905737704918,3.2459016393442623,0.3130106206823001,1.128951356435442,1.1232815301852959,0.4793783622235505,2.4273759713090257,0.34798622211840036
Rajasthan,2014,67979,232097,3.41,Kharif,31.32,37.0155737704918,25.991967213114755,377.41,2734.69,55.3905737704918,3.2459016393442623,0.3130106206823001,1.128951356435442,1.1232815301852959,0.4793783622235505,2.4273759713090257,0.34798622211840036
Rajasthan,2014,46208,86772,1.88,Kharif,31.32,37.0155737704918,25.991967213114755,377.41,2734.69,55.3905737704918,3.2459016393442623,0.3130106206823001,1.128951356435442,1.1232815301852959,0.4793783622235505,2.4273759713090257,0.34798622211840036
Rajasthan,2014,256659,937036,3.65,Kharif,31.32,37.0155737704918,25.991967213114755,377.41,2734.69,55.3905737704918,3.2459016393442623,0.3130106206823001,1.128951356435442,1.1232815301852959,0.4793783622235505,2.4273759713090257,0.34798622211840036
Rajasthan,2014,255214,887259,3.48,Kharif,31.32,37.0155737704918,25.991967213114755,377.41,2734.69,55.3905737704918,3.2459016393442623,0.3130106206823001,1.128951356435442,1.1232815301852959,0.4793783622235505,2.4273759713090257,0.34798622211840036
Rajasthan,2014,157649,502927,3.19,Kharif,31.32,37.0155737704918,25.991967213114755,377.41,2734.69,55.3905737704918,3.2459016393442623,0.3130106206823001,1.128951356435442,1.1232815301852959,0.4793783622235505,2.4273759713090257,0.34798622211840036
Rajasthan,2014,10318,10022,0.97,Kharif,31.32,37.0155737704918,25.991967213114755,377.41,2734.69,55.3905737704918,3.2459016393442623,0.3130106206823001,1.128951356435442,1.1232815301852959,0.4793783622235505,2.4273759713090257,0.34798622211840036
Rajasthan,2014,32667,62247,1.91,Kharif,31.32,37.0155737704918,25.991967213114755,377.41,2734.69,55.3905737704918,3.2459016393442623,0.3130106206823001,1.128951356435442,1.1232815301852959,0.4793783622235505,2.4273759713090257,0.34798622211840036
Rajasthan,2014,112534,352790,3.13,Kharif,31.32,37.0155737704918,25.991967213114755,377.41,2734.69,55.3905737704918,3.2459016393442623,0.3130106206823001,1.128951356435442,1.1232815301852959,0.4793783622235505,2.4273759713090257,0.34798622211840036
Rajasthan,2014,88802,358018,4.03,Kharif,31.32,37.0155737704918,25.991967213114755,377.41,2734.69,55.3905737704918,3.2459016393442623,0.3130106206823001,1.128951356435442,1.1232815301852959,0.4793783622235505,2.4273759713090257,0.34798622211840036
Rajasthan,2014,67781,130806,1.93,Kharif,31.32,37.0155737704918,25.991967213114755,377.41,2734.69,55.3905737704918,3.2459016393442623,0.3130106206823001,1.128951356435442,1.1232815301852959,0.4793783622235505,2.4273759713090257,0.34798622211840036
Rajasthan,2014,62442,131969,2.11,Rabi,20.971084905660376,29.43509433962264,13.87816037735849,46.29,3732.19,33.92216981132076,1.824811320754717,0.2824678829842296,1.128951356435442,1.1232815301852959,0.4793783622235505,2.4273759713090257,0.34798622211840036
Rajasthan,2014,219063,757957,3.46,Rabi,20.971084905660376,29.43509433962264,13.87816037735849,46.29,3732.19,33.92216981132076,1.824811320754717,0.2824678829842296,1.128951356435442,1.1232815301852959,0.4793783622235505,2.4273759713090257,0.34798622211840036
Rajasthan,2014,88181,195462,2.22,Rabi,20.971084905660376,29.43509433962264,13.87816037735849,46.29,3732.19,33.92216981132076,1.824811320754717,0.2824678829842296,1.128951356435442,1.1232815301852959,0.4793783622235505,2.4273759713090257,0.34798622211840036
Rajasthan,2014,174319,667888,3.83,Rabi,20.971084905660376,29.43509433962264,13.87816037735849,46.29,3732.19,33.92216981132076,1.824811320754717,0.2824678829842296,1.128951356435442,1.1232815301852959,0.4793783622235505,2.4273759713090257,0.34798622211840036
Rajasthan,2014,13525,14091,1.04,Rabi,20.971084905660376,29.43509433962264,13.87816037735849,46.29,3732.19,33.92216981132076,1.824811320754717,0.2824678829842296,1.128951356435442,1.1232815301852959,0.4793783622235505,2.4273759713090257,0.34798622211840036
Rajasthan,2014,165751,604169,3.65,Rabi,20.971084905660376,29.43509433962264,13.87816037735849,46.29,3732.19,33.92216981132076,1.824811320754717,0.2824678829842296,1.128951356435442,1.1232815301852959,0.4793783622235505,2.4273759713090257,0.34798622211840036
Rajasthan,2014,137224,281870,2.05,Rabi,20.971084905660376,29.43509433962264,13.87816037735849,46.29,3732.19,33.92216981132076,1.824811320754717,0.2824678829842296,1.128951356435442,1.1232815301852959,0.4793783622235505,2.4273759713090257,0.34798622211840036
Rajasthan,2014,120347,242416,2.01,Rabi,20.971084905660376,29.43509433962264,13.87816037735849,46.29,3732.19,33.92216981132076,1.824811320754717,0.2824678829842296,1.128951356435442,1.1232815301852959,0.4793783622235505,2.4273759713090257,0.34798622211840036
Rajasthan,2014,172991,368763,2.13,Rabi,20.971084905660376,29.43509433962264,13.87816037735849,46.29,3732.19,33.92216981132076,1.824811320754717,0.2824678829842296,1.128951356435442,1.1232815301852959,0.4793783622235505,2.4273759713090257,0.34798622211840036
Rajasthan,2014,144749,412372,2.85,Rabi,20.971084905660376,29.43509433962264,13.87816037735849,46.29,3732.19,33.92216981132076,1.824811320754717,0.2824678829842296,1.128951356435442,1.1232815301852959,0.4793783622235505,2.4273759713090257,0.34798622211840036
Rajasthan,2014,32072,51944,1.62,Rabi,20.971084905660376,29.43509433962264,13.87816037735849,46.29,3732.19,33.92216981132076,1.824811320754717,0.2824678829842296,1.128951356435442,1.1232815301852959,0.4793783622235505,2.4273759713090257,0.34798622211840036
Rajasthan,2014,103644,373078,3.6,Rabi,20.971084905660376,29.43509433962264,13.87816037735849,46.29,3732.19,33.92216981132076,1.824811320754717,0.2824678829842296,1.128951356435442,1.1232815301852959,0.4793783622235505,2.4273759713090257,0.34798622211840036
Rajasthan,2014,67979,232097,3.41,Rabi,20.971084905660376,29.43509433962264,13.87816037735849,46.29,3732.19,33.92216981132076,1.824811320754717,0.2824678829842296,1.128951356435442,1.1232815301852959,0.4793783622235505,2.4273759713090257,0.34798622211840036
Rajasthan,2014,46208,86772,1.88,Rabi,20.971084905660376,29.43509433962264,13.87816037735849,46.29,3732.19,33.92216981132076,1.824811320754717,0.2824678829842296,1.128951356435442,1.1232815301852959,0.4793783622235505,2.4273759713090257,0.34798622211840036
Rajasthan,2014,256659,937036,3.65,Rabi,20.971084905660376,29.43509433962264,13.87816037735849,46.29,3732.19,33.92216981132076,1.824811320754717,0.2824678829842296,1.128951356435442,1.1232815301852959,0.4793783622235505,2.4273759713090257,0.34798622211840036
Rajasthan,2014,255214,887259,3.48,Rabi,20.971084905660376,29.43509433962264,13.87816037735849,46.29,3732.19,33.92216981132076,1.824811320754717,0.2824678829842296,1.128951356435442,1.1232815301852959,0.4793783622235505,2.4273759713090257,0.34798622211840036
Rajasthan,2014,157649,502927,3.19,Rabi,20.971084905660376,29.43509433962264,13.87816037735849,46.29,3732.19,33.92216981132076,1.824811320754717,0.2824678829842296,1.128951356435442,1.1232815301852959,0.4793783622235505,2.4273759713090257,0.34798622211840036
Rajasthan,2014,10318,10022,0.97,Rabi,20.971084905660376,29.43509433962264,13.87816037735849,46.29,3732.19,33.92216981132076,1.824811320754717,0.2824678829842296,1.128951356435442,1.1232815301852959,0.4793783622235505,2.4273759713090257,0.34798622211840036
Rajasthan,2014,32667,62247,1.91,Rabi,20.971084905660376,29.43509433962264,13.87816037735849,46.29,3732.19,33.92216981132076,1.824811320754717,0.2824678829842296,1.128951356435442,1.1232815301852959,0.4793783622235505,2.4273759713090257,0.34798622211840036
Rajasthan,2014,112534,352790,3.13,Rabi,20.971084905660376,29.43509433962264,13.87816037735849,46.29,3732.19,33.92216981132076,1.824811320754717,0.2824678829842296,1.128951356435442,1.1232815301852959,0.4793783622235505,2.4273759713090257,0.34798622211840036
Rajasthan,2014,88802,358018,4.03,Rabi,20.971084905660376,29.43509433962264,13.87816037735849,46.29,3732.19,33.92216981132076,1.824811320754717,0.2824678829842296,1.128951356435442,1.1232815301852959,0.4793783622235505,2.4273759713090257,0.34798622211840036
Rajasthan,2014,67781,130806,1.93,Rabi,20.971084905660376,29.43509433962264,13.87816037735849,46.29,3732.19,33.92216981132076,1.824811320754717,0.2824678829842296,1.128951356435442,1.1232815301852959,0.4793783622235505,2.4273759713090257,0.34798622211840036
Rajasthan,2015,42294,116787,2.76,Kharif,30.767049180327867,36.57950819672131,25.263196721311477,334.17,2627.61,55.46262295081968,2.7681967213114755,0.32718635517653677,1.128951356435442,1.1232815301852959,0.4793783622235505,2.4273759713090257,0.34798622211840036
Rajasthan,2015,213011,776427,3.65,Kharif,30.767049180327867,36.57950819672131,25.263196721311477,334.17,2627.61,55.46262295081968,2.7681967213114755,0.32718635517653677,1.128951356435442,1.1232815301852959,0.4793783622235505,2.4273759713090257,0.34798622211840036
Rajasthan,2015,84533,170917,2.02,Kharif,30.767049180327867,36.57950819672131,25.263196721311477,334.17,2627.61,55.46262295081968,2.7681967213114755,0.32718635517653677,1.128951356435442,1.1232815301852959,0.4793783622235505,2.4273759713090257,0.34798622211840036
Rajasthan,2015,159434,670807,4.21,Kharif,30.767049180327867,36.57950819672131,25.263196721311477,334.17,2627.61,55.46262295081968,2.7681967213114755,0.32718635517653677,1.128951356435442,1.1232815301852959,0.4793783622235505,2.4273759713090257,0.34798622211840036
Rajasthan,2015,14642,20510,1.4,Kharif,30.767049180327867,36.57950819672131,25.263196721311477,334.17,2627.61,55.46262295081968,2.7681967213114755,0.32718635517653677,1.128951356435442,1.1232815301852959,0.4793783622235505,2.4273759713090257,0.34798622211840036
Rajasthan,2015,160073,610124,3.81,Kharif,30.767049180327867,36.57950819672131,25.263196721311477,334.17,2627.61,55.46262295081968,2.7681967213114755,0.32718635517653677,1.128951356435442,1.1232815301852959,0.4793783622235505,2.4273759713090257,0.34798622211840036
Rajasthan,2015,89640,274281,3.06,Kharif,30.767049180327867,36.57950819672131,25.263196721311477,334.17,2627.61,55.46262295081968,2.7681967213114755,0.32718635517653677,1.128951356435442,1.1232815301852959,0.4793783622235505,2.4273759713090257,0.34798622211840036
Rajasthan,2015,114460,282005,2.46,Kharif,30.767049180327867,36.57950819672131,25.263196721311477,334.17,2627.61,55.46262295081968,2.7681967213114755,0.32718635517653677,1.128951356435442,1.1232815301852959,0.4793783622235505,2.4273759713090257,0.34798622211840036
Rajasthan,2015,154914,646200,4.17,Kharif,30.767049180327867,36.57950819672131,25.263196721311477,334.17,2627.61,55.46262295081968,2.7681967213114755,0.32718635517653677,1.128951356435442,1.1232815301852959,0.4793783622235505,2.4273759713090257,0.34798622211840036
Rajasthan,2015,128116,446022,3.48,Kharif,30.767049180327867,36.57950819672131,25.263196721311477,334.17,2627.61,55.46262295081968,2.7681967213114755,0.32718635517653677,1.128951356435442,1.1232815301852959,0.4793783622235505,2.4273759713090257,0.34798622211840036
Rajasthan,2015,32861,74161,2.26,Kharif,30.767049180327867,36.57950819672131,25.263196721311477,334.17,2627.61,55.46262295081968,2.7681967213114755,0.32718635517653677,1.128951356435442,1.1232815301852959,0.4793783622235505,2.4273759713090257,0.34798622211840036
Rajasthan,2015,99613,379886,3.81,Kharif,30.767049180327867,36.57950819672131,25.263196721311477,334.17,2627.61,55.46262295081968,2.7681967213114755,0.32718635517653677,1.128951356435442,1.1232815301852959,0.4793783622235505,2.4273759713090257,0.34798622211840036
Rajasthan,2015,64066,218346,3.41,Kharif,30.767049180327867,36.57950819672131,25.263196721311477,334.17,2627.61,55.46262295081968,2.7681967213114755,0.32718635517653677,1.128951356435442,1.1232815301852959,0.4793783622235505,2.4273759713090257,0.34798622211840036
Rajasthan,2015,43949,79296,1.8,Kharif,30.767049180327867,36.57950819672131,25.263196721311477,334.17,2627.61,55.46262295081968,2.7681967213114755,0.32718635517653677,1.128951356435442,1.1232815301852959,0.4793783622235505,2.4273759713090257,0.34798622211840036
Rajasthan,2015,274584,1037621,3.78,Kharif,30.767049180327867,36.57950819672131,25.263196721311477,334.17,2627.61,55.46262295081968,2.7681967213114755,0.32718635517653677,1.128951356435442,1.1232815301852959,0.4793783622235505,2.4273759713090257,0.34798622211840036
Rajasthan,2015,243714,973765,4.0,Kharif,30.767049180327867,36.57950819672131,25.263196721311477,334.17,2627.61,55.46262295081968,2.7681967213114755,0.32718635517653677,1.128951356435442,1.1232815301852959,0.4793783622235505,2.4273759713090257,0.34798622211840036
Rajasthan,2015,150350,477120,3.17,Kharif,30.767049180327867,36.57950819672131,25.263196721311477,334.17,2627.61,55.46262295081968,2.7681967213114755,0.32718635517653677,1.128951356435442,1.1232815301852959,0.4793783622235505,2.4273759713090257,0.34798622211840036
Rajasthan,2015,12514,17427,1.39,Kharif,30.767049180327867,36.57950819672131,25.263196721311477,334.17,2627.61,55.46262295081968,2.7681967213114755,0.32718635517653677,1.128951356435442,1.1232815301852959,0.4793783622235505,2.4273759713090257,0.34798622211840036
Rajasthan,2015,41041,82562,2.01,Kharif,30.767049180327867,36.57950819672131,25.263196721311477,334.17,2627.61,55.46262295081968,2.7681967213114755,0.32718635517653677,1.128951356435442,1.1232815301852959,0.4793783622235505,2.4273759713090257,0.34798622211840036
Rajasthan,2015,102108,354563,3.47,Kharif,30.767049180327867,36.57950819672131,25.263196721311477,334.17,2627.61,55.46262295081968,2.7681967213114755,0.32718635517653677,1.128951356435442,1.1232815301852959,0.4793783622235505,2.4273759713090257,0.34798622211840036
Rajasthan,2015,88335,311096,3.52,Kharif,30.767049180327867,36.57950819672131,25.263196721311477,334.17,2627.61,55.46262295081968,2.7681967213114755,0.32718635517653677,1.128951356435442,1.1232815301852959,0.4793783622235505,2.4273759713090257,0.34798622211840036
Rajasthan,2015,42294,116787,2.76,Rabi,21.288537735849058,29.868820754716978,14.130330188679245,98.38,3704.02,35.3461320754717,1.923066037735849,0.2770700663266696,1.128951356435442,1.1232815301852959,0.4793783622235505,2.4273759713090257,0.34798622211840036
Rajasthan,2015,213011,776427,3.65,Rabi,21.288537735849058,29.868820754716978,14.130330188679245,98.38,3704.02,35.3461320754717,1.923066037735849,0.2770700663266696,1.128951356435442,1.1232815301852959,0.4793783622235505,2.4273759713090257,0.34798622211840036
Rajasthan,2015,84533,170917,2.02,Rabi,21.288537735849058,29.868820754716978,14.130330188679245,98.38,3704.02,35.3461320754717,1.923066037735849,0.2770700663266696,1.128951356435442,1.1232815301852959,0.4793783622235505,2.4273759713090257,0.34798622211840036
Rajasthan,2015,159434,670807,4.21,Rabi,21.288537735849058,29.868820754716978,14.130330188679245,98.38,3704.02,35.3461320754717,1.923066037735849,0.2770700663266696,1.128951356435442,1.1232815301852959,0.4793783622235505,2.4273759713090257,0.34798622211840036
Rajasthan,2015,14642,20510,1.4,Rabi,21.288537735849058,29.868820754716978,14.130330188679245,98.38,3704.02,35.3461320754717,1.923066037735849,0.2770700663266696,1.128951356435442,1.1232815301852959,0.4793783622235505,2.4273759713090257,0.34798622211840036
Rajasthan,2015,160073,610124,3.81,Rabi,21.288537735849058,29.868820754716978,14.130330188679245,98.38,3704.02,35.3461320754717,1.923066037735849,0.2770700663266696,1.128951356435442,1.1232815301852959,0.4793783622235505,2.4273759713090257,0.34798622211840036
Rajasthan,2015,89640,274281,3.06,Rabi,21.288537735849058,29.868820754716978,14.130330188679245,98.38,3704.02,35.3461320754717,1.923066037735849,0.2770700663266696,1.128951356435442,1.1232815301852959,0.4793783622235505,2.4273759713090257,0.34798622211840036
Rajasthan,2015,114460,282005,2.46,Rabi,21.288537735849058,29.868820754716978,14.130330188679245,98.38,3704.02,35.3461320754717,1.923066037735849,0.2770700663266696,1.128951356435442,1.1232815301852959,0.4793783622235505,2.4273759713090257,0.34798622211840036
Rajasthan,2015,154914,646200,4.17,Rabi,21.288537735849058,29.868820754716978,14.130330188679245,98.38,3704.02,35.3461320754717,1.923066037735849,0.2770700663266696,1.128951356435442,1.1232815301852959,0.4793783622235505,2.4273759713090257,0.34798622211840036
Rajasthan,2015,128116,446022,3.48,Rabi,21.288537735849058,29.868820754716978,14.130330188679245,98.38,3704.02,35.3461320754717,1.923066037735849,0.2770700663266696,1.128951356435442,1.1232815301852959,0.4793783622235505,2.4273759713090257,0.34798622211840036
Rajasthan,2015,32861,74161,2.26,Rabi,21.288537735849058,29.868820754716978,14.130330188679245,98.38,3704.02,35.3461320754717,1.923066037735849,0.2770700663266696,1.128951356435442,1.1232815301852959,0.4793783622235505,2.4273759713090257,0.34798622211840036
Rajasthan,2015,99613,379886,3.81,Rabi,21.288537735849058,29.868820754716978,14.130330188679245,98.38,3704.02,35.3461320754717,1.923066037735849,0.2770700663266696,1.128951356435442,1.1232815301852959,0.4793783622235505,2.4273759713090257,0.34798622211840036
Rajasthan,2015,64066,218346,3.41,Rabi,21.288537735849058,29.868820754716978,14.130330188679245,98.38,3704.02,35.3461320754717,1.923066037735849,0.2770700663266696,1.128951356435442,1.1232815301852959,0.4793783622235505,2.4273759713090257,0.34798622211840036
Rajasthan,2015,43949,79296,1.8,Rabi,21.288537735849058,29.868820754716978,14.130330188679245,98.38,3704.02,35.3461320754717,1.923066037735849,0.2770700663266696,1.128951356435442,1.1232815301852959,0.4793783622235505,2.4273759713090257,0.34798622211840036
Rajasthan,2015,274584,1037621,3.78,Rabi,21.288537735849058,29.868820754716978,14.130330188679245,98.38,3704.02,35.3461320754717,1.923066037735849,0.2770700663266696,1.128951356435442,1.1232815301852959,0.4793783622235505,2.4273759713090257,0.34798622211840036
Rajasthan,2015,243714,973765,4.0,Rabi,21.288537735849058,29.868820754716978,14.130330188679245,98.38,3704.02,35.3461320754717,1.923066037735849,0.2770700663266696,1.128951356435442,1.1232815301852959,0.4793783622235505,2.4273759713090257,0.34798622211840036
Rajasthan,2015,150350,477120,3.17,Rabi,21.288537735849058,29.868820754716978,14.130330188679245,98.38,3704.02,35.3461320754717,1.923066037735849,0.2770700663266696,1.128951356435442,1.1232815301852959,0.4793783622235505,2.4273759713090257,0.34798622211840036
Rajasthan,2015,12514,17427,1.39,Rabi,21.288537735849058,29.868820754716978,14.130330188679245,98.38,3704.02,35.3461320754717,1.923066037735849,0.2770700663266696,1.128951356435442,1.1232815301852959,0.4793783622235505,2.4273759713090257,0.34798622211840036
Rajasthan,2015,41041,82562,2.01,Rabi,21.288537735849058,29.868820754716978,14.130330188679245,98.38,3704.02,35.3461320754717,1.923066037735849,0.2770700663266696,1.128951356435442,1.1232815301852959,0.4793783622235505,2.4273759713090257,0.34798622211840036
Rajasthan,2015,102108,354563,3.47,Rabi,21.288537735849058,29.868820754716978,14.130330188679245,98.38,3704.02,35.3461320754717,1.923066037735849,0.2770700663266696,1.128951356435442,1.1232815301852959,0.4793783622235505,2.4273759713090257,0.34798622211840036
Rajasthan,2015,88335,311096,3.52,Rabi,21.288537735849058,29.868820754716978,14.130330188679245,98.38,3704.02,35.3461320754717,1.923066037735849,0.2770700663266696,1.128951356435442,1.1232815301852959,0.4793783622235505,2.4273759713090257,0.34798622211840036
Rajasthan,2016,55466,185014,3.34,Kharif,30.648688524590163,36.214999999999996,25.555655737704917,443.06,2607.17,60.685081967213115,2.725245901639344,0.328155674353256,1.128951356435442,1.1232815301852959,0.4793783622235505,2.4273759713090257,0.34798622211840036
Rajasthan,2016,215678,941457,4.37,Kharif,30.648688524590163,36.214999999999996,25.555655737704917,443.06,2607.17,60.685081967213115,2.725245901639344,0.328155674353256,1.128951356435442,1.1232815301852959,0.4793783622235505,2.4273759713090257,0.34798622211840036
Rajasthan,2016,82693,168950,2.04,Kharif,30.648688524590163,36.214999999999996,25.555655737704917,443.06,2607.17,60.685081967213115,2.725245901639344,0.328155674353256,1.128951356435442,1.1232815301852959,0.4793783622235505,2.4273759713090257,0.34798622211840036
Rajasthan,2016,163267,740053,4.53,Kharif,30.648688524590163,36.214999999999996,25.555655737704917,443.06,2607.17,60.685081967213115,2.725245901639344,0.328155674353256,1.128951356435442,1.1232815301852959,0.4793783622235505,2.4273759713090257,0.34798622211840036
Rajasthan,2016,17612,21638,1.23,Kharif,30.648688524590163,36.214999999999996,25.555655737704917,443.06,2607.17,60.685081967213115,2.725245901639344,0.328155674353256,1.128951356435442,1.1232815301852959,0.4793783622235505,2.4273759713090257,0.34798622211840036
Rajasthan,2016,160510,713881,4.45,Kharif,30.648688524590163,36.214999999999996,25.555655737704917,443.06,2607.17,60.685081967213115,2.725245901639344,0.328155674353256,1.128951356435442,1.1232815301852959,0.4793783622235505,2.4273759713090257,0.34798622211840036
Rajasthan,2016,139795,503063,3.6,Kharif,30.648688524590163,36.214999999999996,25.555655737704917,443.06,2607.17,60.685081967213115,2.725245901639344,0.328155674353256,1.128951356435442,1.1232815301852959,0.4793783622235505,2.4273759713090257,0.34798622211840036
Rajasthan,2016,113183,282654,2.5,Kharif,30.648688524590163,36.214999999999996,25.555655737704917,443.06,2607.17,60.685081967213115,2.725245901639344,0.328155674353256,1.128951356435442,1.1232815301852959,0.4793783622235505,2.4273759713090257,0.34798622211840036
Rajasthan,2016,162248,705978,4.35,Kharif,30.648688524590163,36.214999999999996,25.555655737704917,443.06,2607.17,60.685081967213115,2.725245901639344,0.328155674353256,1.128951356435442,1.1232815301852959,0.4793783622235505,2.4273759713090257,0.34798622211840036
Rajasthan,2016,157881,637030,4.03,Kharif,30.648688524590163,36.214999999999996,25.555655737704917,443.06,2607.17,60.685081967213115,2.725245901639344,0.328155674353256,1.128951356435442,1.1232815301852959,0.4793783622235505,2.4273759713090257,0.34798622211840036
Rajasthan,2016,35143,71736,2.04,Kharif,30.648688524590163,36.214999999999996,25.555655737704917,443.06,2607.17,60.685081967213115,2.725245901639344,0.328155674353256,1.128951356435442,1.1232815301852959,0.4793783622235505,2.4273759713090257,0.34798622211840036
Rajasthan,2016,102485,418634,4.08,Kharif,30.648688524590163,36.214999999999996,25.555655737704917,443.06,2607.17,60.685081967213115,2.725245901639344,0.328155674353256,1.128951356435442,1.1232815301852959,0.4793783622235505,2.4273759713090257,0.34798622211840036
Rajasthan,2016,65844,300340,4.56,Kharif,30.648688524590163,36.214999999999996,25.555655737704917,443.06,2607.17,60.685081967213115,2.725245901639344,0.328155674353256,1.128951356435442,1.1232815301852959,0.4793783622235505,2.4273759713090257,0.34798622211840036
Rajasthan,2016,46988,97791,2.08,Kharif,30.648688524590163,36.214999999999996,25.555655737704917,443.06,2607.17,60.685081967213115,2.725245901639344,0.328155674353256,1.128951356435442,1.1232815301852959,0.4793783622235505,2.4273759713090257,0.34798622211840036
Rajasthan,2016,248342,984304,3.96,Kharif,30.648688524590163,36.214999999999996,25.555655737704917,443.06,2607.17,60.685081967213115,2.725245901639344,0.328155674353256,1.128951356435442,1.1232815301852959,0.4793783622235505,2.4273759713090257,0.34798622211840036
Rajasthan,2016,240237,969073,4.03,Kharif,30.648688524590163,36.214999999999996,25.555655737704917,443.06,2607.17,60.685081967213115,2.725245901639344,0.328155674353256,1.128951356435442,1.1232815301852959,0.4793783622235505,2.4273759713090257,0.34798622211840036
Rajasthan,2016,157232,569358,3.62,Kharif,30.648688524590163,36.214999999999996,25.555655737704917,443.06,2607.17,60.685081967213115,2.725245901639344,0.328155674353256,1.128951356435442,1.1232815301852959,0.4793783622235505,2.4273759713090257,0.34798622211840036
Rajasthan,2016,9989,13824,1.38,Kharif,30.648688524590163,36.214999999999996,25.555655737704917,443.06,2607.17,60.685081967213115,2.725245901639344,0.328155674353256,1.128951356435442,1.1232815301852959,0.4793783622235505,2.4273759713090257,0.34798622211840036
Rajasthan,2016,52182,101978,1.95,Kharif,30.648688524590163,36.214999999999996,25.555655737704917,443.06,2607.17,60.685081967213115,2.725245901639344,0.328155674353256,1.128951356435442,1.1232815301852959,0.4793783622235505,2.4273759713090257,0.34798622211840036
Rajasthan,2016,109041,417546,3.83,Kharif,30.648688524590163,36.214999999999996,25.555655737704917,443.06,2607.17,60.685081967213115,2.725245901639344,0.328155674353256,1.128951356435442,1.1232815301852959,0.4793783622235505,2.4273759713090257,0.34798622211840036
Rajasthan,2016,86553,350085,4.04,Kharif,30.648688524590163,36.214999999999996,25.555655737704917,443.06,2607.17,60.685081967213115,2.725245901639344,0.328155674353256,1.128951356435442,1.1232815301852959,0.4793783622235505,2.4273759713090257,0.34798622211840036
Rajasthan,2016,69216,136221,1.97,Kharif,30.648688524590163,36.214999999999996,25.555655737704917,443.06,2607.17,60.685081967213115,2.725245901639344,0.328155674353256,1.128951356435442,1.1232815301852959,0.4793783622235505,2.4273759713090257,0.34798622211840036
Rajasthan,2016,55466,185014,3.34,Rabi,22.5587323943662,31.25474178403756,15.33718309859155,60.48,3821.31,30.285070422535213,1.852769953051643,0.27592984893702693,1.128951356435442,1.1232815301852959,0.4793783622235505,2.4273759713090257,0.34798622211840036
Rajasthan,2016,215678,941457,4.37,Rabi,22.5587323943662,31.25474178403756,15.33718309859155,60.48,3821.31,30.285070422535213,1.852769953051643,0.27592984893702693,1.128951356435442,1.1232815301852959,0.4793783622235505,2.4273759713090257,0.34798622211840036
Rajasthan,2016,82693,168950,2.04,Rabi,22.5587323943662,31.25474178403756,15.33718309859155,60.48,3821.31,30.285070422535213,1.852769953051643,0.27592984893702693,1.128951356435442,1.1232815301852959,0.4793783622235505,2.4273759713090257,0.34798622211840036
Rajasthan,2016,163267,740053,4.53,Rabi,22.5587323943662,31.25474178403756,15.33718309859155,60.48,3821.31,30.285070422535213,1.852769953051643,0.27592984893702693,1.128951356435442,1.1232815301852959,0.4793783622235505,2.4273759713090257,0.34798622211840036
Rajasthan,2016,17612,21638,1.23,Rabi,22.5587323943662,31.25474178403756,15.33718309859155,60.48,3821.31,30.285070422535213,1.852769953051643,0.27592984893702693,1.128951356435442,1.1232815301852959,0.4793783622235505,2.4273759713090257,0.34798622211840036
Rajasthan,2016,160510,713881,4.45,Rabi,22.5587323943662,31.25474178403756,15.33718309859155,60.48,3821.31,30.285070422535213,1.852769953051643,0.27592984893702693,1.128951356435442,1.1232815301852959,0.4793783622235505,2.4273759713090257,0.34798622211840036
Rajasthan,2016,139795,503063,3.6,Rabi,22.5587323943662,31.25474178403756,15.33718309859155,60.48,3821.31,30.285070422535213,1.852769953051643,0.27592984893702693,1.128951356435442,1.1232815301852959,0.4793783622235505,2.4273759713090257,0.34798622211840036
Rajasthan,2016,113183,282654,2.5,Rabi,22.5587323943662,31.25474178403756,15.33718309859155,60.48,3821.31,30.285070422535213,1.852769953051643,0.27592984893702693,1.128951356435442,1.1232815301852959,0.4793783622235505,2.4273759713090257,0.34798622211840036
Rajasthan,2016,162248,705978,4.35,Rabi,22.5587323943662,31.25474178403756,15.33718309859155,60.48,3821.31,30.285070422535213,1.852769953051643,0.27592984893702693,1.128951356435442,1.1232815301852959,0.4793783622235505,2.4273759713090257,0.34798622211840036
Rajasthan,2016,157881,637030,4.03,Rabi,22.5587323943662,31.25474178403756,15.33718309859155,60.48,3821.31,30.285070422535213,1.852769953051643,0.27592984893702693,1.128951356435442,1.1232815301852959,0.4793783622235505,2.4273759713090257,0.34798622211840036
Rajasthan,2016,35143,71736,2.04,Rabi,22.5587323943662,31.25474178403756,15.33718309859155,60.48,3821.31,30.285070422535213,1.852769953051643,0.27592984893702693,1.128951356435442,1.1232815301852959,0.4793783622235505,2.4273759713090257,0.34798622211840036
Rajasthan,2016,102485,418634,4.08,Rabi,22.5587323943662,31.25474178403756,15.33718309859155,60.48,3821.31,30.285070422535213,1.852769953051643,0.27592984893702693,1.128951356435442,1.1232815301852959,0.4793783622235505,2.4273759713090257,0.34798622211840036
Rajasthan,2016,65844,300340,4.56,Rabi,22.5587323943662,31.25474178403756,15.33718309859155,60.48,3821.31,30.285070422535213,1.852769953051643,0.27592984893702693,1.128951356435442,1.1232815301852959,0.4793783622235505,2.4273759713090257,0.34798622211840036
Rajasthan,2016,46988,97791,2.08,Rabi,22.5587323943662,31.25474178403756,15.33718309859155,60.48,3821.31,30.285070422535213,1.852769953051643,0.27592984893702693,1.128951356435442,1.1232815301852959,0.4793783622235505,2.4273759713090257,0.34798622211840036
Rajasthan,2016,248342,984304,3.96,Rabi,22.5587323943662,31.25474178403756,15.33718309859155,60.48,3821.31,30.285070422535213,1.852769953051643,0.27592984893702693,1.128951356435442,1.1232815301852959,0.4793783622235505,2.4273759713090257,0.34798622211840036
Rajasthan,2016,240237,969073,4.03,Rabi,22.5587323943662,31.25474178403756,15.33718309859155,60.48,3821.31,30.285070422535213,1.852769953051643,0.27592984893702693,1.128951356435442,1.1232815301852959,0.4793783622235505,2.4273759713090257,0.34798622211840036
Rajasthan,2016,157232,569358,3.62,Rabi,22.5587323943662,31.25474178403756,15.33718309859155,60.48,3821.31,30.285070422535213,1.852769953051643,0.27592984893702693,1.128951356435442,1.1232815301852959,0.4793783622235505,2.4273759713090257,0.34798622211840036
Rajasthan,2016,9989,13824,1.38,Rabi,22.5587323943662,31.25474178403756,15.33718309859155,60.48,3821.31,30.285070422535213,1.852769953051643,0.27592984893702693,1.128951356435442,1.1232815301852959,0.4793783622235505,2.4273759713090257,0.34798622211840036
Rajasthan,2016,52182,101978,1.95,Rabi,22.5587323943662,31.25474178403756,15.33718309859155,60.48,3821.31,30.285070422535213,1.852769953051643,0.27592984893702693,1.128951356435442,1.1232815301852959,0.4793783622235505,2.4273759713090257,0.34798622211840036
Rajasthan,2016,109041,417546,3.83,Rabi,22.5587323943662,31.25474178403756,15.33718309859155,60.48,3821.31,30.285070422535213,1.852769953051643,0.27592984893702693,1.128951356435442,1.1232815301852959,0.4793783622235505,2.4273759713090257,0.34798622211840036
Rajasthan,2016,86553,350085,4.04,Rabi,22.5587323943662,31.25474178403756,15.33718309859155,60.48,3821.31,30.285070422535213,1.852769953051643,0.27592984893702693,1.128951356435442,1.1232815301852959,0.4793783622235505,2.4273759713090257,0.34798622211840036
Rajasthan,2016,69216,136221,1.97,Rabi,22.5587323943662,31.25474178403756,15.33718309859155,60.48,3821.31,30.285070422535213,1.852769953051643,0.27592984893702693,1.128951356435442,1.1232815301852959,0.4793783622235505,2.4273759713090257,0.34798622211840036
Rajasthan,2017,40328,128011,3.17,Kharif,30.636639344262296,36.20172131147541,25.52172131147541,355.75,2527.31,59.8077868852459,2.683606557377049,0.3431211681770495,1.128951356435442,1.1232815301852959,0.4793783622235505,2.4273759713090257,0.34798622211840036
Rajasthan,2017,203829,875183,4.29,Kharif,30.636639344262296,36.20172131147541,25.52172131147541,355.75,2527.31,59.8077868852459,2.683606557377049,0.3431211681770495,1.128951356435442,1.1232815301852959,0.4793783622235505,2.4273759713090257,0.34798622211840036
Rajasthan,2017,87368,205912,2.36,Kharif,30.636639344262296,36.20172131147541,25.52172131147541,355.75,2527.31,59.8077868852459,2.683606557377049,0.3431211681770495,1.128951356435442,1.1232815301852959,0.4793783622235505,2.4273759713090257,0.34798622211840036
Rajasthan,2017,115747,535052,4.62,Kharif,30.636639344262296,36.20172131147541,25.52172131147541,355.75,2527.31,59.8077868852459,2.683606557377049,0.3431211681770495,1.128951356435442,1.1232815301852959,0.4793783622235505,2.4273759713090257,0.34798622211840036
Rajasthan,2017,14541,21974,1.51,Kharif,30.636639344262296,36.20172131147541,25.52172131147541,355.75,2527.31,59.8077868852459,2.683606557377049,0.3431211681770495,1.128951356435442,1.1232815301852959,0.4793783622235505,2.4273759713090257,0.34798622211840036
Rajasthan,2017,156374,661118,4.23,Kharif,30.636639344262296,36.20172131147541,25.52172131147541,355.75,2527.31,59.8077868852459,2.683606557377049,0.3431211681770495,1.128951356435442,1.1232815301852959,0.4793783622235505,2.4273759713090257,0.34798622211840036
Rajasthan,2017,102802,341133,3.32,Kharif,30.636639344262296,36.20172131147541,25.52172131147541,355.75,2527.31,59.8077868852459,2.683606557377049,0.3431211681770495,1.128951356435442,1.1232815301852959,0.4793783622235505,2.4273759713090257,0.34798622211840036
Rajasthan,2017,108299,271413,2.51,Kharif,30.636639344262296,36.20172131147541,25.52172131147541,355.75,2527.31,59.8077868852459,2.683606557377049,0.3431211681770495,1.128951356435442,1.1232815301852959,0.4793783622235505,2.4273759713090257,0.34798622211840036
Rajasthan,2017,146747,605429,4.13,Kharif,30.636639344262296,36.20172131147541,25.52172131147541,355.75,2527.31,59.8077868852459,2.683606557377049,0.3431211681770495,1.128951356435442,1.1232815301852959,0.4793783622235505,2.4273759713090257,0.34798622211840036
Rajasthan,2017,153587,625979,4.08,Kharif,30.636639344262296,36.20172131147541,25.52172131147541,355.75,2527.31,59.8077868852459,2.683606557377049,0.3431211681770495,1.128951356435442,1.1232815301852959,0.4793783622235505,2.4273759713090257,0.34798622211840036
Rajasthan,2017,33489,73283,2.19,Kharif,30.636639344262296,36.20172131147541,25.52172131147541,355.75,2527.31,59.8077868852459,2.683606557377049,0.3431211681770495,1.128951356435442,1.1232815301852959,0.4793783622235505,2.4273759713090257,0.34798622211840036
Rajasthan,2017,90546,390089,4.31,Kharif,30.636639344262296,36.20172131147541,25.52172131147541,355.75,2527.31,59.8077868852459,2.683606557377049,0.3431211681770495,1.128951356435442,1.1232815301852959,0.4793783622235505,2.4273759713090257,0.34798622211840036
Rajasthan,2017,61287,262663,4.29,Kharif,30.636639344262296,36.20172131147541,25.52172131147541,355.75,2527.31,59.8077868852459,2.683606557377049,0.3431211681770495,1.128951356435442,1.1232815301852959,0.4793783622235505,2.4273759713090257,0.34798622211840036
Rajasthan,2017,47729,110597,2.32,Kharif,30.636639344262296,36.20172131147541,25.52172131147541,355.75,2527.31,59.8077868852459,2.683606557377049,0.3431211681770495,1.128951356435442,1.1232815301852959,0.4793783622235505,2.4273759713090257,0.34798622211840036
Rajasthan,2017,262110,1059309,4.04,Kharif,30.636639344262296,36.20172131147541,25.52172131147541,355.75,2527.31,59.8077868852459,2.683606557377049,0.3431211681770495,1.128951356435442,1.1232815301852959,0.4793783622235505,2.4273759713090257,0.34798622211840036
Rajasthan,2017,244534,1079259,4.41,Kharif,30.636639344262296,36.20172131147541,25.52172131147541,355.75,2527.31,59.8077868852459,2.683606557377049,0.3431211681770495,1.128951356435442,1.1232815301852959,0.4793783622235505,2.4273759713090257,0.34798622211840036
Rajasthan,2017,140904,512683,3.64,Kharif,30.636639344262296,36.20172131147541,25.52172131147541,355.75,2527.31,59.8077868852459,2.683606557377049,0.3431211681770495,1.128951356435442,1.1232815301852959,0.4793783622235505,2.4273759713090257,0.34798622211840036
Rajasthan,2017,8983,16116,1.79,Kharif,30.636639344262296,36.20172131147541,25.52172131147541,355.75,2527.31,59.8077868852459,2.683606557377049,0.3431211681770495,1.128951356435442,1.1232815301852959,0.4793783622235505,2.4273759713090257,0.34798622211840036
Rajasthan,2017,46938,100703,2.15,Kharif,30.636639344262296,36.20172131147541,25.52172131147541,355.75,2527.31,59.8077868852459,2.683606557377049,0.3431211681770495,1.128951356435442,1.1232815301852959,0.4793783622235505,2.4273759713090257,0.34798622211840036
Rajasthan,2017,102202,413256,4.04,Kharif,30.636639344262296,36.20172131147541,25.52172131147541,355.75,2527.31,59.8077868852459,2.683606557377049,0.3431211681770495,1.128951356435442,1.1232815301852959,0.4793783622235505,2.4273759713090257,0.34798622211840036
Rajasthan,2017,85956,340008,3.96,Kharif,30.636639344262296,36.20172131147541,25.52172131147541,355.75,2527.31,59.8077868852459,2.683606557377049,0.3431211681770495,1.128951356435442,1.1232815301852959,0.4793783622235505,2.4273759713090257,0.34798622211840036
Rajasthan,2017,77939,180677,2.32,Kharif,30.636639344262296,36.20172131147541,25.52172131147541,355.75,2527.31,59.8077868852459,2.683606557377049,0.3431211681770495,1.128951356435442,1.1232815301852959,0.4793783622235505,2.4273759713090257,0.34798622211840036
Rajasthan,2017,40328,128011,3.17,Rabi,21.933537735849058,30.82117924528302,14.653490566037735,33.57,3787.11,28.245943396226416,1.983066037735849,0.27465518646190773,1.128951356435442,1.1232815301852959,0.4793783622235505,2.4273759713090257,0.34798622211840036
Rajasthan,2017,203829,875183,4.29,Rabi,21.933537735849058,30.82117924528302,14.653490566037735,33.57,3787.11,28.245943396226416,1.983066037735849,0.27465518646190773,1.128951356435442,1.1232815301852959,0.4793783622235505,2.4273759713090257,0.34798622211840036
Rajasthan,2017,87368,205912,2.36,Rabi,21.933537735849058,30.82117924528302,14.653490566037735,33.57,3787.11,28.245943396226416,1.983066037735849,0.27465518646190773,1.128951356435442,1.1232815301852959,0.4793783622235505,2.4273759713090257,0.34798622211840036
Rajasthan,2017,115747,535052,4.62,Rabi,21.933537735849058,30.82117924528302,14.653490566037735,33.57,3787.11,28.245943396226416,1.983066037735849,0.27465518646190773,1.128951356435442,1.1232815301852959,0.4793783622235505,2.4273759713090257,0.34798622211840036
Rajasthan,2017,14541,21974,1.51,Rabi,21.933537735849058,30.82117924528302,14.653490566037735,33.57,3787.11,28.245943396226416,1.983066037735849,0.27465518646190773,1.128951356435442,1.1232815301852959,0.4793783622235505,2.4273759713090257,0.34798622211840036
Rajasthan,2017,156374,661118,4.23,Rabi,21.933537735849058,30.82117924528302,14.653490566037735,33.57,3787.11,28.245943396226416,1.983066037735849,0.27465518646190773,1.128951356435442,1.1232815301852959,0.4793783622235505,2.4273759713090257,0.34798622211840036
Rajasthan,2017,102802,341133,3.32,Rabi,21.933537735849058,30.82117924528302,14.653490566037735,33.57,3787.11,28.245943396226416,1.983066037735849,0.27465518646190773,1.128951356435442,1.1232815301852959,0.4793783622235505,2.4273759713090257,0.34798622211840036
Rajasthan,2017,108299,271413,2.51,Rabi,21.933537735849058,30.82117924528302,14.653490566037735,33.57,3787.11,28.245943396226416,1.983066037735849,0.27465518646190773,1.128951356435442,1.1232815301852959,0.4793783622235505,2.4273759713090257,0.34798622211840036
Rajasthan,2017,146747,605429,4.13,Rabi,21.933537735849058,30.82117924528302,14.653490566037735,33.57,3787.11,28.245943396226416,1.983066037735849,0.27465518646190773,1.128951356435442,1.1232815301852959,0.4793783622235505,2.4273759713090257,0.34798622211840036
Rajasthan,2017,153587,625979,4.08,Rabi,21.933537735849058,30.82117924528302,14.653490566037735,33.57,3787.11,28.245943396226416,1.983066037735849,0.27465518646190773,1.128951356435442,1.1232815301852959,0.4793783622235505,2.4273759713090257,0.34798622211840036
Rajasthan,2017,33489,73283,2.19,Rabi,21.933537735849058,30.82117924528302,14.653490566037735,33.57,3787.11,28.245943396226416,1.983066037735849,0.27465518646190773,1.128951356435442,1.1232815301852959,0.4793783622235505,2.4273759713090257,0.34798622211840036
Rajasthan,2017,90546,390089,4.31,Rabi,21.933537735849058,30.82117924528302,14.653490566037735,33.57,3787.11,28.245943396226416,1.983066037735849,0.27465518646190773,1.128951356435442,1.1232815301852959,0.4793783622235505,2.4273759713090257,0.34798622211840036
Rajasthan,2017,61287,262663,4.29,Rabi,21.933537735849058,30.82117924528302,14.653490566037735,33.57,3787.11,28.245943396226416,1.983066037735849,0.27465518646190773,1.128951356435442,1.1232815301852959,0.4793783622235505,2.4273759713090257,0.34798622211840036
Rajasthan,2017,47729,110597,2.32,Rabi,21.933537735849058,30.82117924528302,14.653490566037735,33.57,3787.11,28.245943396226416,1.983066037735849,0.27465518646190773,1.128951356435442,1.1232815301852959,0.4793783622235505,2.4273759713090257,0.34798622211840036
Rajasthan,2017,262110,1059309,4.04,Rabi,21.933537735849058,30.82117924528302,14.653490566037735,33.57,3787.11,28.245943396226416,1.983066037735849,0.27465518646190773,1.128951356435442,1.1232815301852959,0.4793783622235505,2.4273759713090257,0.34798622211840036
Rajasthan,2017,244534,1079259,4.41,Rabi,21.933537735849058,30.82117924528302,14.653490566037735,33.57,3787.11,28.245943396226416,1.983066037735849,0.27465518646190773,1.128951356435442,1.1232815301852959,0.4793783622235505,2.4273759713090257,0.34798622211840036
Rajasthan,2017,140904,512683,3.64,Rabi,21.933537735849058,30.82117924528302,14.653490566037735,33.57,3787.11,28.245943396226416,1.983066037735849,0.27465518646190773,1.128951356435442,1.1232815301852959,0.4793783622235505,2.4273759713090257,0.34798622211840036
Rajasthan,2017,8983,16116,1.79,Rabi,21.933537735849058,30.82117924528302,14.653490566037735,33.57,3787.11,28.245943396226416,1.983066037735849,0.27465518646190773,1.128951356435442,1.1232815301852959,0.4793783622235505,2.4273759713090257,0.34798622211840036
Rajasthan,2017,46938,100703,2.15,Rabi,21.933537735849058,30.82117924528302,14.653490566037735,33.57,3787.11,28.245943396226416,1.983066037735849,0.27465518646190773,1.128951356435442,1.1232815301852959,0.4793783622235505,2.4273759713090257,0.34798622211840036
Rajasthan,2017,102202,413256,4.04,Rabi,21.933537735849058,30.82117924528302,14.653490566037735,33.57,3787.11,28.245943396226416,1.983066037735849,0.27465518646190773,1.128951356435442,1.1232815301852959,0.4793783622235505,2.4273759713090257,0.34798622211840036
Rajasthan,2017,85956,340008,3.96,Rabi,21.933537735849058,30.82117924528302,14.653490566037735,33.57,3787.11,28.245943396226416,1.983066037735849,0.27465518646190773,1.128951356435442,1.1232815301852959,0.4793783622235505,2.4273759713090257,0.34798622211840036
Rajasthan,2017,77939,180677,2.32,Rabi,21.933537735849058,30.82117924528302,14.653490566037735,33.57,3787.11,28.245943396226416,1.983066037735849,0.27465518646190773,1.128951356435442,1.1232815301852959,0.4793783622235505,2.4273759713090257,0.34798622211840036
Rajasthan,2018,34787,120782,3.47,Kharif,30.56565573770492,36.03139344262295,25.534754098360654,382.33,2381.91,58.24581967213115,2.982049180327869,0.31469683586118,1.128951356435442,1.1232815301852959,0.4793783622235505,2.4273759713090257,0.34798622211840036
Rajasthan,2018,192419,883624,4.59,Kharif,30.56565573770492,36.03139344262295,25.534754098360654,382.33,2381.91,58.24581967213115,2.982049180327869,0.31469683586118,1.128951356435442,1.1232815301852959,0.4793783622235505,2.4273759713090257,0.34798622211840036
Rajasthan,2018,101344,259066,2.56,Kharif,30.56565573770492,36.03139344262295,25.534754098360654,382.33,2381.91,58.24581967213115,2.982049180327869,0.31469683586118,1.128951356435442,1.1232815301852959,0.4793783622235505,2.4273759713090257,0.34798622211840036
Rajasthan,2018,145939,724978,4.97,Kharif,30.56565573770492,36.03139344262295,25.534754098360654,382.33,2381.91,58.24581967213115,2.982049180327869,0.31469683586118,1.128951356435442,1.1232815301852959,0.4793783622235505,2.4273759713090257,0.34798622211840036
Rajasthan,2018,16188,27939,1.73,Kharif,30.56565573770492,36.03139344262295,25.534754098360654,382.33,2381.91,58.24581967213115,2.982049180327869,0.31469683586118,1.128951356435442,1.1232815301852959,0.4793783622235505,2.4273759713090257,0.34798622211840036
Rajasthan,2018,142726,675635,4.73,Kharif,30.56565573770492,36.03139344262295,25.534754098360654,382.33,2381.91,58.24581967213115,2.982049180327869,0.31469683586118,1.128951356435442,1.1232815301852959,0.4793783622235505,2.4273759713090257,0.34798622211840036
Rajasthan,2018,91237,340531,3.73,Kharif,30.56565573770492,36.03139344262295,25.534754098360654,382.33,2381.91,58.24581967213115,2.982049180327869,0.31469683586118,1.128951356435442,1.1232815301852959,0.4793783622235505,2.4273759713090257,0.34798622211840036
Rajasthan,2018,105603,287989,2.73,Kharif,30.56565573770492,36.03139344262295,25.534754098360654,382.33,2381.91,58.24581967213115,2.982049180327869,0.31469683586118,1.128951356435442,1.1232815301852959,0.4793783622235505,2.4273759713090257,0.34798622211840036
Rajasthan,2018,147557,658540,4.46,Kharif,30.56565573770492,36.03139344262295,25.534754098360654,382.33,2381.91,58.24581967213115,2.982049180327869,0.31469683586118,1.128951356435442,1.1232815301852959,0.4793783622235505,2.4273759713090257,0.34798622211840036
Rajasthan,2018,136383,596674,4.37,Kharif,30.56565573770492,36.03139344262295,25.534754098360654,382.33,2381.91,58.24581967213115,2.982049180327869,0.31469683586118,1.128951356435442,1.1232815301852959,0.4793783622235505,2.4273759713090257,0.34798622211840036
Rajasthan,2018,33554,77768,2.32,Kharif,30.56565573770492,36.03139344262295,25.534754098360654,382.33,2381.91,58.24581967213115,2.982049180327869,0.31469683586118,1.128951356435442,1.1232815301852959,0.4793783622235505,2.4273759713090257,0.34798622211840036
Rajasthan,2018,85773,371052,4.33,Kharif,30.56565573770492,36.03139344262295,25.534754098360654,382.33,2381.91,58.24581967213115,2.982049180327869,0.31469683586118,1.128951356435442,1.1232815301852959,0.4793783622235505,2.4273759713090257,0.34798622211840036
Rajasthan,2018,61259,271830,4.44,Kharif,30.56565573770492,36.03139344262295,25.534754098360654,382.33,2381.91,58.24581967213115,2.982049180327869,0.31469683586118,1.128951356435442,1.1232815301852959,0.4793783622235505,2.4273759713090257,0.34798622211840036
Rajasthan,2018,47295,101283,2.14,Kharif,30.56565573770492,36.03139344262295,25.534754098360654,382.33,2381.91,58.24581967213115,2.982049180327869,0.31469683586118,1.128951356435442,1.1232815301852959,0.4793783622235505,2.4273759713090257,0.34798622211840036
Rajasthan,2018,261633,1094919,4.18,Kharif,30.56565573770492,36.03139344262295,25.534754098360654,382.33,2381.91,58.24581967213115,2.982049180327869,0.31469683586118,1.128951356435442,1.1232815301852959,0.4793783622235505,2.4273759713090257,0.34798622211840036
Rajasthan,2018,245123,1195063,4.88,Kharif,30.56565573770492,36.03139344262295,25.534754098360654,382.33,2381.91,58.24581967213115,2.982049180327869,0.31469683586118,1.128951356435442,1.1232815301852959,0.4793783622235505,2.4273759713090257,0.34798622211840036
Rajasthan,2018,139519,530407,3.8,Kharif,30.56565573770492,36.03139344262295,25.534754098360654,382.33,2381.91,58.24581967213115,2.982049180327869,0.31469683586118,1.128951356435442,1.1232815301852959,0.4793783622235505,2.4273759713090257,0.34798622211840036
Rajasthan,2018,7882,14209,1.8,Kharif,30.56565573770492,36.03139344262295,25.534754098360654,382.33,2381.91,58.24581967213115,2.982049180327869,0.31469683586118,1.128951356435442,1.1232815301852959,0.4793783622235505,2.4273759713090257,0.34798622211840036
Rajasthan,2018,42824,101948,2.38,Kharif,30.56565573770492,36.03139344262295,25.534754098360654,382.33,2381.91,58.24581967213115,2.982049180327869,0.31469683586118,1.128951356435442,1.1232815301852959,0.4793783622235505,2.4273759713090257,0.34798622211840036
Rajasthan,2018,105638,426073,4.03,Kharif,30.56565573770492,36.03139344262295,25.534754098360654,382.33,2381.91,58.24581967213115,2.982049180327869,0.31469683586118,1.128951356435442,1.1232815301852959,0.4793783622235505,2.4273759713090257,0.34798622211840036
Rajasthan,2018,77477,323290,4.17,Kharif,30.56565573770492,36.03139344262295,25.534754098360654,382.33,2381.91,58.24581967213115,2.982049180327869,0.31469683586118,1.128951356435442,1.1232815301852959,0.4793783622235505,2.4273759713090257,0.34798622211840036
Rajasthan,2018,66071,150969,2.28,Kharif,30.56565573770492,36.03139344262295,25.534754098360654,382.33,2381.91,58.24581967213115,2.982049180327869,0.31469683586118,1.128951356435442,1.1232815301852959,0.4793783622235505,2.4273759713090257,0.34798622211840036
Rajasthan,2018,34787,120782,3.47,Rabi,22.300330188679247,31.219575471698114,14.908632075471699,10.14,3821.53,26.218443396226416,1.8541037735849055,0.27176682809581304,1.128951356435442,1.1232815301852959,0.4793783622235505,2.4273759713090257,0.34798622211840036
Rajasthan,2018,192419,883624,4.59,Rabi,22.300330188679247,31.219575471698114,14.908632075471699,10.14,3821.53,26.218443396226416,1.8541037735849055,0.27176682809581304,1.128951356435442,1.1232815301852959,0.4793783622235505,2.4273759713090257,0.34798622211840036
Rajasthan,2018,101344,259066,2.56,Rabi,22.300330188679247,31.219575471698114,14.908632075471699,10.14,3821.53,26.218443396226416,1.8541037735849055,0.27176682809581304,1.128951356435442,1.1232815301852959,0.4793783622235505,2.4273759713090257,0.34798622211840036
Rajasthan,2018,145939,724978,4.97,Rabi,22.300330188679247,31.219575471698114,14.908632075471699,10.14,3821.53,26.218443396226416,1.8541037735849055,0.27176682809581304,1.128951356435442,1.1232815301852959,0.4793783622235505,2.4273759713090257,0.34798622211840036
Rajasthan,2018,16188,27939,1.73,Rabi,22.300330188679247,31.219575471698114,14.908632075471699,10.14,3821.53,26.218443396226416,1.8541037735849055,0.27176682809581304,1.128951356435442,1.1232815301852959,0.4793783622235505,2.4273759713090257,0.34798622211840036
Rajasthan,2018,142726,675635,4.73,Rabi,22.300330188679247,31.219575471698114,14.908632075471699,10.14,3821.53,26.218443396226416,1.8541037735849055,0.27176682809581304,1.128951356435442,1.1232815301852959,0.4793783622235505,2.4273759713090257,0.34798622211840036
Rajasthan,2018,91237,340531,3.73,Rabi,22.300330188679247,31.219575471698114,14.908632075471699,10.14,3821.53,26.218443396226416,1.8541037735849055,0.27176682809581304,1.128951356435442,1.1232815301852959,0.4793783622235505,2.4273759713090257,0.34798622211840036
Rajasthan,2018,105603,287989,2.73,Rabi,22.300330188679247,31.219575471698114,14.908632075471699,10.14,3821.53,26.218443396226416,1.8541037735849055,0.27176682809581304,1.128951356435442,1.1232815301852959,0.4793783622235505,2.4273759713090257,0.34798622211840036
Rajasthan,2018,147557,658540,4.46,Rabi,22.300330188679247,31.219575471698114,14.908632075471699,10.14,3821.53,26.218443396226416,1.8541037735849055,0.27176682809581304,1.128951356435442,1.1232815301852959,0.4793783622235505,2.4273759713090257,0.34798622211840036
Rajasthan,2018,136383,596674,4.37,Rabi,22.300330188679247,31.219575471698114,14.908632075471699,10.14,3821.53,26.218443396226416,1.8541037735849055,0.27176682809581304,1.128951356435442,1.1232815301852959,0.4793783622235505,2.4273759713090257,0.34798622211840036
Rajasthan,2018,33554,77768,2.32,Rabi,22.300330188679247,31.219575471698114,14.908632075471699,10.14,3821.53,26.218443396226416,1.8541037735849055,0.27176682809581304,1.128951356435442,1.1232815301852959,0.4793783622235505,2.4273759713090257,0.34798622211840036
Rajasthan,2018,85773,371052,4.33,Rabi,22.300330188679247,31.219575471698114,14.908632075471699,10.14,3821.53,26.218443396226416,1.8541037735849055,0.27176682809581304,1.128951356435442,1.1232815301852959,0.4793783622235505,2.4273759713090257,0.34798622211840036
Rajasthan,2018,61259,271830,4.44,Rabi,22.300330188679247,31.219575471698114,14.908632075471699,10.14,3821.53,26.218443396226416,1.8541037735849055,0.27176682809581304,1.128951356435442,1.1232815301852959,0.4793783622235505,2.4273759713090257,0.34798622211840036
Rajasthan,2018,47295,101283,2.14,Rabi,22.300330188679247,31.219575471698114,14.908632075471699,10.14,3821.53,26.218443396226416,1.8541037735849055,0.27176682809581304,1.128951356435442,1.1232815301852959,0.4793783622235505,2.4273759713090257,0.34798622211840036
Rajasthan,2018,261633,1094919,4.18,Rabi,22.300330188679247,31.219575471698114,14.908632075471699,10.14,3821.53,26.218443396226416,1.8541037735849055,0.27176682809581304,1.128951356435442,1.1232815301852959,0.4793783622235505,2.4273759713090257,0.34798622211840036
Rajasthan,2018,245123,1195063,4.88,Rabi,22.300330188679247,31.219575471698114,14.908632075471699,10.14,3821.53,26.218443396226416,1.8541037735849055,0.27176682809581304,1.128951356435442,1.1232815301852959,0.4793783622235505,2.4273759713090257,0.34798622211840036
Rajasthan,2018,139519,530407,3.8,Rabi,22.300330188679247,31.219575471698114,14.908632075471699,10.14,3821.53,26.218443396226416,1.8541037735849055,0.27176682809581304,1.128951356435442,1.1232815301852959,0.4793783622235505,2.4273759713090257,0.34798622211840036
Rajasthan,2018,7882,14209,1.8,Rabi,22.300330188679247,31.219575471698114,14.908632075471699,10.14,3821.53,26.218443396226416,1.8541037735849055,0.27176682809581304,1.128951356435442,1.1232815301852959,0.4793783622235505,2.4273759713090257,0.34798622211840036
Rajasthan,2018,42824,101948,2.38,Rabi,22.300330188679247,31.219575471698114,14.908632075471699,10.14,3821.53,26.218443396226416,1.8541037735849055,0.27176682809581304,1.128951356435442,1.1232815301852959,0.4793783622235505,2.4273759713090257,0.34798622211840036
Rajasthan,2018,105638,426073,4.03,Rabi,22.300330188679247,31.219575471698114,14.908632075471699,10.14,3821.53,26.218443396226416,1.8541037735849055,0.27176682809581304,1.128951356435442,1.1232815301852959,0.4793783622235505,2.4273759713090257,0.34798622211840036
Rajasthan,2018,77477,323290,4.17,Rabi,22.300330188679247,31.219575471698114,14.908632075471699,10.14,3821.53,26.218443396226416,1.8541037735849055,0.27176682809581304,1.128951356435442,1.1232815301852959,0.4793783622235505,2.4273759713090257,0.34798622211840036
Rajasthan,2018,66071,150969,2.28,Rabi,22.300330188679247,31.219575471698114,14.908632075471699,10.14,3821.53,26.218443396226416,1.8541037735849055,0.27176682809581304,1.128951356435442,1.1232815301852959,0.4793783622235505,2.4273759713090257,0.34798622211840036
Rajasthan,2019,76722,274738,3.58,Kharif,31.18450819672131,36.08467213114754,26.5494262295082,583.13,2515.26,62.11344262295082,2.5671311475409837,0.3436866866704409,1.128951356435442,1.1232815301852959,0.4793783622235505,2.4273759713090257,0.34798622211840036
Rajasthan,2019,182010,797360,4.38,Kharif,31.18450819672131,36.08467213114754,26.5494262295082,583.13,2515.26,62.11344262295082,2.5671311475409837,0.3436866866704409,1.128951356435442,1.1232815301852959,0.4793783622235505,2.4273759713090257,0.34798622211840036
Rajasthan,2019,110182,291466,2.65,Kharif,31.18450819672131,36.08467213114754,26.5494262295082,583.13,2515.26,62.11344262295082,2.5671311475409837,0.3436866866704409,1.128951356435442,1.1232815301852959,0.4793783622235505,2.4273759713090257,0.34798622211840036
Rajasthan,2019,181699,883589,4.86,Kharif,31.18450819672131,36.08467213114754,26.5494262295082,583.13,2515.26,62.11344262295082,2.5671311475409837,0.3436866866704409,1.128951356435442,1.1232815301852959,0.4793783622235505,2.4273759713090257,0.34798622211840036
Rajasthan,2019,17323,31228,1.8,Kharif,31.18450819672131,36.08467213114754,26.5494262295082,583.13,2515.26,62.11344262295082,2.5671311475409837,0.3436866866704409,1.128951356435442,1.1232815301852959,0.4793783622235505,2.4273759713090257,0.34798622211840036
Rajasthan,2019,123361,528584,4.28,Kharif,31.18450819672131,36.08467213114754,26.5494262295082,583.13,2515.26,62.11344262295082,2.5671311475409837,0.3436866866704409,1.128951356435442,1.1232815301852959,0.4793783622235505,2.4273759713090257,0.34798622211840036
Rajasthan,2019,146052,597234,4.09,Kharif,31.18450819672131,36.08467213114754,26.5494262295082,583.13,2515.26,62.11344262295082,2.5671311475409837,0.3436866866704409,1.128951356435442,1.1232815301852959,0.4793783622235505,2.4273759713090257,0.34798622211840036
Rajasthan,2019,124394,355090,2.85,Kharif,31.18450819672131,36.08467213114754,26.5494262295082,583.13,2515.26,62.11344262295082,2.5671311475409837,0.3436866866704409,1.128951356435442,1.1232815301852959,0.4793783622235505,2.4273759713090257,0.34798622211840036
Rajasthan,2019,174545,823931,4.72,Kharif,31.18450819672131,36.08467213114754,26.5494262295082,583.13,2515.26,62.11344262295082,2.5671311475409837,0.3436866866704409,1.128951356435442,1.1232815301852959,0.4793783622235505,2.4273759713090257,0.34798622211840036
Rajasthan,2019,182665,854175,4.68,Kharif,31.18450819672131,36.08467213114754,26.5494262295082,583.13,2515.26,62.11344262295082,2.5671311475409837,0.3436866866704409,1.128951356435442,1.1232815301852959,0.4793783622235505,2.4273759713090257,0.34798622211840036
Rajasthan,2019,42456,92912,2.19,Kharif,31.18450819672131,36.08467213114754,26.5494262295082,583.13,2515.26,62.11344262295082,2.5671311475409837,0.3436866866704409,1.128951356435442,1.1232815301852959,0.4793783622235505,2.4273759713090257,0.34798622211840036
Rajasthan,2019,84836,334490,3.94,Kharif,31.18450819672131,36.08467213114754,26.5494262295082,583.13,2515.26,62.11344262295082,2.5671311475409837,0.3436866866704409,1.128951356435442,1.1232815301852959,0.4793783622235505,2.4273759713090257,0.34798622211840036
Rajasthan,2019,60729,269776,4.44,Kharif,31.18450819672131,36.08467213114754,26.5494262295082,583.13,2515.26,62.11344262295082,2.5671311475409837,0.3436866866704409,1.128951356435442,1.1232815301852959,0.4793783622235505,2.4273759713090257,0.34798622211840036
Rajasthan,2019,61184,145496,2.38,Kharif,31.18450819672131,36.08467213114754,26.5494262295082,583.13,2515.26,62.11344262295082,2.5671311475409837,0.3436866866704409,1.128951356435442,1.1232815301852959,0.4793783622235505,2.4273759713090257,0.34798622211840036
Rajasthan,2019,285384,1329576,4.66,Kharif,31.18450819672131,36.08467213114754,26.5494262295082,583.13,2515.26,62.11344262295082,2.5671311475409837,0.3436866866704409,1.128951356435442,1.1232815301852959,0.4793783622235505,2.4273759713090257,0.34798622211840036
Rajasthan,2019,263748,1233787,4.68,Kharif,31.18450819672131,36.08467213114754,26.5494262295082,583.13,2515.26,62.11344262295082,2.5671311475409837,0.3436866866704409,1.128951356435442,1.1232815301852959,0.4793783622235505,2.4273759713090257,0.34798622211840036
Rajasthan,2019,144542,561003,3.88,Kharif,31.18450819672131,36.08467213114754,26.5494262295082,583.13,2515.26,62.11344262295082,2.5671311475409837,0.3436866866704409,1.128951356435442,1.1232815301852959,0.4793783622235505,2.4273759713090257,0.34798622211840036
Rajasthan,2019,9466,14697,1.55,Kharif,31.18450819672131,36.08467213114754,26.5494262295082,583.13,2515.26,62.11344262295082,2.5671311475409837,0.3436866866704409,1.128951356435442,1.1232815301852959,0.4793783622235505,2.4273759713090257,0.34798622211840036
Rajasthan,2019,52807,117562,2.23,Kharif,31.18450819672131,36.08467213114754,26.5494262295082,583.13,2515.26,62.11344262295082,2.5671311475409837,0.3436866866704409,1.128951356435442,1.1232815301852959,0.4793783622235505,2.4273759713090257,0.34798622211840036
Rajasthan,2019,156254,652482,4.18,Kharif,31.18450819672131,36.08467213114754,26.5494262295082,583.13,2515.26,62.11344262295082,2.5671311475409837,0.3436866866704409,1.128951356435442,1.1232815301852959,0.4793783622235505,2.4273759713090257,0.34798622211840036
Rajasthan,2019,74982,305253,4.07,Kharif,31.18450819672131,36.08467213114754,26.5494262295082,583.13,2515.26,62.11344262295082,2.5671311475409837,0.3436866866704409,1.128951356435442,1.1232815301852959,0.4793783622235505,2.4273759713090257,0.34798622211840036
Rajasthan,2019,63675,149730,2.35,Kharif,31.18450819672131,36.08467213114754,26.5494262295082,583.13,2515.26,62.11344262295082,2.5671311475409837,0.3436866866704409,1.128951356435442,1.1232815301852959,0.4793783622235505,2.4273759713090257,0.34798622211840036
Rajasthan,2019,76722,274738,3.58,Rabi,20.800990566037736,28.614056603773587,14.19872641509434,53.21,3527.41,41.219669811320756,1.7766981132075472,0.29349119756934716,1.128951356435442,1.1232815301852959,0.4793783622235505,2.4273759713090257,0.34798622211840036
Rajasthan,2019,182010,797360,4.38,Rabi,20.800990566037736,28.614056603773587,14.19872641509434,53.21,3527.41,41.219669811320756,1.7766981132075472,0.29349119756934716,1.128951356435442,1.1232815301852959,0.4793783622235505,2.4273759713090257,0.34798622211840036
Rajasthan,2019,110182,291466,2.65,Rabi,20.800990566037736,28.614056603773587,14.19872641509434,53.21,3527.41,41.219669811320756,1.7766981132075472,0.29349119756934716,1.128951356435442,1.1232815301852959,0.4793783622235505,2.4273759713090257,0.34798622211840036
Rajasthan,2019,181699,883589,4.86,Rabi,20.800990566037736,28.614056603773587,14.19872641509434,53.21,3527.41,41.219669811320756,1.7766981132075472,0.29349119756934716,1.128951356435442,1.1232815301852959,0.4793783622235505,2.4273759713090257,0.34798622211840036
Rajasthan,2019,17323,31228,1.8,Rabi,20.800990566037736,28.614056603773587,14.19872641509434,53.21,3527.41,41.219669811320756,1.7766981132075472,0.29349119756934716,1.128951356435442,1.1232815301852959,0.4793783622235505,2.4273759713090257,0.34798622211840036
Rajasthan,2019,123361,528584,4.28,Rabi,20.800990566037736,28.614056603773587,14.19872641509434,53.21,3527.41,41.219669811320756,1.7766981132075472,0.29349119756934716,1.128951356435442,1.1232815301852959,0.4793783622235505,2.4273759713090257,0.34798622211840036
Rajasthan,2019,146052,597234,4.09,Rabi,20.800990566037736,28.614056603773587,14.19872641509434,53.21,3527.41,41.219669811320756,1.7766981132075472,0.29349119756934716,1.128951356435442,1.1232815301852959,0.4793783622235505,2.4273759713090257,0.34798622211840036
Rajasthan,2019,124394,355090,2.85,Rabi,20.800990566037736,28.614056603773587,14.19872641509434,53.21,3527.41,41.219669811320756,1.7766981132075472,0.29349119756934716,1.128951356435442,1.1232815301852959,0.4793783622235505,2.4273759713090257,0.34798622211840036
Rajasthan,2019,174545,823931,4.72,Rabi,20.800990566037736,28.614056603773587,14.19872641509434,53.21,3527.41,41.219669811320756,1.7766981132075472,0.29349119756934716,1.128951356435442,1.1232815301852959,0.4793783622235505,2.4273759713090257,0.34798622211840036
Rajasthan,2019,182665,854175,4.68,Rabi,20.800990566037736,28.614056603773587,14.19872641509434,53.21,3527.41,41.219669811320756,1.7766981132075472,0.29349119756934716,1.128951356435442,1.1232815301852959,0.4793783622235505,2.4273759713090257,0.34798622211840036
Rajasthan,2019,42456,92912,2.19,Rabi,20.800990566037736,28.614056603773587,14.19872641509434,53.21,3527.41,41.219669811320756,1.7766981132075472,0.29349119756934716,1.128951356435442,1.1232815301852959,0.4793783622235505,2.4273759713090257,0.34798622211840036
Rajasthan,2019,84836,334490,3.94,Rabi,20.800990566037736,28.614056603773587,14.19872641509434,53.21,3527.41,41.219669811320756,1.7766981132075472,0.29349119756934716,1.128951356435442,1.1232815301852959,0.4793783622235505,2.4273759713090257,0.34798622211840036
Rajasthan,2019,60729,269776,4.44,Rabi,20.800990566037736,28.614056603773587,14.19872641509434,53.21,3527.41,41.219669811320756,1.7766981132075472,0.29349119756934716,1.128951356435442,1.1232815301852959,0.4793783622235505,2.4273759713090257,0.34798622211840036
Rajasthan,2019,61184,145496,2.38,Rabi,20.800990566037736,28.614056603773587,14.19872641509434,53.21,3527.41,41.219669811320756,1.7766981132075472,0.29349119756934716,1.128951356435442,1.1232815301852959,0.4793783622235505,2.4273759713090257,0.34798622211840036
Rajasthan,2019,285384,1329576,4.66,Rabi,20.800990566037736,28.614056603773587,14.19872641509434,53.21,3527.41,41.219669811320756,1.7766981132075472,0.29349119756934716,1.128951356435442,1.1232815301852959,0.4793783622235505,2.4273759713090257,0.34798622211840036
Rajasthan,2019,263748,1233787,4.68,Rabi,20.800990566037736,28.614056603773587,14.19872641509434,53.21,3527.41,41.219669811320756,1.7766981132075472,0.29349119756934716,1.128951356435442,1.1232815301852959,0.4793783622235505,2.4273759713090257,0.34798622211840036
Rajasthan,2019,144542,561003,3.88,Rabi,20.800990566037736,28.614056603773587,14.19872641509434,53.21,3527.41,41.219669811320756,1.7766981132075472,0.29349119756934716,1.128951356435442,1.1232815301852959,0.4793783622235505,2.4273759713090257,0.34798622211840036
Rajasthan,2019,9466,14697,1.55,Rabi,20.800990566037736,28.614056603773587,14.19872641509434,53.21,3527.41,41.219669811320756,1.7766981132075472,0.29349119756934716,1.128951356435442,1.1232815301852959,0.4793783622235505,2.4273759713090257,0.34798622211840036
Rajasthan,2019,52807,117562,2.23,Rabi,20.800990566037736,28.614056603773587,14.19872641509434,53.21,3527.41,41.219669811320756,1.7766981132075472,0.29349119756934716,1.128951356435442,1.1232815301852959,0.4793783622235505,2.4273759713090257,0.34798622211840036
Rajasthan,2019,156254,652482,4.18,Rabi,20.800990566037736,28.614056603773587,14.19872641509434,53.21,3527.41,41.219669811320756,1.7766981132075472,0.29349119756934716,1.128951356435442,1.1232815301852959,0.4793783622235505,2.4273759713090257,0.34798622211840036
Rajasthan,2019,74982,305253,4.07,Rabi,20.800990566037736,28.614056603773587,14.19872641509434,53.21,3527.41,41.219669811320756,1.7766981132075472,0.29349119756934716,1.128951356435442,1.1232815301852959,0.4793783622235505,2.4273759713090257,0.34798622211840036
Rajasthan,2019,63675,149730,2.35,Rabi,20.800990566037736,28.614056603773587,14.19872641509434,53.21,3527.41,41.219669811320756,1.7766981132075472,0.29349119756934716,1.128951356435442,1.1232815301852959,0.4793783622235505,2.4273759713090257,0.34798622211840036
Rajasthan,2020,49918,174907,3.5,Kharif,31.620327868852456,37.01180327868852,26.56204918032787,373.35,2544.84,59.50524590163935,2.503606557377049,0.34833878525527073,1.128951356435442,1.1232815301852959,0.4793783622235505,2.4273759713090257,0.34798622211840036
Rajasthan,2020,201390,977129,4.85,Kharif,31.620327868852456,37.01180327868852,26.56204918032787,373.35,2544.84,59.50524590163935,2.503606557377049,0.34833878525527073,1.128951356435442,1.1232815301852959,0.4793783622235505,2.4273759713090257,0.34798622211840036
Rajasthan,2020,111783,296882,2.66,Kharif,31.620327868852456,37.01180327868852,26.56204918032787,373.35,2544.84,59.50524590163935,2.503606557377049,0.34833878525527073,1.128951356435442,1.1232815301852959,0.4793783622235505,2.4273759713090257,0.34798622211840036
Rajasthan,2020,153218,686769,4.48,Kharif,31.620327868852456,37.01180327868852,26.56204918032787,373.35,2544.84,59.50524590163935,2.503606557377049,0.34833878525527073,1.128951356435442,1.1232815301852959,0.4793783622235505,2.4273759713090257,0.34798622211840036
Rajasthan,2020,14237,22538,1.58,Kharif,31.620327868852456,37.01180327868852,26.56204918032787,373.35,2544.84,59.50524590163935,2.503606557377049,0.34833878525527073,1.128951356435442,1.1232815301852959,0.4793783622235505,2.4273759713090257,0.34798622211840036
Rajasthan,2020,134130,631782,4.71,Kharif,31.620327868852456,37.01180327868852,26.56204918032787,373.35,2544.84,59.50524590163935,2.503606557377049,0.34833878525527073,1.128951356435442,1.1232815301852959,0.4793783622235505,2.4273759713090257,0.34798622211840036
Rajasthan,2020,127868,529587,4.14,Kharif,31.620327868852456,37.01180327868852,26.56204918032787,373.35,2544.84,59.50524590163935,2.503606557377049,0.34833878525527073,1.128951356435442,1.1232815301852959,0.4793783622235505,2.4273759713090257,0.34798622211840036
Rajasthan,2020,114379,292603,2.56,Kharif,31.620327868852456,37.01180327868852,26.56204918032787,373.35,2544.84,59.50524590163935,2.503606557377049,0.34833878525527073,1.128951356435442,1.1232815301852959,0.4793783622235505,2.4273759713090257,0.34798622211840036
Rajasthan,2020,157202,731862,4.66,Kharif,31.620327868852456,37.01180327868852,26.56204918032787,373.35,2544.84,59.50524590163935,2.503606557377049,0.34833878525527073,1.128951356435442,1.1232815301852959,0.4793783622235505,2.4273759713090257,0.34798622211840036
Rajasthan,2020,148391,657947,4.43,Kharif,31.620327868852456,37.01180327868852,26.56204918032787,373.35,2544.84,59.50524590163935,2.503606557377049,0.34833878525527073,1.128951356435442,1.1232815301852959,0.4793783622235505,2.4273759713090257,0.34798622211840036
Rajasthan,2020,37809,80490,2.13,Kharif,31.620327868852456,37.01180327868852,26.56204918032787,373.35,2544.84,59.50524590163935,2.503606557377049,0.34833878525527073,1.128951356435442,1.1232815301852959,0.4793783622235505,2.4273759713090257,0.34798622211840036
Rajasthan,2020,92650,401721,4.34,Kharif,31.620327868852456,37.01180327868852,26.56204918032787,373.35,2544.84,59.50524590163935,2.503606557377049,0.34833878525527073,1.128951356435442,1.1232815301852959,0.4793783622235505,2.4273759713090257,0.34798622211840036
Rajasthan,2020,57673,265871,4.61,Kharif,31.620327868852456,37.01180327868852,26.56204918032787,373.35,2544.84,59.50524590163935,2.503606557377049,0.34833878525527073,1.128951356435442,1.1232815301852959,0.4793783622235505,2.4273759713090257,0.34798622211840036
Rajasthan,2020,57948,131088,2.26,Kharif,31.620327868852456,37.01180327868852,26.56204918032787,373.35,2544.84,59.50524590163935,2.503606557377049,0.34833878525527073,1.128951356435442,1.1232815301852959,0.4793783622235505,2.4273759713090257,0.34798622211840036
Rajasthan,2020,265812,1167584,4.39,Kharif,31.620327868852456,37.01180327868852,26.56204918032787,373.35,2544.84,59.50524590163935,2.503606557377049,0.34833878525527073,1.128951356435442,1.1232815301852959,0.4793783622235505,2.4273759713090257,0.34798622211840036
Rajasthan,2020,247470,1065445,4.31,Kharif,31.620327868852456,37.01180327868852,26.56204918032787,373.35,2544.84,59.50524590163935,2.503606557377049,0.34833878525527073,1.128951356435442,1.1232815301852959,0.4793783622235505,2.4273759713090257,0.34798622211840036
Rajasthan,2020,145817,559695,3.84,Kharif,31.620327868852456,37.01180327868852,26.56204918032787,373.35,2544.84,59.50524590163935,2.503606557377049,0.34833878525527073,1.128951356435442,1.1232815301852959,0.4793783622235505,2.4273759713090257,0.34798622211840036
Rajasthan,2020,7859,7521,0.96,Kharif,31.620327868852456,37.01180327868852,26.56204918032787,373.35,2544.84,59.50524590163935,2.503606557377049,0.34833878525527073,1.128951356435442,1.1232815301852959,0.4793783622235505,2.4273759713090257,0.34798622211840036
Rajasthan,2020,47158,110312,2.34,Kharif,31.620327868852456,37.01180327868852,26.56204918032787,373.35,2544.84,59.50524590163935,2.503606557377049,0.34833878525527073,1.128951356435442,1.1232815301852959,0.4793783622235505,2.4273759713090257,0.34798622211840036
Rajasthan,2020,120032,513457,4.28,Kharif,31.620327868852456,37.01180327868852,26.56204918032787,373.35,2544.84,59.50524590163935,2.503606557377049,0.34833878525527073,1.128951356435442,1.1232815301852959,0.4793783622235505,2.4273759713090257,0.34798622211840036
Rajasthan,2020,74756,284517,3.81,Kharif,31.620327868852456,37.01180327868852,26.56204918032787,373.35,2544.84,59.50524590163935,2.503606557377049,0.34833878525527073,1.128951356435442,1.1232815301852959,0.4793783622235505,2.4273759713090257,0.34798622211840036
Rajasthan,2020,75032,203217,2.71,Kharif,31.620327868852456,37.01180327868852,26.56204918032787,373.35,2544.84,59.50524590163935,2.503606557377049,0.34833878525527073,1.128951356435442,1.1232815301852959,0.4793783622235505,2.4273759713090257,0.34798622211840036
Rajasthan,2020,49918,174907,3.5,Rabi,20.824319248826292,29.24478873239437,13.704225352112676,50.81,3621.02,37.68319248826291,1.8630516431924882,0.2991410051835098,1.128951356435442,1.1232815301852959,0.4793783622235505,2.4273759713090257,0.34798622211840036
Rajasthan,2020,201390,977129,4.85,Rabi,20.824319248826292,29.24478873239437,13.704225352112676,50.81,3621.02,37.68319248826291,1.8630516431924882,0.2991410051835098,1.128951356435442,1.1232815301852959,0.4793783622235505,2.4273759713090257,0.34798622211840036
Rajasthan,2020,111783,296882,2.66,Rabi,20.824319248826292,29.24478873239437,13.704225352112676,50.81,3621.02,37.68319248826291,1.8630516431924882,0.2991410051835098,1.128951356435442,1.1232815301852959,0.4793783622235505,2.4273759713090257,0.34798622211840036
Rajasthan,2020,153218,686769,4.48,Rabi,20.824319248826292,29.24478873239437,13.704225352112676,50.81,3621.02,37.68319248826291,1.8630516431924882,0.2991410051835098,1.128951356435442,1.1232815301852959,0.4793783622235505,2.4273759713090257,0.34798622211840036
Rajasthan,2020,14237,22538,1.58,Rabi,20.824319248826292,29.24478873239437,13.704225352112676,50.81,3621.02,37.68319248826291,1.8630516431924882,0.2991410051835098,1.128951356435442,1.1232815301852959,0.4793783622235505,2.4273759713090257,0.34798622211840036
Rajasthan,2020,134130,631782,4.71,Rabi,20.824319248826292,29.24478873239437,13.704225352112676,50.81,3621.02,37.68319248826291,1.8630516431924882,0.2991410051835098,1.128951356435442,1.1232815301852959,0.4793783622235505,2.4273759713090257,0.34798622211840036
Rajasthan,2020,127868,529587,4.14,Rabi,20.824319248826292,29.24478873239437,13.704225352112676,50.81,3621.02,37.68319248826291,1.8630516431924882,0.2991410051835098,1.128951356435442,1.1232815301852959,0.4793783622235505,2.4273759713090257,0.34798622211840036
Rajasthan,2020,114379,292603,2.56,Rabi,20.824319248826292,29.24478873239437,13.704225352112676,50.81,3621.02,37.68319248826291,1.8630516431924882,0.2991410051835098,1.128951356435442,1.1232815301852959,0.4793783622235505,2.4273759713090257,0.34798622211840036
Rajasthan,2020,157202,731862,4.66,Rabi,20.824319248826292,29.24478873239437,13.704225352112676,50.81,3621.02,37.68319248826291,1.8630516431924882,0.2991410051835098,1.128951356435442,1.1232815301852959,0.4793783622235505,2.4273759713090257,0.34798622211840036
Rajasthan,2020,148391,657947,4.43,Rabi,20.824319248826292,29.24478873239437,13.704225352112676,50.81,3621.02,37.68319248826291,1.8630516431924882,0.2991410051835098,1.128951356435442,1.1232815301852959,0.4793783622235505,2.4273759713090257,0.34798622211840036
Rajasthan,2020,37809,80490,2.13,Rabi,20.824319248826292,29.24478873239437,13.704225352112676,50.81,3621.02,37.68319248826291,1.8630516431924882,0.2991410051835098,1.128951356435442,1.1232815301852959,0.4793783622235505,2.4273759713090257,0.34798622211840036
Rajasthan,2020,92650,401721,4.34,Rabi,20.824319248826292,29.24478873239437,13.704225352112676,50.81,3621.02,37.68319248826291,1.8630516431924882,0.2991410051835098,1.128951356435442,1.1232815301852959,0.4793783622235505,2.4273759713090257,0.34798622211840036
Rajasthan,2020,57673,265871,4.61,Rabi,20.824319248826292,29.24478873239437,13.704225352112676,50.81,3621.02,37.68319248826291,1.8630516431924882,0.2991410051835098,1.128951356435442,1.1232815301852959,0.4793783622235505,2.4273759713090257,0.34798622211840036
Rajasthan,2020,57948,131088,2.26,Rabi,20.824319248826292,29.24478873239437,13.704225352112676,50.81,3621.02,37.68319248826291,1.8630516431924882,0.2991410051835098,1.128951356435442,1.1232815301852959,0.4793783622235505,2.4273759713090257,0.34798622211840036
Rajasthan,2020,265812,1167584,4.39,Rabi,20.824319248826292,29.24478873239437,13.704225352112676,50.81,3621.02,37.68319248826291,1.8630516431924882,0.2991410051835098,1.128951356435442,1.1232815301852959,0.4793783622235505,2.4273759713090257,0.34798622211840036
Rajasthan,2020,247470,1065445,4.31,Rabi,20.824319248826292,29.24478873239437,13.704225352112676,50.81,3621.02,37.68319248826291,1.8630516431924882,0.2991410051835098,1.128951356435442,1.1232815301852959,0.4793783622235505,2.4273759713090257,0.34798622211840036
Rajasthan,2020,145817,559695,3.84,Rabi,20.824319248826292,29.24478873239437,13.704225352112676,50.81,3621.02,37.68319248826291,1.8630516431924882,0.2991410051835098,1.128951356435442,1.1232815301852959,0.4793783622235505,2.4273759713090257,0.34798622211840036
Rajasthan,2020,7859,7521,0.96,Rabi,20.824319248826292,29.24478873239437,13.704225352112676,50.81,3621.02,37.68319248826291,1.8630516431924882,0.2991410051835098,1.128951356435442,1.1232815301852959,0.4793783622235505,2.4273759713090257,0.34798622211840036
Rajasthan,2020,47158,110312,2.34,Rabi,20.824319248826292,29.24478873239437,13.704225352112676,50.81,3621.02,37.68319248826291,1.8630516431924882,0.2991410051835098,1.128951356435442,1.1232815301852959,0.4793783622235505,2.4273759713090257,0.34798622211840036
Rajasthan,2020,120032,513457,4.28,Rabi,20.824319248826292,29.24478873239437,13.704225352112676,50.81,3621.02,37.68319248826291,1.8630516431924882,0.2991410051835098,1.128951356435442,1.1232815301852959,0.4793783622235505,2.4273759713090257,0.34798622211840036
Rajasthan,2020,74756,284517,3.81,Rabi,20.824319248826292,29.24478873239437,13.704225352112676,50.81,3621.02,37.68319248826291,1.8630516431924882,0.2991410051835098,1.128951356435442,1.1232815301852959,0.4793783622235505,2.4273759713090257,0.34798622211840036
Rajasthan,2020,75032,203217,2.71,Rabi,20.824319248826292,29.24478873239437,13.704225352112676,50.81,3621.02,37.68319248826291,1.8630516431924882,0.2991410051835098,1.128951356435442,1.1232815301852959,0.4793783622235505,2.4273759713090257,0.34798622211840036
Rajasthan,2021,46763,155101,3.32,Kharif,31.29139344262295,36.23245901639344,26.659344262295082,436.28,2439.45,60.74672131147541,2.8652459016393443,0.33877655860353095,1.128951356435442,1.1232815301852959,0.4793783622235505,2.4273759713090257,0.34798622211840036
Rajasthan,2021,144470,699995,4.85,Kharif,31.29139344262295,36.23245901639344,26.659344262295082,436.28,2439.45,60.74672131147541,2.8652459016393443,0.33877655860353095,1.128951356435442,1.1232815301852959,0.4793783622235505,2.4273759713090257,0.34798622211840036
Rajasthan,2021,124214,326052,2.62,Kharif,31.29139344262295,36.23245901639344,26.659344262295082,436.28,2439.45,60.74672131147541,2.8652459016393443,0.33877655860353095,1.128951356435442,1.1232815301852959,0.4793783622235505,2.4273759713090257,0.34798622211840036
Rajasthan,2021,124484,591306,4.75,Kharif,31.29139344262295,36.23245901639344,26.659344262295082,436.28,2439.45,60.74672131147541,2.8652459016393443,0.33877655860353095,1.128951356435442,1.1232815301852959,0.4793783622235505,2.4273759713090257,0.34798622211840036
Rajasthan,2021,11610,17766,1.53,Kharif,31.29139344262295,36.23245901639344,26.659344262295082,436.28,2439.45,60.74672131147541,2.8652459016393443,0.33877655860353095,1.128951356435442,1.1232815301852959,0.4793783622235505,2.4273759713090257,0.34798622211840036
Rajasthan,2021,90585,418130,4.62,Kharif,31.29139344262295,36.23245901639344,26.659344262295082,436.28,2439.45,60.74672131147541,2.8652459016393443,0.33877655860353095,1.128951356435442,1.1232815301852959,0.4793783622235505,2.4273759713090257,0.34798622211840036
Rajasthan,2021,123985,491265,3.96,Kharif,31.29139344262295,36.23245901639344,26.659344262295082,436.28,2439.45,60.74672131147541,2.8652459016393443,0.33877655860353095,1.128951356435442,1.1232815301852959,0.4793783622235505,2.4273759713090257,0.34798622211840036
Rajasthan,2021,103903,280645,2.7,Kharif,31.29139344262295,36.23245901639344,26.659344262295082,436.28,2439.45,60.74672131147541,2.8652459016393443,0.33877655860353095,1.128951356435442,1.1232815301852959,0.4793783622235505,2.4273759713090257,0.34798622211840036
Rajasthan,2021,149985,694044,4.63,Kharif,31.29139344262295,36.23245901639344,26.659344262295082,436.28,2439.45,60.74672131147541,2.8652459016393443,0.33877655860353095,1.128951356435442,1.1232815301852959,0.4793783622235505,2.4273759713090257,0.34798622211840036
Rajasthan,2021,137587,632656,4.6,Kharif,31.29139344262295,36.23245901639344,26.659344262295082,436.28,2439.45,60.74672131147541,2.8652459016393443,0.33877655860353095,1.128951356435442,1.1232815301852959,0.4793783622235505,2.4273759713090257,0.34798622211840036
Rajasthan,2021,36656,92175,2.51,Kharif,31.29139344262295,36.23245901639344,26.659344262295082,436.28,2439.45,60.74672131147541,2.8652459016393443,0.33877655860353095,1.128951356435442,1.1232815301852959,0.4793783622235505,2.4273759713090257,0.34798622211840036
Rajasthan,2021,68201,310543,4.55,Kharif,31.29139344262295,36.23245901639344,26.659344262295082,436.28,2439.45,60.74672131147541,2.8652459016393443,0.33877655860353095,1.128951356435442,1.1232815301852959,0.4793783622235505,2.4273759713090257,0.34798622211840036
Rajasthan,2021,42664,201978,4.73,Kharif,31.29139344262295,36.23245901639344,26.659344262295082,436.28,2439.45,60.74672131147541,2.8652459016393443,0.33877655860353095,1.128951356435442,1.1232815301852959,0.4793783622235505,2.4273759713090257,0.34798622211840036
Rajasthan,2021,66396,151554,2.28,Kharif,31.29139344262295,36.23245901639344,26.659344262295082,436.28,2439.45,60.74672131147541,2.8652459016393443,0.33877655860353095,1.128951356435442,1.1232815301852959,0.4793783622235505,2.4273759713090257,0.34798622211840036
Rajasthan,2021,199197,859345,4.31,Kharif,31.29139344262295,36.23245901639344,26.659344262295082,436.28,2439.45,60.74672131147541,2.8652459016393443,0.33877655860353095,1.128951356435442,1.1232815301852959,0.4793783622235505,2.4273759713090257,0.34798622211840036
Rajasthan,2021,205773,854844,4.15,Kharif,31.29139344262295,36.23245901639344,26.659344262295082,436.28,2439.45,60.74672131147541,2.8652459016393443,0.33877655860353095,1.128951356435442,1.1232815301852959,0.4793783622235505,2.4273759713090257,0.34798622211840036
Rajasthan,2021,136277,529647,3.89,Kharif,31.29139344262295,36.23245901639344,26.659344262295082,436.28,2439.45,60.74672131147541,2.8652459016393443,0.33877655860353095,1.128951356435442,1.1232815301852959,0.4793783622235505,2.4273759713090257,0.34798622211840036
Rajasthan,2021,7574,11002,1.45,Kharif,31.29139344262295,36.23245901639344,26.659344262295082,436.28,2439.45,60.74672131147541,2.8652459016393443,0.33877655860353095,1.128951356435442,1.1232815301852959,0.4793783622235505,2.4273759713090257,0.34798622211840036
Rajasthan,2021,34484,83615,2.42,Kharif,31.29139344262295,36.23245901639344,26.659344262295082,436.28,2439.45,60.74672131147541,2.8652459016393443,0.33877655860353095,1.128951356435442,1.1232815301852959,0.4793783622235505,2.4273759713090257,0.34798622211840036
Rajasthan,2021,137321,602774,4.39,Kharif,31.29139344262295,36.23245901639344,26.659344262295082,436.28,2439.45,60.74672131147541,2.8652459016393443,0.33877655860353095,1.128951356435442,1.1232815301852959,0.4793783622235505,2.4273759713090257,0.34798622211840036
Rajasthan,2021,74091,289537,3.91,Kharif,31.29139344262295,36.23245901639344,26.659344262295082,436.28,2439.45,60.74672131147541,2.8652459016393443,0.33877655860353095,1.128951356435442,1.1232815301852959,0.4793783622235505,2.4273759713090257,0.34798622211840036
Rajasthan,2021,83065,204936,2.47,Kharif,31.29139344262295,36.23245901639344,26.659344262295082,436.28,2439.45,60.74672131147541,2.8652459016393443,0.33877655860353095,1.128951356435442,1.1232815301852959,0.4793783622235505,2.4273759713090257,0.34798622211840036
Rajasthan,2021,46763,155101,3.32,Rabi,22.085,30.667830188679243,14.979669811320756,44.91,3705.0,36.669481132075475,1.9094811320754717,0.30115732713699445,1.128951356435442,1.1232815301852959,0.4793783622235505,2.4273759713090257,0.34798622211840036
Rajasthan,2021,144470,699995,4.85,Rabi,22.085,30.667830188679243,14.979669811320756,44.91,3705.0,36.669481132075475,1.9094811320754717,0.30115732713699445,1.128951356435442,1.1232815301852959,0.4793783622235505,2.4273759713090257,0.34798622211840036
Rajasthan,2021,124214,326052,2.62,Rabi,22.085,30.667830188679243,14.979669811320756,44.91,3705.0,36.669481132075475,1.9094811320754717,0.30115732713699445,1.128951356435442,1.1232815301852959,0.4793783622235505,2.4273759713090257,0.34798622211840036
Rajasthan,2021,124484,591306,4.75,Rabi,22.085,30.667830188679243,14.979669811320756,44.91,3705.0,36.669481132075475,1.9094811320754717,0.30115732713699445,1.128951356435442,1.1232815301852959,0.4793783622235505,2.4273759713090257,0.34798622211840036
Rajasthan,2021,11610,17766,1.53,Rabi,22.085,30.667830188679243,14.979669811320756,44.91,3705.0,36.669481132075475,1.9094811320754717,0.30115732713699445,1.128951356435442,1.1232815301852959,0.4793783622235505,2.4273759713090257,0.34798622211840036
Rajasthan,2021,90585,418130,4.62,Rabi,22.085,30.667830188679243,14.979669811320756,44.91,3705.0,36.669481132075475,1.9094811320754717,0.30115732713699445,1.128951356435442,1.1232815301852959,0.4793783622235505,2.4273759713090257,0.34798622211840036
Rajasthan,2021,123985,491265,3.96,Rabi,22.085,30.667830188679243,14.979669811320756,44.91,3705.0,36.669481132075475,1.9094811320754717,0.30115732713699445,1.128951356435442,1.1232815301852959,0.4793783622235505,2.4273759713090257,0.34798622211840036
Rajasthan,2021,103903,280645,2.7,Rabi,22.085,30.667830188679243,14.979669811320756,44.91,3705.0,36.669481132075475,1.9094811320754717,0.30115732713699445,1.128951356435442,1.1232815301852959,0.4793783622235505,2.4273759713090257,0.34798622211840036
Rajasthan,2021,149985,694044,4.63,Rabi,22.085,30.667830188679243,14.979669811320756,44.91,3705.0,36.669481132075475,1.9094811320754717,0.30115732713699445,1.128951356435442,1.1232815301852959,0.4793783622235505,2.4273759713090257,0.34798622211840036
Rajasthan,2021,137587,632656,4.6,Rabi,22.085,30.667830188679243,14.979669811320756,44.91,3705.0,36.669481132075475,1.9094811320754717,0.30115732713699445,1.128951356435442,1.1232815301852959,0.4793783622235505,2.4273759713090257,0.34798622211840036
Rajasthan,2021,36656,92175,2.51,Rabi,22.085,30.667830188679243,14.979669811320756,44.91,3705.0,36.669481132075475,1.9094811320754717,0.30115732713699445,1.128951356435442,1.1232815301852959,0.4793783622235505,2.4273759713090257,0.34798622211840036
Rajasthan,2021,68201,310543,4.55,Rabi,22.085,30.667830188679243,14.979669811320756,44.91,3705.0,36.669481132075475,1.9094811320754717,0.30115732713699445,1.128951356435442,1.1232815301852959,0.4793783622235505,2.4273759713090257,0.34798622211840036
Rajasthan,2021,42664,201978,4.73,Rabi,22.085,30.667830188679243,14.979669811320756,44.91,3705.0,36.669481132075475,1.9094811320754717,0.30115732713699445,1.128951356435442,1.1232815301852959,0.4793783622235505,2.4273759713090257,0.34798622211840036
Rajasthan,2021,66396,151554,2.28,Rabi,22.085,30.667830188679243,14.979669811320756,44.91,3705.0,36.669481132075475,1.9094811320754717,0.30115732713699445,1.128951356435442,1.1232815301852959,0.4793783622235505,2.4273759713090257,0.34798622211840036
Rajasthan,2021,199197,859345,4.31,Rabi,22.085,30.667830188679243,14.979669811320756,44.91,3705.0,36.669481132075475,1.9094811320754717,0.30115732713699445,1.128951356435442,1.1232815301852959,0.4793783622235505,2.4273759713090257,0.34798622211840036
Rajasthan,2021,205773,854844,4.15,Rabi,22.085,30.667830188679243,14.979669811320756,44.91,3705.0,36.669481132075475,1.9094811320754717,0.30115732713699445,1.128951356435442,1.1232815301852959,0.4793783622235505,2.4273759713090257,0.34798622211840036
Rajasthan,2021,136277,529647,3.89,Rabi,22.085,30.667830188679243,14.979669811320756,44.91,3705.0,36.669481132075475,1.9094811320754717,0.30115732713699445,1.128951356435442,1.1232815301852959,0.4793783622235505,2.4273759713090257,0.34798622211840036
Rajasthan,2021,7574,11002,1.45,Rabi,22.085,30.667830188679243,14.979669811320756,44.91,3705.0,36.669481132075475,1.9094811320754717,0.30115732713699445,1.128951356435442,1.1232815301852959,0.4793783622235505,2.4273759713090257,0.34798622211840036
Rajasthan,2021,34484,83615,2.42,Rabi,22.085,30.667830188679243,14.979669811320756,44.91,3705.0,36.669481132075475,1.9094811320754717,0.30115732713699445,1.128951356435442,1.1232815301852959,0.4793783622235505,2.4273759713090257,0.34798622211840036
Rajasthan,2021,137321,602774,4.39,Rabi,22.085,30.667830188679243,14.979669811320756,44.91,3705.0,36.669481132075475,1.9094811320754717,0.30115732713699445,1.128951356435442,1.1232815301852959,0.4793783622235505,2.4273759713090257,0.34798622211840036
Rajasthan,2021,74091,289537,3.91,Rabi,22.085,30.667830188679243,14.979669811320756,44.91,3705.0,36.669481132075475,1.9094811320754717,0.30115732713699445,1.128951356435442,1.1232815301852959,0.4793783622235505,2.4273759713090257,0.34798622211840036
Rajasthan,2021,83065,204936,2.47,Rabi,22.085,30.667830188679243,14.979669811320756,44.91,3705.0,36.669481132075475,1.9094811320754717,0.30115732713699445,1.128951356435442,1.1232815301852959,0.4793783622235505,2.4273759713090257,0.34798622211840036
Rajasthan,2022,51606,167178,3.24,Kharif,30.00204918032787,34.67959016393443,25.661967213114757,576.47,2413.46,66.79262295081968,2.6465573770491804,0.3749043632084942,1.128951356435442,1.1232815301852959,0.4793783622235505,2.4273759713090257,0.34798622211840036
Rajasthan,2022,144670,644161,4.45,Kharif,30.00204918032787,34.67959016393443,25.661967213114757,576.47,2413.46,66.79262295081968,2.6465573770491804,0.3749043632084942,1.128951356435442,1.1232815301852959,0.4793783622235505,2.4273759713090257,0.34798622211840036
Rajasthan,2022,127197,317647,2.5,Kharif,30.00204918032787,34.67959016393443,25.661967213114757,576.47,2413.46,66.79262295081968,2.6465573770491804,0.3749043632084942,1.128951356435442,1.1232815301852959,0.4793783622235505,2.4273759713090257,0.34798622211840036
Rajasthan,2022,129772,572105,4.41,Kharif,30.00204918032787,34.67959016393443,25.661967213114757,576.47,2413.46,66.79262295081968,2.6465573770491804,0.3749043632084942,1.128951356435442,1.1232815301852959,0.4793783622235505,2.4273759713090257,0.34798622211840036
Rajasthan,2022,10289,18420,1.79,Kharif,30.00204918032787,34.67959016393443,25.661967213114757,576.47,2413.46,66.79262295081968,2.6465573770491804,0.3749043632084942,1.128951356435442,1.1232815301852959,0.4793783622235505,2.4273759713090257,0.34798622211840036
Rajasthan,2022,105426,469133,4.45,Kharif,30.00204918032787,34.67959016393443,25.661967213114757,576.47,2413.46,66.79262295081968,2.6465573770491804,0.3749043632084942,1.128951356435442,1.1232815301852959,0.4793783622235505,2.4273759713090257,0.34798622211840036
Rajasthan,2022,133078,484305,3.64,Kharif,30.00204918032787,34.67959016393443,25.661967213114757,576.47,2413.46,66.79262295081968,2.6465573770491804,0.3749043632084942,1.128951356435442,1.1232815301852959,0.4793783622235505,2.4273759713090257,0.34798622211840036
Rajasthan,2022,108866,275023,2.53,Kharif,30.00204918032787,34.67959016393443,25.661967213114757,576.47,2413.46,66.79262295081968,2.6465573770491804,0.3749043632084942,1.128951356435442,1.1232815301852959,0.4793783622235505,2.4273759713090257,0.34798622211840036
Rajasthan,2022,150764,678852,4.5,Kharif,30.00204918032787,34.67959016393443,25.661967213114757,576.47,2413.46,66.79262295081968,2.6465573770491804,0.3749043632084942,1.128951356435442,1.1232815301852959,0.4793783622235505,2.4273759713090257,0.34798622211840036
Rajasthan,2022,158802,711720,4.48,Kharif,30.00204918032787,34.67959016393443,25.661967213114757,576.47,2413.46,66.79262295081968,2.6465573770491804,0.3749043632084942,1.128951356435442,1.1232815301852959,0.4793783622235505,2.4273759713090257,0.34798622211840036
Rajasthan,2022,35451,84565,2.39,Kharif,30.00204918032787,34.67959016393443,25.661967213114757,576.47,2413.46,66.79262295081968,2.6465573770491804,0.3749043632084942,1.128951356435442,1.1232815301852959,0.4793783622235505,2.4273759713090257,0.34798622211840036
Rajasthan,2022,71390,300084,4.2,Kharif,30.00204918032787,34.67959016393443,25.661967213114757,576.47,2413.46,66.79262295081968,2.6465573770491804,0.3749043632084942,1.128951356435442,1.1232815301852959,0.4793783622235505,2.4273759713090257,0.34798622211840036
Rajasthan,2022,50868,238019,4.68,Kharif,30.00204918032787,34.67959016393443,25.661967213114757,576.47,2413.46,66.79262295081968,2.6465573770491804,0.3749043632084942,1.128951356435442,1.1232815301852959,0.4793783622235505,2.4273759713090257,0.34798622211840036
Rajasthan,2022,70298,154016,2.19,Kharif,30.00204918032787,34.67959016393443,25.661967213114757,576.47,2413.46,66.79262295081968,2.6465573770491804,0.3749043632084942,1.128951356435442,1.1232815301852959,0.4793783622235505,2.4273759713090257,0.34798622211840036
Rajasthan,2022,223676,982937,4.39,Kharif,30.00204918032787,34.67959016393443,25.661967213114757,576.47,2413.46,66.79262295081968,2.6465573770491804,0.3749043632084942,1.128951356435442,1.1232815301852959,0.4793783622235505,2.4273759713090257,0.34798622211840036
Rajasthan,2022,217746,997282,4.58,Kharif,30.00204918032787,34.67959016393443,25.661967213114757,576.47,2413.46,66.79262295081968,2.6465573770491804,0.3749043632084942,1.128951356435442,1.1232815301852959,0.4793783622235505,2.4273759713090257,0.34798622211840036
Rajasthan,2022,121365,446401,3.68,Kharif,30.00204918032787,34.67959016393443,25.661967213114757,576.47,2413.46,66.79262295081968,2.6465573770491804,0.3749043632084942,1.128951356435442,1.1232815301852959,0.4793783622235505,2.4273759713090257,0.34798622211840036
Rajasthan,2022,7282,11654,1.6,Kharif,30.00204918032787,34.67959016393443,25.661967213114757,576.47,2413.46,66.79262295081968,2.6465573770491804,0.3749043632084942,1.128951356435442,1.1232815301852959,0.4793783622235505,2.4273759713090257,0.34798622211840036
Rajasthan,2022,35456,77142,2.18,Kharif,30.00204918032787,34.67959016393443,25.661967213114757,576.47,2413.46,66.79262295081968,2.6465573770491804,0.3749043632084942,1.128951356435442,1.1232815301852959,0.4793783622235505,2.4273759713090257,0.34798622211840036
Rajasthan,2022,131075,532303,4.06,Kharif,30.00204918032787,34.67959016393443,25.661967213114757,576.47,2413.46,66.79262295081968,2.6465573770491804,0.3749043632084942,1.128951356435442,1.1232815301852959,0.4793783622235505,2.4273759713090257,0.34798622211840036
Rajasthan,2022,63822,198052,3.1,Kharif,30.00204918032787,34.67959016393443,25.661967213114757,576.47,2413.46,66.79262295081968,2.6465573770491804,0.3749043632084942,1.128951356435442,1.1232815301852959,0.4793783622235505,2.4273759713090257,0.34798622211840036
Rajasthan,2022,67736,164739,2.43,Kharif,30.00204918032787,34.67959016393443,25.661967213114757,576.47,2413.46,66.79262295081968,2.6465573770491804,0.3749043632084942,1.128951356435442,1.1232815301852959,0.4793783622235505,2.4273759713090257,0.34798622211840036
Rajasthan,2022,51606,167178,3.24,Rabi,22.415235849056604,31.198396226415095,15.14245283018868,61.4,3808.84,37.78702830188679,1.9423584905660376,0.3072801798656383,1.128951356435442,1.1232815301852959,0.4793783622235505,2.4273759713090257,0.34798622211840036
Rajasthan,2022,144670,644161,4.45,Rabi,22.415235849056604,31.198396226415095,15.14245283018868,61.4,3808.84,37.78702830188679,1.9423584905660376,0.3072801798656383,1.128951356435442,1.1232815301852959,0.4793783622235505,2.4273759713090257,0.34798622211840036
Rajasthan,2022,127197,317647,2.5,Rabi,22.415235849056604,31.198396226415095,15.14245283018868,61.4,3808.84,37.78702830188679,1.9423584905660376,0.3072801798656383,1.128951356435442,1.1232815301852959,0.4793783622235505,2.4273759713090257,0.34798622211840036
Rajasthan,2022,129772,572105,4.41,Rabi,22.415235849056604,31.198396226415095,15.14245283018868,61.4,3808.84,37.78702830188679,1.9423584905660376,0.3072801798656383,1.128951356435442,1.1232815301852959,0.4793783622235505,2.4273759713090257,0.34798622211840036
Rajasthan,2022,10289,18420,1.79,Rabi,22.415235849056604,31.198396226415095,15.14245283018868,61.4,3808.84,37.78702830188679,1.9423584905660376,0.3072801798656383,1.128951356435442,1.1232815301852959,0.4793783622235505,2.4273759713090257,0.34798622211840036
Rajasthan,2022,105426,469133,4.45,Rabi,22.415235849056604,31.198396226415095,15.14245283018868,61.4,3808.84,37.78702830188679,1.9423584905660376,0.3072801798656383,1.128951356435442,1.1232815301852959,0.4793783622235505,2.4273759713090257,0.34798622211840036
Rajasthan,2022,133078,484305,3.64,Rabi,22.415235849056604,31.198396226415095,15.14245283018868,61.4,3808.84,37.78702830188679,1.9423584905660376,0.3072801798656383,1.128951356435442,1.1232815301852959,0.4793783622235505,2.4273759713090257,0.34798622211840036
Rajasthan,2022,108866,275023,2.53,Rabi,22.415235849056604,31.198396226415095,15.14245283018868,61.4,3808.84,37.78702830188679,1.9423584905660376,0.3072801798656383,1.128951356435442,1.1232815301852959,0.4793783622235505,2.4273759713090257,0.34798622211840036
Rajasthan,2022,150764,678852,4.5,Rabi,22.415235849056604,31.198396226415095,15.14245283018868,61.4,3808.84,37.78702830188679,1.9423584905660376,0.3072801798656383,1.128951356435442,1.1232815301852959,0.4793783622235505,2.4273759713090257,0.34798622211840036
Rajasthan,2022,158802,711720,4.48,Rabi,22.415235849056604,31.198396226415095,15.14245283018868,61.4,3808.84,37.78702830188679,1.9423584905660376,0.3072801798656383,1.128951356435442,1.1232815301852959,0.4793783622235505,2.4273759713090257,0.34798622211840036
Rajasthan,2022,35451,84565,2.39,Rabi,22.415235849056604,31.198396226415095,15.14245283018868,61.4,3808.84,37.78702830188679,1.9423584905660376,0.3072801798656383,1.128951356435442,1.1232815301852959,0.4793783622235505,2.4273759713090257,0.34798622211840036
Rajasthan,2022,71390,300084,4.2,Rabi,22.415235849056604,31.198396226415095,15.14245283018868,61.4,3808.84,37.78702830188679,1.9423584905660376,0.3072801798656383,1.128951356435442,1.1232815301852959,0.4793783622235505,2.4273759713090257,0.34798622211840036
Rajasthan,2022,50868,238019,4.68,Rabi,22.415235849056604,31.198396226415095,15.14245283018868,61.4,3808.84,37.78702830188679,1.9423584905660376,0.3072801798656383,1.128951356435442,1.1232815301852959,0.4793783622235505,2.4273759713090257,0.34798622211840036
Rajasthan,2022,70298,154016,2.19,Rabi,22.415235849056604,31.198396226415095,15.14245283018868,61.4,3808.84,37.78702830188679,1.9423584905660376,0.3072801798656383,1.128951356435442,1.1232815301852959,0.4793783622235505,2.4273759713090257,0.34798622211840036
Rajasthan,2022,223676,982937,4.39,Rabi,22.415235849056604,31.198396226415095,15.14245283018868,61.4,3808.84,37.78702830188679,1.9423584905660376,0.3072801798656383,1.128951356435442,1.1232815301852959,0.4793783622235505,2.4273759713090257,0.34798622211840036
Rajasthan,2022,217746,997282,4.58,Rabi,22.415235849056604,31.198396226415095,15.14245283018868,61.4,3808.84,37.78702830188679,1.9423584905660376,0.3072801798656383,1.128951356435442,1.1232815301852959,0.4793783622235505,2.4273759713090257,0.34798622211840036
Rajasthan,2022,121365,446401,3.68,Rabi,22.415235849056604,31.198396226415095,15.14245283018868,61.4,3808.84,37.78702830188679,1.9423584905660376,0.3072801798656383,1.128951356435442,1.1232815301852959,0.4793783622235505,2.4273759713090257,0.34798622211840036
Rajasthan,2022,7282,11654,1.6,Rabi,22.415235849056604,31.198396226415095,15.14245283018868,61.4,3808.84,37.78702830188679,1.9423584905660376,0.3072801798656383,1.128951356435442,1.1232815301852959,0.4793783622235505,2.4273759713090257,0.34798622211840036
Rajasthan,2022,35456,77142,2.18,Rabi,22.415235849056604,31.198396226415095,15.14245283018868,61.4,3808.84,37.78702830188679,1.9423584905660376,0.3072801798656383,1.128951356435442,1.1232815301852959,0.4793783622235505,2.4273759713090257,0.34798622211840036
Rajasthan,2022,131075,532303,4.06,Rabi,22.415235849056604,31.198396226415095,15.14245283018868,61.4,3808.84,37.78702830188679,1.9423584905660376,0.3072801798656383,1.128951356435442,1.1232815301852959,0.4793783622235505,2.4273759713090257,0.34798622211840036
Rajasthan,2022,63822,198052,3.1,Rabi,22.415235849056604,31.198396226415095,15.14245283018868,61.4,3808.84,37.78702830188679,1.9423584905660376,0.3072801798656383,1.128951356435442,1.1232815301852959,0.4793783622235505,2.4273759713090257,0.34798622211840036
Rajasthan,2022,67736,164739,2.43,Rabi,22.415235849056604,31.198396226415095,15.14245283018868,61.4,3808.84,37.78702830188679,1.9423584905660376,0.3072801798656383,1.128951356435442,1.1232815301852959,0.4793783622235505,2.4273759713090257,0.34798622211840036
Rajasthan,2023,67093,152463,2.27,Kharif,29.343114754098362,34.28581967213115,24.908032786885247,539.3,2504.51,70.65180327868853,2.879016393442623,,1.128951356435442,1.1232815301852959,0.4793783622235505,2.4273759713090257,0.34798622211840036
Rajasthan,2023,67093,152463,2.27,Rabi,21.707169811320757,29.92764150943396,14.807500000000001,154.23,3547.8,38.60707547169811,1.8066037735849056,,1.128951356435442,1.1232815301852959,0.4793783622235505,2.4273759713090257,0.34798622211840036
Uttar Pradesh,2011,134825,134825,3.9,Kharif,29.840819672131147,33.600573770491806,26.36565573770492,1114.29,2150.93,76.20573770491804,2.3195901639344263,0.5026192571951751,1.8787460287404114,1.922217625155151,0.9660736450144808,3.6441870086884567,0.45240849468215566
Uttar Pradesh,2011,217820,217820,3.77,Kharif,29.840819672131147,33.600573770491806,26.36565573770492,1114.29,2150.93,76.20573770491804,2.3195901639344263,0.5026192571951751,1.8787460287404114,1.922217625155151,0.9660736450144808,3.6441870086884567,0.45240849468215566
Uttar Pradesh,2011,216174,216174,2.64,Kharif,29.840819672131147,33.600573770491806,26.36565573770492,1114.29,2150.93,76.20573770491804,2.3195901639344263,0.5026192571951751,1.8787460287404114,1.922217625155151,0.9660736450144808,3.6441870086884567,0.45240849468215566
Uttar Pradesh,2011,118006,118006,3.36,Kharif,29.840819672131147,33.600573770491806,26.36565573770492,1114.29,2150.93,76.20573770491804,2.3195901639344263,0.5026192571951751,1.8787460287404114,1.922217625155151,0.9660736450144808,3.6441870086884567,0.45240849468215566
Uttar Pradesh,2011,125328,125328,2.87,Kharif,29.840819672131147,33.600573770491806,26.36565573770492,1114.29,2150.93,76.20573770491804,2.3195901639344263,0.5026192571951751,1.8787460287404114,1.922217625155151,0.9660736450144808,3.6441870086884567,0.45240849468215566
Uttar Pradesh,2011,91042,91042,3.16,Kharif,29.840819672131147,33.600573770491806,26.36565573770492,1114.29,2150.93,76.20573770491804,2.3195901639344263,0.5026192571951751,1.8787460287404114,1.922217625155151,0.9660736450144808,3.6441870086884567,0.45240849468215566
Uttar Pradesh,2011,101534,101534,3.85,Kharif,29.840819672131147,33.600573770491806,26.36565573770492,1114.29,2150.93,76.20573770491804,2.3195901639344263,0.5026192571951751,1.8787460287404114,1.922217625155151,0.9660736450144808,3.6441870086884567,0.45240849468215566
Uttar Pradesh,2011,230874,230874,2.89,Kharif,29.840819672131147,33.600573770491806,26.36565573770492,1114.29,2150.93,76.20573770491804,2.3195901639344263,0.5026192571951751,1.8787460287404114,1.922217625155151,0.9660736450144808,3.6441870086884567,0.45240849468215566
Uttar Pradesh,2011,54923,54923,4.24,Kharif,29.840819672131147,33.600573770491806,26.36565573770492,1114.29,2150.93,76.20573770491804,2.3195901639344263,0.5026192571951751,1.8787460287404114,1.922217625155151,0.9660736450144808,3.6441870086884567,0.45240849468215566
Uttar Pradesh,2011,152855,152855,3.07,Kharif,29.840819672131147,33.600573770491806,26.36565573770492,1114.29,2150.93,76.20573770491804,2.3195901639344263,0.5026192571951751,1.8787460287404114,1.922217625155151,0.9660736450144808,3.6441870086884567,0.45240849468215566
Uttar Pradesh,2011,139319,139319,3.25,Kharif,29.840819672131147,33.600573770491806,26.36565573770492,1114.29,2150.93,76.20573770491804,2.3195901639344263,0.5026192571951751,1.8787460287404114,1.922217625155151,0.9660736450144808,3.6441870086884567,0.45240849468215566
Uttar Pradesh,2011,83270,83270,2.88,Kharif,29.840819672131147,33.600573770491806,26.36565573770492,1114.29,2150.93,76.20573770491804,2.3195901639344263,0.5026192571951751,1.8787460287404114,1.922217625155151,0.9660736450144808,3.6441870086884567,0.45240849468215566
Uttar Pradesh,2011,151114,151114,2.09,Kharif,29.840819672131147,33.600573770491806,26.36565573770492,1114.29,2150.93,76.20573770491804,2.3195901639344263,0.5026192571951751,1.8787460287404114,1.922217625155151,0.9660736450144808,3.6441870086884567,0.45240849468215566
Uttar Pradesh,2011,161038,161038,3.51,Kharif,29.840819672131147,33.600573770491806,26.36565573770492,1114.29,2150.93,76.20573770491804,2.3195901639344263,0.5026192571951751,1.8787460287404114,1.922217625155151,0.9660736450144808,3.6441870086884567,0.45240849468215566
Uttar Pradesh,2011,199705,199705,3.25,Kharif,29.840819672131147,33.600573770491806,26.36565573770492,1114.29,2150.93,76.20573770491804,2.3195901639344263,0.5026192571951751,1.8787460287404114,1.922217625155151,0.9660736450144808,3.6441870086884567,0.45240849468215566
Uttar Pradesh,2011,116212,116212,3.15,Kharif,29.840819672131147,33.600573770491806,26.36565573770492,1114.29,2150.93,76.20573770491804,2.3195901639344263,0.5026192571951751,1.8787460287404114,1.922217625155151,0.9660736450144808,3.6441870086884567,0.45240849468215566
Uttar Pradesh,2011,109325,109325,3.2,Kharif,29.840819672131147,33.600573770491806,26.36565573770492,1114.29,2150.93,76.20573770491804,2.3195901639344263,0.5026192571951751,1.8787460287404114,1.922217625155151,0.9660736450144808,3.6441870086884567,0.45240849468215566
Uttar Pradesh,2011,293435,293435,3.47,Kharif,29.840819672131147,33.600573770491806,26.36565573770492,1114.29,2150.93,76.20573770491804,2.3195901639344263,0.5026192571951751,1.8787460287404114,1.922217625155151,0.9660736450144808,3.6441870086884567,0.45240849468215566
Uttar Pradesh,2011,197682,197682,4.22,Kharif,29.840819672131147,33.600573770491806,26.36565573770492,1114.29,2150.93,76.20573770491804,2.3195901639344263,0.5026192571951751,1.8787460287404114,1.922217625155151,0.9660736450144808,3.6441870086884567,0.45240849468215566
Uttar Pradesh,2011,92874,92874,2.54,Kharif,29.840819672131147,33.600573770491806,26.36565573770492,1114.29,2150.93,76.20573770491804,2.3195901639344263,0.5026192571951751,1.8787460287404114,1.922217625155151,0.9660736450144808,3.6441870086884567,0.45240849468215566
Uttar Pradesh,2011,48561,48561,2.5,Kharif,29.840819672131147,33.600573770491806,26.36565573770492,1114.29,2150.93,76.20573770491804,2.3195901639344263,0.5026192571951751,1.8787460287404114,1.922217625155151,0.9660736450144808,3.6441870086884567,0.45240849468215566
Uttar Pradesh,2011,148224,148224,3.08,Kharif,29.840819672131147,33.600573770491806,26.36565573770492,1114.29,2150.93,76.20573770491804,2.3195901639344263,0.5026192571951751,1.8787460287404114,1.922217625155151,0.9660736450144808,3.6441870086884567,0.45240849468215566
Uttar Pradesh,2011,134825,134825,3.9,Rabi,21.12198113207547,29.054481132075473,14.390943396226415,30.79,3429.54,50.27226415094339,1.524245283018868,0.4475610415378212,1.8787460287404114,1.922217625155151,0.9660736450144808,3.6441870086884567,0.45240849468215566
Uttar Pradesh,2011,217820,217820,3.77,Rabi,21.12198113207547,29.054481132075473,14.390943396226415,30.79,3429.54,50.27226415094339,1.524245283018868,0.4475610415378212,1.8787460287404114,1.922217625155151,0.9660736450144808,3.6441870086884567,0.45240849468215566
Uttar Pradesh,2011,216174,216174,2.64,Rabi,21.12198113207547,29.054481132075473,14.390943396226415,30.79,3429.54,50.27226415094339,1.524245283018868,0.4475610415378212,1.8787460287404114,1.922217625155151,0.9660736450144808,3.6441870086884567,0.45240849468215566
Uttar Pradesh,2011,118006,118006,3.36,Rabi,21.12198113207547,29.054481132075473,14.390943396226415,30.79,3429.54,50.27226415094339,1.524245283018868,0.4475610415378212,1.8787460287404114,1.922217625155151,0.9660736450144808,3.6441870086884567,0.45240849468215566
Uttar Pradesh,2011,125328,125328,2.87,Rabi,21.12198113207547,29.054481132075473,14.390943396226415,30.79,3429.54,50.27226415094339,1.524245283018868,0.4475610415378212,1.8787460287404114,1.922217625155151,0.9660736450144808,3.6441870086884567,0.45240849468215566
Uttar Pradesh,2011,91042,91042,3.16,Rabi,21.12198113207547,29.054481132075473,14.390943396226415,30.79,3429.54,50.27226415094339,1.524245283018868,0.4475610415378212,1.8787460287404114,1.922217625155151,0.9660736450144808,3.6441870086884567,0.45240849468215566
Uttar Pradesh,2011,101534,101534,3.85,Rabi,21.12198113207547,29.054481132075473,14.390943396226415,30.79,3429.54,50.27226415094339,1.524245283018868,0.4475610415378212,1.8787460287404114,1.922217625155151,0.9660736450144808,3.6441870086884567,0.45240849468215566
Uttar Pradesh,2011,230874,230874,2.89,Rabi,21.12198113207547,29.054481132075473,14.390943396226415,30.79,3429.54,50.27226415094339,1.524245283018868,0.4475610415378212,1.8787460287404114,1.922217625155151,0.9660736450144808,3.6441870086884567,0.45240849468215566
Uttar Pradesh,2011,54923,54923,4.24,Rabi,21.12198113207547,29.054481132075473,14.390943396226415,30.79,3429.54,50.27226415094339,1.524245283018868,0.4475610415378212,1.8787460287404114,1.922217625155151,0.9660736450144808,3.6441870086884567,0.45240849468215566
Uttar Pradesh,2011,152855,152855,3.07,Rabi,21.12198113207547,29.054481132075473,14.390943396226415,30.79,3429.54,50.27226415094339,1.524245283018868,0.4475610415378212,1.8787460287404114,1.922217625155151,0.9660736450144808,3.6441870086884567,0.45240849468215566
Uttar Pradesh,2011,139319,139319,3.25,Rabi,21.12198113207547,29.054481132075473,14.390943396226415,30.79,3429.54,50.27226415094339,1.524245283018868,0.4475610415378212,1.8787460287404114,1.922217625155151,0.9660736450144808,3.6441870086884567,0.45240849468215566
Uttar Pradesh,2011,83270,83270,2.88,Rabi,21.12198113207547,29.054481132075473,14.390943396226415,30.79,3429.54,50.27226415094339,1.524245283018868,0.4475610415378212,1.8787460287404114,1.922217625155151,0.9660736450144808,3.6441870086884567,0.45240849468215566
Uttar Pradesh,2011,151114,151114,2.09,Rabi,21.12198113207547,29.054481132075473,14.390943396226415,30.79,3429.54,50.27226415094339,1.524245283018868,0.4475610415378212,1.8787460287404114,1.922217625155151,0.9660736450144808,3.6441870086884567,0.45240849468215566
Uttar Pradesh,2011,161038,161038,3.51,Rabi,21.12198113207547,29.054481132075473,14.390943396226415,30.79,3429.54,50.27226415094339,1.524245283018868,0.4475610415378212,1.8787460287404114,1.922217625155151,0.9660736450144808,3.6441870086884567,0.45240849468215566
Uttar Pradesh,2011,199705,199705,3.25,Rabi,21.12198113207547,29.054481132075473,14.390943396226415,30.79,3429.54,50.27226415094339,1.524245283018868,0.4475610415378212,1.8787460287404114,1.922217625155151,0.9660736450144808,3.6441870086884567,0.45240849468215566
Uttar Pradesh,2011,116212,116212,3.15,Rabi,21.12198113207547,29.054481132075473,14.390943396226415,30.79,3429.54,50.27226415094339,1.524245283018868,0.4475610415378212,1.8787460287404114,1.922217625155151,0.9660736450144808,3.6441870086884567,0.45240849468215566
Uttar Pradesh,2011,109325,109325,3.2,Rabi,21.12198113207547,29.054481132075473,14.390943396226415,30.79,3429.54,50.27226415094339,1.524245283018868,0.4475610415378212,1.8787460287404114,1.922217625155151,0.9660736450144808,3.6441870086884567,0.45240849468215566
Uttar Pradesh,2011,293435,293435,3.47,Rabi,21.12198113207547,29.054481132075473,14.390943396226415,30.79,3429.54,50.27226415094339,1.524245283018868,0.4475610415378212,1.8787460287404114,1.922217625155151,0.9660736450144808,3.6441870086884567,0.45240849468215566
Uttar Pradesh,2011,197682,197682,4.22,Rabi,21.12198113207547,29.054481132075473,14.390943396226415,30.79,3429.54,50.27226415094339,1.524245283018868,0.4475610415378212,1.8787460287404114,1.922217625155151,0.9660736450144808,3.6441870086884567,0.45240849468215566
Uttar Pradesh,2011,92874,92874,2.54,Rabi,21.12198113207547,29.054481132075473,14.390943396226415,30.79,3429.54,50.27226415094339,1.524245283018868,0.4475610415378212,1.8787460287404114,1.922217625155151,0.9660736450144808,3.6441870086884567,0.45240849468215566
Uttar Pradesh,2011,48561,48561,2.5,Rabi,21.12198113207547,29.054481132075473,14.390943396226415,30.79,3429.54,50.27226415094339,1.524245283018868,0.4475610415378212,1.8787460287404114,1.922217625155151,0.9660736450144808,3.6441870086884567,0.45240849468215566
Uttar Pradesh,2011,148224,148224,3.08,Rabi,21.12198113207547,29.054481132075473,14.390943396226415,30.79,3429.54,50.27226415094339,1.524245283018868,0.4475610415378212,1.8787460287404114,1.922217625155151,0.9660736450144808,3.6441870086884567,0.45240849468215566
Uttar Pradesh,2012,134889,134889,3.83,Kharif,31.283688524590165,35.6955737704918,27.033770491803278,1021.84,2205.84,67.13377049180328,2.4396721311475407,0.47429836769584766,1.8787460287404114,1.922217625155151,0.9660736450144808,3.6441870086884567,0.45240849468215566
Uttar Pradesh,2012,218374,218374,3.47,Kharif,31.283688524590165,35.6955737704918,27.033770491803278,1021.84,2205.84,67.13377049180328,2.4396721311475407,0.47429836769584766,1.8787460287404114,1.922217625155151,0.9660736450144808,3.6441870086884567,0.45240849468215566
Uttar Pradesh,2012,220342,220342,2.49,Kharif,31.283688524590165,35.6955737704918,27.033770491803278,1021.84,2205.84,67.13377049180328,2.4396721311475407,0.47429836769584766,1.8787460287404114,1.922217625155151,0.9660736450144808,3.6441870086884567,0.45240849468215566
Uttar Pradesh,2012,117083,117083,3.34,Kharif,31.283688524590165,35.6955737704918,27.033770491803278,1021.84,2205.84,67.13377049180328,2.4396721311475407,0.47429836769584766,1.8787460287404114,1.922217625155151,0.9660736450144808,3.6441870086884567,0.45240849468215566
Uttar Pradesh,2012,126450,126450,3.06,Kharif,31.283688524590165,35.6955737704918,27.033770491803278,1021.84,2205.84,67.13377049180328,2.4396721311475407,0.47429836769584766,1.8787460287404114,1.922217625155151,0.9660736450144808,3.6441870086884567,0.45240849468215566
Uttar Pradesh,2012,90059,90059,3.21,Kharif,31.283688524590165,35.6955737704918,27.033770491803278,1021.84,2205.84,67.13377049180328,2.4396721311475407,0.47429836769584766,1.8787460287404114,1.922217625155151,0.9660736450144808,3.6441870086884567,0.45240849468215566
Uttar Pradesh,2012,103644,103644,3.63,Kharif,31.283688524590165,35.6955737704918,27.033770491803278,1021.84,2205.84,67.13377049180328,2.4396721311475407,0.47429836769584766,1.8787460287404114,1.922217625155151,0.9660736450144808,3.6441870086884567,0.45240849468215566
Uttar Pradesh,2012,235690,235690,2.94,Kharif,31.283688524590165,35.6955737704918,27.033770491803278,1021.84,2205.84,67.13377049180328,2.4396721311475407,0.47429836769584766,1.8787460287404114,1.922217625155151,0.9660736450144808,3.6441870086884567,0.45240849468215566
Uttar Pradesh,2012,53718,53718,4.45,Kharif,31.283688524590165,35.6955737704918,27.033770491803278,1021.84,2205.84,67.13377049180328,2.4396721311475407,0.47429836769584766,1.8787460287404114,1.922217625155151,0.9660736450144808,3.6441870086884567,0.45240849468215566
Uttar Pradesh,2012,160153,160153,2.84,Kharif,31.283688524590165,35.6955737704918,27.033770491803278,1021.84,2205.84,67.13377049180328,2.4396721311475407,0.47429836769584766,1.8787460287404114,1.922217625155151,0.9660736450144808,3.6441870086884567,0.45240849468215566
Uttar Pradesh,2012,135902,135902,3.38,Kharif,31.283688524590165,35.6955737704918,27.033770491803278,1021.84,2205.84,67.13377049180328,2.4396721311475407,0.47429836769584766,1.8787460287404114,1.922217625155151,0.9660736450144808,3.6441870086884567,0.45240849468215566
Uttar Pradesh,2012,87826,87826,2.72,Kharif,31.283688524590165,35.6955737704918,27.033770491803278,1021.84,2205.84,67.13377049180328,2.4396721311475407,0.47429836769584766,1.8787460287404114,1.922217625155151,0.9660736450144808,3.6441870086884567,0.45240849468215566
Uttar Pradesh,2012,153753,153753,2.23,Kharif,31.283688524590165,35.6955737704918,27.033770491803278,1021.84,2205.84,67.13377049180328,2.4396721311475407,0.47429836769584766,1.8787460287404114,1.922217625155151,0.9660736450144808,3.6441870086884567,0.45240849468215566
Uttar Pradesh,2012,162341,162341,3.72,Kharif,31.283688524590165,35.6955737704918,27.033770491803278,1021.84,2205.84,67.13377049180328,2.4396721311475407,0.47429836769584766,1.8787460287404114,1.922217625155151,0.9660736450144808,3.6441870086884567,0.45240849468215566
Uttar Pradesh,2012,200363,200363,3.07,Kharif,31.283688524590165,35.6955737704918,27.033770491803278,1021.84,2205.84,67.13377049180328,2.4396721311475407,0.47429836769584766,1.8787460287404114,1.922217625155151,0.9660736450144808,3.6441870086884567,0.45240849468215566
Uttar Pradesh,2012,119061,119061,2.91,Kharif,31.283688524590165,35.6955737704918,27.033770491803278,1021.84,2205.84,67.13377049180328,2.4396721311475407,0.47429836769584766,1.8787460287404114,1.922217625155151,0.9660736450144808,3.6441870086884567,0.45240849468215566
Uttar Pradesh,2012,103369,103369,3.19,Kharif,31.283688524590165,35.6955737704918,27.033770491803278,1021.84,2205.84,67.13377049180328,2.4396721311475407,0.47429836769584766,1.8787460287404114,1.922217625155151,0.9660736450144808,3.6441870086884567,0.45240849468215566
Uttar Pradesh,2012,230265,230265,3.32,Kharif,31.283688524590165,35.6955737704918,27.033770491803278,1021.84,2205.84,67.13377049180328,2.4396721311475407,0.47429836769584766,1.8787460287404114,1.922217625155151,0.9660736450144808,3.6441870086884567,0.45240849468215566
Uttar Pradesh,2012,193944,193944,4.03,Kharif,31.283688524590165,35.6955737704918,27.033770491803278,1021.84,2205.84,67.13377049180328,2.4396721311475407,0.47429836769584766,1.8787460287404114,1.922217625155151,0.9660736450144808,3.6441870086884567,0.45240849468215566
Uttar Pradesh,2012,101444,101444,2.99,Kharif,31.283688524590165,35.6955737704918,27.033770491803278,1021.84,2205.84,67.13377049180328,2.4396721311475407,0.47429836769584766,1.8787460287404114,1.922217625155151,0.9660736450144808,3.6441870086884567,0.45240849468215566
Uttar Pradesh,2012,54253,54253,2.41,Kharif,31.283688524590165,35.6955737704918,27.033770491803278,1021.84,2205.84,67.13377049180328,2.4396721311475407,0.47429836769584766,1.8787460287404114,1.922217625155151,0.9660736450144808,3.6441870086884567,0.45240849468215566
Uttar Pradesh,2012,155756,155756,3.11,Kharif,31.283688524590165,35.6955737704918,27.033770491803278,1021.84,2205.84,67.13377049180328,2.4396721311475407,0.47429836769584766,1.8787460287404114,1.922217625155151,0.9660736450144808,3.6441870086884567,0.45240849468215566
Uttar Pradesh,2012,134889,134889,3.83,Rabi,20.27150234741784,28.326854460093895,13.368075117370893,86.11,3518.25,51.027652582159625,1.7913615023474179,0.4409644625884157,1.8787460287404114,1.922217625155151,0.9660736450144808,3.6441870086884567,0.45240849468215566
Uttar Pradesh,2012,218374,218374,3.47,Rabi,20.27150234741784,28.326854460093895,13.368075117370893,86.11,3518.25,51.027652582159625,1.7913615023474179,0.4409644625884157,1.8787460287404114,1.922217625155151,0.9660736450144808,3.6441870086884567,0.45240849468215566
Uttar Pradesh,2012,220342,220342,2.49,Rabi,20.27150234741784,28.326854460093895,13.368075117370893,86.11,3518.25,51.027652582159625,1.7913615023474179,0.4409644625884157,1.8787460287404114,1.922217625155151,0.9660736450144808,3.6441870086884567,0.45240849468215566
Uttar Pradesh,2012,117083,117083,3.34,Rabi,20.27150234741784,28.326854460093895,13.368075117370893,86.11,3518.25,51.027652582159625,1.7913615023474179,0.4409644625884157,1.8787460287404114,1.922217625155151,0.9660736450144808,3.6441870086884567,0.45240849468215566
Uttar Pradesh,2012,126450,126450,3.06,Rabi,20.27150234741784,28.326854460093895,13.368075117370893,86.11,3518.25,51.027652582159625,1.7913615023474179,0.4409644625884157,1.8787460287404114,1.922217625155151,0.9660736450144808,3.6441870086884567,0.45240849468215566
Uttar Pradesh,2012,90059,90059,3.21,Rabi,20.27150234741784,28.326854460093895,13.368075117370893,86.11,3518.25,51.027652582159625,1.7913615023474179,0.4409644625884157,1.8787460287404114,1.922217625155151,0.9660736450144808,3.6441870086884567,0.45240849468215566
Uttar Pradesh,2012,103644,103644,3.63,Rabi,20.27150234741784,28.326854460093895,13.368075117370893,86.11,3518.25,51.027652582159625,1.7913615023474179,0.4409644625884157,1.8787460287404114,1.922217625155151,0.9660736450144808,3.6441870086884567,0.45240849468215566
Uttar Pradesh,2012,235690,235690,2.94,Rabi,20.27150234741784,28.326854460093895,13.368075117370893,86.11,3518.25,51.027652582159625,1.7913615023474179,0.4409644625884157,1.8787460287404114,1.922217625155151,0.9660736450144808,3.6441870086884567,0.45240849468215566
Uttar Pradesh,2012,53718,53718,4.45,Rabi,20.27150234741784,28.326854460093895,13.368075117370893,86.11,3518.25,51.027652582159625,1.7913615023474179,0.4409644625884157,1.8787460287404114,1.922217625155151,0.9660736450144808,3.6441870086884567,0.45240849468215566
Uttar Pradesh,2012,160153,160153,2.84,Rabi,20.27150234741784,28.326854460093895,13.368075117370893,86.11,3518.25,51.027652582159625,1.7913615023474179,0.4409644625884157,1.8787460287404114,1.922217625155151,0.9660736450144808,3.6441870086884567,0.45240849468215566
Uttar Pradesh,2012,135902,135902,3.38,Rabi,20.27150234741784,28.326854460093895,13.368075117370893,86.11,3518.25,51.027652582159625,1.7913615023474179,0.4409644625884157,1.8787460287404114,1.922217625155151,0.9660736450144808,3.6441870086884567,0.45240849468215566
Uttar Pradesh,2012,87826,87826,2.72,Rabi,20.27150234741784,28.326854460093895,13.368075117370893,86.11,3518.25,51.027652582159625,1.7913615023474179,0.4409644625884157,1.8787460287404114,1.922217625155151,0.9660736450144808,3.6441870086884567,0.45240849468215566
Uttar Pradesh,2012,153753,153753,2.23,Rabi,20.27150234741784,28.326854460093895,13.368075117370893,86.11,3518.25,51.027652582159625,1.7913615023474179,0.4409644625884157,1.8787460287404114,1.922217625155151,0.9660736450144808,3.6441870086884567,0.45240849468215566
Uttar Pradesh,2012,162341,162341,3.72,Rabi,20.27150234741784,28.326854460093895,13.368075117370893,86.11,3518.25,51.027652582159625,1.7913615023474179,0.4409644625884157,1.8787460287404114,1.922217625155151,0.9660736450144808,3.6441870086884567,0.45240849468215566
Uttar Pradesh,2012,200363,200363,3.07,Rabi,20.27150234741784,28.326854460093895,13.368075117370893,86.11,3518.25,51.027652582159625,1.7913615023474179,0.4409644625884157,1.8787460287404114,1.922217625155151,0.9660736450144808,3.6441870086884567,0.45240849468215566
Uttar Pradesh,2012,119061,119061,2.91,Rabi,20.27150234741784,28.326854460093895,13.368075117370893,86.11,3518.25,51.027652582159625,1.7913615023474179,0.4409644625884157,1.8787460287404114,1.922217625155151,0.9660736450144808,3.6441870086884567,0.45240849468215566
Uttar Pradesh,2012,103369,103369,3.19,Rabi,20.27150234741784,28.326854460093895,13.368075117370893,86.11,3518.25,51.027652582159625,1.7913615023474179,0.4409644625884157,1.8787460287404114,1.922217625155151,0.9660736450144808,3.6441870086884567,0.45240849468215566
Uttar Pradesh,2012,230265,230265,3.32,Rabi,20.27150234741784,28.326854460093895,13.368075117370893,86.11,3518.25,51.027652582159625,1.7913615023474179,0.4409644625884157,1.8787460287404114,1.922217625155151,0.9660736450144808,3.6441870086884567,0.45240849468215566
Uttar Pradesh,2012,193944,193944,4.03,Rabi,20.27150234741784,28.326854460093895,13.368075117370893,86.11,3518.25,51.027652582159625,1.7913615023474179,0.4409644625884157,1.8787460287404114,1.922217625155151,0.9660736450144808,3.6441870086884567,0.45240849468215566
Uttar Pradesh,2012,101444,101444,2.99,Rabi,20.27150234741784,28.326854460093895,13.368075117370893,86.11,3518.25,51.027652582159625,1.7913615023474179,0.4409644625884157,1.8787460287404114,1.922217625155151,0.9660736450144808,3.6441870086884567,0.45240849468215566
Uttar Pradesh,2012,54253,54253,2.41,Rabi,20.27150234741784,28.326854460093895,13.368075117370893,86.11,3518.25,51.027652582159625,1.7913615023474179,0.4409644625884157,1.8787460287404114,1.922217625155151,0.9660736450144808,3.6441870086884567,0.45240849468215566
Uttar Pradesh,2012,155756,155756,3.11,Rabi,20.27150234741784,28.326854460093895,13.368075117370893,86.11,3518.25,51.027652582159625,1.7913615023474179,0.4409644625884157,1.8787460287404114,1.922217625155151,0.9660736450144808,3.6441870086884567,0.45240849468215566
Uttar Pradesh,2013,132340,132340,3.71,Kharif,29.62532786885246,33.462786885245905,26.023196721311475,981.17,2168.28,77.60540983606558,2.1707377049180328,0.5140465066004847,1.8787460287404114,1.922217625155151,0.9660736450144808,3.6441870086884567,0.45240849468215566
Uttar Pradesh,2013,225289,225289,3.6,Kharif,29.62532786885246,33.462786885245905,26.023196721311475,981.17,2168.28,77.60540983606558,2.1707377049180328,0.5140465066004847,1.8787460287404114,1.922217625155151,0.9660736450144808,3.6441870086884567,0.45240849468215566
Uttar Pradesh,2013,214421,214421,2.44,Kharif,29.62532786885246,33.462786885245905,26.023196721311475,981.17,2168.28,77.60540983606558,2.1707377049180328,0.5140465066004847,1.8787460287404114,1.922217625155151,0.9660736450144808,3.6441870086884567,0.45240849468215566
Uttar Pradesh,2013,118419,118419,3.44,Kharif,29.62532786885246,33.462786885245905,26.023196721311475,981.17,2168.28,77.60540983606558,2.1707377049180328,0.5140465066004847,1.8787460287404114,1.922217625155151,0.9660736450144808,3.6441870086884567,0.45240849468215566
Uttar Pradesh,2013,127180,127180,2.38,Kharif,29.62532786885246,33.462786885245905,26.023196721311475,981.17,2168.28,77.60540983606558,2.1707377049180328,0.5140465066004847,1.8787460287404114,1.922217625155151,0.9660736450144808,3.6441870086884567,0.45240849468215566
Uttar Pradesh,2013,92633,92633,3.29,Kharif,29.62532786885246,33.462786885245905,26.023196721311475,981.17,2168.28,77.60540983606558,2.1707377049180328,0.5140465066004847,1.8787460287404114,1.922217625155151,0.9660736450144808,3.6441870086884567,0.45240849468215566
Uttar Pradesh,2013,104354,104354,3.81,Kharif,29.62532786885246,33.462786885245905,26.023196721311475,981.17,2168.28,77.60540983606558,2.1707377049180328,0.5140465066004847,1.8787460287404114,1.922217625155151,0.9660736450144808,3.6441870086884567,0.45240849468215566
Uttar Pradesh,2013,232130,232130,3.09,Kharif,29.62532786885246,33.462786885245905,26.023196721311475,981.17,2168.28,77.60540983606558,2.1707377049180328,0.5140465066004847,1.8787460287404114,1.922217625155151,0.9660736450144808,3.6441870086884567,0.45240849468215566
Uttar Pradesh,2013,55347,55347,4.5,Kharif,29.62532786885246,33.462786885245905,26.023196721311475,981.17,2168.28,77.60540983606558,2.1707377049180328,0.5140465066004847,1.8787460287404114,1.922217625155151,0.9660736450144808,3.6441870086884567,0.45240849468215566
Uttar Pradesh,2013,167831,167831,3.23,Kharif,29.62532786885246,33.462786885245905,26.023196721311475,981.17,2168.28,77.60540983606558,2.1707377049180328,0.5140465066004847,1.8787460287404114,1.922217625155151,0.9660736450144808,3.6441870086884567,0.45240849468215566
Uttar Pradesh,2013,137861,137861,2.87,Kharif,29.62532786885246,33.462786885245905,26.023196721311475,981.17,2168.28,77.60540983606558,2.1707377049180328,0.5140465066004847,1.8787460287404114,1.922217625155151,0.9660736450144808,3.6441870086884567,0.45240849468215566
Uttar Pradesh,2013,85817,85817,2.76,Kharif,29.62532786885246,33.462786885245905,26.023196721311475,981.17,2168.28,77.60540983606558,2.1707377049180328,0.5140465066004847,1.8787460287404114,1.922217625155151,0.9660736450144808,3.6441870086884567,0.45240849468215566
Uttar Pradesh,2013,164065,164065,1.9,Kharif,29.62532786885246,33.462786885245905,26.023196721311475,981.17,2168.28,77.60540983606558,2.1707377049180328,0.5140465066004847,1.8787460287404114,1.922217625155151,0.9660736450144808,3.6441870086884567,0.45240849468215566
Uttar Pradesh,2013,166533,166533,3.55,Kharif,29.62532786885246,33.462786885245905,26.023196721311475,981.17,2168.28,77.60540983606558,2.1707377049180328,0.5140465066004847,1.8787460287404114,1.922217625155151,0.9660736450144808,3.6441870086884567,0.45240849468215566
Uttar Pradesh,2013,200048,200048,3.15,Kharif,29.62532786885246,33.462786885245905,26.023196721311475,981.17,2168.28,77.60540983606558,2.1707377049180328,0.5140465066004847,1.8787460287404114,1.922217625155151,0.9660736450144808,3.6441870086884567,0.45240849468215566
Uttar Pradesh,2013,119033,119033,3.22,Kharif,29.62532786885246,33.462786885245905,26.023196721311475,981.17,2168.28,77.60540983606558,2.1707377049180328,0.5140465066004847,1.8787460287404114,1.922217625155151,0.9660736450144808,3.6441870086884567,0.45240849468215566
Uttar Pradesh,2013,147955,147955,3.3,Kharif,29.62532786885246,33.462786885245905,26.023196721311475,981.17,2168.28,77.60540983606558,2.1707377049180328,0.5140465066004847,1.8787460287404114,1.922217625155151,0.9660736450144808,3.6441870086884567,0.45240849468215566
Uttar Pradesh,2013,245390,245390,3.65,Kharif,29.62532786885246,33.462786885245905,26.023196721311475,981.17,2168.28,77.60540983606558,2.1707377049180328,0.5140465066004847,1.8787460287404114,1.922217625155151,0.9660736450144808,3.6441870086884567,0.45240849468215566
Uttar Pradesh,2013,191272,191272,4.12,Kharif,29.62532786885246,33.462786885245905,26.023196721311475,981.17,2168.28,77.60540983606558,2.1707377049180328,0.5140465066004847,1.8787460287404114,1.922217625155151,0.9660736450144808,3.6441870086884567,0.45240849468215566
Uttar Pradesh,2013,102339,102339,2.63,Kharif,29.62532786885246,33.462786885245905,26.023196721311475,981.17,2168.28,77.60540983606558,2.1707377049180328,0.5140465066004847,1.8787460287404114,1.922217625155151,0.9660736450144808,3.6441870086884567,0.45240849468215566
Uttar Pradesh,2013,52387,52387,1.96,Kharif,29.62532786885246,33.462786885245905,26.023196721311475,981.17,2168.28,77.60540983606558,2.1707377049180328,0.5140465066004847,1.8787460287404114,1.922217625155151,0.9660736450144808,3.6441870086884567,0.45240849468215566
Uttar Pradesh,2013,156285,156285,3.02,Kharif,29.62532786885246,33.462786885245905,26.023196721311475,981.17,2168.28,77.60540983606558,2.1707377049180328,0.5140465066004847,1.8787460287404114,1.922217625155151,0.9660736450144808,3.6441870086884567,0.45240849468215566
Uttar Pradesh,2013,132340,132340,3.71,Rabi,20.718301886792453,28.694811320754717,14.09943396226415,245.66,3332.21,54.68556603773585,1.8710849056603773,0.47061152602756506,1.8787460287404114,1.922217625155151,0.9660736450144808,3.6441870086884567,0.45240849468215566
Uttar Pradesh,2013,225289,225289,3.6,Rabi,20.718301886792453,28.694811320754717,14.09943396226415,245.66,3332.21,54.68556603773585,1.8710849056603773,0.47061152602756506,1.8787460287404114,1.922217625155151,0.9660736450144808,3.6441870086884567,0.45240849468215566
Uttar Pradesh,2013,214421,214421,2.44,Rabi,20.718301886792453,28.694811320754717,14.09943396226415,245.66,3332.21,54.68556603773585,1.8710849056603773,0.47061152602756506,1.8787460287404114,1.922217625155151,0.9660736450144808,3.6441870086884567,0.45240849468215566
Uttar Pradesh,2013,118419,118419,3.44,Rabi,20.718301886792453,28.694811320754717,14.09943396226415,245.66,3332.21,54.68556603773585,1.8710849056603773,0.47061152602756506,1.8787460287404114,1.922217625155151,0.9660736450144808,3.6441870086884567,0.45240849468215566
Uttar Pradesh,2013,127180,127180,2.38,Rabi,20.718301886792453,28.694811320754717,14.09943396226415,245.66,3332.21,54.68556603773585,1.8710849056603773,0.47061152602756506,1.8787460287404114,1.922217625155151,0.9660736450144808,3.6441870086884567,0.45240849468215566
Uttar Pradesh,2013,92633,92633,3.29,Rabi,20.718301886792453,28.694811320754717,14.09943396226415,245.66,3332.21,54.68556603773585,1.8710849056603773,0.47061152602756506,1.8787460287404114,1.922217625155151,0.9660736450144808,3.6441870086884567,0.45240849468215566
Uttar Pradesh,2013,104354,104354,3.81,Rabi,20.718301886792453,28.694811320754717,14.09943396226415,245.66,3332.21,54.68556603773585,1.8710849056603773,0.47061152602756506,1.8787460287404114,1.922217625155151,0.9660736450144808,3.6441870086884567,0.45240849468215566
Uttar Pradesh,2013,232130,232130,3.09,Rabi,20.718301886792453,28.694811320754717,14.09943396226415,245.66,3332.21,54.68556603773585,1.8710849056603773,0.47061152602756506,1.8787460287404114,1.922217625155151,0.9660736450144808,3.6441870086884567,0.45240849468215566
Uttar Pradesh,2013,55347,55347,4.5,Rabi,20.718301886792453,28.694811320754717,14.09943396226415,245.66,3332.21,54.68556603773585,1.8710849056603773,0.47061152602756506,1.8787460287404114,1.922217625155151,0.9660736450144808,3.6441870086884567,0.45240849468215566
Uttar Pradesh,2013,167831,167831,3.23,Rabi,20.718301886792453,28.694811320754717,14.09943396226415,245.66,3332.21,54.68556603773585,1.8710849056603773,0.47061152602756506,1.8787460287404114,1.922217625155151,0.9660736450144808,3.6441870086884567,0.45240849468215566
Uttar Pradesh,2013,137861,137861,2.87,Rabi,20.718301886792453,28.694811320754717,14.09943396226415,245.66,3332.21,54.68556603773585,1.8710849056603773,0.47061152602756506,1.8787460287404114,1.922217625155151,0.9660736450144808,3.6441870086884567,0.45240849468215566
Uttar Pradesh,2013,85817,85817,2.76,Rabi,20.718301886792453,28.694811320754717,14.09943396226415,245.66,3332.21,54.68556603773585,1.8710849056603773,0.47061152602756506,1.8787460287404114,1.922217625155151,0.9660736450144808,3.6441870086884567,0.45240849468215566
Uttar Pradesh,2013,164065,164065,1.9,Rabi,20.718301886792453,28.694811320754717,14.09943396226415,245.66,3332.21,54.68556603773585,1.8710849056603773,0.47061152602756506,1.8787460287404114,1.922217625155151,0.9660736450144808,3.6441870086884567,0.45240849468215566
Uttar Pradesh,2013,166533,166533,3.55,Rabi,20.718301886792453,28.694811320754717,14.09943396226415,245.66,3332.21,54.68556603773585,1.8710849056603773,0.47061152602756506,1.8787460287404114,1.922217625155151,0.9660736450144808,3.6441870086884567,0.45240849468215566
Uttar Pradesh,2013,200048,200048,3.15,Rabi,20.718301886792453,28.694811320754717,14.09943396226415,245.66,3332.21,54.68556603773585,1.8710849056603773,0.47061152602756506,1.8787460287404114,1.922217625155151,0.9660736450144808,3.6441870086884567,0.45240849468215566
Uttar Pradesh,2013,119033,119033,3.22,Rabi,20.718301886792453,28.694811320754717,14.09943396226415,245.66,3332.21,54.68556603773585,1.8710849056603773,0.47061152602756506,1.8787460287404114,1.922217625155151,0.9660736450144808,3.6441870086884567,0.45240849468215566
Uttar Pradesh,2013,147955,147955,3.3,Rabi,20.718301886792453,28.694811320754717,14.09943396226415,245.66,3332.21,54.68556603773585,1.8710849056603773,0.47061152602756506,1.8787460287404114,1.922217625155151,0.9660736450144808,3.6441870086884567,0.45240849468215566
Uttar Pradesh,2013,245390,245390,3.65,Rabi,20.718301886792453,28.694811320754717,14.09943396226415,245.66,3332.21,54.68556603773585,1.8710849056603773,0.47061152602756506,1.8787460287404114,1.922217625155151,0.9660736450144808,3.6441870086884567,0.45240849468215566
Uttar Pradesh,2013,191272,191272,4.12,Rabi,20.718301886792453,28.694811320754717,14.09943396226415,245.66,3332.21,54.68556603773585,1.8710849056603773,0.47061152602756506,1.8787460287404114,1.922217625155151,0.9660736450144808,3.6441870086884567,0.45240849468215566
Uttar Pradesh,2013,102339,102339,2.63,Rabi,20.718301886792453,28.694811320754717,14.09943396226415,245.66,3332.21,54.68556603773585,1.8710849056603773,0.47061152602756506,1.8787460287404114,1.922217625155151,0.9660736450144808,3.6441870086884567,0.45240849468215566
Uttar Pradesh,2013,52387,52387,1.96,Rabi,20.718301886792453,28.694811320754717,14.09943396226415,245.66,3332.21,54.68556603773585,1.8710849056603773,0.47061152602756506,1.8787460287404114,1.922217625155151,0.9660736450144808,3.6441870086884567,0.45240849468215566
Uttar Pradesh,2013,156285,156285,3.02,Rabi,20.718301886792453,28.694811320754717,14.09943396226415,245.66,3332.21,54.68556603773585,1.8710849056603773,0.47061152602756506,1.8787460287404114,1.922217625155151,0.9660736450144808,3.6441870086884567,0.45240849468215566
Uttar Pradesh,2014,136036,136036,2.41,Kharif,32.198934426229506,37.111311475409835,27.35344262295082,675.54,2375.84,60.762131147540984,2.0797540983606555,0.47494062549101845,1.8787460287404114,1.922217625155151,0.9660736450144808,3.6441870086884567,0.45240849468215566
Uttar Pradesh,2014,223267,223267,2.45,Kharif,32.198934426229506,37.111311475409835,27.35344262295082,675.54,2375.84,60.762131147540984,2.0797540983606555,0.47494062549101845,1.8787460287404114,1.922217625155151,0.9660736450144808,3.6441870086884567,0.45240849468215566
Uttar Pradesh,2014,213258,213258,1.36,Kharif,32.198934426229506,37.111311475409835,27.35344262295082,675.54,2375.84,60.762131147540984,2.0797540983606555,0.47494062549101845,1.8787460287404114,1.922217625155151,0.9660736450144808,3.6441870086884567,0.45240849468215566
Uttar Pradesh,2014,120131,120131,2.3,Kharif,32.198934426229506,37.111311475409835,27.35344262295082,675.54,2375.84,60.762131147540984,2.0797540983606555,0.47494062549101845,1.8787460287404114,1.922217625155151,0.9660736450144808,3.6441870086884567,0.45240849468215566
Uttar Pradesh,2014,95382,95382,1.82,Kharif,32.198934426229506,37.111311475409835,27.35344262295082,675.54,2375.84,60.762131147540984,2.0797540983606555,0.47494062549101845,1.8787460287404114,1.922217625155151,0.9660736450144808,3.6441870086884567,0.45240849468215566
Uttar Pradesh,2014,91563,91563,2.11,Kharif,32.198934426229506,37.111311475409835,27.35344262295082,675.54,2375.84,60.762131147540984,2.0797540983606555,0.47494062549101845,1.8787460287404114,1.922217625155151,0.9660736450144808,3.6441870086884567,0.45240849468215566
Uttar Pradesh,2014,104341,104341,2.26,Kharif,32.198934426229506,37.111311475409835,27.35344262295082,675.54,2375.84,60.762131147540984,2.0797540983606555,0.47494062549101845,1.8787460287404114,1.922217625155151,0.9660736450144808,3.6441870086884567,0.45240849468215566
Uttar Pradesh,2014,243897,243897,2.12,Kharif,32.198934426229506,37.111311475409835,27.35344262295082,675.54,2375.84,60.762131147540984,2.0797540983606555,0.47494062549101845,1.8787460287404114,1.922217625155151,0.9660736450144808,3.6441870086884567,0.45240849468215566
Uttar Pradesh,2014,51752,51752,3.39,Kharif,32.198934426229506,37.111311475409835,27.35344262295082,675.54,2375.84,60.762131147540984,2.0797540983606555,0.47494062549101845,1.8787460287404114,1.922217625155151,0.9660736450144808,3.6441870086884567,0.45240849468215566
Uttar Pradesh,2014,165865,165865,2.38,Kharif,32.198934426229506,37.111311475409835,27.35344262295082,675.54,2375.84,60.762131147540984,2.0797540983606555,0.47494062549101845,1.8787460287404114,1.922217625155151,0.9660736450144808,3.6441870086884567,0.45240849468215566
Uttar Pradesh,2014,141821,141821,2.27,Kharif,32.198934426229506,37.111311475409835,27.35344262295082,675.54,2375.84,60.762131147540984,2.0797540983606555,0.47494062549101845,1.8787460287404114,1.922217625155151,0.9660736450144808,3.6441870086884567,0.45240849468215566
Uttar Pradesh,2014,90246,90246,2.1,Kharif,32.198934426229506,37.111311475409835,27.35344262295082,675.54,2375.84,60.762131147540984,2.0797540983606555,0.47494062549101845,1.8787460287404114,1.922217625155151,0.9660736450144808,3.6441870086884567,0.45240849468215566
Uttar Pradesh,2014,151692,151692,0.91,Kharif,32.198934426229506,37.111311475409835,27.35344262295082,675.54,2375.84,60.762131147540984,2.0797540983606555,0.47494062549101845,1.8787460287404114,1.922217625155151,0.9660736450144808,3.6441870086884567,0.45240849468215566
Uttar Pradesh,2014,165449,165449,2.37,Kharif,32.198934426229506,37.111311475409835,27.35344262295082,675.54,2375.84,60.762131147540984,2.0797540983606555,0.47494062549101845,1.8787460287404114,1.922217625155151,0.9660736450144808,3.6441870086884567,0.45240849468215566
Uttar Pradesh,2014,212598,212598,1.86,Kharif,32.198934426229506,37.111311475409835,27.35344262295082,675.54,2375.84,60.762131147540984,2.0797540983606555,0.47494062549101845,1.8787460287404114,1.922217625155151,0.9660736450144808,3.6441870086884567,0.45240849468215566
Uttar Pradesh,2014,119630,119630,2.12,Kharif,32.198934426229506,37.111311475409835,27.35344262295082,675.54,2375.84,60.762131147540984,2.0797540983606555,0.47494062549101845,1.8787460287404114,1.922217625155151,0.9660736450144808,3.6441870086884567,0.45240849468215566
Uttar Pradesh,2014,116552,116552,2.7,Kharif,32.198934426229506,37.111311475409835,27.35344262295082,675.54,2375.84,60.762131147540984,2.0797540983606555,0.47494062549101845,1.8787460287404114,1.922217625155151,0.9660736450144808,3.6441870086884567,0.45240849468215566
Uttar Pradesh,2014,255586,255586,2.11,Kharif,32.198934426229506,37.111311475409835,27.35344262295082,675.54,2375.84,60.762131147540984,2.0797540983606555,0.47494062549101845,1.8787460287404114,1.922217625155151,0.9660736450144808,3.6441870086884567,0.45240849468215566
Uttar Pradesh,2014,195559,195559,2.73,Kharif,32.198934426229506,37.111311475409835,27.35344262295082,675.54,2375.84,60.762131147540984,2.0797540983606555,0.47494062549101845,1.8787460287404114,1.922217625155151,0.9660736450144808,3.6441870086884567,0.45240849468215566
Uttar Pradesh,2014,95462,95462,1.47,Kharif,32.198934426229506,37.111311475409835,27.35344262295082,675.54,2375.84,60.762131147540984,2.0797540983606555,0.47494062549101845,1.8787460287404114,1.922217625155151,0.9660736450144808,3.6441870086884567,0.45240849468215566
Uttar Pradesh,2014,54500,54500,1.12,Kharif,32.198934426229506,37.111311475409835,27.35344262295082,675.54,2375.84,60.762131147540984,2.0797540983606555,0.47494062549101845,1.8787460287404114,1.922217625155151,0.9660736450144808,3.6441870086884567,0.45240849468215566
Uttar Pradesh,2014,155105,155105,1.88,Kharif,32.198934426229506,37.111311475409835,27.35344262295082,675.54,2375.84,60.762131147540984,2.0797540983606555,0.47494062549101845,1.8787460287404114,1.922217625155151,0.9660736450144808,3.6441870086884567,0.45240849468215566
Uttar Pradesh,2014,136036,136036,2.41,Rabi,20.976462264150946,29.288726415094338,14.016084905660376,187.1,3282.99,46.61655660377358,1.9401415094339622,0.4797300940549194,1.8787460287404114,1.922217625155151,0.9660736450144808,3.6441870086884567,0.45240849468215566
Uttar Pradesh,2014,223267,223267,2.45,Rabi,20.976462264150946,29.288726415094338,14.016084905660376,187.1,3282.99,46.61655660377358,1.9401415094339622,0.4797300940549194,1.8787460287404114,1.922217625155151,0.9660736450144808,3.6441870086884567,0.45240849468215566
Uttar Pradesh,2014,213258,213258,1.36,Rabi,20.976462264150946,29.288726415094338,14.016084905660376,187.1,3282.99,46.61655660377358,1.9401415094339622,0.4797300940549194,1.8787460287404114,1.922217625155151,0.9660736450144808,3.6441870086884567,0.45240849468215566
Uttar Pradesh,2014,120131,120131,2.3,Rabi,20.976462264150946,29.288726415094338,14.016084905660376,187.1,3282.99,46.61655660377358,1.9401415094339622,0.4797300940549194,1.8787460287404114,1.922217625155151,0.9660736450144808,3.6441870086884567,0.45240849468215566
Uttar Pradesh,2014,95382,95382,1.82,Rabi,20.976462264150946,29.288726415094338,14.016084905660376,187.1,3282.99,46.61655660377358,1.9401415094339622,0.4797300940549194,1.8787460287404114,1.922217625155151,0.9660736450144808,3.6441870086884567,0.45240849468215566
Uttar Pradesh,2014,91563,91563,2.11,Rabi,20.976462264150946,29.288726415094338,14.016084905660376,187.1,3282.99,46.61655660377358,1.9401415094339622,0.4797300940549194,1.8787460287404114,1.922217625155151,0.9660736450144808,3.6441870086884567,0.45240849468215566
Uttar Pradesh,2014,104341,104341,2.26,Rabi,20.976462264150946,29.288726415094338,14.016084905660376,187.1,3282.99,46.61655660377358,1.9401415094339622,0.4797300940549194,1.8787460287404114,1.922217625155151,0.9660736450144808,3.6441870086884567,0.45240849468215566
Uttar Pradesh,2014,243897,243897,2.12,Rabi,20.976462264150946,29.288726415094338,14.016084905660376,187.1,3282.99,46.61655660377358,1.9401415094339622,0.4797300940549194,1.8787460287404114,1.922217625155151,0.9660736450144808,3.6441870086884567,0.45240849468215566
Uttar Pradesh,2014,51752,51752,3.39,Rabi,20.976462264150946,29.288726415094338,14.016084905660376,187.1,3282.99,46.61655660377358,1.9401415094339622,0.4797300940549194,1.8787460287404114,1.922217625155151,0.9660736450144808,3.6441870086884567,0.45240849468215566
Uttar Pradesh,2014,165865,165865,2.38,Rabi,20.976462264150946,29.288726415094338,14.016084905660376,187.1,3282.99,46.61655660377358,1.9401415094339622,0.4797300940549194,1.8787460287404114,1.922217625155151,0.9660736450144808,3.6441870086884567,0.45240849468215566
Uttar Pradesh,2014,141821,141821,2.27,Rabi,20.976462264150946,29.288726415094338,14.016084905660376,187.1,3282.99,46.61655660377358,1.9401415094339622,0.4797300940549194,1.8787460287404114,1.922217625155151,0.9660736450144808,3.6441870086884567,0.45240849468215566
Uttar Pradesh,2014,90246,90246,2.1,Rabi,20.976462264150946,29.288726415094338,14.016084905660376,187.1,3282.99,46.61655660377358,1.9401415094339622,0.4797300940549194,1.8787460287404114,1.922217625155151,0.9660736450144808,3.6441870086884567,0.45240849468215566
Uttar Pradesh,2014,151692,151692,0.91,Rabi,20.976462264150946,29.288726415094338,14.016084905660376,187.1,3282.99,46.61655660377358,1.9401415094339622,0.4797300940549194,1.8787460287404114,1.922217625155151,0.9660736450144808,3.6441870086884567,0.45240849468215566
Uttar Pradesh,2014,165449,165449,2.37,Rabi,20.976462264150946,29.288726415094338,14.016084905660376,187.1,3282.99,46.61655660377358,1.9401415094339622,0.4797300940549194,1.8787460287404114,1.922217625155151,0.9660736450144808,3.6441870086884567,0.45240849468215566
Uttar Pradesh,2014,212598,212598,1.86,Rabi,20.976462264150946,29.288726415094338,14.016084905660376,187.1,3282.99,46.61655660377358,1.9401415094339622,0.4797300940549194,1.8787460287404114,1.922217625155151,0.9660736450144808,3.6441870086884567,0.45240849468215566
Uttar Pradesh,2014,119630,119630,2.12,Rabi,20.976462264150946,29.288726415094338,14.016084905660376,187.1,3282.99,46.61655660377358,1.9401415094339622,0.4797300940549194,1.8787460287404114,1.922217625155151,0.9660736450144808,3.6441870086884567,0.45240849468215566
Uttar Pradesh,2014,116552,116552,2.7,Rabi,20.976462264150946,29.288726415094338,14.016084905660376,187.1,3282.99,46.61655660377358,1.9401415094339622,0.4797300940549194,1.8787460287404114,1.922217625155151,0.9660736450144808,3.6441870086884567,0.45240849468215566
Uttar Pradesh,2014,255586,255586,2.11,Rabi,20.976462264150946,29.288726415094338,14.016084905660376,187.1,3282.99,46.61655660377358,1.9401415094339622,0.4797300940549194,1.8787460287404114,1.922217625155151,0.9660736450144808,3.6441870086884567,0.45240849468215566
Uttar Pradesh,2014,195559,195559,2.73,Rabi,20.976462264150946,29.288726415094338,14.016084905660376,187.1,3282.99,46.61655660377358,1.9401415094339622,0.4797300940549194,1.8787460287404114,1.922217625155151,0.9660736450144808,3.6441870086884567,0.45240849468215566
Uttar Pradesh,2014,95462,95462,1.47,Rabi,20.976462264150946,29.288726415094338,14.016084905660376,187.1,3282.99,46.61655660377358,1.9401415094339622,0.4797300940549194,1.8787460287404114,1.922217625155151,0.9660736450144808,3.6441870086884567,0.45240849468215566
Uttar Pradesh,2014,54500,54500,1.12,Rabi,20.976462264150946,29.288726415094338,14.016084905660376,187.1,3282.99,46.61655660377358,1.9401415094339622,0.4797300940549194,1.8787460287404114,1.922217625155151,0.9660736450144808,3.6441870086884567,0.45240849468215566
Uttar Pradesh,2014,155105,155105,1.88,Rabi,20.976462264150946,29.288726415094338,14.016084905660376,187.1,3282.99,46.61655660377358,1.9401415094339622,0.4797300940549194,1.8787460287404114,1.922217625155151,0.9660736450144808,3.6441870086884567,0.45240849468215566
Uttar Pradesh,2015,120903,120903,3.23,Kharif,31.88188524590164,36.96950819672131,27.087377049180326,541.76,2478.75,60.198196721311476,2.2864754098360653,0.499800617228786,1.8787460287404114,1.922217625155151,0.9660736450144808,3.6441870086884567,0.45240849468215566
Uttar Pradesh,2015,216572,216572,3.28,Kharif,31.88188524590164,36.96950819672131,27.087377049180326,541.76,2478.75,60.198196721311476,2.2864754098360653,0.499800617228786,1.8787460287404114,1.922217625155151,0.9660736450144808,3.6441870086884567,0.45240849468215566
Uttar Pradesh,2015,234879,234879,1.91,Kharif,31.88188524590164,36.96950819672131,27.087377049180326,541.76,2478.75,60.198196721311476,2.2864754098360653,0.499800617228786,1.8787460287404114,1.922217625155151,0.9660736450144808,3.6441870086884567,0.45240849468215566
Uttar Pradesh,2015,120248,120248,3.18,Kharif,31.88188524590164,36.96950819672131,27.087377049180326,541.76,2478.75,60.198196721311476,2.2864754098360653,0.499800617228786,1.8787460287404114,1.922217625155151,0.9660736450144808,3.6441870086884567,0.45240849468215566
Uttar Pradesh,2015,93992,93992,2.38,Kharif,31.88188524590164,36.96950819672131,27.087377049180326,541.76,2478.75,60.198196721311476,2.2864754098360653,0.499800617228786,1.8787460287404114,1.922217625155151,0.9660736450144808,3.6441870086884567,0.45240849468215566
Uttar Pradesh,2015,92461,92461,2.96,Kharif,31.88188524590164,36.96950819672131,27.087377049180326,541.76,2478.75,60.198196721311476,2.2864754098360653,0.499800617228786,1.8787460287404114,1.922217625155151,0.9660736450144808,3.6441870086884567,0.45240849468215566
Uttar Pradesh,2015,108461,108461,3.08,Kharif,31.88188524590164,36.96950819672131,27.087377049180326,541.76,2478.75,60.198196721311476,2.2864754098360653,0.499800617228786,1.8787460287404114,1.922217625155151,0.9660736450144808,3.6441870086884567,0.45240849468215566
Uttar Pradesh,2015,231153,231153,2.73,Kharif,31.88188524590164,36.96950819672131,27.087377049180326,541.76,2478.75,60.198196721311476,2.2864754098360653,0.499800617228786,1.8787460287404114,1.922217625155151,0.9660736450144808,3.6441870086884567,0.45240849468215566
Uttar Pradesh,2015,52596,52596,4.14,Kharif,31.88188524590164,36.96950819672131,27.087377049180326,541.76,2478.75,60.198196721311476,2.2864754098360653,0.499800617228786,1.8787460287404114,1.922217625155151,0.9660736450144808,3.6441870086884567,0.45240849468215566
Uttar Pradesh,2015,183146,183146,2.66,Kharif,31.88188524590164,36.96950819672131,27.087377049180326,541.76,2478.75,60.198196721311476,2.2864754098360653,0.499800617228786,1.8787460287404114,1.922217625155151,0.9660736450144808,3.6441870086884567,0.45240849468215566
Uttar Pradesh,2015,139202,139202,2.71,Kharif,31.88188524590164,36.96950819672131,27.087377049180326,541.76,2478.75,60.198196721311476,2.2864754098360653,0.499800617228786,1.8787460287404114,1.922217625155151,0.9660736450144808,3.6441870086884567,0.45240849468215566
Uttar Pradesh,2015,85833,85833,2.39,Kharif,31.88188524590164,36.96950819672131,27.087377049180326,541.76,2478.75,60.198196721311476,2.2864754098360653,0.499800617228786,1.8787460287404114,1.922217625155151,0.9660736450144808,3.6441870086884567,0.45240849468215566
Uttar Pradesh,2015,22873,22873,1.2,Kharif,31.88188524590164,36.96950819672131,27.087377049180326,541.76,2478.75,60.198196721311476,2.2864754098360653,0.499800617228786,1.8787460287404114,1.922217625155151,0.9660736450144808,3.6441870086884567,0.45240849468215566
Uttar Pradesh,2015,167622,167622,2.97,Kharif,31.88188524590164,36.96950819672131,27.087377049180326,541.76,2478.75,60.198196721311476,2.2864754098360653,0.499800617228786,1.8787460287404114,1.922217625155151,0.9660736450144808,3.6441870086884567,0.45240849468215566
Uttar Pradesh,2015,209611,209611,2.93,Kharif,31.88188524590164,36.96950819672131,27.087377049180326,541.76,2478.75,60.198196721311476,2.2864754098360653,0.499800617228786,1.8787460287404114,1.922217625155151,0.9660736450144808,3.6441870086884567,0.45240849468215566
Uttar Pradesh,2015,113071,113071,2.62,Kharif,31.88188524590164,36.96950819672131,27.087377049180326,541.76,2478.75,60.198196721311476,2.2864754098360653,0.499800617228786,1.8787460287404114,1.922217625155151,0.9660736450144808,3.6441870086884567,0.45240849468215566
Uttar Pradesh,2015,99699,99699,3.1,Kharif,31.88188524590164,36.96950819672131,27.087377049180326,541.76,2478.75,60.198196721311476,2.2864754098360653,0.499800617228786,1.8787460287404114,1.922217625155151,0.9660736450144808,3.6441870086884567,0.45240849468215566
Uttar Pradesh,2015,251324,251324,2.83,Kharif,31.88188524590164,36.96950819672131,27.087377049180326,541.76,2478.75,60.198196721311476,2.2864754098360653,0.499800617228786,1.8787460287404114,1.922217625155151,0.9660736450144808,3.6441870086884567,0.45240849468215566
Uttar Pradesh,2015,197838,197838,3.87,Kharif,31.88188524590164,36.96950819672131,27.087377049180326,541.76,2478.75,60.198196721311476,2.2864754098360653,0.499800617228786,1.8787460287404114,1.922217625155151,0.9660736450144808,3.6441870086884567,0.45240849468215566
Uttar Pradesh,2015,97645,97645,1.92,Kharif,31.88188524590164,36.96950819672131,27.087377049180326,541.76,2478.75,60.198196721311476,2.2864754098360653,0.499800617228786,1.8787460287404114,1.922217625155151,0.9660736450144808,3.6441870086884567,0.45240849468215566
Uttar Pradesh,2015,59917,59917,1.19,Kharif,31.88188524590164,36.96950819672131,27.087377049180326,541.76,2478.75,60.198196721311476,2.2864754098360653,0.499800617228786,1.8787460287404114,1.922217625155151,0.9660736450144808,3.6441870086884567,0.45240849468215566
Uttar Pradesh,2015,120903,120903,3.23,Rabi,22.17816037735849,30.332169811320757,15.270990566037735,184.15,3216.9,42.3222641509434,1.7479716981132074,0.45808864675874894,1.8787460287404114,1.922217625155151,0.9660736450144808,3.6441870086884567,0.45240849468215566
Uttar Pradesh,2015,216572,216572,3.28,Rabi,22.17816037735849,30.332169811320757,15.270990566037735,184.15,3216.9,42.3222641509434,1.7479716981132074,0.45808864675874894,1.8787460287404114,1.922217625155151,0.9660736450144808,3.6441870086884567,0.45240849468215566
Uttar Pradesh,2015,234879,234879,1.91,Rabi,22.17816037735849,30.332169811320757,15.270990566037735,184.15,3216.9,42.3222641509434,1.7479716981132074,0.45808864675874894,1.8787460287404114,1.922217625155151,0.9660736450144808,3.6441870086884567,0.45240849468215566
Uttar Pradesh,2015,120248,120248,3.18,Rabi,22.17816037735849,30.332169811320757,15.270990566037735,184.15,3216.9,42.3222641509434,1.7479716981132074,0.45808864675874894,1.8787460287404114,1.922217625155151,0.9660736450144808,3.6441870086884567,0.45240849468215566
Uttar Pradesh,2015,93992,93992,2.38,Rabi,22.17816037735849,30.332169811320757,15.270990566037735,184.15,3216.9,42.3222641509434,1.7479716981132074,0.45808864675874894,1.8787460287404114,1.922217625155151,0.9660736450144808,3.6441870086884567,0.45240849468215566
Uttar Pradesh,2015,92461,92461,2.96,Rabi,22.17816037735849,30.332169811320757,15.270990566037735,184.15,3216.9,42.3222641509434,1.7479716981132074,0.45808864675874894,1.8787460287404114,1.922217625155151,0.9660736450144808,3.6441870086884567,0.45240849468215566
Uttar Pradesh,2015,108461,108461,3.08,Rabi,22.17816037735849,30.332169811320757,15.270990566037735,184.15,3216.9,42.3222641509434,1.7479716981132074,0.45808864675874894,1.8787460287404114,1.922217625155151,0.9660736450144808,3.6441870086884567,0.45240849468215566
Uttar Pradesh,2015,231153,231153,2.73,Rabi,22.17816037735849,30.332169811320757,15.270990566037735,184.15,3216.9,42.3222641509434,1.7479716981132074,0.45808864675874894,1.8787460287404114,1.922217625155151,0.9660736450144808,3.6441870086884567,0.45240849468215566
Uttar Pradesh,2015,52596,52596,4.14,Rabi,22.17816037735849,30.332169811320757,15.270990566037735,184.15,3216.9,42.3222641509434,1.7479716981132074,0.45808864675874894,1.8787460287404114,1.922217625155151,0.9660736450144808,3.6441870086884567,0.45240849468215566
Uttar Pradesh,2015,183146,183146,2.66,Rabi,22.17816037735849,30.332169811320757,15.270990566037735,184.15,3216.9,42.3222641509434,1.7479716981132074,0.45808864675874894,1.8787460287404114,1.922217625155151,0.9660736450144808,3.6441870086884567,0.45240849468215566
Uttar Pradesh,2015,139202,139202,2.71,Rabi,22.17816037735849,30.332169811320757,15.270990566037735,184.15,3216.9,42.3222641509434,1.7479716981132074,0.45808864675874894,1.8787460287404114,1.922217625155151,0.9660736450144808,3.6441870086884567,0.45240849468215566
Uttar Pradesh,2015,85833,85833,2.39,Rabi,22.17816037735849,30.332169811320757,15.270990566037735,184.15,3216.9,42.3222641509434,1.7479716981132074,0.45808864675874894,1.8787460287404114,1.922217625155151,0.9660736450144808,3.6441870086884567,0.45240849468215566
Uttar Pradesh,2015,22873,22873,1.2,Rabi,22.17816037735849,30.332169811320757,15.270990566037735,184.15,3216.9,42.3222641509434,1.7479716981132074,0.45808864675874894,1.8787460287404114,1.922217625155151,0.9660736450144808,3.6441870086884567,0.45240849468215566
Uttar Pradesh,2015,167622,167622,2.97,Rabi,22.17816037735849,30.332169811320757,15.270990566037735,184.15,3216.9,42.3222641509434,1.7479716981132074,0.45808864675874894,1.8787460287404114,1.922217625155151,0.9660736450144808,3.6441870086884567,0.45240849468215566
Uttar Pradesh,2015,209611,209611,2.93,Rabi,22.17816037735849,30.332169811320757,15.270990566037735,184.15,3216.9,42.3222641509434,1.7479716981132074,0.45808864675874894,1.8787460287404114,1.922217625155151,0.9660736450144808,3.6441870086884567,0.45240849468215566
Uttar Pradesh,2015,113071,113071,2.62,Rabi,22.17816037735849,30.332169811320757,15.270990566037735,184.15,3216.9,42.3222641509434,1.7479716981132074,0.45808864675874894,1.8787460287404114,1.922217625155151,0.9660736450144808,3.6441870086884567,0.45240849468215566
Uttar Pradesh,2015,99699,99699,3.1,Rabi,22.17816037735849,30.332169811320757,15.270990566037735,184.15,3216.9,42.3222641509434,1.7479716981132074,0.45808864675874894,1.8787460287404114,1.922217625155151,0.9660736450144808,3.6441870086884567,0.45240849468215566
Uttar Pradesh,2015,251324,251324,2.83,Rabi,22.17816037735849,30.332169811320757,15.270990566037735,184.15,3216.9,42.3222641509434,1.7479716981132074,0.45808864675874894,1.8787460287404114,1.922217625155151,0.9660736450144808,3.6441870086884567,0.45240849468215566
Uttar Pradesh,2015,197838,197838,3.87,Rabi,22.17816037735849,30.332169811320757,15.270990566037735,184.15,3216.9,42.3222641509434,1.7479716981132074,0.45808864675874894,1.8787460287404114,1.922217625155151,0.9660736450144808,3.6441870086884567,0.45240849468215566
Uttar Pradesh,2015,97645,97645,1.92,Rabi,22.17816037735849,30.332169811320757,15.270990566037735,184.15,3216.9,42.3222641509434,1.7479716981132074,0.45808864675874894,1.8787460287404114,1.922217625155151,0.9660736450144808,3.6441870086884567,0.45240849468215566
Uttar Pradesh,2015,59917,59917,1.19,Rabi,22.17816037735849,30.332169811320757,15.270990566037735,184.15,3216.9,42.3222641509434,1.7479716981132074,0.45808864675874894,1.8787460287404114,1.922217625155151,0.9660736450144808,3.6441870086884567,0.45240849468215566
Uttar Pradesh,2016,128553,128553,4.08,Kharif,30.28532786885246,34.147295081967215,26.704754098360656,896.1899999999999,2171.3,74.59319672131149,2.0923770491803277,0.4953534476437307,1.8787460287404114,1.922217625155151,0.9660736450144808,3.6441870086884567,0.45240849468215566
Uttar Pradesh,2016,218163,218163,3.98,Kharif,30.28532786885246,34.147295081967215,26.704754098360656,896.1899999999999,2171.3,74.59319672131149,2.0923770491803277,0.4953534476437307,1.8787460287404114,1.922217625155151,0.9660736450144808,3.6441870086884567,0.45240849468215566
Uttar Pradesh,2016,223336,223336,3.0,Kharif,30.28532786885246,34.147295081967215,26.704754098360656,896.1899999999999,2171.3,74.59319672131149,2.0923770491803277,0.4953534476437307,1.8787460287404114,1.922217625155151,0.9660736450144808,3.6441870086884567,0.45240849468215566
Uttar Pradesh,2016,119766,119766,3.55,Kharif,30.28532786885246,34.147295081967215,26.704754098360656,896.1899999999999,2171.3,74.59319672131149,2.0923770491803277,0.4953534476437307,1.8787460287404114,1.922217625155151,0.9660736450144808,3.6441870086884567,0.45240849468215566
Uttar Pradesh,2016,126984,126984,3.06,Kharif,30.28532786885246,34.147295081967215,26.704754098360656,896.1899999999999,2171.3,74.59319672131149,2.0923770491803277,0.4953534476437307,1.8787460287404114,1.922217625155151,0.9660736450144808,3.6441870086884567,0.45240849468215566
Uttar Pradesh,2016,92704,92704,3.51,Kharif,30.28532786885246,34.147295081967215,26.704754098360656,896.1899999999999,2171.3,74.59319672131149,2.0923770491803277,0.4953534476437307,1.8787460287404114,1.922217625155151,0.9660736450144808,3.6441870086884567,0.45240849468215566
Uttar Pradesh,2016,99678,99678,4.02,Kharif,30.28532786885246,34.147295081967215,26.704754098360656,896.1899999999999,2171.3,74.59319672131149,2.0923770491803277,0.4953534476437307,1.8787460287404114,1.922217625155151,0.9660736450144808,3.6441870086884567,0.45240849468215566
Uttar Pradesh,2016,231994,231994,3.35,Kharif,30.28532786885246,34.147295081967215,26.704754098360656,896.1899999999999,2171.3,74.59319672131149,2.0923770491803277,0.4953534476437307,1.8787460287404114,1.922217625155151,0.9660736450144808,3.6441870086884567,0.45240849468215566
Uttar Pradesh,2016,53849,53849,4.74,Kharif,30.28532786885246,34.147295081967215,26.704754098360656,896.1899999999999,2171.3,74.59319672131149,2.0923770491803277,0.4953534476437307,1.8787460287404114,1.922217625155151,0.9660736450144808,3.6441870086884567,0.45240849468215566
Uttar Pradesh,2016,159626,159626,3.16,Kharif,30.28532786885246,34.147295081967215,26.704754098360656,896.1899999999999,2171.3,74.59319672131149,2.0923770491803277,0.4953534476437307,1.8787460287404114,1.922217625155151,0.9660736450144808,3.6441870086884567,0.45240849468215566
Uttar Pradesh,2016,137665,137665,3.94,Kharif,30.28532786885246,34.147295081967215,26.704754098360656,896.1899999999999,2171.3,74.59319672131149,2.0923770491803277,0.4953534476437307,1.8787460287404114,1.922217625155151,0.9660736450144808,3.6441870086884567,0.45240849468215566
Uttar Pradesh,2016,87648,87648,2.87,Kharif,30.28532786885246,34.147295081967215,26.704754098360656,896.1899999999999,2171.3,74.59319672131149,2.0923770491803277,0.4953534476437307,1.8787460287404114,1.922217625155151,0.9660736450144808,3.6441870086884567,0.45240849468215566
Uttar Pradesh,2016,197157,197157,2.34,Kharif,30.28532786885246,34.147295081967215,26.704754098360656,896.1899999999999,2171.3,74.59319672131149,2.0923770491803277,0.4953534476437307,1.8787460287404114,1.922217625155151,0.9660736450144808,3.6441870086884567,0.45240849468215566
Uttar Pradesh,2016,166970,166970,3.64,Kharif,30.28532786885246,34.147295081967215,26.704754098360656,896.1899999999999,2171.3,74.59319672131149,2.0923770491803277,0.4953534476437307,1.8787460287404114,1.922217625155151,0.9660736450144808,3.6441870086884567,0.45240849468215566
Uttar Pradesh,2016,214079,214079,3.66,Kharif,30.28532786885246,34.147295081967215,26.704754098360656,896.1899999999999,2171.3,74.59319672131149,2.0923770491803277,0.4953534476437307,1.8787460287404114,1.922217625155151,0.9660736450144808,3.6441870086884567,0.45240849468215566
Uttar Pradesh,2016,119425,119425,3.18,Kharif,30.28532786885246,34.147295081967215,26.704754098360656,896.1899999999999,2171.3,74.59319672131149,2.0923770491803277,0.4953534476437307,1.8787460287404114,1.922217625155151,0.9660736450144808,3.6441870086884567,0.45240849468215566
Uttar Pradesh,2016,148013,148013,3.46,Kharif,30.28532786885246,34.147295081967215,26.704754098360656,896.1899999999999,2171.3,74.59319672131149,2.0923770491803277,0.4953534476437307,1.8787460287404114,1.922217625155151,0.9660736450144808,3.6441870086884567,0.45240849468215566
Uttar Pradesh,2016,233621,233621,3.51,Kharif,30.28532786885246,34.147295081967215,26.704754098360656,896.1899999999999,2171.3,74.59319672131149,2.0923770491803277,0.4953534476437307,1.8787460287404114,1.922217625155151,0.9660736450144808,3.6441870086884567,0.45240849468215566
Uttar Pradesh,2016,195357,195357,4.27,Kharif,30.28532786885246,34.147295081967215,26.704754098360656,896.1899999999999,2171.3,74.59319672131149,2.0923770491803277,0.4953534476437307,1.8787460287404114,1.922217625155151,0.9660736450144808,3.6441870086884567,0.45240849468215566
Uttar Pradesh,2016,98193,98193,2.88,Kharif,30.28532786885246,34.147295081967215,26.704754098360656,896.1899999999999,2171.3,74.59319672131149,2.0923770491803277,0.4953534476437307,1.8787460287404114,1.922217625155151,0.9660736450144808,3.6441870086884567,0.45240849468215566
Uttar Pradesh,2016,49779,49779,3.1,Kharif,30.28532786885246,34.147295081967215,26.704754098360656,896.1899999999999,2171.3,74.59319672131149,2.0923770491803277,0.4953534476437307,1.8787460287404114,1.922217625155151,0.9660736450144808,3.6441870086884567,0.45240849468215566
Uttar Pradesh,2016,156721,156721,2.54,Kharif,30.28532786885246,34.147295081967215,26.704754098360656,896.1899999999999,2171.3,74.59319672131149,2.0923770491803277,0.4953534476437307,1.8787460287404114,1.922217625155151,0.9660736450144808,3.6441870086884567,0.45240849468215566
Uttar Pradesh,2016,128553,128553,4.08,Rabi,22.862910798122066,31.357417840375586,15.729014084507043,74.06,3381.17,37.305962441314556,1.7559154929577465,0.43270089045145,1.8787460287404114,1.922217625155151,0.9660736450144808,3.6441870086884567,0.45240849468215566
Uttar Pradesh,2016,218163,218163,3.98,Rabi,22.862910798122066,31.357417840375586,15.729014084507043,74.06,3381.17,37.305962441314556,1.7559154929577465,0.43270089045145,1.8787460287404114,1.922217625155151,0.9660736450144808,3.6441870086884567,0.45240849468215566
Uttar Pradesh,2016,223336,223336,3.0,Rabi,22.862910798122066,31.357417840375586,15.729014084507043,74.06,3381.17,37.305962441314556,1.7559154929577465,0.43270089045145,1.8787460287404114,1.922217625155151,0.9660736450144808,3.6441870086884567,0.45240849468215566
Uttar Pradesh,2016,119766,119766,3.55,Rabi,22.862910798122066,31.357417840375586,15.729014084507043,74.06,3381.17,37.305962441314556,1.7559154929577465,0.43270089045145,1.8787460287404114,1.922217625155151,0.9660736450144808,3.6441870086884567,0.45240849468215566
Uttar Pradesh,2016,126984,126984,3.06,Rabi,22.862910798122066,31.357417840375586,15.729014084507043,74.06,3381.17,37.305962441314556,1.7559154929577465,0.43270089045145,1.8787460287404114,1.922217625155151,0.9660736450144808,3.6441870086884567,0.45240849468215566
Uttar Pradesh,2016,92704,92704,3.51,Rabi,22.862910798122066,31.357417840375586,15.729014084507043,74.06,3381.17,37.305962441314556,1.7559154929577465,0.43270089045145,1.8787460287404114,1.922217625155151,0.9660736450144808,3.6441870086884567,0.45240849468215566
Uttar Pradesh,2016,99678,99678,4.02,Rabi,22.862910798122066,31.357417840375586,15.729014084507043,74.06,3381.17,37.305962441314556,1.7559154929577465,0.43270089045145,1.8787460287404114,1.922217625155151,0.9660736450144808,3.6441870086884567,0.45240849468215566
Uttar Pradesh,2016,231994,231994,3.35,Rabi,22.862910798122066,31.357417840375586,15.729014084507043,74.06,3381.17,37.305962441314556,1.7559154929577465,0.43270089045145,1.8787460287404114,1.922217625155151,0.9660736450144808,3.6441870086884567,0.45240849468215566
Uttar Pradesh,2016,53849,53849,4.74,Rabi,22.862910798122066,31.357417840375586,15.729014084507043,74.06,3381.17,37.305962441314556,1.7559154929577465,0.43270089045145,1.8787460287404114,1.922217625155151,0.9660736450144808,3.6441870086884567,0.45240849468215566
Uttar Pradesh,2016,159626,159626,3.16,Rabi,22.862910798122066,31.357417840375586,15.729014084507043,74.06,3381.17,37.305962441314556,1.7559154929577465,0.43270089045145,1.8787460287404114,1.922217625155151,0.9660736450144808,3.6441870086884567,0.45240849468215566
Uttar Pradesh,2016,137665,137665,3.94,Rabi,22.862910798122066,31.357417840375586,15.729014084507043,74.06,3381.17,37.305962441314556,1.7559154929577465,0.43270089045145,1.8787460287404114,1.922217625155151,0.9660736450144808,3.6441870086884567,0.45240849468215566
Uttar Pradesh,2016,87648,87648,2.87,Rabi,22.862910798122066,31.357417840375586,15.729014084507043,74.06,3381.17,37.305962441314556,1.7559154929577465,0.43270089045145,1.8787460287404114,1.922217625155151,0.9660736450144808,3.6441870086884567,0.45240849468215566
Uttar Pradesh,2016,197157,197157,2.34,Rabi,22.862910798122066,31.357417840375586,15.729014084507043,74.06,3381.17,37.305962441314556,1.7559154929577465,0.43270089045145,1.8787460287404114,1.922217625155151,0.9660736450144808,3.6441870086884567,0.45240849468215566
Uttar Pradesh,2016,166970,166970,3.64,Rabi,22.862910798122066,31.357417840375586,15.729014084507043,74.06,3381.17,37.305962441314556,1.7559154929577465,0.43270089045145,1.8787460287404114,1.922217625155151,0.9660736450144808,3.6441870086884567,0.45240849468215566
Uttar Pradesh,2016,214079,214079,3.66,Rabi,22.862910798122066,31.357417840375586,15.729014084507043,74.06,3381.17,37.305962441314556,1.7559154929577465,0.43270089045145,1.8787460287404114,1.922217625155151,0.9660736450144808,3.6441870086884567,0.45240849468215566
Uttar Pradesh,2016,119425,119425,3.18,Rabi,22.862910798122066,31.357417840375586,15.729014084507043,74.06,3381.17,37.305962441314556,1.7559154929577465,0.43270089045145,1.8787460287404114,1.922217625155151,0.9660736450144808,3.6441870086884567,0.45240849468215566
Uttar Pradesh,2016,148013,148013,3.46,Rabi,22.862910798122066,31.357417840375586,15.729014084507043,74.06,3381.17,37.305962441314556,1.7559154929577465,0.43270089045145,1.8787460287404114,1.922217625155151,0.9660736450144808,3.6441870086884567,0.45240849468215566
Uttar Pradesh,2016,233621,233621,3.51,Rabi,22.862910798122066,31.357417840375586,15.729014084507043,74.06,3381.17,37.305962441314556,1.7559154929577465,0.43270089045145,1.8787460287404114,1.922217625155151,0.9660736450144808,3.6441870086884567,0.45240849468215566
Uttar Pradesh,2016,195357,195357,4.27,Rabi,22.862910798122066,31.357417840375586,15.729014084507043,74.06,3381.17,37.305962441314556,1.7559154929577465,0.43270089045145,1.8787460287404114,1.922217625155151,0.9660736450144808,3.6441870086884567,0.45240849468215566
Uttar Pradesh,2016,98193,98193,2.88,Rabi,22.862910798122066,31.357417840375586,15.729014084507043,74.06,3381.17,37.305962441314556,1.7559154929577465,0.43270089045145,1.8787460287404114,1.922217625155151,0.9660736450144808,3.6441870086884567,0.45240849468215566
Uttar Pradesh,2016,49779,49779,3.1,Rabi,22.862910798122066,31.357417840375586,15.729014084507043,74.06,3381.17,37.305962441314556,1.7559154929577465,0.43270089045145,1.8787460287404114,1.922217625155151,0.9660736450144808,3.6441870086884567,0.45240849468215566
Uttar Pradesh,2016,156721,156721,2.54,Rabi,22.862910798122066,31.357417840375586,15.729014084507043,74.06,3381.17,37.305962441314556,1.7559154929577465,0.43270089045145,1.8787460287404114,1.922217625155151,0.9660736450144808,3.6441870086884567,0.45240849468215566
Uttar Pradesh,2017,137141,137141,4.04,Kharif,30.463032786885247,34.486639344262294,26.688606557377046,1024.24,2109.23,72.92409836065573,2.070655737704918,0.505097446307308,1.8787460287404114,1.922217625155151,0.9660736450144808,3.6441870086884567,0.45240849468215566
Uttar Pradesh,2017,223557,223557,4.3,Kharif,30.463032786885247,34.486639344262294,26.688606557377046,1024.24,2109.23,72.92409836065573,2.070655737704918,0.505097446307308,1.8787460287404114,1.922217625155151,0.9660736450144808,3.6441870086884567,0.45240849468215566
Uttar Pradesh,2017,210205,210205,3.76,Kharif,30.463032786885247,34.486639344262294,26.688606557377046,1024.24,2109.23,72.92409836065573,2.070655737704918,0.505097446307308,1.8787460287404114,1.922217625155151,0.9660736450144808,3.6441870086884567,0.45240849468215566
Uttar Pradesh,2017,117806,117806,4.11,Kharif,30.463032786885247,34.486639344262294,26.688606557377046,1024.24,2109.23,72.92409836065573,2.070655737704918,0.505097446307308,1.8787460287404114,1.922217625155151,0.9660736450144808,3.6441870086884567,0.45240849468215566
Uttar Pradesh,2017,128799,128799,3.88,Kharif,30.463032786885247,34.486639344262294,26.688606557377046,1024.24,2109.23,72.92409836065573,2.070655737704918,0.505097446307308,1.8787460287404114,1.922217625155151,0.9660736450144808,3.6441870086884567,0.45240849468215566
Uttar Pradesh,2017,90058,90058,3.71,Kharif,30.463032786885247,34.486639344262294,26.688606557377046,1024.24,2109.23,72.92409836065573,2.070655737704918,0.505097446307308,1.8787460287404114,1.922217625155151,0.9660736450144808,3.6441870086884567,0.45240849468215566
Uttar Pradesh,2017,102134,102134,3.88,Kharif,30.463032786885247,34.486639344262294,26.688606557377046,1024.24,2109.23,72.92409836065573,2.070655737704918,0.505097446307308,1.8787460287404114,1.922217625155151,0.9660736450144808,3.6441870086884567,0.45240849468215566
Uttar Pradesh,2017,235094,235094,3.44,Kharif,30.463032786885247,34.486639344262294,26.688606557377046,1024.24,2109.23,72.92409836065573,2.070655737704918,0.505097446307308,1.8787460287404114,1.922217625155151,0.9660736450144808,3.6441870086884567,0.45240849468215566
Uttar Pradesh,2017,56716,56716,4.43,Kharif,30.463032786885247,34.486639344262294,26.688606557377046,1024.24,2109.23,72.92409836065573,2.070655737704918,0.505097446307308,1.8787460287404114,1.922217625155151,0.9660736450144808,3.6441870086884567,0.45240849468215566
Uttar Pradesh,2017,167795,167795,3.75,Kharif,30.463032786885247,34.486639344262294,26.688606557377046,1024.24,2109.23,72.92409836065573,2.070655737704918,0.505097446307308,1.8787460287404114,1.922217625155151,0.9660736450144808,3.6441870086884567,0.45240849468215566
Uttar Pradesh,2017,136892,136892,3.62,Kharif,30.463032786885247,34.486639344262294,26.688606557377046,1024.24,2109.23,72.92409836065573,2.070655737704918,0.505097446307308,1.8787460287404114,1.922217625155151,0.9660736450144808,3.6441870086884567,0.45240849468215566
Uttar Pradesh,2017,82709,82709,3.65,Kharif,30.463032786885247,34.486639344262294,26.688606557377046,1024.24,2109.23,72.92409836065573,2.070655737704918,0.505097446307308,1.8787460287404114,1.922217625155151,0.9660736450144808,3.6441870086884567,0.45240849468215566
Uttar Pradesh,2017,158943,158943,2.29,Kharif,30.463032786885247,34.486639344262294,26.688606557377046,1024.24,2109.23,72.92409836065573,2.070655737704918,0.505097446307308,1.8787460287404114,1.922217625155151,0.9660736450144808,3.6441870086884567,0.45240849468215566
Uttar Pradesh,2017,168346,168346,4.02,Kharif,30.463032786885247,34.486639344262294,26.688606557377046,1024.24,2109.23,72.92409836065573,2.070655737704918,0.505097446307308,1.8787460287404114,1.922217625155151,0.9660736450144808,3.6441870086884567,0.45240849468215566
Uttar Pradesh,2017,195118,195118,3.67,Kharif,30.463032786885247,34.486639344262294,26.688606557377046,1024.24,2109.23,72.92409836065573,2.070655737704918,0.505097446307308,1.8787460287404114,1.922217625155151,0.9660736450144808,3.6441870086884567,0.45240849468215566
Uttar Pradesh,2017,119616,119616,3.94,Kharif,30.463032786885247,34.486639344262294,26.688606557377046,1024.24,2109.23,72.92409836065573,2.070655737704918,0.505097446307308,1.8787460287404114,1.922217625155151,0.9660736450144808,3.6441870086884567,0.45240849468215566
Uttar Pradesh,2017,157273,157273,3.62,Kharif,30.463032786885247,34.486639344262294,26.688606557377046,1024.24,2109.23,72.92409836065573,2.070655737704918,0.505097446307308,1.8787460287404114,1.922217625155151,0.9660736450144808,3.6441870086884567,0.45240849468215566
Uttar Pradesh,2017,222879,222879,3.69,Kharif,30.463032786885247,34.486639344262294,26.688606557377046,1024.24,2109.23,72.92409836065573,2.070655737704918,0.505097446307308,1.8787460287404114,1.922217625155151,0.9660736450144808,3.6441870086884567,0.45240849468215566
Uttar Pradesh,2017,191410,191410,4.54,Kharif,30.463032786885247,34.486639344262294,26.688606557377046,1024.24,2109.23,72.92409836065573,2.070655737704918,0.505097446307308,1.8787460287404114,1.922217625155151,0.9660736450144808,3.6441870086884567,0.45240849468215566
Uttar Pradesh,2017,111873,111873,3.37,Kharif,30.463032786885247,34.486639344262294,26.688606557377046,1024.24,2109.23,72.92409836065573,2.070655737704918,0.505097446307308,1.8787460287404114,1.922217625155151,0.9660736450144808,3.6441870086884567,0.45240849468215566
Uttar Pradesh,2017,49779,49779,2.64,Kharif,30.463032786885247,34.486639344262294,26.688606557377046,1024.24,2109.23,72.92409836065573,2.070655737704918,0.505097446307308,1.8787460287404114,1.922217625155151,0.9660736450144808,3.6441870086884567,0.45240849468215566
Uttar Pradesh,2017,152148,152148,3.34,Kharif,30.463032786885247,34.486639344262294,26.688606557377046,1024.24,2109.23,72.92409836065573,2.070655737704918,0.505097446307308,1.8787460287404114,1.922217625155151,0.9660736450144808,3.6441870086884567,0.45240849468215566
Uttar Pradesh,2017,137141,137141,4.04,Rabi,22.38080188679245,30.556650943396228,15.29438679245283,50.62,3449.79,42.763773584905664,1.706933962264151,0.46642420674084745,1.8787460287404114,1.922217625155151,0.9660736450144808,3.6441870086884567,0.45240849468215566
Uttar Pradesh,2017,223557,223557,4.3,Rabi,22.38080188679245,30.556650943396228,15.29438679245283,50.62,3449.79,42.763773584905664,1.706933962264151,0.46642420674084745,1.8787460287404114,1.922217625155151,0.9660736450144808,3.6441870086884567,0.45240849468215566
Uttar Pradesh,2017,210205,210205,3.76,Rabi,22.38080188679245,30.556650943396228,15.29438679245283,50.62,3449.79,42.763773584905664,1.706933962264151,0.46642420674084745,1.8787460287404114,1.922217625155151,0.9660736450144808,3.6441870086884567,0.45240849468215566
Uttar Pradesh,2017,117806,117806,4.11,Rabi,22.38080188679245,30.556650943396228,15.29438679245283,50.62,3449.79,42.763773584905664,1.706933962264151,0.46642420674084745,1.8787460287404114,1.922217625155151,0.9660736450144808,3.6441870086884567,0.45240849468215566
Uttar Pradesh,2017,128799,128799,3.88,Rabi,22.38080188679245,30.556650943396228,15.29438679245283,50.62,3449.79,42.763773584905664,1.706933962264151,0.46642420674084745,1.8787460287404114,1.922217625155151,0.9660736450144808,3.6441870086884567,0.45240849468215566
Uttar Pradesh,2017,90058,90058,3.71,Rabi,22.38080188679245,30.556650943396228,15.29438679245283,50.62,3449.79,42.763773584905664,1.706933962264151,0.46642420674084745,1.8787460287404114,1.922217625155151,0.9660736450144808,3.6441870086884567,0.45240849468215566
Uttar Pradesh,2017,102134,102134,3.88,Rabi,22.38080188679245,30.556650943396228,15.29438679245283,50.62,3449.79,42.763773584905664,1.706933962264151,0.46642420674084745,1.8787460287404114,1.922217625155151,0.9660736450144808,3.6441870086884567,0.45240849468215566
Uttar Pradesh,2017,235094,235094,3.44,Rabi,22.38080188679245,30.556650943396228,15.29438679245283,50.62,3449.79,42.763773584905664,1.706933962264151,0.46642420674084745,1.8787460287404114,1.922217625155151,0.9660736450144808,3.6441870086884567,0.45240849468215566
Uttar Pradesh,2017,56716,56716,4.43,Rabi,22.38080188679245,30.556650943396228,15.29438679245283,50.62,3449.79,42.763773584905664,1.706933962264151,0.46642420674084745,1.8787460287404114,1.922217625155151,0.9660736450144808,3.6441870086884567,0.45240849468215566
Uttar Pradesh,2017,167795,167795,3.75,Rabi,22.38080188679245,30.556650943396228,15.29438679245283,50.62,3449.79,42.763773584905664,1.706933962264151,0.46642420674084745,1.8787460287404114,1.922217625155151,0.9660736450144808,3.6441870086884567,0.45240849468215566
Uttar Pradesh,2017,136892,136892,3.62,Rabi,22.38080188679245,30.556650943396228,15.29438679245283,50.62,3449.79,42.763773584905664,1.706933962264151,0.46642420674084745,1.8787460287404114,1.922217625155151,0.9660736450144808,3.6441870086884567,0.45240849468215566
Uttar Pradesh,2017,82709,82709,3.65,Rabi,22.38080188679245,30.556650943396228,15.29438679245283,50.62,3449.79,42.763773584905664,1.706933962264151,0.46642420674084745,1.8787460287404114,1.922217625155151,0.9660736450144808,3.6441870086884567,0.45240849468215566
Uttar Pradesh,2017,158943,158943,2.29,Rabi,22.38080188679245,30.556650943396228,15.29438679245283,50.62,3449.79,42.763773584905664,1.706933962264151,0.46642420674084745,1.8787460287404114,1.922217625155151,0.9660736450144808,3.6441870086884567,0.45240849468215566
Uttar Pradesh,2017,168346,168346,4.02,Rabi,22.38080188679245,30.556650943396228,15.29438679245283,50.62,3449.79,42.763773584905664,1.706933962264151,0.46642420674084745,1.8787460287404114,1.922217625155151,0.9660736450144808,3.6441870086884567,0.45240849468215566
Uttar Pradesh,2017,195118,195118,3.67,Rabi,22.38080188679245,30.556650943396228,15.29438679245283,50.62,3449.79,42.763773584905664,1.706933962264151,0.46642420674084745,1.8787460287404114,1.922217625155151,0.9660736450144808,3.6441870086884567,0.45240849468215566
Uttar Pradesh,2017,119616,119616,3.94,Rabi,22.38080188679245,30.556650943396228,15.29438679245283,50.62,3449.79,42.763773584905664,1.706933962264151,0.46642420674084745,1.8787460287404114,1.922217625155151,0.9660736450144808,3.6441870086884567,0.45240849468215566
Uttar Pradesh,2017,157273,157273,3.62,Rabi,22.38080188679245,30.556650943396228,15.29438679245283,50.62,3449.79,42.763773584905664,1.706933962264151,0.46642420674084745,1.8787460287404114,1.922217625155151,0.9660736450144808,3.6441870086884567,0.45240849468215566
Uttar Pradesh,2017,222879,222879,3.69,Rabi,22.38080188679245,30.556650943396228,15.29438679245283,50.62,3449.79,42.763773584905664,1.706933962264151,0.46642420674084745,1.8787460287404114,1.922217625155151,0.9660736450144808,3.6441870086884567,0.45240849468215566
Uttar Pradesh,2017,191410,191410,4.54,Rabi,22.38080188679245,30.556650943396228,15.29438679245283,50.62,3449.79,42.763773584905664,1.706933962264151,0.46642420674084745,1.8787460287404114,1.922217625155151,0.9660736450144808,3.6441870086884567,0.45240849468215566
Uttar Pradesh,2017,111873,111873,3.37,Rabi,22.38080188679245,30.556650943396228,15.29438679245283,50.62,3449.79,42.763773584905664,1.706933962264151,0.46642420674084745,1.8787460287404114,1.922217625155151,0.9660736450144808,3.6441870086884567,0.45240849468215566
Uttar Pradesh,2017,49779,49779,2.64,Rabi,22.38080188679245,30.556650943396228,15.29438679245283,50.62,3449.79,42.763773584905664,1.706933962264151,0.46642420674084745,1.8787460287404114,1.922217625155151,0.9660736450144808,3.6441870086884567,0.45240849468215566
Uttar Pradesh,2017,152148,152148,3.34,Rabi,22.38080188679245,30.556650943396228,15.29438679245283,50.62,3449.79,42.763773584905664,1.706933962264151,0.46642420674084745,1.8787460287404114,1.922217625155151,0.9660736450144808,3.6441870086884567,0.45240849468215566
Uttar Pradesh,2018,132369,132369,4.37,Kharif,30.582459016393443,34.56918032786885,26.89655737704918,1315.53,2001.62,73.19278688524591,2.4109016393442624,0.467604618820066,1.8787460287404114,1.922217625155151,0.9660736450144808,3.6441870086884567,0.45240849468215566
Uttar Pradesh,2018,221798,221798,4.27,Kharif,30.582459016393443,34.56918032786885,26.89655737704918,1315.53,2001.62,73.19278688524591,2.4109016393442624,0.467604618820066,1.8787460287404114,1.922217625155151,0.9660736450144808,3.6441870086884567,0.45240849468215566
Uttar Pradesh,2018,210752,210752,3.55,Kharif,30.582459016393443,34.56918032786885,26.89655737704918,1315.53,2001.62,73.19278688524591,2.4109016393442624,0.467604618820066,1.8787460287404114,1.922217625155151,0.9660736450144808,3.6441870086884567,0.45240849468215566
Uttar Pradesh,2018,119235,119235,4.1,Kharif,30.582459016393443,34.56918032786885,26.89655737704918,1315.53,2001.62,73.19278688524591,2.4109016393442624,0.467604618820066,1.8787460287404114,1.922217625155151,0.9660736450144808,3.6441870086884567,0.45240849468215566
Uttar Pradesh,2018,129363,129363,3.54,Kharif,30.582459016393443,34.56918032786885,26.89655737704918,1315.53,2001.62,73.19278688524591,2.4109016393442624,0.467604618820066,1.8787460287404114,1.922217625155151,0.9660736450144808,3.6441870086884567,0.45240849468215566
Uttar Pradesh,2018,88417,88417,3.81,Kharif,30.582459016393443,34.56918032786885,26.89655737704918,1315.53,2001.62,73.19278688524591,2.4109016393442624,0.467604618820066,1.8787460287404114,1.922217625155151,0.9660736450144808,3.6441870086884567,0.45240849468215566
Uttar Pradesh,2018,101049,101049,4.14,Kharif,30.582459016393443,34.56918032786885,26.89655737704918,1315.53,2001.62,73.19278688524591,2.4109016393442624,0.467604618820066,1.8787460287404114,1.922217625155151,0.9660736450144808,3.6441870086884567,0.45240849468215566
Uttar Pradesh,2018,230824,230824,3.69,Kharif,30.582459016393443,34.56918032786885,26.89655737704918,1315.53,2001.62,73.19278688524591,2.4109016393442624,0.467604618820066,1.8787460287404114,1.922217625155151,0.9660736450144808,3.6441870086884567,0.45240849468215566
Uttar Pradesh,2018,54904,54904,4.56,Kharif,30.582459016393443,34.56918032786885,26.89655737704918,1315.53,2001.62,73.19278688524591,2.4109016393442624,0.467604618820066,1.8787460287404114,1.922217625155151,0.9660736450144808,3.6441870086884567,0.45240849468215566
Uttar Pradesh,2018,160300,160300,3.79,Kharif,30.582459016393443,34.56918032786885,26.89655737704918,1315.53,2001.62,73.19278688524591,2.4109016393442624,0.467604618820066,1.8787460287404114,1.922217625155151,0.9660736450144808,3.6441870086884567,0.45240849468215566
Uttar Pradesh,2018,136836,136836,3.84,Kharif,30.582459016393443,34.56918032786885,26.89655737704918,1315.53,2001.62,73.19278688524591,2.4109016393442624,0.467604618820066,1.8787460287404114,1.922217625155151,0.9660736450144808,3.6441870086884567,0.45240849468215566
Uttar Pradesh,2018,85602,85602,3.5,Kharif,30.582459016393443,34.56918032786885,26.89655737704918,1315.53,2001.62,73.19278688524591,2.4109016393442624,0.467604618820066,1.8787460287404114,1.922217625155151,0.9660736450144808,3.6441870086884567,0.45240849468215566
Uttar Pradesh,2018,159768,159768,3.06,Kharif,30.582459016393443,34.56918032786885,26.89655737704918,1315.53,2001.62,73.19278688524591,2.4109016393442624,0.467604618820066,1.8787460287404114,1.922217625155151,0.9660736450144808,3.6441870086884567,0.45240849468215566
Uttar Pradesh,2018,162367,162367,3.95,Kharif,30.582459016393443,34.56918032786885,26.89655737704918,1315.53,2001.62,73.19278688524591,2.4109016393442624,0.467604618820066,1.8787460287404114,1.922217625155151,0.9660736450144808,3.6441870086884567,0.45240849468215566
Uttar Pradesh,2018,198541,198541,3.91,Kharif,30.582459016393443,34.56918032786885,26.89655737704918,1315.53,2001.62,73.19278688524591,2.4109016393442624,0.467604618820066,1.8787460287404114,1.922217625155151,0.9660736450144808,3.6441870086884567,0.45240849468215566
Uttar Pradesh,2018,119476,119476,3.76,Kharif,30.582459016393443,34.56918032786885,26.89655737704918,1315.53,2001.62,73.19278688524591,2.4109016393442624,0.467604618820066,1.8787460287404114,1.922217625155151,0.9660736450144808,3.6441870086884567,0.45240849468215566
Uttar Pradesh,2018,148627,148627,3.75,Kharif,30.582459016393443,34.56918032786885,26.89655737704918,1315.53,2001.62,73.19278688524591,2.4109016393442624,0.467604618820066,1.8787460287404114,1.922217625155151,0.9660736450144808,3.6441870086884567,0.45240849468215566
Uttar Pradesh,2018,226358,226358,3.89,Kharif,30.582459016393443,34.56918032786885,26.89655737704918,1315.53,2001.62,73.19278688524591,2.4109016393442624,0.467604618820066,1.8787460287404114,1.922217625155151,0.9660736450144808,3.6441870086884567,0.45240849468215566
Uttar Pradesh,2018,201066,201066,4.53,Kharif,30.582459016393443,34.56918032786885,26.89655737704918,1315.53,2001.62,73.19278688524591,2.4109016393442624,0.467604618820066,1.8787460287404114,1.922217625155151,0.9660736450144808,3.6441870086884567,0.45240849468215566
Uttar Pradesh,2018,101842,101842,3.75,Kharif,30.582459016393443,34.56918032786885,26.89655737704918,1315.53,2001.62,73.19278688524591,2.4109016393442624,0.467604618820066,1.8787460287404114,1.922217625155151,0.9660736450144808,3.6441870086884567,0.45240849468215566
Uttar Pradesh,2018,49808,49808,2.71,Kharif,30.582459016393443,34.56918032786885,26.89655737704918,1315.53,2001.62,73.19278688524591,2.4109016393442624,0.467604618820066,1.8787460287404114,1.922217625155151,0.9660736450144808,3.6441870086884567,0.45240849468215566
Uttar Pradesh,2018,153401,153401,3.14,Kharif,30.582459016393443,34.56918032786885,26.89655737704918,1315.53,2001.62,73.19278688524591,2.4109016393442624,0.467604618820066,1.8787460287404114,1.922217625155151,0.9660736450144808,3.6441870086884567,0.45240849468215566
Uttar Pradesh,2018,132369,132369,4.37,Rabi,21.87891509433962,30.295896226415092,14.858349056603773,42.65,3475.93,44.040613207547175,1.7428773584905661,0.44072799113538574,1.8787460287404114,1.922217625155151,0.9660736450144808,3.6441870086884567,0.45240849468215566
Uttar Pradesh,2018,221798,221798,4.27,Rabi,21.87891509433962,30.295896226415092,14.858349056603773,42.65,3475.93,44.040613207547175,1.7428773584905661,0.44072799113538574,1.8787460287404114,1.922217625155151,0.9660736450144808,3.6441870086884567,0.45240849468215566
Uttar Pradesh,2018,210752,210752,3.55,Rabi,21.87891509433962,30.295896226415092,14.858349056603773,42.65,3475.93,44.040613207547175,1.7428773584905661,0.44072799113538574,1.8787460287404114,1.922217625155151,0.9660736450144808,3.6441870086884567,0.45240849468215566
Uttar Pradesh,2018,119235,119235,4.1,Rabi,21.87891509433962,30.295896226415092,14.858349056603773,42.65,3475.93,44.040613207547175,1.7428773584905661,0.44072799113538574,1.8787460287404114,1.922217625155151,0.9660736450144808,3.6441870086884567,0.45240849468215566
Uttar Pradesh,2018,129363,129363,3.54,Rabi,21.87891509433962,30.295896226415092,14.858349056603773,42.65,3475.93,44.040613207547175,1.7428773584905661,0.44072799113538574,1.8787460287404114,1.922217625155151,0.9660736450144808,3.6441870086884567,0.45240849468215566
Uttar Pradesh,2018,88417,88417,3.81,Rabi,21.87891509433962,30.295896226415092,14.858349056603773,42.65,3475.93,44.040613207547175,1.7428773584905661,0.44072799113538574,1.8787460287404114,1.922217625155151,0.9660736450144808,3.6441870086884567,0.45240849468215566
Uttar Pradesh,2018,101049,101049,4.14,Rabi,21.87891509433962,30.295896226415092,14.858349056603773,42.65,3475.93,44.040613207547175,1.7428773584905661,0.44072799113538574,1.8787460287404114,1.922217625155151,0.9660736450144808,3.6441870086884567,0.45240849468215566
Uttar Pradesh,2018,230824,230824,3.69,Rabi,21.87891509433962,30.295896226415092,14.858349056603773,42.65,3475.93,44.040613207547175,1.7428773584905661,0.44072799113538574,1.8787460287404114,1.922217625155151,0.9660736450144808,3.6441870086884567,0.45240849468215566
Uttar Pradesh,2018,54904,54904,4.56,Rabi,21.87891509433962,30.295896226415092,14.858349056603773,42.65,3475.93,44.040613207547175,1.7428773584905661,0.44072799113538574,1.8787460287404114,1.922217625155151,0.9660736450144808,3.6441870086884567,0.45240849468215566
Uttar Pradesh,2018,160300,160300,3.79,Rabi,21.87891509433962,30.295896226415092,14.858349056603773,42.65,3475.93,44.040613207547175,1.7428773584905661,0.44072799113538574,1.8787460287404114,1.922217625155151,0.9660736450144808,3.6441870086884567,0.45240849468215566
Uttar Pradesh,2018,136836,136836,3.84,Rabi,21.87891509433962,30.295896226415092,14.858349056603773,42.65,3475.93,44.040613207547175,1.7428773584905661,0.44072799113538574,1.8787460287404114,1.922217625155151,0.9660736450144808,3.6441870086884567,0.45240849468215566
Uttar Pradesh,2018,85602,85602,3.5,Rabi,21.87891509433962,30.295896226415092,14.858349056603773,42.65,3475.93,44.040613207547175,1.7428773584905661,0.44072799113538574,1.8787460287404114,1.922217625155151,0.9660736450144808,3.6441870086884567,0.45240849468215566
Uttar Pradesh,2018,159768,159768,3.06,Rabi,21.87891509433962,30.295896226415092,14.858349056603773,42.65,3475.93,44.040613207547175,1.7428773584905661,0.44072799113538574,1.8787460287404114,1.922217625155151,0.9660736450144808,3.6441870086884567,0.45240849468215566
Uttar Pradesh,2018,162367,162367,3.95,Rabi,21.87891509433962,30.295896226415092,14.858349056603773,42.65,3475.93,44.040613207547175,1.7428773584905661,0.44072799113538574,1.8787460287404114,1.922217625155151,0.9660736450144808,3.6441870086884567,0.45240849468215566
Uttar Pradesh,2018,198541,198541,3.91,Rabi,21.87891509433962,30.295896226415092,14.858349056603773,42.65,3475.93,44.040613207547175,1.7428773584905661,0.44072799113538574,1.8787460287404114,1.922217625155151,0.9660736450144808,3.6441870086884567,0.45240849468215566
Uttar Pradesh,2018,119476,119476,3.76,Rabi,21.87891509433962,30.295896226415092,14.858349056603773,42.65,3475.93,44.040613207547175,1.7428773584905661,0.44072799113538574,1.8787460287404114,1.922217625155151,0.9660736450144808,3.6441870086884567,0.45240849468215566
Uttar Pradesh,2018,148627,148627,3.75,Rabi,21.87891509433962,30.295896226415092,14.858349056603773,42.65,3475.93,44.040613207547175,1.7428773584905661,0.44072799113538574,1.8787460287404114,1.922217625155151,0.9660736450144808,3.6441870086884567,0.45240849468215566
Uttar Pradesh,2018,226358,226358,3.89,Rabi,21.87891509433962,30.295896226415092,14.858349056603773,42.65,3475.93,44.040613207547175,1.7428773584905661,0.44072799113538574,1.8787460287404114,1.922217625155151,0.9660736450144808,3.6441870086884567,0.45240849468215566
Uttar Pradesh,2018,201066,201066,4.53,Rabi,21.87891509433962,30.295896226415092,14.858349056603773,42.65,3475.93,44.040613207547175,1.7428773584905661,0.44072799113538574,1.8787460287404114,1.922217625155151,0.9660736450144808,3.6441870086884567,0.45240849468215566
Uttar Pradesh,2018,101842,101842,3.75,Rabi,21.87891509433962,30.295896226415092,14.858349056603773,42.65,3475.93,44.040613207547175,1.7428773584905661,0.44072799113538574,1.8787460287404114,1.922217625155151,0.9660736450144808,3.6441870086884567,0.45240849468215566
Uttar Pradesh,2018,49808,49808,2.71,Rabi,21.87891509433962,30.295896226415092,14.858349056603773,42.65,3475.93,44.040613207547175,1.7428773584905661,0.44072799113538574,1.8787460287404114,1.922217625155151,0.9660736450144808,3.6441870086884567,0.45240849468215566
Uttar Pradesh,2018,153401,153401,3.14,Rabi,21.87891509433962,30.295896226415092,14.858349056603773,42.65,3475.93,44.040613207547175,1.7428773584905661,0.44072799113538574,1.8787460287404114,1.922217625155151,0.9660736450144808,3.6441870086884567,0.45240849468215566
Uttar Pradesh,2019,137283,137283,4.04,Kharif,30.912704918032787,34.73754098360656,27.290491803278687,1171.93,2074.15,72.14844262295082,2.2771311475409837,0.5121470347838329,1.8787460287404114,1.922217625155151,0.9660736450144808,3.6441870086884567,0.45240849468215566
Uttar Pradesh,2019,223574,223574,4.12,Kharif,30.912704918032787,34.73754098360656,27.290491803278687,1171.93,2074.15,72.14844262295082,2.2771311475409837,0.5121470347838329,1.8787460287404114,1.922217625155151,0.9660736450144808,3.6441870086884567,0.45240849468215566
Uttar Pradesh,2019,210714,210714,2.82,Kharif,30.912704918032787,34.73754098360656,27.290491803278687,1171.93,2074.15,72.14844262295082,2.2771311475409837,0.5121470347838329,1.8787460287404114,1.922217625155151,0.9660736450144808,3.6441870086884567,0.45240849468215566
Uttar Pradesh,2019,119046,119046,3.92,Kharif,30.912704918032787,34.73754098360656,27.290491803278687,1171.93,2074.15,72.14844262295082,2.2771311475409837,0.5121470347838329,1.8787460287404114,1.922217625155151,0.9660736450144808,3.6441870086884567,0.45240849468215566
Uttar Pradesh,2019,126155,126155,3.09,Kharif,30.912704918032787,34.73754098360656,27.290491803278687,1171.93,2074.15,72.14844262295082,2.2771311475409837,0.5121470347838329,1.8787460287404114,1.922217625155151,0.9660736450144808,3.6441870086884567,0.45240849468215566
Uttar Pradesh,2019,89939,89939,3.87,Kharif,30.912704918032787,34.73754098360656,27.290491803278687,1171.93,2074.15,72.14844262295082,2.2771311475409837,0.5121470347838329,1.8787460287404114,1.922217625155151,0.9660736450144808,3.6441870086884567,0.45240849468215566
Uttar Pradesh,2019,102910,102910,3.88,Kharif,30.912704918032787,34.73754098360656,27.290491803278687,1171.93,2074.15,72.14844262295082,2.2771311475409837,0.5121470347838329,1.8787460287404114,1.922217625155151,0.9660736450144808,3.6441870086884567,0.45240849468215566
Uttar Pradesh,2019,232369,232369,3.45,Kharif,30.912704918032787,34.73754098360656,27.290491803278687,1171.93,2074.15,72.14844262295082,2.2771311475409837,0.5121470347838329,1.8787460287404114,1.922217625155151,0.9660736450144808,3.6441870086884567,0.45240849468215566
Uttar Pradesh,2019,55446,55446,4.52,Kharif,30.912704918032787,34.73754098360656,27.290491803278687,1171.93,2074.15,72.14844262295082,2.2771311475409837,0.5121470347838329,1.8787460287404114,1.922217625155151,0.9660736450144808,3.6441870086884567,0.45240849468215566
Uttar Pradesh,2019,157415,157415,3.06,Kharif,30.912704918032787,34.73754098360656,27.290491803278687,1171.93,2074.15,72.14844262295082,2.2771311475409837,0.5121470347838329,1.8787460287404114,1.922217625155151,0.9660736450144808,3.6441870086884567,0.45240849468215566
Uttar Pradesh,2019,137020,137020,3.81,Kharif,30.912704918032787,34.73754098360656,27.290491803278687,1171.93,2074.15,72.14844262295082,2.2771311475409837,0.5121470347838329,1.8787460287404114,1.922217625155151,0.9660736450144808,3.6441870086884567,0.45240849468215566
Uttar Pradesh,2019,88122,88122,3.68,Kharif,30.912704918032787,34.73754098360656,27.290491803278687,1171.93,2074.15,72.14844262295082,2.2771311475409837,0.5121470347838329,1.8787460287404114,1.922217625155151,0.9660736450144808,3.6441870086884567,0.45240849468215566
Uttar Pradesh,2019,161834,161834,2.85,Kharif,30.912704918032787,34.73754098360656,27.290491803278687,1171.93,2074.15,72.14844262295082,2.2771311475409837,0.5121470347838329,1.8787460287404114,1.922217625155151,0.9660736450144808,3.6441870086884567,0.45240849468215566
Uttar Pradesh,2019,166367,166367,4.04,Kharif,30.912704918032787,34.73754098360656,27.290491803278687,1171.93,2074.15,72.14844262295082,2.2771311475409837,0.5121470347838329,1.8787460287404114,1.922217625155151,0.9660736450144808,3.6441870086884567,0.45240849468215566
Uttar Pradesh,2019,199331,199331,3.16,Kharif,30.912704918032787,34.73754098360656,27.290491803278687,1171.93,2074.15,72.14844262295082,2.2771311475409837,0.5121470347838329,1.8787460287404114,1.922217625155151,0.9660736450144808,3.6441870086884567,0.45240849468215566
Uttar Pradesh,2019,120160,120160,3.07,Kharif,30.912704918032787,34.73754098360656,27.290491803278687,1171.93,2074.15,72.14844262295082,2.2771311475409837,0.5121470347838329,1.8787460287404114,1.922217625155151,0.9660736450144808,3.6441870086884567,0.45240849468215566
Uttar Pradesh,2019,145884,145884,3.5,Kharif,30.912704918032787,34.73754098360656,27.290491803278687,1171.93,2074.15,72.14844262295082,2.2771311475409837,0.5121470347838329,1.8787460287404114,1.922217625155151,0.9660736450144808,3.6441870086884567,0.45240849468215566
Uttar Pradesh,2019,250941,250941,4.08,Kharif,30.912704918032787,34.73754098360656,27.290491803278687,1171.93,2074.15,72.14844262295082,2.2771311475409837,0.5121470347838329,1.8787460287404114,1.922217625155151,0.9660736450144808,3.6441870086884567,0.45240849468215566
Uttar Pradesh,2019,192762,192762,4.38,Kharif,30.912704918032787,34.73754098360656,27.290491803278687,1171.93,2074.15,72.14844262295082,2.2771311475409837,0.5121470347838329,1.8787460287404114,1.922217625155151,0.9660736450144808,3.6441870086884567,0.45240849468215566
Uttar Pradesh,2019,100039,100039,3.41,Kharif,30.912704918032787,34.73754098360656,27.290491803278687,1171.93,2074.15,72.14844262295082,2.2771311475409837,0.5121470347838329,1.8787460287404114,1.922217625155151,0.9660736450144808,3.6441870086884567,0.45240849468215566
Uttar Pradesh,2019,53793,53793,2.65,Kharif,30.912704918032787,34.73754098360656,27.290491803278687,1171.93,2074.15,72.14844262295082,2.2771311475409837,0.5121470347838329,1.8787460287404114,1.922217625155151,0.9660736450144808,3.6441870086884567,0.45240849468215566
Uttar Pradesh,2019,152006,152006,3.33,Kharif,30.912704918032787,34.73754098360656,27.290491803278687,1171.93,2074.15,72.14844262295082,2.2771311475409837,0.5121470347838329,1.8787460287404114,1.922217625155151,0.9660736450144808,3.6441870086884567,0.45240849468215566
Uttar Pradesh,2019,137283,137283,4.04,Rabi,20.656933962264148,27.922216981132078,14.400660377358491,125.58,3149.75,57.2161320754717,1.6765094339622642,0.48610309232334775,1.8787460287404114,1.922217625155151,0.9660736450144808,3.6441870086884567,0.45240849468215566
Uttar Pradesh,2019,223574,223574,4.12,Rabi,20.656933962264148,27.922216981132078,14.400660377358491,125.58,3149.75,57.2161320754717,1.6765094339622642,0.48610309232334775,1.8787460287404114,1.922217625155151,0.9660736450144808,3.6441870086884567,0.45240849468215566
Uttar Pradesh,2019,210714,210714,2.82,Rabi,20.656933962264148,27.922216981132078,14.400660377358491,125.58,3149.75,57.2161320754717,1.6765094339622642,0.48610309232334775,1.8787460287404114,1.922217625155151,0.9660736450144808,3.6441870086884567,0.45240849468215566
Uttar Pradesh,2019,119046,119046,3.92,Rabi,20.656933962264148,27.922216981132078,14.400660377358491,125.58,3149.75,57.2161320754717,1.6765094339622642,0.48610309232334775,1.8787460287404114,1.922217625155151,0.9660736450144808,3.6441870086884567,0.45240849468215566
Uttar Pradesh,2019,126155,126155,3.09,Rabi,20.656933962264148,27.922216981132078,14.400660377358491,125.58,3149.75,57.2161320754717,1.6765094339622642,0.48610309232334775,1.8787460287404114,1.922217625155151,0.9660736450144808,3.6441870086884567,0.45240849468215566
Uttar Pradesh,2019,89939,89939,3.87,Rabi,20.656933962264148,27.922216981132078,14.400660377358491,125.58,3149.75,57.2161320754717,1.6765094339622642,0.48610309232334775,1.8787460287404114,1.922217625155151,0.9660736450144808,3.6441870086884567,0.45240849468215566
Uttar Pradesh,2019,102910,102910,3.88,Rabi,20.656933962264148,27.922216981132078,14.400660377358491,125.58,3149.75,57.2161320754717,1.6765094339622642,0.48610309232334775,1.8787460287404114,1.922217625155151,0.9660736450144808,3.6441870086884567,0.45240849468215566
Uttar Pradesh,2019,232369,232369,3.45,Rabi,20.656933962264148,27.922216981132078,14.400660377358491,125.58,3149.75,57.2161320754717,1.6765094339622642,0.48610309232334775,1.8787460287404114,1.922217625155151,0.9660736450144808,3.6441870086884567,0.45240849468215566
Uttar Pradesh,2019,55446,55446,4.52,Rabi,20.656933962264148,27.922216981132078,14.400660377358491,125.58,3149.75,57.2161320754717,1.6765094339622642,0.48610309232334775,1.8787460287404114,1.922217625155151,0.9660736450144808,3.6441870086884567,0.45240849468215566
Uttar Pradesh,2019,157415,157415,3.06,Rabi,20.656933962264148,27.922216981132078,14.400660377358491,125.58,3149.75,57.2161320754717,1.6765094339622642,0.48610309232334775,1.8787460287404114,1.922217625155151,0.9660736450144808,3.6441870086884567,0.45240849468215566
Uttar Pradesh,2019,137020,137020,3.81,Rabi,20.656933962264148,27.922216981132078,14.400660377358491,125.58,3149.75,57.2161320754717,1.6765094339622642,0.48610309232334775,1.8787460287404114,1.922217625155151,0.9660736450144808,3.6441870086884567,0.45240849468215566
Uttar Pradesh,2019,88122,88122,3.68,Rabi,20.656933962264148,27.922216981132078,14.400660377358491,125.58,3149.75,57.2161320754717,1.6765094339622642,0.48610309232334775,1.8787460287404114,1.922217625155151,0.9660736450144808,3.6441870086884567,0.45240849468215566
Uttar Pradesh,2019,161834,161834,2.85,Rabi,20.656933962264148,27.922216981132078,14.400660377358491,125.58,3149.75,57.2161320754717,1.6765094339622642,0.48610309232334775,1.8787460287404114,1.922217625155151,0.9660736450144808,3.6441870086884567,0.45240849468215566
Uttar Pradesh,2019,166367,166367,4.04,Rabi,20.656933962264148,27.922216981132078,14.400660377358491,125.58,3149.75,57.2161320754717,1.6765094339622642,0.48610309232334775,1.8787460287404114,1.922217625155151,0.9660736450144808,3.6441870086884567,0.45240849468215566
Uttar Pradesh,2019,199331,199331,3.16,Rabi,20.656933962264148,27.922216981132078,14.400660377358491,125.58,3149.75,57.2161320754717,1.6765094339622642,0.48610309232334775,1.8787460287404114,1.922217625155151,0.9660736450144808,3.6441870086884567,0.45240849468215566
Uttar Pradesh,2019,120160,120160,3.07,Rabi,20.656933962264148,27.922216981132078,14.400660377358491,125.58,3149.75,57.2161320754717,1.6765094339622642,0.48610309232334775,1.8787460287404114,1.922217625155151,0.9660736450144808,3.6441870086884567,0.45240849468215566
Uttar Pradesh,2019,145884,145884,3.5,Rabi,20.656933962264148,27.922216981132078,14.400660377358491,125.58,3149.75,57.2161320754717,1.6765094339622642,0.48610309232334775,1.8787460287404114,1.922217625155151,0.9660736450144808,3.6441870086884567,0.45240849468215566
Uttar Pradesh,2019,250941,250941,4.08,Rabi,20.656933962264148,27.922216981132078,14.400660377358491,125.58,3149.75,57.2161320754717,1.6765094339622642,0.48610309232334775,1.8787460287404114,1.922217625155151,0.9660736450144808,3.6441870086884567,0.45240849468215566
Uttar Pradesh,2019,192762,192762,4.38,Rabi,20.656933962264148,27.922216981132078,14.400660377358491,125.58,3149.75,57.2161320754717,1.6765094339622642,0.48610309232334775,1.8787460287404114,1.922217625155151,0.9660736450144808,3.6441870086884567,0.45240849468215566
Uttar Pradesh,2019,100039,100039,3.41,Rabi,20.656933962264148,27.922216981132078,14.400660377358491,125.58,3149.75,57.2161320754717,1.6765094339622642,0.48610309232334775,1.8787460287404114,1.922217625155151,0.9660736450144808,3.6441870086884567,0.45240849468215566
Uttar Pradesh,2019,53793,53793,2.65,Rabi,20.656933962264148,27.922216981132078,14.400660377358491,125.58,3149.75,57.2161320754717,1.6765094339622642,0.48610309232334775,1.8787460287404114,1.922217625155151,0.9660736450144808,3.6441870086884567,0.45240849468215566
Uttar Pradesh,2019,152006,152006,3.33,Rabi,20.656933962264148,27.922216981132078,14.400660377358491,125.58,3149.75,57.2161320754717,1.6765094339622642,0.48610309232334775,1.8787460287404114,1.922217625155151,0.9660736450144808,3.6441870086884567,0.45240849468215566
Uttar Pradesh,2020,137658,137658,4.26,Kharif,29.76967213114754,33.771147540983605,26.133852459016392,788.01,2086.3,76.60344262295082,2.1195081967213114,0.5354251451471856,1.8787460287404114,1.922217625155151,0.9660736450144808,3.6441870086884567,0.45240849468215566
Uttar Pradesh,2020,223574,223574,4.18,Kharif,29.76967213114754,33.771147540983605,26.133852459016392,788.01,2086.3,76.60344262295082,2.1195081967213114,0.5354251451471856,1.8787460287404114,1.922217625155151,0.9660736450144808,3.6441870086884567,0.45240849468215566
Uttar Pradesh,2020,210752,210752,3.59,Kharif,29.76967213114754,33.771147540983605,26.133852459016392,788.01,2086.3,76.60344262295082,2.1195081967213114,0.5354251451471856,1.8787460287404114,1.922217625155151,0.9660736450144808,3.6441870086884567,0.45240849468215566
Uttar Pradesh,2020,119547,119547,3.84,Kharif,29.76967213114754,33.771147540983605,26.133852459016392,788.01,2086.3,76.60344262295082,2.1195081967213114,0.5354251451471856,1.8787460287404114,1.922217625155151,0.9660736450144808,3.6441870086884567,0.45240849468215566
Uttar Pradesh,2020,127185,127185,3.88,Kharif,29.76967213114754,33.771147540983605,26.133852459016392,788.01,2086.3,76.60344262295082,2.1195081967213114,0.5354251451471856,1.8787460287404114,1.922217625155151,0.9660736450144808,3.6441870086884567,0.45240849468215566
Uttar Pradesh,2020,92094,92094,4.02,Kharif,29.76967213114754,33.771147540983605,26.133852459016392,788.01,2086.3,76.60344262295082,2.1195081967213114,0.5354251451471856,1.8787460287404114,1.922217625155151,0.9660736450144808,3.6441870086884567,0.45240849468215566
Uttar Pradesh,2020,102110,102110,4.15,Kharif,29.76967213114754,33.771147540983605,26.133852459016392,788.01,2086.3,76.60344262295082,2.1195081967213114,0.5354251451471856,1.8787460287404114,1.922217625155151,0.9660736450144808,3.6441870086884567,0.45240849468215566
Uttar Pradesh,2020,240293,240293,3.54,Kharif,29.76967213114754,33.771147540983605,26.133852459016392,788.01,2086.3,76.60344262295082,2.1195081967213114,0.5354251451471856,1.8787460287404114,1.922217625155151,0.9660736450144808,3.6441870086884567,0.45240849468215566
Uttar Pradesh,2020,55427,55427,4.57,Kharif,29.76967213114754,33.771147540983605,26.133852459016392,788.01,2086.3,76.60344262295082,2.1195081967213114,0.5354251451471856,1.8787460287404114,1.922217625155151,0.9660736450144808,3.6441870086884567,0.45240849468215566
Uttar Pradesh,2020,161971,161971,3.49,Kharif,29.76967213114754,33.771147540983605,26.133852459016392,788.01,2086.3,76.60344262295082,2.1195081967213114,0.5354251451471856,1.8787460287404114,1.922217625155151,0.9660736450144808,3.6441870086884567,0.45240849468215566
Uttar Pradesh,2020,137921,137921,3.77,Kharif,29.76967213114754,33.771147540983605,26.133852459016392,788.01,2086.3,76.60344262295082,2.1195081967213114,0.5354251451471856,1.8787460287404114,1.922217625155151,0.9660736450144808,3.6441870086884567,0.45240849468215566
Uttar Pradesh,2020,87202,87202,3.4,Kharif,29.76967213114754,33.771147540983605,26.133852459016392,788.01,2086.3,76.60344262295082,2.1195081967213114,0.5354251451471856,1.8787460287404114,1.922217625155151,0.9660736450144808,3.6441870086884567,0.45240849468215566
Uttar Pradesh,2020,161837,161837,2.81,Kharif,29.76967213114754,33.771147540983605,26.133852459016392,788.01,2086.3,76.60344262295082,2.1195081967213114,0.5354251451471856,1.8787460287404114,1.922217625155151,0.9660736450144808,3.6441870086884567,0.45240849468215566
Uttar Pradesh,2020,166827,166827,4.33,Kharif,29.76967213114754,33.771147540983605,26.133852459016392,788.01,2086.3,76.60344262295082,2.1195081967213114,0.5354251451471856,1.8787460287404114,1.922217625155151,0.9660736450144808,3.6441870086884567,0.45240849468215566
Uttar Pradesh,2020,200048,200048,3.87,Kharif,29.76967213114754,33.771147540983605,26.133852459016392,788.01,2086.3,76.60344262295082,2.1195081967213114,0.5354251451471856,1.8787460287404114,1.922217625155151,0.9660736450144808,3.6441870086884567,0.45240849468215566
Uttar Pradesh,2020,119730,119730,3.56,Kharif,29.76967213114754,33.771147540983605,26.133852459016392,788.01,2086.3,76.60344262295082,2.1195081967213114,0.5354251451471856,1.8787460287404114,1.922217625155151,0.9660736450144808,3.6441870086884567,0.45240849468215566
Uttar Pradesh,2020,155416,155416,3.81,Kharif,29.76967213114754,33.771147540983605,26.133852459016392,788.01,2086.3,76.60344262295082,2.1195081967213114,0.5354251451471856,1.8787460287404114,1.922217625155151,0.9660736450144808,3.6441870086884567,0.45240849468215566
Uttar Pradesh,2020,232327,232327,3.91,Kharif,29.76967213114754,33.771147540983605,26.133852459016392,788.01,2086.3,76.60344262295082,2.1195081967213114,0.5354251451471856,1.8787460287404114,1.922217625155151,0.9660736450144808,3.6441870086884567,0.45240849468215566
Uttar Pradesh,2020,194116,194116,4.4,Kharif,29.76967213114754,33.771147540983605,26.133852459016392,788.01,2086.3,76.60344262295082,2.1195081967213114,0.5354251451471856,1.8787460287404114,1.922217625155151,0.9660736450144808,3.6441870086884567,0.45240849468215566
Uttar Pradesh,2020,99917,99917,3.64,Kharif,29.76967213114754,33.771147540983605,26.133852459016392,788.01,2086.3,76.60344262295082,2.1195081967213114,0.5354251451471856,1.8787460287404114,1.922217625155151,0.9660736450144808,3.6441870086884567,0.45240849468215566
Uttar Pradesh,2020,49779,49779,3.31,Kharif,29.76967213114754,33.771147540983605,26.133852459016392,788.01,2086.3,76.60344262295082,2.1195081967213114,0.5354251451471856,1.8787460287404114,1.922217625155151,0.9660736450144808,3.6441870086884567,0.45240849468215566
Uttar Pradesh,2020,153059,153059,3.36,Kharif,29.76967213114754,33.771147540983605,26.133852459016392,788.01,2086.3,76.60344262295082,2.1195081967213114,0.5354251451471856,1.8787460287404114,1.922217625155151,0.9660736450144808,3.6441870086884567,0.45240849468215566
Uttar Pradesh,2020,137658,137658,4.26,Rabi,20.631408450704225,28.571596244131456,14.111361502347417,165.91,3262.51,52.72826291079813,1.7502816901408451,0.48789262459337346,1.8787460287404114,1.922217625155151,0.9660736450144808,3.6441870086884567,0.45240849468215566
Uttar Pradesh,2020,223574,223574,4.18,Rabi,20.631408450704225,28.571596244131456,14.111361502347417,165.91,3262.51,52.72826291079813,1.7502816901408451,0.48789262459337346,1.8787460287404114,1.922217625155151,0.9660736450144808,3.6441870086884567,0.45240849468215566
Uttar Pradesh,2020,210752,210752,3.59,Rabi,20.631408450704225,28.571596244131456,14.111361502347417,165.91,3262.51,52.72826291079813,1.7502816901408451,0.48789262459337346,1.8787460287404114,1.922217625155151,0.9660736450144808,3.6441870086884567,0.45240849468215566
Uttar Pradesh,2020,119547,119547,3.84,Rabi,20.631408450704225,28.571596244131456,14.111361502347417,165.91,3262.51,52.72826291079813,1.7502816901408451,0.48789262459337346,1.8787460287404114,1.922217625155151,0.9660736450144808,3.6441870086884567,0.45240849468215566
Uttar Pradesh,2020,127185,127185,3.88,Rabi,20.631408450704225,28.571596244131456,14.111361502347417,165.91,3262.51,52.72826291079813,1.7502816901408451,0.48789262459337346,1.8787460287404114,1.922217625155151,0.9660736450144808,3.6441870086884567,0.45240849468215566
Uttar Pradesh,2020,92094,92094,4.02,Rabi,20.631408450704225,28.571596244131456,14.111361502347417,165.91,3262.51,52.72826291079813,1.7502816901408451,0.48789262459337346,1.8787460287404114,1.922217625155151,0.9660736450144808,3.6441870086884567,0.45240849468215566
Uttar Pradesh,2020,102110,102110,4.15,Rabi,20.631408450704225,28.571596244131456,14.111361502347417,165.91,3262.51,52.72826291079813,1.7502816901408451,0.48789262459337346,1.8787460287404114,1.922217625155151,0.9660736450144808,3.6441870086884567,0.45240849468215566
Uttar Pradesh,2020,240293,240293,3.54,Rabi,20.631408450704225,28.571596244131456,14.111361502347417,165.91,3262.51,52.72826291079813,1.7502816901408451,0.48789262459337346,1.8787460287404114,1.922217625155151,0.9660736450144808,3.6441870086884567,0.45240849468215566
Uttar Pradesh,2020,55427,55427,4.57,Rabi,20.631408450704225,28.571596244131456,14.111361502347417,165.91,3262.51,52.72826291079813,1.7502816901408451,0.48789262459337346,1.8787460287404114,1.922217625155151,0.9660736450144808,3.6441870086884567,0.45240849468215566
Uttar Pradesh,2020,161971,161971,3.49,Rabi,20.631408450704225,28.571596244131456,14.111361502347417,165.91,3262.51,52.72826291079813,1.7502816901408451,0.48789262459337346,1.8787460287404114,1.922217625155151,0.9660736450144808,3.6441870086884567,0.45240849468215566
Uttar Pradesh,2020,137921,137921,3.77,Rabi,20.631408450704225,28.571596244131456,14.111361502347417,165.91,3262.51,52.72826291079813,1.7502816901408451,0.48789262459337346,1.8787460287404114,1.922217625155151,0.9660736450144808,3.6441870086884567,0.45240849468215566
Uttar Pradesh,2020,87202,87202,3.4,Rabi,20.631408450704225,28.571596244131456,14.111361502347417,165.91,3262.51,52.72826291079813,1.7502816901408451,0.48789262459337346,1.8787460287404114,1.922217625155151,0.9660736450144808,3.6441870086884567,0.45240849468215566
Uttar Pradesh,2020,161837,161837,2.81,Rabi,20.631408450704225,28.571596244131456,14.111361502347417,165.91,3262.51,52.72826291079813,1.7502816901408451,0.48789262459337346,1.8787460287404114,1.922217625155151,0.9660736450144808,3.6441870086884567,0.45240849468215566
Uttar Pradesh,2020,166827,166827,4.33,Rabi,20.631408450704225,28.571596244131456,14.111361502347417,165.91,3262.51,52.72826291079813,1.7502816901408451,0.48789262459337346,1.8787460287404114,1.922217625155151,0.9660736450144808,3.6441870086884567,0.45240849468215566
Uttar Pradesh,2020,200048,200048,3.87,Rabi,20.631408450704225,28.571596244131456,14.111361502347417,165.91,3262.51,52.72826291079813,1.7502816901408451,0.48789262459337346,1.8787460287404114,1.922217625155151,0.9660736450144808,3.6441870086884567,0.45240849468215566
Uttar Pradesh,2020,119730,119730,3.56,Rabi,20.631408450704225,28.571596244131456,14.111361502347417,165.91,3262.51,52.72826291079813,1.7502816901408451,0.48789262459337346,1.8787460287404114,1.922217625155151,0.9660736450144808,3.6441870086884567,0.45240849468215566
Uttar Pradesh,2020,155416,155416,3.81,Rabi,20.631408450704225,28.571596244131456,14.111361502347417,165.91,3262.51,52.72826291079813,1.7502816901408451,0.48789262459337346,1.8787460287404114,1.922217625155151,0.9660736450144808,3.6441870086884567,0.45240849468215566
Uttar Pradesh,2020,232327,232327,3.91,Rabi,20.631408450704225,28.571596244131456,14.111361502347417,165.91,3262.51,52.72826291079813,1.7502816901408451,0.48789262459337346,1.8787460287404114,1.922217625155151,0.9660736450144808,3.6441870086884567,0.45240849468215566
Uttar Pradesh,2020,194116,194116,4.4,Rabi,20.631408450704225,28.571596244131456,14.111361502347417,165.91,3262.51,52.72826291079813,1.7502816901408451,0.48789262459337346,1.8787460287404114,1.922217625155151,0.9660736450144808,3.6441870086884567,0.45240849468215566
Uttar Pradesh,2020,99917,99917,3.64,Rabi,20.631408450704225,28.571596244131456,14.111361502347417,165.91,3262.51,52.72826291079813,1.7502816901408451,0.48789262459337346,1.8787460287404114,1.922217625155151,0.9660736450144808,3.6441870086884567,0.45240849468215566
Uttar Pradesh,2020,49779,49779,3.31,Rabi,20.631408450704225,28.571596244131456,14.111361502347417,165.91,3262.51,52.72826291079813,1.7502816901408451,0.48789262459337346,1.8787460287404114,1.922217625155151,0.9660736450144808,3.6441870086884567,0.45240849468215566
Uttar Pradesh,2020,153059,153059,3.36,Rabi,20.631408450704225,28.571596244131456,14.111361502347417,165.91,3262.51,52.72826291079813,1.7502816901408451,0.48789262459337346,1.8787460287404114,1.922217625155151,0.9660736450144808,3.6441870086884567,0.45240849468215566
Uttar Pradesh,2021,141532,141532,4.05,Kharif,29.503032786885246,33.10106557377049,26.250737704918034,1037.59,2047.65,79.82639344262294,2.096311475409836,0.5364086335158995,1.8787460287404114,1.922217625155151,0.9660736450144808,3.6441870086884567,0.45240849468215566
Uttar Pradesh,2021,232606,232606,4.19,Kharif,29.503032786885246,33.10106557377049,26.250737704918034,1037.59,2047.65,79.82639344262294,2.096311475409836,0.5364086335158995,1.8787460287404114,1.922217625155151,0.9660736450144808,3.6441870086884567,0.45240849468215566
Uttar Pradesh,2021,222277,222277,2.87,Kharif,29.503032786885246,33.10106557377049,26.250737704918034,1037.59,2047.65,79.82639344262294,2.096311475409836,0.5364086335158995,1.8787460287404114,1.922217625155151,0.9660736450144808,3.6441870086884567,0.45240849468215566
Uttar Pradesh,2021,123724,123724,3.68,Kharif,29.503032786885246,33.10106557377049,26.250737704918034,1037.59,2047.65,79.82639344262294,2.096311475409836,0.5364086335158995,1.8787460287404114,1.922217625155151,0.9660736450144808,3.6441870086884567,0.45240849468215566
Uttar Pradesh,2021,138543,138543,3.22,Kharif,29.503032786885246,33.10106557377049,26.250737704918034,1037.59,2047.65,79.82639344262294,2.096311475409836,0.5364086335158995,1.8787460287404114,1.922217625155151,0.9660736450144808,3.6441870086884567,0.45240849468215566
Uttar Pradesh,2021,96101,96101,3.95,Kharif,29.503032786885246,33.10106557377049,26.250737704918034,1037.59,2047.65,79.82639344262294,2.096311475409836,0.5364086335158995,1.8787460287404114,1.922217625155151,0.9660736450144808,3.6441870086884567,0.45240849468215566
Uttar Pradesh,2021,105757,105757,3.97,Kharif,29.503032786885246,33.10106557377049,26.250737704918034,1037.59,2047.65,79.82639344262294,2.096311475409836,0.5364086335158995,1.8787460287404114,1.922217625155151,0.9660736450144808,3.6441870086884567,0.45240849468215566
Uttar Pradesh,2021,244953,244953,3.47,Kharif,29.503032786885246,33.10106557377049,26.250737704918034,1037.59,2047.65,79.82639344262294,2.096311475409836,0.5364086335158995,1.8787460287404114,1.922217625155151,0.9660736450144808,3.6441870086884567,0.45240849468215566
Uttar Pradesh,2021,57237,57237,4.55,Kharif,29.503032786885246,33.10106557377049,26.250737704918034,1037.59,2047.65,79.82639344262294,2.096311475409836,0.5364086335158995,1.8787460287404114,1.922217625155151,0.9660736450144808,3.6441870086884567,0.45240849468215566
Uttar Pradesh,2021,165334,165334,3.52,Kharif,29.503032786885246,33.10106557377049,26.250737704918034,1037.59,2047.65,79.82639344262294,2.096311475409836,0.5364086335158995,1.8787460287404114,1.922217625155151,0.9660736450144808,3.6441870086884567,0.45240849468215566
Uttar Pradesh,2021,142473,142473,3.77,Kharif,29.503032786885246,33.10106557377049,26.250737704918034,1037.59,2047.65,79.82639344262294,2.096311475409836,0.5364086335158995,1.8787460287404114,1.922217625155151,0.9660736450144808,3.6441870086884567,0.45240849468215566
Uttar Pradesh,2021,89161,89161,3.3,Kharif,29.503032786885246,33.10106557377049,26.250737704918034,1037.59,2047.65,79.82639344262294,2.096311475409836,0.5364086335158995,1.8787460287404114,1.922217625155151,0.9660736450144808,3.6441870086884567,0.45240849468215566
Uttar Pradesh,2021,167353,167353,3.02,Kharif,29.503032786885246,33.10106557377049,26.250737704918034,1037.59,2047.65,79.82639344262294,2.096311475409836,0.5364086335158995,1.8787460287404114,1.922217625155151,0.9660736450144808,3.6441870086884567,0.45240849468215566
Uttar Pradesh,2021,173546,173546,4.04,Kharif,29.503032786885246,33.10106557377049,26.250737704918034,1037.59,2047.65,79.82639344262294,2.096311475409836,0.5364086335158995,1.8787460287404114,1.922217625155151,0.9660736450144808,3.6441870086884567,0.45240849468215566
Uttar Pradesh,2021,208130,208130,3.91,Kharif,29.503032786885246,33.10106557377049,26.250737704918034,1037.59,2047.65,79.82639344262294,2.096311475409836,0.5364086335158995,1.8787460287404114,1.922217625155151,0.9660736450144808,3.6441870086884567,0.45240849468215566
Uttar Pradesh,2021,124347,124347,3.64,Kharif,29.503032786885246,33.10106557377049,26.250737704918034,1037.59,2047.65,79.82639344262294,2.096311475409836,0.5364086335158995,1.8787460287404114,1.922217625155151,0.9660736450144808,3.6441870086884567,0.45240849468215566
Uttar Pradesh,2021,160351,160351,3.75,Kharif,29.503032786885246,33.10106557377049,26.250737704918034,1037.59,2047.65,79.82639344262294,2.096311475409836,0.5364086335158995,1.8787460287404114,1.922217625155151,0.9660736450144808,3.6441870086884567,0.45240849468215566
Uttar Pradesh,2021,241713,241713,3.89,Kharif,29.503032786885246,33.10106557377049,26.250737704918034,1037.59,2047.65,79.82639344262294,2.096311475409836,0.5364086335158995,1.8787460287404114,1.922217625155151,0.9660736450144808,3.6441870086884567,0.45240849468215566
Uttar Pradesh,2021,201958,201958,4.44,Kharif,29.503032786885246,33.10106557377049,26.250737704918034,1037.59,2047.65,79.82639344262294,2.096311475409836,0.5364086335158995,1.8787460287404114,1.922217625155151,0.9660736450144808,3.6441870086884567,0.45240849468215566
Uttar Pradesh,2021,105445,105445,3.52,Kharif,29.503032786885246,33.10106557377049,26.250737704918034,1037.59,2047.65,79.82639344262294,2.096311475409836,0.5364086335158995,1.8787460287404114,1.922217625155151,0.9660736450144808,3.6441870086884567,0.45240849468215566
Uttar Pradesh,2021,50750,50750,3.19,Kharif,29.503032786885246,33.10106557377049,26.250737704918034,1037.59,2047.65,79.82639344262294,2.096311475409836,0.5364086335158995,1.8787460287404114,1.922217625155151,0.9660736450144808,3.6441870086884567,0.45240849468215566
Uttar Pradesh,2021,153125,153125,3.48,Kharif,29.503032786885246,33.10106557377049,26.250737704918034,1037.59,2047.65,79.82639344262294,2.096311475409836,0.5364086335158995,1.8787460287404114,1.922217625155151,0.9660736450144808,3.6441870086884567,0.45240849468215566
Uttar Pradesh,2021,202178,827717,4.09,Kharif,29.503032786885246,33.10106557377049,26.250737704918034,1037.59,2047.65,79.82639344262294,2.096311475409836,0.5364086335158995,1.8787460287404114,1.922217625155151,0.9660736450144808,3.6441870086884567,0.45240849468215566
Uttar Pradesh,2021,141532,141532,4.05,Rabi,21.75509433962264,29.61245283018868,15.051084905660376,159.6,3333.54,47.563726415094344,1.8355188679245282,0.4607682091191553,1.8787460287404114,1.922217625155151,0.9660736450144808,3.6441870086884567,0.45240849468215566
Uttar Pradesh,2021,232606,232606,4.19,Rabi,21.75509433962264,29.61245283018868,15.051084905660376,159.6,3333.54,47.563726415094344,1.8355188679245282,0.4607682091191553,1.8787460287404114,1.922217625155151,0.9660736450144808,3.6441870086884567,0.45240849468215566
Uttar Pradesh,2021,222277,222277,2.87,Rabi,21.75509433962264,29.61245283018868,15.051084905660376,159.6,3333.54,47.563726415094344,1.8355188679245282,0.4607682091191553,1.8787460287404114,1.922217625155151,0.9660736450144808,3.6441870086884567,0.45240849468215566
Uttar Pradesh,2021,123724,123724,3.68,Rabi,21.75509433962264,29.61245283018868,15.051084905660376,159.6,3333.54,47.563726415094344,1.8355188679245282,0.4607682091191553,1.8787460287404114,1.922217625155151,0.9660736450144808,3.6441870086884567,0.45240849468215566
Uttar Pradesh,2021,138543,138543,3.22,Rabi,21.75509433962264,29.61245283018868,15.051084905660376,159.6,3333.54,47.563726415094344,1.8355188679245282,0.4607682091191553,1.8787460287404114,1.922217625155151,0.9660736450144808,3.6441870086884567,0.45240849468215566
Uttar Pradesh,2021,96101,96101,3.95,Rabi,21.75509433962264,29.61245283018868,15.051084905660376,159.6,3333.54,47.563726415094344,1.8355188679245282,0.4607682091191553,1.8787460287404114,1.922217625155151,0.9660736450144808,3.6441870086884567,0.45240849468215566
Uttar Pradesh,2021,105757,105757,3.97,Rabi,21.75509433962264,29.61245283018868,15.051084905660376,159.6,3333.54,47.563726415094344,1.8355188679245282,0.4607682091191553,1.8787460287404114,1.922217625155151,0.9660736450144808,3.6441870086884567,0.45240849468215566
Uttar Pradesh,2021,244953,244953,3.47,Rabi,21.75509433962264,29.61245283018868,15.051084905660376,159.6,3333.54,47.563726415094344,1.8355188679245282,0.4607682091191553,1.8787460287404114,1.922217625155151,0.9660736450144808,3.6441870086884567,0.45240849468215566
Uttar Pradesh,2021,57237,57237,4.55,Rabi,21.75509433962264,29.61245283018868,15.051084905660376,159.6,3333.54,47.563726415094344,1.8355188679245282,0.4607682091191553,1.8787460287404114,1.922217625155151,0.9660736450144808,3.6441870086884567,0.45240849468215566
Uttar Pradesh,2021,165334,165334,3.52,Rabi,21.75509433962264,29.61245283018868,15.051084905660376,159.6,3333.54,47.563726415094344,1.8355188679245282,0.4607682091191553,1.8787460287404114,1.922217625155151,0.9660736450144808,3.6441870086884567,0.45240849468215566
Uttar Pradesh,2021,142473,142473,3.77,Rabi,21.75509433962264,29.61245283018868,15.051084905660376,159.6,3333.54,47.563726415094344,1.8355188679245282,0.4607682091191553,1.8787460287404114,1.922217625155151,0.9660736450144808,3.6441870086884567,0.45240849468215566
Uttar Pradesh,2021,89161,89161,3.3,Rabi,21.75509433962264,29.61245283018868,15.051084905660376,159.6,3333.54,47.563726415094344,1.8355188679245282,0.4607682091191553,1.8787460287404114,1.922217625155151,0.9660736450144808,3.6441870086884567,0.45240849468215566
Uttar Pradesh,2021,167353,167353,3.02,Rabi,21.75509433962264,29.61245283018868,15.051084905660376,159.6,3333.54,47.563726415094344,1.8355188679245282,0.4607682091191553,1.8787460287404114,1.922217625155151,0.9660736450144808,3.6441870086884567,0.45240849468215566
Uttar Pradesh,2021,173546,173546,4.04,Rabi,21.75509433962264,29.61245283018868,15.051084905660376,159.6,3333.54,47.563726415094344,1.8355188679245282,0.4607682091191553,1.8787460287404114,1.922217625155151,0.9660736450144808,3.6441870086884567,0.45240849468215566
Uttar Pradesh,2021,208130,208130,3.91,Rabi,21.75509433962264,29.61245283018868,15.051084905660376,159.6,3333.54,47.563726415094344,1.8355188679245282,0.4607682091191553,1.8787460287404114,1.922217625155151,0.9660736450144808,3.6441870086884567,0.45240849468215566
Uttar Pradesh,2021,124347,124347,3.64,Rabi,21.75509433962264,29.61245283018868,15.051084905660376,159.6,3333.54,47.563726415094344,1.8355188679245282,0.4607682091191553,1.8787460287404114,1.922217625155151,0.9660736450144808,3.6441870086884567,0.45240849468215566
Uttar Pradesh,2021,160351,160351,3.75,Rabi,21.75509433962264,29.61245283018868,15.051084905660376,159.6,3333.54,47.563726415094344,1.8355188679245282,0.4607682091191553,1.8787460287404114,1.922217625155151,0.9660736450144808,3.6441870086884567,0.45240849468215566
Uttar Pradesh,2021,241713,241713,3.89,Rabi,21.75509433962264,29.61245283018868,15.051084905660376,159.6,3333.54,47.563726415094344,1.8355188679245282,0.4607682091191553,1.8787460287404114,1.922217625155151,0.9660736450144808,3.6441870086884567,0.45240849468215566
Uttar Pradesh,2021,201958,201958,4.44,Rabi,21.75509433962264,29.61245283018868,15.051084905660376,159.6,3333.54,47.563726415094344,1.8355188679245282,0.4607682091191553,1.8787460287404114,1.922217625155151,0.9660736450144808,3.6441870086884567,0.45240849468215566
Uttar Pradesh,2021,105445,105445,3.52,Rabi,21.75509433962264,29.61245283018868,15.051084905660376,159.6,3333.54,47.563726415094344,1.8355188679245282,0.4607682091191553,1.8787460287404114,1.922217625155151,0.9660736450144808,3.6441870086884567,0.45240849468215566
Uttar Pradesh,2021,50750,50750,3.19,Rabi,21.75509433962264,29.61245283018868,15.051084905660376,159.6,3333.54,47.563726415094344,1.8355188679245282,0.4607682091191553,1.8787460287404114,1.922217625155151,0.9660736450144808,3.6441870086884567,0.45240849468215566
Uttar Pradesh,2021,153125,153125,3.48,Rabi,21.75509433962264,29.61245283018868,15.051084905660376,159.6,3333.54,47.563726415094344,1.8355188679245282,0.4607682091191553,1.8787460287404114,1.922217625155151,0.9660736450144808,3.6441870086884567,0.45240849468215566
Uttar Pradesh,2021,202178,827717,4.09,Rabi,21.75509433962264,29.61245283018868,15.051084905660376,159.6,3333.54,47.563726415094344,1.8355188679245282,0.4607682091191553,1.8787460287404114,1.922217625155151,0.9660736450144808,3.6441870086884567,0.45240849468215566
Uttar Pradesh,2022,130922,130922,4.22,Kharif,31.687131147540985,36.352377049180326,27.372049180327867,686.3100000000001,2178.66,63.88811475409836,2.593688524590164,0.5319823418824063,1.8787460287404114,1.922217625155151,0.9660736450144808,3.6441870086884567,0.45240849468215566
Uttar Pradesh,2022,182135,182135,4.2,Kharif,31.687131147540985,36.352377049180326,27.372049180327867,686.3100000000001,2178.66,63.88811475409836,2.593688524590164,0.5319823418824063,1.8787460287404114,1.922217625155151,0.9660736450144808,3.6441870086884567,0.45240849468215566
Uttar Pradesh,2022,244722,244722,2.3,Kharif,31.687131147540985,36.352377049180326,27.372049180327867,686.3100000000001,2178.66,63.88811475409836,2.593688524590164,0.5319823418824063,1.8787460287404114,1.922217625155151,0.9660736450144808,3.6441870086884567,0.45240849468215566
Uttar Pradesh,2022,118413,118413,3.4,Kharif,31.687131147540985,36.352377049180326,27.372049180327867,686.3100000000001,2178.66,63.88811475409836,2.593688524590164,0.5319823418824063,1.8787460287404114,1.922217625155151,0.9660736450144808,3.6441870086884567,0.45240849468215566
Uttar Pradesh,2022,129528,129528,2.95,Kharif,31.687131147540985,36.352377049180326,27.372049180327867,686.3100000000001,2178.66,63.88811475409836,2.593688524590164,0.5319823418824063,1.8787460287404114,1.922217625155151,0.9660736450144808,3.6441870086884567,0.45240849468215566
Uttar Pradesh,2022,92734,92734,4.11,Kharif,31.687131147540985,36.352377049180326,27.372049180327867,686.3100000000001,2178.66,63.88811475409836,2.593688524590164,0.5319823418824063,1.8787460287404114,1.922217625155151,0.9660736450144808,3.6441870086884567,0.45240849468215566
Uttar Pradesh,2022,103008,103008,4.17,Kharif,31.687131147540985,36.352377049180326,27.372049180327867,686.3100000000001,2178.66,63.88811475409836,2.593688524590164,0.5319823418824063,1.8787460287404114,1.922217625155151,0.9660736450144808,3.6441870086884567,0.45240849468215566
Uttar Pradesh,2022,234260,234260,3.59,Kharif,31.687131147540985,36.352377049180326,27.372049180327867,686.3100000000001,2178.66,63.88811475409836,2.593688524590164,0.5319823418824063,1.8787460287404114,1.922217625155151,0.9660736450144808,3.6441870086884567,0.45240849468215566
Uttar Pradesh,2022,54815,54815,4.54,Kharif,31.687131147540985,36.352377049180326,27.372049180327867,686.3100000000001,2178.66,63.88811475409836,2.593688524590164,0.5319823418824063,1.8787460287404114,1.922217625155151,0.9660736450144808,3.6441870086884567,0.45240849468215566
Uttar Pradesh,2022,187662,187662,3.24,Kharif,31.687131147540985,36.352377049180326,27.372049180327867,686.3100000000001,2178.66,63.88811475409836,2.593688524590164,0.5319823418824063,1.8787460287404114,1.922217625155151,0.9660736450144808,3.6441870086884567,0.45240849468215566
Uttar Pradesh,2022,147717,147717,3.48,Kharif,31.687131147540985,36.352377049180326,27.372049180327867,686.3100000000001,2178.66,63.88811475409836,2.593688524590164,0.5319823418824063,1.8787460287404114,1.922217625155151,0.9660736450144808,3.6441870086884567,0.45240849468215566
Uttar Pradesh,2022,105224,105224,3.05,Kharif,31.687131147540985,36.352377049180326,27.372049180327867,686.3100000000001,2178.66,63.88811475409836,2.593688524590164,0.5319823418824063,1.8787460287404114,1.922217625155151,0.9660736450144808,3.6441870086884567,0.45240849468215566
Uttar Pradesh,2022,193742,193742,3.28,Kharif,31.687131147540985,36.352377049180326,27.372049180327867,686.3100000000001,2178.66,63.88811475409836,2.593688524590164,0.5319823418824063,1.8787460287404114,1.922217625155151,0.9660736450144808,3.6441870086884567,0.45240849468215566
Uttar Pradesh,2022,165972,165972,3.79,Kharif,31.687131147540985,36.352377049180326,27.372049180327867,686.3100000000001,2178.66,63.88811475409836,2.593688524590164,0.5319823418824063,1.8787460287404114,1.922217625155151,0.9660736450144808,3.6441870086884567,0.45240849468215566
Uttar Pradesh,2022,207246,207246,4.07,Kharif,31.687131147540985,36.352377049180326,27.372049180327867,686.3100000000001,2178.66,63.88811475409836,2.593688524590164,0.5319823418824063,1.8787460287404114,1.922217625155151,0.9660736450144808,3.6441870086884567,0.45240849468215566
Uttar Pradesh,2022,141055,141055,3.42,Kharif,31.687131147540985,36.352377049180326,27.372049180327867,686.3100000000001,2178.66,63.88811475409836,2.593688524590164,0.5319823418824063,1.8787460287404114,1.922217625155151,0.9660736450144808,3.6441870086884567,0.45240849468215566
Uttar Pradesh,2022,152517,152517,3.79,Kharif,31.687131147540985,36.352377049180326,27.372049180327867,686.3100000000001,2178.66,63.88811475409836,2.593688524590164,0.5319823418824063,1.8787460287404114,1.922217625155151,0.9660736450144808,3.6441870086884567,0.45240849468215566
Uttar Pradesh,2022,215342,215342,4.24,Kharif,31.687131147540985,36.352377049180326,27.372049180327867,686.3100000000001,2178.66,63.88811475409836,2.593688524590164,0.5319823418824063,1.8787460287404114,1.922217625155151,0.9660736450144808,3.6441870086884567,0.45240849468215566
Uttar Pradesh,2022,195453,195453,4.29,Kharif,31.687131147540985,36.352377049180326,27.372049180327867,686.3100000000001,2178.66,63.88811475409836,2.593688524590164,0.5319823418824063,1.8787460287404114,1.922217625155151,0.9660736450144808,3.6441870086884567,0.45240849468215566
Uttar Pradesh,2022,114959,114959,3.18,Kharif,31.687131147540985,36.352377049180326,27.372049180327867,686.3100000000001,2178.66,63.88811475409836,2.593688524590164,0.5319823418824063,1.8787460287404114,1.922217625155151,0.9660736450144808,3.6441870086884567,0.45240849468215566
Uttar Pradesh,2022,79992,79992,3.14,Kharif,31.687131147540985,36.352377049180326,27.372049180327867,686.3100000000001,2178.66,63.88811475409836,2.593688524590164,0.5319823418824063,1.8787460287404114,1.922217625155151,0.9660736450144808,3.6441870086884567,0.45240849468215566
Uttar Pradesh,2022,159816,159816,3.35,Kharif,31.687131147540985,36.352377049180326,27.372049180327867,686.3100000000001,2178.66,63.88811475409836,2.593688524590164,0.5319823418824063,1.8787460287404114,1.922217625155151,0.9660736450144808,3.6441870086884567,0.45240849468215566
Uttar Pradesh,2022,130922,130922,4.22,Rabi,20.568537735849056,28.00462264150943,14.275471698113208,330.69,3359.42,61.42070754716981,1.7172641509433961,0.48402194991310343,1.8787460287404114,1.922217625155151,0.9660736450144808,3.6441870086884567,0.45240849468215566
Uttar Pradesh,2022,182135,182135,4.2,Rabi,20.568537735849056,28.00462264150943,14.275471698113208,330.69,3359.42,61.42070754716981,1.7172641509433961,0.48402194991310343,1.8787460287404114,1.922217625155151,0.9660736450144808,3.6441870086884567,0.45240849468215566
Uttar Pradesh,2022,244722,244722,2.3,Rabi,20.568537735849056,28.00462264150943,14.275471698113208,330.69,3359.42,61.42070754716981,1.7172641509433961,0.48402194991310343,1.8787460287404114,1.922217625155151,0.9660736450144808,3.6441870086884567,0.45240849468215566
Uttar Pradesh,2022,118413,118413,3.4,Rabi,20.568537735849056,28.00462264150943,14.275471698113208,330.69,3359.42,61.42070754716981,1.7172641509433961,0.48402194991310343,1.8787460287404114,1.922217625155151,0.9660736450144808,3.6441870086884567,0.45240849468215566
Uttar Pradesh,2022,129528,129528,2.95,Rabi,20.568537735849056,28.00462264150943,14.275471698113208,330.69,3359.42,61.42070754716981,1.7172641509433961,0.48402194991310343,1.8787460287404114,1.922217625155151,0.9660736450144808,3.6441870086884567,0.45240849468215566
Uttar Pradesh,2022,92734,92734,4.11,Rabi,20.568537735849056,28.00462264150943,14.275471698113208,330.69,3359.42,61.42070754716981,1.7172641509433961,0.48402194991310343,1.8787460287404114,1.922217625155151,0.9660736450144808,3.6441870086884567,0.45240849468215566
Uttar Pradesh,2022,103008,103008,4.17,Rabi,20.568537735849056,28.00462264150943,14.275471698113208,330.69,3359.42,61.42070754716981,1.7172641509433961,0.48402194991310343,1.8787460287404114,1.922217625155151,0.9660736450144808,3.6441870086884567,0.45240849468215566
Uttar Pradesh,2022,234260,234260,3.59,Rabi,20.568537735849056,28.00462264150943,14.275471698113208,330.69,3359.42,61.42070754716981,1.7172641509433961,0.48402194991310343,1.8787460287404114,1.922217625155151,0.9660736450144808,3.6441870086884567,0.45240849468215566
Uttar Pradesh,2022,54815,54815,4.54,Rabi,20.568537735849056,28.00462264150943,14.275471698113208,330.69,3359.42,61.42070754716981,1.7172641509433961,0.48402194991310343,1.8787460287404114,1.922217625155151,0.9660736450144808,3.6441870086884567,0.45240849468215566
Uttar Pradesh,2022,187662,187662,3.24,Rabi,20.568537735849056,28.00462264150943,14.275471698113208,330.69,3359.42,61.42070754716981,1.7172641509433961,0.48402194991310343,1.8787460287404114,1.922217625155151,0.9660736450144808,3.6441870086884567,0.45240849468215566
Uttar Pradesh,2022,147717,147717,3.48,Rabi,20.568537735849056,28.00462264150943,14.275471698113208,330.69,3359.42,61.42070754716981,1.7172641509433961,0.48402194991310343,1.8787460287404114,1.922217625155151,0.9660736450144808,3.6441870086884567,0.45240849468215566
Uttar Pradesh,2022,105224,105224,3.05,Rabi,20.568537735849056,28.00462264150943,14.275471698113208,330.69,3359.42,61.42070754716981,1.7172641509433961,0.48402194991310343,1.8787460287404114,1.922217625155151,0.9660736450144808,3.6441870086884567,0.45240849468215566
Uttar Pradesh,2022,193742,193742,3.28,Rabi,20.568537735849056,28.00462264150943,14.275471698113208,330.69,3359.42,61.42070754716981,1.7172641509433961,0.48402194991310343,1.8787460287404114,1.922217625155151,0.9660736450144808,3.6441870086884567,0.45240849468215566
Uttar Pradesh,2022,165972,165972,3.79,Rabi,20.568537735849056,28.00462264150943,14.275471698113208,330.69,3359.42,61.42070754716981,1.7172641509433961,0.48402194991310343,1.8787460287404114,1.922217625155151,0.9660736450144808,3.6441870086884567,0.45240849468215566
Uttar Pradesh,2022,207246,207246,4.07,Rabi,20.568537735849056,28.00462264150943,14.275471698113208,330.69,3359.42,61.42070754716981,1.7172641509433961,0.48402194991310343,1.8787460287404114,1.922217625155151,0.9660736450144808,3.6441870086884567,0.45240849468215566
Uttar Pradesh,2022,141055,141055,3.42,Rabi,20.568537735849056,28.00462264150943,14.275471698113208,330.69,3359.42,61.42070754716981,1.7172641509433961,0.48402194991310343,1.8787460287404114,1.922217625155151,0.9660736450144808,3.6441870086884567,0.45240849468215566
Uttar Pradesh,2022,152517,152517,3.79,Rabi,20.568537735849056,28.00462264150943,14.275471698113208,330.69,3359.42,61.42070754716981,1.7172641509433961,0.48402194991310343,1.8787460287404114,1.922217625155151,0.9660736450144808,3.6441870086884567,0.45240849468215566
Uttar Pradesh,2022,215342,215342,4.24,Rabi,20.568537735849056,28.00462264150943,14.275471698113208,330.69,3359.42,61.42070754716981,1.7172641509433961,0.48402194991310343,1.8787460287404114,1.922217625155151,0.9660736450144808,3.6441870086884567,0.45240849468215566
Uttar Pradesh,2022,195453,195453,4.29,Rabi,20.568537735849056,28.00462264150943,14.275471698113208,330.69,3359.42,61.42070754716981,1.7172641509433961,0.48402194991310343,1.8787460287404114,1.922217625155151,0.9660736450144808,3.6441870086884567,0.45240849468215566
Uttar Pradesh,2022,114959,114959,3.18,Rabi,20.568537735849056,28.00462264150943,14.275471698113208,330.69,3359.42,61.42070754716981,1.7172641509433961,0.48402194991310343,1.8787460287404114,1.922217625155151,0.9660736450144808,3.6441870086884567,0.45240849468215566
Uttar Pradesh,2022,79992,79992,3.14,Rabi,20.568537735849056,28.00462264150943,14.275471698113208,330.69,3359.42,61.42070754716981,1.7172641509433961,0.48402194991310343,1.8787460287404114,1.922217625155151,0.9660736450144808,3.6441870086884567,0.45240849468215566
Uttar Pradesh,2022,159816,159816,3.35,Rabi,20.568537735849056,28.00462264150943,14.275471698113208,330.69,3359.42,61.42070754716981,1.7172641509433961,0.48402194991310343,1.8787460287404114,1.922217625155151,0.9660736450144808,3.6441870086884567,0.45240849468215566
Uttar Pradesh,2023,172605,172605,3.68,Kharif,30.695819672131147,34.808524590163934,26.91639344262295,785.06,2161.25,71.73131147540983,2.367295081967213,,1.8787460287404114,1.922217625155151,0.9660736450144808,3.6441870086884567,0.45240849468215566
Uttar Pradesh,2023,172605,172605,3.68,Rabi,21.574952830188682,29.13797169811321,15.306179245283019,114.31,3180.49,51.71797169811321,1.5586320754716982,,1.8787460287404114,1.922217625155151,0.9660736450144808,3.6441870086884567,0.45240849468215566
