State,Year,Area,Production,Yield (Tonne/Hectare),Season,T2M,T2M_MAX,T2M_MIN,PRECTOTCORR,ALLSKY_SFC_SW_DWN,RH2M,WS2M,NDVI_SeasonalMean,Mean_SOC,Median_SOC,Min_SOC,Max_SOC,Std_SOC
Chandigarh,2011,600,2725,4.54,Kharif,28.54581967213115,32.636721311475405,24.65122950819672,1120.7,2415.25,73.59778688524591,1.6708196721311477,0.5050329342243784,2.126695009944596,2.0,2.0,6.25,0.38420373556564835
Chandigarh,2011,600,2725,4.54,Rabi,18.84254716981132,26.39858490566038,13.19245283018868,81.17,3551.99,46.76957547169811,1.7133962264150944,0.38336348309297524,2.126695009944596,2.0,2.0,6.25,0.38420373556564835
Chandigarh,2012,575,2590,4.5,Kharif,30.87188524590164,35.985163934426225,26.06286885245901,761.14,2549.54,58.65032786885246,1.8951639344262297,0.4571699416363171,2.126695009944596,2.0,2.0,6.25,0.38420373556564835
Chandigarh,2012,575,2590,4.5,Rabi,18.925164319248825,26.7749765258216,13.223896713615025,87.2,3528.42,41.122769953051645,1.888967136150235,0.3800363806016983,2.126695009944596,2.0,2.0,6.25,0.38420373556564835
Chandigarh,2013,575,2600,4.52,Kharif,28.820409836065576,32.81147540983606,24.909918032786884,1174.1,2440.15,72.61442622950818,1.5352459016393445,0.5229577745333753,2.126695009944596,2.0,2.0,6.25,0.38420373556564835
Chandigarh,2013,575,2600,4.52,Rabi,18.963962264150943,26.33570754716981,13.638632075471698,223.1,3406.2,49.07466981132075,1.8521698113207548,0.41297330274325056,2.126695009944596,2.0,2.0,6.25,0.38420373556564835
Chandigarh,2014,550,2500,4.55,Kharif,31.703524590163934,37.26303278688525,26.480737704918035,557.51,2623.93,51.82754098360656,2.0229508196721318,0.4744725578657601,2.126695009944596,2.0,2.0,6.25,0.38420373556564835
Chandigarh,2014,550,2500,4.55,Rabi,18.753301886792453,26.376603773584907,13.247311320754717,266.69,3408.74,46.53712264150944,1.872877358490566,0.41003432095146275,2.126695009944596,2.0,2.0,6.25,0.38420373556564835
Chandigarh,2015,550,2530,4.6,Kharif,29.421639344262296,34.33295081967213,24.787950819672133,840.64,2563.15,62.88696721311475,1.7577868852459015,0.49344790738988775,2.126695009944596,2.0,2.0,6.25,0.38420373556564835
Chandigarh,2015,550,2530,4.6,Rabi,19.41617924528302,26.784575471698112,14.022783018867925,278.99,3382.2,47.27948113207548,1.8676415094339625,0.43233304266794625,2.126695009944596,2.0,2.0,6.25,0.38420373556564835
Chandigarh,2016,550,2585,4.7,Kharif,30.18532786885246,34.943360655737706,25.51270491803279,712.46,2542.28,63.45172131147541,1.5940983606557375,0.4958072924372616,2.126695009944596,2.0,2.0,6.25,0.38420373556564835
Chandigarh,2016,550,2585,4.7,Rabi,20.75230046948357,28.93037558685446,14.938075117370891,116.72,3564.83,34.851361502347416,1.9136150234741784,0.3642333330809911,2.126695009944596,2.0,2.0,6.25,0.38420373556564835
Chandigarh,2017,546,2566,4.7,Kharif,29.200327868852455,33.70877049180328,24.90745901639344,991.37,2491.03,67.66360655737704,1.6227049180327868,0.46797826112857793,2.126695009944596,2.0,2.0,6.25,0.38420373556564835
Chandigarh,2017,546,2566,4.7,Rabi,19.83452830188679,27.70481132075472,14.153207547169812,193.66,3556.26,42.65971698113208,1.9210849056603772,0.4035156813719912,2.126695009944596,2.0,2.0,6.25,0.38420373556564835
Chandigarh,2018,546,2730,5.0,Kharif,28.78844262295082,32.89368852459017,24.914836065573773,1270.35,2306.17,72.85770491803278,1.7394262295081968,0.5092124430056052,2.126695009944596,2.0,2.0,6.25,0.38420373556564835
Chandigarh,2018,546,2730,5.0,Rabi,19.198679245283017,26.844669811320752,13.57504716981132,122.39,3634.3,45.88849056603774,1.8907075471698112,0.4103721290289392,2.126695009944596,2.0,2.0,6.25,0.38420373556564835
Chandigarh,2019,546,2457,4.5,Kharif,30.270737704918037,34.93459016393442,25.798688524590165,849.83,2466.68,63.88409836065573,1.6586065573770492,0.5041336443869856,2.126695009944596,2.0,2.0,6.25,0.38420373556564835
Chandigarh,2019,546,2457,4.5,Rabi,18.05938679245283,25.00839622641509,12.940424528301886,263.17,3244.63,54.88150943396226,1.7711792452830188,0.43848020128890897,2.126695009944596,2.0,2.0,6.25,0.38420373556564835
Chandigarh,2020,547,2735,5.0,Kharif,29.43155737704918,34.16688524590164,24.94860655737705,802.1,2585.98,68.58319672131147,1.6604098360655737,0.5140452587065382,2.126695009944596,2.0,2.0,6.25,0.38420373556564835
Chandigarh,2020,547,2735,5.0,Rabi,18.117464788732395,25.535258215962443,12.869577464788732,323.19,3448.51,50.97868544600939,1.8621596244131453,0.4433181349127313,2.126695009944596,2.0,2.0,6.25,0.38420373556564835
Chandigarh,2021,547,2735,5.0,Kharif,29.265901639344264,33.71975409836066,24.959016393442624,992.6,2429.1,68.71827868852458,1.5581147540983606,0.517970780992147,2.126695009944596,2.0,2.0,6.25,0.38420373556564835
Chandigarh,2021,547,2735,5.0,Rabi,19.571415094339624,27.24089622641509,14.013254716981132,157.82,3527.73,46.41481132075472,1.9489622641509436,0.4128822221183472,2.126695009944596,2.0,2.0,6.25,0.38420373556564835
Chandigarh,2022,547,2735,5.0,Kharif,29.236475409836064,33.537213114754095,25.18622950819672,1139.18,2462.37,70.54655737704918,1.713114754098361,0.5378283776069824,2.126695009944596,2.0,2.0,6.25,0.38420373556564835
Chandigarh,2022,547,2735,5.0,Rabi,19.302075471698117,26.322264150943397,14.119669811320756,246.48,3492.06,57.03490566037736,1.8995283018867923,0.42772740054751207,2.126695009944596,2.0,2.0,6.25,0.38420373556564835
Haryana,2011,299053,1602000,4.86,Kharif,31.57967213114754,36.57680327868852,26.908360655737702,497.43,2348.21,62.538360655737705,2.1618852459016398,0.4813594145870197,1.6565648888347506,1.5994094488188977,0.9724409448818898,2.9783464566929134,0.44646178849963064
Haryana,2011,299053,1602000,4.29,Kharif,31.57967213114754,36.57680327868852,26.908360655737702,497.43,2348.21,62.538360655737705,2.1618852459016398,0.4813594145870197,1.6565648888347506,1.5994094488188977,0.9724409448818898,2.9783464566929134,0.44646178849963064
Haryana,2011,299053,1602000,4.92,Kharif,31.57967213114754,36.57680327868852,26.908360655737702,497.43,2348.21,62.538360655737705,2.1618852459016398,0.4813594145870197,1.6565648888347506,1.5994094488188977,0.9724409448818898,2.9783464566929134,0.44646178849963064
Haryana,2011,299053,1602000,5.46,Kharif,31.57967213114754,36.57680327868852,26.908360655737702,497.43,2348.21,62.538360655737705,2.1618852459016398,0.4813594145870197,1.6565648888347506,1.5994094488188977,0.9724409448818898,2.9783464566929134,0.44646178849963064
Haryana,2011,299053,1602000,5.1,Kharif,31.57967213114754,36.57680327868852,26.908360655737702,497.43,2348.21,62.538360655737705,2.1618852459016398,0.4813594145870197,1.6565648888347506,1.5994094488188977,0.9724409448818898,2.9783464566929134,0.44646178849963064
Haryana,2011,299053,1602000,4.89,Kharif,31.57967213114754,36.57680327868852,26.908360655737702,497.43,2348.21,62.538360655737705,2.1618852459016398,0.4813594145870197,1.6565648888347506,1.5994094488188977,0.9724409448818898,2.9783464566929134,0.44646178849963064
Haryana,2011,299053,1602000,5.24,Kharif,31.57967213114754,36.57680327868852,26.908360655737702,497.43,2348.21,62.538360655737705,2.1618852459016398,0.4813594145870197,1.6565648888347506,1.5994094488188977,0.9724409448818898,2.9783464566929134,0.44646178849963064
Haryana,2011,299053,1602000,5.45,Kharif,31.57967213114754,36.57680327868852,26.908360655737702,497.43,2348.21,62.538360655737705,2.1618852459016398,0.4813594145870197,1.6565648888347506,1.5994094488188977,0.9724409448818898,2.9783464566929134,0.44646178849963064
Haryana,2011,299053,1602000,5.68,Kharif,31.57967213114754,36.57680327868852,26.908360655737702,497.43,2348.21,62.538360655737705,2.1618852459016398,0.4813594145870197,1.6565648888347506,1.5994094488188977,0.9724409448818898,2.9783464566929134,0.44646178849963064
Haryana,2011,299053,1602000,5.44,Kharif,31.57967213114754,36.57680327868852,26.908360655737702,497.43,2348.21,62.538360655737705,2.1618852459016398,0.4813594145870197,1.6565648888347506,1.5994094488188977,0.9724409448818898,2.9783464566929134,0.44646178849963064
Haryana,2011,299053,1602000,4.61,Kharif,31.57967213114754,36.57680327868852,26.908360655737702,497.43,2348.21,62.538360655737705,2.1618852459016398,0.4813594145870197,1.6565648888347506,1.5994094488188977,0.9724409448818898,2.9783464566929134,0.44646178849963064
Haryana,2011,299053,1602000,4.37,Kharif,31.57967213114754,36.57680327868852,26.908360655737702,497.43,2348.21,62.538360655737705,2.1618852459016398,0.4813594145870197,1.6565648888347506,1.5994094488188977,0.9724409448818898,2.9783464566929134,0.44646178849963064
Haryana,2011,299053,1602000,5.09,Kharif,31.57967213114754,36.57680327868852,26.908360655737702,497.43,2348.21,62.538360655737705,2.1618852459016398,0.4813594145870197,1.6565648888347506,1.5994094488188977,0.9724409448818898,2.9783464566929134,0.44646178849963064
Haryana,2011,299053,1602000,3.57,Kharif,31.57967213114754,36.57680327868852,26.908360655737702,497.43,2348.21,62.538360655737705,2.1618852459016398,0.4813594145870197,1.6565648888347506,1.5994094488188977,0.9724409448818898,2.9783464566929134,0.44646178849963064
Haryana,2011,299053,1602000,5.56,Kharif,31.57967213114754,36.57680327868852,26.908360655737702,497.43,2348.21,62.538360655737705,2.1618852459016398,0.4813594145870197,1.6565648888347506,1.5994094488188977,0.9724409448818898,2.9783464566929134,0.44646178849963064
Haryana,2011,299053,1602000,4.97,Kharif,31.57967213114754,36.57680327868852,26.908360655737702,497.43,2348.21,62.538360655737705,2.1618852459016398,0.4813594145870197,1.6565648888347506,1.5994094488188977,0.9724409448818898,2.9783464566929134,0.44646178849963064
Haryana,2011,299053,1602000,5.0,Kharif,31.57967213114754,36.57680327868852,26.908360655737702,497.43,2348.21,62.538360655737705,2.1618852459016398,0.4813594145870197,1.6565648888347506,1.5994094488188977,0.9724409448818898,2.9783464566929134,0.44646178849963064
Haryana,2011,299053,1602000,5.36,Kharif,31.57967213114754,36.57680327868852,26.908360655737702,497.43,2348.21,62.538360655737705,2.1618852459016398,0.4813594145870197,1.6565648888347506,1.5994094488188977,0.9724409448818898,2.9783464566929134,0.44646178849963064
Haryana,2011,299053,1602000,5.51,Kharif,31.57967213114754,36.57680327868852,26.908360655737702,497.43,2348.21,62.538360655737705,2.1618852459016398,0.4813594145870197,1.6565648888347506,1.5994094488188977,0.9724409448818898,2.9783464566929134,0.44646178849963064
Haryana,2011,299053,1602000,5.38,Kharif,31.57967213114754,36.57680327868852,26.908360655737702,497.43,2348.21,62.538360655737705,2.1618852459016398,0.4813594145870197,1.6565648888347506,1.5994094488188977,0.9724409448818898,2.9783464566929134,0.44646178849963064
Haryana,2011,299053,1602000,4.86,Rabi,20.24806603773585,28.97014150943396,13.265849056603772,62.17,3370.19,42.04721698113208,1.5315566037735848,0.46160950275527074,1.6565648888347506,1.5994094488188977,0.9724409448818898,2.9783464566929134,0.44646178849963064
Haryana,2011,299053,1602000,4.29,Rabi,20.24806603773585,28.97014150943396,13.265849056603772,62.17,3370.19,42.04721698113208,1.5315566037735848,0.46160950275527074,1.6565648888347506,1.5994094488188977,0.9724409448818898,2.9783464566929134,0.44646178849963064
Haryana,2011,299053,1602000,4.92,Rabi,20.24806603773585,28.97014150943396,13.265849056603772,62.17,3370.19,42.04721698113208,1.5315566037735848,0.46160950275527074,1.6565648888347506,1.5994094488188977,0.9724409448818898,2.9783464566929134,0.44646178849963064
Haryana,2011,299053,1602000,5.46,Rabi,20.24806603773585,28.97014150943396,13.265849056603772,62.17,3370.19,42.04721698113208,1.5315566037735848,0.46160950275527074,1.6565648888347506,1.5994094488188977,0.9724409448818898,2.9783464566929134,0.44646178849963064
Haryana,2011,299053,1602000,5.1,Rabi,20.24806603773585,28.97014150943396,13.265849056603772,62.17,3370.19,42.04721698113208,1.5315566037735848,0.46160950275527074,1.6565648888347506,1.5994094488188977,0.9724409448818898,2.9783464566929134,0.44646178849963064
Haryana,2011,299053,1602000,4.89,Rabi,20.24806603773585,28.97014150943396,13.265849056603772,62.17,3370.19,42.04721698113208,1.5315566037735848,0.46160950275527074,1.6565648888347506,1.5994094488188977,0.9724409448818898,2.9783464566929134,0.44646178849963064
Haryana,2011,299053,1602000,5.24,Rabi,20.24806603773585,28.97014150943396,13.265849056603772,62.17,3370.19,42.04721698113208,1.5315566037735848,0.46160950275527074,1.6565648888347506,1.5994094488188977,0.9724409448818898,2.9783464566929134,0.44646178849963064
Haryana,2011,299053,1602000,5.45,Rabi,20.24806603773585,28.97014150943396,13.265849056603772,62.17,3370.19,42.04721698113208,1.5315566037735848,0.46160950275527074,1.6565648888347506,1.5994094488188977,0.9724409448818898,2.9783464566929134,0.44646178849963064
Haryana,2011,299053,1602000,5.68,Rabi,20.24806603773585,28.97014150943396,13.265849056603772,62.17,3370.19,42.04721698113208,1.5315566037735848,0.46160950275527074,1.6565648888347506,1.5994094488188977,0.9724409448818898,2.9783464566929134,0.44646178849963064
Haryana,2011,299053,1602000,5.44,Rabi,20.24806603773585,28.97014150943396,13.265849056603772,62.17,3370.19,42.04721698113208,1.5315566037735848,0.46160950275527074,1.6565648888347506,1.5994094488188977,0.9724409448818898,2.9783464566929134,0.44646178849963064
Haryana,2011,299053,1602000,4.61,Rabi,20.24806603773585,28.97014150943396,13.265849056603772,62.17,3370.19,42.04721698113208,1.5315566037735848,0.46160950275527074,1.6565648888347506,1.5994094488188977,0.9724409448818898,2.9783464566929134,0.44646178849963064
Haryana,2011,299053,1602000,4.37,Rabi,20.24806603773585,28.97014150943396,13.265849056603772,62.17,3370.19,42.04721698113208,1.5315566037735848,0.46160950275527074,1.6565648888347506,1.5994094488188977,0.9724409448818898,2.9783464566929134,0.44646178849963064
Haryana,2011,299053,1602000,5.09,Rabi,20.24806603773585,28.97014150943396,13.265849056603772,62.17,3370.19,42.04721698113208,1.5315566037735848,0.46160950275527074,1.6565648888347506,1.5994094488188977,0.9724409448818898,2.9783464566929134,0.44646178849963064
Haryana,2011,299053,1602000,3.57,Rabi,20.24806603773585,28.97014150943396,13.265849056603772,62.17,3370.19,42.04721698113208,1.5315566037735848,0.46160950275527074,1.6565648888347506,1.5994094488188977,0.9724409448818898,2.9783464566929134,0.44646178849963064
Haryana,2011,299053,1602000,5.56,Rabi,20.24806603773585,28.97014150943396,13.265849056603772,62.17,3370.19,42.04721698113208,1.5315566037735848,0.46160950275527074,1.6565648888347506,1.5994094488188977,0.9724409448818898,2.9783464566929134,0.44646178849963064
Haryana,2011,299053,1602000,4.97,Rabi,20.24806603773585,28.97014150943396,13.265849056603772,62.17,3370.19,42.04721698113208,1.5315566037735848,0.46160950275527074,1.6565648888347506,1.5994094488188977,0.9724409448818898,2.9783464566929134,0.44646178849963064
Haryana,2011,299053,1602000,5.0,Rabi,20.24806603773585,28.97014150943396,13.265849056603772,62.17,3370.19,42.04721698113208,1.5315566037735848,0.46160950275527074,1.6565648888347506,1.5994094488188977,0.9724409448818898,2.9783464566929134,0.44646178849963064
Haryana,2011,299053,1602000,5.36,Rabi,20.24806603773585,28.97014150943396,13.265849056603772,62.17,3370.19,42.04721698113208,1.5315566037735848,0.46160950275527074,1.6565648888347506,1.5994094488188977,0.9724409448818898,2.9783464566929134,0.44646178849963064
Haryana,2011,299053,1602000,5.51,Rabi,20.24806603773585,28.97014150943396,13.265849056603772,62.17,3370.19,42.04721698113208,1.5315566037735848,0.46160950275527074,1.6565648888347506,1.5994094488188977,0.9724409448818898,2.9783464566929134,0.44646178849963064
Haryana,2011,299053,1602000,5.38,Rabi,20.24806603773585,28.97014150943396,13.265849056603772,62.17,3370.19,42.04721698113208,1.5315566037735848,0.46160950275527074,1.6565648888347506,1.5994094488188977,0.9724409448818898,2.9783464566929134,0.44646178849963064
Haryana,2012,293495,1423000,4.2,Kharif,32.951557377049184,38.40680327868853,27.740409836065574,409.64,2411.83,51.674590163934425,2.563606557377049,0.4393926393040388,1.6565648888347506,1.5994094488188977,0.9724409448818898,2.9783464566929134,0.44646178849963064
Haryana,2012,293495,1423000,4.04,Kharif,32.951557377049184,38.40680327868853,27.740409836065574,409.64,2411.83,51.674590163934425,2.563606557377049,0.4393926393040388,1.6565648888347506,1.5994094488188977,0.9724409448818898,2.9783464566929134,0.44646178849963064
Haryana,2012,293495,1423000,4.54,Kharif,32.951557377049184,38.40680327868853,27.740409836065574,409.64,2411.83,51.674590163934425,2.563606557377049,0.4393926393040388,1.6565648888347506,1.5994094488188977,0.9724409448818898,2.9783464566929134,0.44646178849963064
Haryana,2012,293495,1423000,4.68,Kharif,32.951557377049184,38.40680327868853,27.740409836065574,409.64,2411.83,51.674590163934425,2.563606557377049,0.4393926393040388,1.6565648888347506,1.5994094488188977,0.9724409448818898,2.9783464566929134,0.44646178849963064
Haryana,2012,293495,1423000,4.59,Kharif,32.951557377049184,38.40680327868853,27.740409836065574,409.64,2411.83,51.674590163934425,2.563606557377049,0.4393926393040388,1.6565648888347506,1.5994094488188977,0.9724409448818898,2.9783464566929134,0.44646178849963064
Haryana,2012,293495,1423000,4.26,Kharif,32.951557377049184,38.40680327868853,27.740409836065574,409.64,2411.83,51.674590163934425,2.563606557377049,0.4393926393040388,1.6565648888347506,1.5994094488188977,0.9724409448818898,2.9783464566929134,0.44646178849963064
Haryana,2012,293495,1423000,3.93,Kharif,32.951557377049184,38.40680327868853,27.740409836065574,409.64,2411.83,51.674590163934425,2.563606557377049,0.4393926393040388,1.6565648888347506,1.5994094488188977,0.9724409448818898,2.9783464566929134,0.44646178849963064
Haryana,2012,293495,1423000,4.27,Kharif,32.951557377049184,38.40680327868853,27.740409836065574,409.64,2411.83,51.674590163934425,2.563606557377049,0.4393926393040388,1.6565648888347506,1.5994094488188977,0.9724409448818898,2.9783464566929134,0.44646178849963064
Haryana,2012,293495,1423000,4.67,Kharif,32.951557377049184,38.40680327868853,27.740409836065574,409.64,2411.83,51.674590163934425,2.563606557377049,0.4393926393040388,1.6565648888347506,1.5994094488188977,0.9724409448818898,2.9783464566929134,0.44646178849963064
Haryana,2012,293495,1423000,4.78,Kharif,32.951557377049184,38.40680327868853,27.740409836065574,409.64,2411.83,51.674590163934425,2.563606557377049,0.4393926393040388,1.6565648888347506,1.5994094488188977,0.9724409448818898,2.9783464566929134,0.44646178849963064
Haryana,2012,293495,1423000,4.13,Kharif,32.951557377049184,38.40680327868853,27.740409836065574,409.64,2411.83,51.674590163934425,2.563606557377049,0.4393926393040388,1.6565648888347506,1.5994094488188977,0.9724409448818898,2.9783464566929134,0.44646178849963064
Haryana,2012,293495,1423000,4.6,Kharif,32.951557377049184,38.40680327868853,27.740409836065574,409.64,2411.83,51.674590163934425,2.563606557377049,0.4393926393040388,1.6565648888347506,1.5994094488188977,0.9724409448818898,2.9783464566929134,0.44646178849963064
Haryana,2012,293495,1423000,3.51,Kharif,32.951557377049184,38.40680327868853,27.740409836065574,409.64,2411.83,51.674590163934425,2.563606557377049,0.4393926393040388,1.6565648888347506,1.5994094488188977,0.9724409448818898,2.9783464566929134,0.44646178849963064
Haryana,2012,293495,1423000,4.97,Kharif,32.951557377049184,38.40680327868853,27.740409836065574,409.64,2411.83,51.674590163934425,2.563606557377049,0.4393926393040388,1.6565648888347506,1.5994094488188977,0.9724409448818898,2.9783464566929134,0.44646178849963064
Haryana,2012,293495,1423000,3.74,Kharif,32.951557377049184,38.40680327868853,27.740409836065574,409.64,2411.83,51.674590163934425,2.563606557377049,0.4393926393040388,1.6565648888347506,1.5994094488188977,0.9724409448818898,2.9783464566929134,0.44646178849963064
Haryana,2012,293495,1423000,4.85,Kharif,32.951557377049184,38.40680327868853,27.740409836065574,409.64,2411.83,51.674590163934425,2.563606557377049,0.4393926393040388,1.6565648888347506,1.5994094488188977,0.9724409448818898,2.9783464566929134,0.44646178849963064
Haryana,2012,293495,1423000,4.53,Kharif,32.951557377049184,38.40680327868853,27.740409836065574,409.64,2411.83,51.674590163934425,2.563606557377049,0.4393926393040388,1.6565648888347506,1.5994094488188977,0.9724409448818898,2.9783464566929134,0.44646178849963064
Haryana,2012,293495,1423000,4.34,Kharif,32.951557377049184,38.40680327868853,27.740409836065574,409.64,2411.83,51.674590163934425,2.563606557377049,0.4393926393040388,1.6565648888347506,1.5994094488188977,0.9724409448818898,2.9783464566929134,0.44646178849963064
Haryana,2012,293495,1423000,4.2,Rabi,19.80854460093897,28.861830985915493,12.493661971830988,48.88,3331.6,33.53577464788732,1.7831455399061034,0.44616429987509737,1.6565648888347506,1.5994094488188977,0.9724409448818898,2.9783464566929134,0.44646178849963064
Haryana,2012,293495,1423000,4.04,Rabi,19.80854460093897,28.861830985915493,12.493661971830988,48.88,3331.6,33.53577464788732,1.7831455399061034,0.44616429987509737,1.6565648888347506,1.5994094488188977,0.9724409448818898,2.9783464566929134,0.44646178849963064
Haryana,2012,293495,1423000,4.54,Rabi,19.80854460093897,28.861830985915493,12.493661971830988,48.88,3331.6,33.53577464788732,1.7831455399061034,0.44616429987509737,1.6565648888347506,1.5994094488188977,0.9724409448818898,2.9783464566929134,0.44646178849963064
Haryana,2012,293495,1423000,4.68,Rabi,19.80854460093897,28.861830985915493,12.493661971830988,48.88,3331.6,33.53577464788732,1.7831455399061034,0.44616429987509737,1.6565648888347506,1.5994094488188977,0.9724409448818898,2.9783464566929134,0.44646178849963064
Haryana,2012,293495,1423000,4.59,Rabi,19.80854460093897,28.861830985915493,12.493661971830988,48.88,3331.6,33.53577464788732,1.7831455399061034,0.44616429987509737,1.6565648888347506,1.5994094488188977,0.9724409448818898,2.9783464566929134,0.44646178849963064
Haryana,2012,293495,1423000,4.26,Rabi,19.80854460093897,28.861830985915493,12.493661971830988,48.88,3331.6,33.53577464788732,1.7831455399061034,0.44616429987509737,1.6565648888347506,1.5994094488188977,0.9724409448818898,2.9783464566929134,0.44646178849963064
Haryana,2012,293495,1423000,3.93,Rabi,19.80854460093897,28.861830985915493,12.493661971830988,48.88,3331.6,33.53577464788732,1.7831455399061034,0.44616429987509737,1.6565648888347506,1.5994094488188977,0.9724409448818898,2.9783464566929134,0.44646178849963064
Haryana,2012,293495,1423000,4.27,Rabi,19.80854460093897,28.861830985915493,12.493661971830988,48.88,3331.6,33.53577464788732,1.7831455399061034,0.44616429987509737,1.6565648888347506,1.5994094488188977,0.9724409448818898,2.9783464566929134,0.44646178849963064
Haryana,2012,293495,1423000,4.67,Rabi,19.80854460093897,28.861830985915493,12.493661971830988,48.88,3331.6,33.53577464788732,1.7831455399061034,0.44616429987509737,1.6565648888347506,1.5994094488188977,0.9724409448818898,2.9783464566929134,0.44646178849963064
Haryana,2012,293495,1423000,4.78,Rabi,19.80854460093897,28.861830985915493,12.493661971830988,48.88,3331.6,33.53577464788732,1.7831455399061034,0.44616429987509737,1.6565648888347506,1.5994094488188977,0.9724409448818898,2.9783464566929134,0.44646178849963064
Haryana,2012,293495,1423000,4.13,Rabi,19.80854460093897,28.861830985915493,12.493661971830988,48.88,3331.6,33.53577464788732,1.7831455399061034,0.44616429987509737,1.6565648888347506,1.5994094488188977,0.9724409448818898,2.9783464566929134,0.44646178849963064
Haryana,2012,293495,1423000,4.6,Rabi,19.80854460093897,28.861830985915493,12.493661971830988,48.88,3331.6,33.53577464788732,1.7831455399061034,0.44616429987509737,1.6565648888347506,1.5994094488188977,0.9724409448818898,2.9783464566929134,0.44646178849963064
Haryana,2012,293495,1423000,3.51,Rabi,19.80854460093897,28.861830985915493,12.493661971830988,48.88,3331.6,33.53577464788732,1.7831455399061034,0.44616429987509737,1.6565648888347506,1.5994094488188977,0.9724409448818898,2.9783464566929134,0.44646178849963064
Haryana,2012,293495,1423000,4.97,Rabi,19.80854460093897,28.861830985915493,12.493661971830988,48.88,3331.6,33.53577464788732,1.7831455399061034,0.44616429987509737,1.6565648888347506,1.5994094488188977,0.9724409448818898,2.9783464566929134,0.44646178849963064
Haryana,2012,293495,1423000,3.74,Rabi,19.80854460093897,28.861830985915493,12.493661971830988,48.88,3331.6,33.53577464788732,1.7831455399061034,0.44616429987509737,1.6565648888347506,1.5994094488188977,0.9724409448818898,2.9783464566929134,0.44646178849963064
Haryana,2012,293495,1423000,4.85,Rabi,19.80854460093897,28.861830985915493,12.493661971830988,48.88,3331.6,33.53577464788732,1.7831455399061034,0.44616429987509737,1.6565648888347506,1.5994094488188977,0.9724409448818898,2.9783464566929134,0.44646178849963064
Haryana,2012,293495,1423000,4.53,Rabi,19.80854460093897,28.861830985915493,12.493661971830988,48.88,3331.6,33.53577464788732,1.7831455399061034,0.44616429987509737,1.6565648888347506,1.5994094488188977,0.9724409448818898,2.9783464566929134,0.44646178849963064
Haryana,2012,293495,1423000,4.34,Rabi,19.80854460093897,28.861830985915493,12.493661971830988,48.88,3331.6,33.53577464788732,1.7831455399061034,0.44616429987509737,1.6565648888347506,1.5994094488188977,0.9724409448818898,2.9783464566929134,0.44646178849963064
Haryana,2013,285000,1524000,4.63,Kharif,31.361639344262294,36.47311475409836,26.40844262295082,624.97,2381.95,61.82319672131148,2.020655737704918,0.4887531065083045,1.6565648888347506,1.5994094488188977,0.9724409448818898,2.9783464566929134,0.44646178849963064
Haryana,2013,285000,1524000,4.23,Kharif,31.361639344262294,36.47311475409836,26.40844262295082,624.97,2381.95,61.82319672131148,2.020655737704918,0.4887531065083045,1.6565648888347506,1.5994094488188977,0.9724409448818898,2.9783464566929134,0.44646178849963064
Haryana,2013,285000,1524000,4.67,Kharif,31.361639344262294,36.47311475409836,26.40844262295082,624.97,2381.95,61.82319672131148,2.020655737704918,0.4887531065083045,1.6565648888347506,1.5994094488188977,0.9724409448818898,2.9783464566929134,0.44646178849963064
Haryana,2013,285000,1524000,5.32,Kharif,31.361639344262294,36.47311475409836,26.40844262295082,624.97,2381.95,61.82319672131148,2.020655737704918,0.4887531065083045,1.6565648888347506,1.5994094488188977,0.9724409448818898,2.9783464566929134,0.44646178849963064
Haryana,2013,285000,1524000,4.48,Kharif,31.361639344262294,36.47311475409836,26.40844262295082,624.97,2381.95,61.82319672131148,2.020655737704918,0.4887531065083045,1.6565648888347506,1.5994094488188977,0.9724409448818898,2.9783464566929134,0.44646178849963064
Haryana,2013,285000,1524000,4.51,Kharif,31.361639344262294,36.47311475409836,26.40844262295082,624.97,2381.95,61.82319672131148,2.020655737704918,0.4887531065083045,1.6565648888347506,1.5994094488188977,0.9724409448818898,2.9783464566929134,0.44646178849963064
Haryana,2013,285000,1524000,4.55,Kharif,31.361639344262294,36.47311475409836,26.40844262295082,624.97,2381.95,61.82319672131148,2.020655737704918,0.4887531065083045,1.6565648888347506,1.5994094488188977,0.9724409448818898,2.9783464566929134,0.44646178849963064
Haryana,2013,285000,1524000,4.82,Kharif,31.361639344262294,36.47311475409836,26.40844262295082,624.97,2381.95,61.82319672131148,2.020655737704918,0.4887531065083045,1.6565648888347506,1.5994094488188977,0.9724409448818898,2.9783464566929134,0.44646178849963064
Haryana,2013,285000,1524000,4.91,Kharif,31.361639344262294,36.47311475409836,26.40844262295082,624.97,2381.95,61.82319672131148,2.020655737704918,0.4887531065083045,1.6565648888347506,1.5994094488188977,0.9724409448818898,2.9783464566929134,0.44646178849963064
Haryana,2013,285000,1524000,4.88,Kharif,31.361639344262294,36.47311475409836,26.40844262295082,624.97,2381.95,61.82319672131148,2.020655737704918,0.4887531065083045,1.6565648888347506,1.5994094488188977,0.9724409448818898,2.9783464566929134,0.44646178849963064
Haryana,2013,285000,1524000,5.02,Kharif,31.361639344262294,36.47311475409836,26.40844262295082,624.97,2381.95,61.82319672131148,2.020655737704918,0.4887531065083045,1.6565648888347506,1.5994094488188977,0.9724409448818898,2.9783464566929134,0.44646178849963064
Haryana,2013,285000,1524000,4.3,Kharif,31.361639344262294,36.47311475409836,26.40844262295082,624.97,2381.95,61.82319672131148,2.020655737704918,0.4887531065083045,1.6565648888347506,1.5994094488188977,0.9724409448818898,2.9783464566929134,0.44646178849963064
Haryana,2013,285000,1524000,3.47,Kharif,31.361639344262294,36.47311475409836,26.40844262295082,624.97,2381.95,61.82319672131148,2.020655737704918,0.4887531065083045,1.6565648888347506,1.5994094488188977,0.9724409448818898,2.9783464566929134,0.44646178849963064
Haryana,2013,285000,1524000,4.9,Kharif,31.361639344262294,36.47311475409836,26.40844262295082,624.97,2381.95,61.82319672131148,2.020655737704918,0.4887531065083045,1.6565648888347506,1.5994094488188977,0.9724409448818898,2.9783464566929134,0.44646178849963064
Haryana,2013,285000,1524000,4.93,Kharif,31.361639344262294,36.47311475409836,26.40844262295082,624.97,2381.95,61.82319672131148,2.020655737704918,0.4887531065083045,1.6565648888347506,1.5994094488188977,0.9724409448818898,2.9783464566929134,0.44646178849963064
Haryana,2013,285000,1524000,3.92,Kharif,31.361639344262294,36.47311475409836,26.40844262295082,624.97,2381.95,61.82319672131148,2.020655737704918,0.4887531065083045,1.6565648888347506,1.5994094488188977,0.9724409448818898,2.9783464566929134,0.44646178849963064
Haryana,2013,285000,1524000,5.35,Kharif,31.361639344262294,36.47311475409836,26.40844262295082,624.97,2381.95,61.82319672131148,2.020655737704918,0.4887531065083045,1.6565648888347506,1.5994094488188977,0.9724409448818898,2.9783464566929134,0.44646178849963064
Haryana,2013,285000,1524000,4.65,Kharif,31.361639344262294,36.47311475409836,26.40844262295082,624.97,2381.95,61.82319672131148,2.020655737704918,0.4887531065083045,1.6565648888347506,1.5994094488188977,0.9724409448818898,2.9783464566929134,0.44646178849963064
Haryana,2013,285000,1524000,4.53,Kharif,31.361639344262294,36.47311475409836,26.40844262295082,624.97,2381.95,61.82319672131148,2.020655737704918,0.4887531065083045,1.6565648888347506,1.5994094488188977,0.9724409448818898,2.9783464566929134,0.44646178849963064
Haryana,2013,285000,1524000,4.63,Rabi,19.878773584905662,28.319433962264156,12.924009433962263,137.25,3252.09,43.91485849056604,1.7187264150943395,0.46887265360168484,1.6565648888347506,1.5994094488188977,0.9724409448818898,2.9783464566929134,0.44646178849963064
Haryana,2013,285000,1524000,4.23,Rabi,19.878773584905662,28.319433962264156,12.924009433962263,137.25,3252.09,43.91485849056604,1.7187264150943395,0.46887265360168484,1.6565648888347506,1.5994094488188977,0.9724409448818898,2.9783464566929134,0.44646178849963064
Haryana,2013,285000,1524000,4.67,Rabi,19.878773584905662,28.319433962264156,12.924009433962263,137.25,3252.09,43.91485849056604,1.7187264150943395,0.46887265360168484,1.6565648888347506,1.5994094488188977,0.9724409448818898,2.9783464566929134,0.44646178849963064
Haryana,2013,285000,1524000,5.32,Rabi,19.878773584905662,28.319433962264156,12.924009433962263,137.25,3252.09,43.91485849056604,1.7187264150943395,0.46887265360168484,1.6565648888347506,1.5994094488188977,0.9724409448818898,2.9783464566929134,0.44646178849963064
Haryana,2013,285000,1524000,4.48,Rabi,19.878773584905662,28.319433962264156,12.924009433962263,137.25,3252.09,43.91485849056604,1.7187264150943395,0.46887265360168484,1.6565648888347506,1.5994094488188977,0.9724409448818898,2.9783464566929134,0.44646178849963064
Haryana,2013,285000,1524000,4.51,Rabi,19.878773584905662,28.319433962264156,12.924009433962263,137.25,3252.09,43.91485849056604,1.7187264150943395,0.46887265360168484,1.6565648888347506,1.5994094488188977,0.9724409448818898,2.9783464566929134,0.44646178849963064
Haryana,2013,285000,1524000,4.55,Rabi,19.878773584905662,28.319433962264156,12.924009433962263,137.25,3252.09,43.91485849056604,1.7187264150943395,0.46887265360168484,1.6565648888347506,1.5994094488188977,0.9724409448818898,2.9783464566929134,0.44646178849963064
Haryana,2013,285000,1524000,4.82,Rabi,19.878773584905662,28.319433962264156,12.924009433962263,137.25,3252.09,43.91485849056604,1.7187264150943395,0.46887265360168484,1.6565648888347506,1.5994094488188977,0.9724409448818898,2.9783464566929134,0.44646178849963064
Haryana,2013,285000,1524000,4.91,Rabi,19.878773584905662,28.319433962264156,12.924009433962263,137.25,3252.09,43.91485849056604,1.7187264150943395,0.46887265360168484,1.6565648888347506,1.5994094488188977,0.9724409448818898,2.9783464566929134,0.44646178849963064
Haryana,2013,285000,1524000,4.88,Rabi,19.878773584905662,28.319433962264156,12.924009433962263,137.25,3252.09,43.91485849056604,1.7187264150943395,0.46887265360168484,1.6565648888347506,1.5994094488188977,0.9724409448818898,2.9783464566929134,0.44646178849963064
Haryana,2013,285000,1524000,5.02,Rabi,19.878773584905662,28.319433962264156,12.924009433962263,137.25,3252.09,43.91485849056604,1.7187264150943395,0.46887265360168484,1.6565648888347506,1.5994094488188977,0.9724409448818898,2.9783464566929134,0.44646178849963064
Haryana,2013,285000,1524000,4.3,Rabi,19.878773584905662,28.319433962264156,12.924009433962263,137.25,3252.09,43.91485849056604,1.7187264150943395,0.46887265360168484,1.6565648888347506,1.5994094488188977,0.9724409448818898,2.9783464566929134,0.44646178849963064
Haryana,2013,285000,1524000,3.47,Rabi,19.878773584905662,28.319433962264156,12.924009433962263,137.25,3252.09,43.91485849056604,1.7187264150943395,0.46887265360168484,1.6565648888347506,1.5994094488188977,0.9724409448818898,2.9783464566929134,0.44646178849963064
Haryana,2013,285000,1524000,4.9,Rabi,19.878773584905662,28.319433962264156,12.924009433962263,137.25,3252.09,43.91485849056604,1.7187264150943395,0.46887265360168484,1.6565648888347506,1.5994094488188977,0.9724409448818898,2.9783464566929134,0.44646178849963064
Haryana,2013,285000,1524000,4.93,Rabi,19.878773584905662,28.319433962264156,12.924009433962263,137.25,3252.09,43.91485849056604,1.7187264150943395,0.46887265360168484,1.6565648888347506,1.5994094488188977,0.9724409448818898,2.9783464566929134,0.44646178849963064
Haryana,2013,285000,1524000,3.92,Rabi,19.878773584905662,28.319433962264156,12.924009433962263,137.25,3252.09,43.91485849056604,1.7187264150943395,0.46887265360168484,1.6565648888347506,1.5994094488188977,0.9724409448818898,2.9783464566929134,0.44646178849963064
Haryana,2013,285000,1524000,5.35,Rabi,19.878773584905662,28.319433962264156,12.924009433962263,137.25,3252.09,43.91485849056604,1.7187264150943395,0.46887265360168484,1.6565648888347506,1.5994094488188977,0.9724409448818898,2.9783464566929134,0.44646178849963064
Haryana,2013,285000,1524000,4.65,Rabi,19.878773584905662,28.319433962264156,12.924009433962263,137.25,3252.09,43.91485849056604,1.7187264150943395,0.46887265360168484,1.6565648888347506,1.5994094488188977,0.9724409448818898,2.9783464566929134,0.44646178849963064
Haryana,2013,285000,1524000,4.53,Rabi,19.878773584905662,28.319433962264156,12.924009433962263,137.25,3252.09,43.91485849056604,1.7187264150943395,0.46887265360168484,1.6565648888347506,1.5994094488188977,0.9724409448818898,2.9783464566929134,0.44646178849963064
Haryana,2014,304000,1431000,3.66,Kharif,33.71590163934427,39.72352459016393,27.87803278688525,243.34,2545.76,44.75139344262295,2.499344262295082,0.4612557982508916,1.6565648888347506,1.5994094488188977,0.9724409448818898,2.9783464566929134,0.44646178849963064
Haryana,2014,304000,1431000,3.85,Kharif,33.71590163934427,39.72352459016393,27.87803278688525,243.34,2545.76,44.75139344262295,2.499344262295082,0.4612557982508916,1.6565648888347506,1.5994094488188977,0.9724409448818898,2.9783464566929134,0.44646178849963064
Haryana,2014,304000,1431000,3.32,Kharif,33.71590163934427,39.72352459016393,27.87803278688525,243.34,2545.76,44.75139344262295,2.499344262295082,0.4612557982508916,1.6565648888347506,1.5994094488188977,0.9724409448818898,2.9783464566929134,0.44646178849963064
Haryana,2014,304000,1431000,4.86,Kharif,33.71590163934427,39.72352459016393,27.87803278688525,243.34,2545.76,44.75139344262295,2.499344262295082,0.4612557982508916,1.6565648888347506,1.5994094488188977,0.9724409448818898,2.9783464566929134,0.44646178849963064
Haryana,2014,304000,1431000,3.16,Kharif,33.71590163934427,39.72352459016393,27.87803278688525,243.34,2545.76,44.75139344262295,2.499344262295082,0.4612557982508916,1.6565648888347506,1.5994094488188977,0.9724409448818898,2.9783464566929134,0.44646178849963064
Haryana,2014,304000,1431000,4.18,Kharif,33.71590163934427,39.72352459016393,27.87803278688525,243.34,2545.76,44.75139344262295,2.499344262295082,0.4612557982508916,1.6565648888347506,1.5994094488188977,0.9724409448818898,2.9783464566929134,0.44646178849963064
Haryana,2014,304000,1431000,3.69,Kharif,33.71590163934427,39.72352459016393,27.87803278688525,243.34,2545.76,44.75139344262295,2.499344262295082,0.4612557982508916,1.6565648888347506,1.5994094488188977,0.9724409448818898,2.9783464566929134,0.44646178849963064
Haryana,2014,304000,1431000,3.65,Kharif,33.71590163934427,39.72352459016393,27.87803278688525,243.34,2545.76,44.75139344262295,2.499344262295082,0.4612557982508916,1.6565648888347506,1.5994094488188977,0.9724409448818898,2.9783464566929134,0.44646178849963064
Haryana,2014,304000,1431000,4.25,Kharif,33.71590163934427,39.72352459016393,27.87803278688525,243.34,2545.76,44.75139344262295,2.499344262295082,0.4612557982508916,1.6565648888347506,1.5994094488188977,0.9724409448818898,2.9783464566929134,0.44646178849963064
Haryana,2014,304000,1431000,4.05,Kharif,33.71590163934427,39.72352459016393,27.87803278688525,243.34,2545.76,44.75139344262295,2.499344262295082,0.4612557982508916,1.6565648888347506,1.5994094488188977,0.9724409448818898,2.9783464566929134,0.44646178849963064
Haryana,2014,304000,1431000,4.06,Kharif,33.71590163934427,39.72352459016393,27.87803278688525,243.34,2545.76,44.75139344262295,2.499344262295082,0.4612557982508916,1.6565648888347506,1.5994094488188977,0.9724409448818898,2.9783464566929134,0.44646178849963064
Haryana,2014,304000,1431000,4.22,Kharif,33.71590163934427,39.72352459016393,27.87803278688525,243.34,2545.76,44.75139344262295,2.499344262295082,0.4612557982508916,1.6565648888347506,1.5994094488188977,0.9724409448818898,2.9783464566929134,0.44646178849963064
Haryana,2014,304000,1431000,3.21,Kharif,33.71590163934427,39.72352459016393,27.87803278688525,243.34,2545.76,44.75139344262295,2.499344262295082,0.4612557982508916,1.6565648888347506,1.5994094488188977,0.9724409448818898,2.9783464566929134,0.44646178849963064
Haryana,2014,304000,1431000,3.39,Kharif,33.71590163934427,39.72352459016393,27.87803278688525,243.34,2545.76,44.75139344262295,2.499344262295082,0.4612557982508916,1.6565648888347506,1.5994094488188977,0.9724409448818898,2.9783464566929134,0.44646178849963064
Haryana,2014,304000,1431000,2.94,Kharif,33.71590163934427,39.72352459016393,27.87803278688525,243.34,2545.76,44.75139344262295,2.499344262295082,0.4612557982508916,1.6565648888347506,1.5994094488188977,0.9724409448818898,2.9783464566929134,0.44646178849963064
Haryana,2014,304000,1431000,3.58,Kharif,33.71590163934427,39.72352459016393,27.87803278688525,243.34,2545.76,44.75139344262295,2.499344262295082,0.4612557982508916,1.6565648888347506,1.5994094488188977,0.9724409448818898,2.9783464566929134,0.44646178849963064
Haryana,2014,304000,1431000,3.62,Kharif,33.71590163934427,39.72352459016393,27.87803278688525,243.34,2545.76,44.75139344262295,2.499344262295082,0.4612557982508916,1.6565648888347506,1.5994094488188977,0.9724409448818898,2.9783464566929134,0.44646178849963064
Haryana,2014,304000,1431000,3.47,Kharif,33.71590163934427,39.72352459016393,27.87803278688525,243.34,2545.76,44.75139344262295,2.499344262295082,0.4612557982508916,1.6565648888347506,1.5994094488188977,0.9724409448818898,2.9783464566929134,0.44646178849963064
Haryana,2014,304000,1431000,4.71,Kharif,33.71590163934427,39.72352459016393,27.87803278688525,243.34,2545.76,44.75139344262295,2.499344262295082,0.4612557982508916,1.6565648888347506,1.5994094488188977,0.9724409448818898,2.9783464566929134,0.44646178849963064
Haryana,2014,304000,1431000,3.73,Kharif,33.71590163934427,39.72352459016393,27.87803278688525,243.34,2545.76,44.75139344262295,2.499344262295082,0.4612557982508916,1.6565648888347506,1.5994094488188977,0.9724409448818898,2.9783464566929134,0.44646178849963064
Haryana,2014,304000,1431000,3.84,Kharif,33.71590163934427,39.72352459016393,27.87803278688525,243.34,2545.76,44.75139344262295,2.499344262295082,0.4612557982508916,1.6565648888347506,1.5994094488188977,0.9724409448818898,2.9783464566929134,0.44646178849963064
Haryana,2014,304000,1431000,3.66,Rabi,20.018679245283018,28.5236320754717,13.08311320754717,98.31,3197.25,37.49787735849057,1.598443396226415,0.45768531386939804,1.6565648888347506,1.5994094488188977,0.9724409448818898,2.9783464566929134,0.44646178849963064
Haryana,2014,304000,1431000,3.85,Rabi,20.018679245283018,28.5236320754717,13.08311320754717,98.31,3197.25,37.49787735849057,1.598443396226415,0.45768531386939804,1.6565648888347506,1.5994094488188977,0.9724409448818898,2.9783464566929134,0.44646178849963064
Haryana,2014,304000,1431000,3.32,Rabi,20.018679245283018,28.5236320754717,13.08311320754717,98.31,3197.25,37.49787735849057,1.598443396226415,0.45768531386939804,1.6565648888347506,1.5994094488188977,0.9724409448818898,2.9783464566929134,0.44646178849963064
Haryana,2014,304000,1431000,4.86,Rabi,20.018679245283018,28.5236320754717,13.08311320754717,98.31,3197.25,37.49787735849057,1.598443396226415,0.45768531386939804,1.6565648888347506,1.5994094488188977,0.9724409448818898,2.9783464566929134,0.44646178849963064
Haryana,2014,304000,1431000,3.16,Rabi,20.018679245283018,28.5236320754717,13.08311320754717,98.31,3197.25,37.49787735849057,1.598443396226415,0.45768531386939804,1.6565648888347506,1.5994094488188977,0.9724409448818898,2.9783464566929134,0.44646178849963064
Haryana,2014,304000,1431000,4.18,Rabi,20.018679245283018,28.5236320754717,13.08311320754717,98.31,3197.25,37.49787735849057,1.598443396226415,0.45768531386939804,1.6565648888347506,1.5994094488188977,0.9724409448818898,2.9783464566929134,0.44646178849963064
Haryana,2014,304000,1431000,3.69,Rabi,20.018679245283018,28.5236320754717,13.08311320754717,98.31,3197.25,37.49787735849057,1.598443396226415,0.45768531386939804,1.6565648888347506,1.5994094488188977,0.9724409448818898,2.9783464566929134,0.44646178849963064
Haryana,2014,304000,1431000,3.65,Rabi,20.018679245283018,28.5236320754717,13.08311320754717,98.31,3197.25,37.49787735849057,1.598443396226415,0.45768531386939804,1.6565648888347506,1.5994094488188977,0.9724409448818898,2.9783464566929134,0.44646178849963064
Haryana,2014,304000,1431000,4.25,Rabi,20.018679245283018,28.5236320754717,13.08311320754717,98.31,3197.25,37.49787735849057,1.598443396226415,0.45768531386939804,1.6565648888347506,1.5994094488188977,0.9724409448818898,2.9783464566929134,0.44646178849963064
Haryana,2014,304000,1431000,4.05,Rabi,20.018679245283018,28.5236320754717,13.08311320754717,98.31,3197.25,37.49787735849057,1.598443396226415,0.45768531386939804,1.6565648888347506,1.5994094488188977,0.9724409448818898,2.9783464566929134,0.44646178849963064
Haryana,2014,304000,1431000,4.06,Rabi,20.018679245283018,28.5236320754717,13.08311320754717,98.31,3197.25,37.49787735849057,1.598443396226415,0.45768531386939804,1.6565648888347506,1.5994094488188977,0.9724409448818898,2.9783464566929134,0.44646178849963064
Haryana,2014,304000,1431000,4.22,Rabi,20.018679245283018,28.5236320754717,13.08311320754717,98.31,3197.25,37.49787735849057,1.598443396226415,0.45768531386939804,1.6565648888347506,1.5994094488188977,0.9724409448818898,2.9783464566929134,0.44646178849963064
Haryana,2014,304000,1431000,3.21,Rabi,20.018679245283018,28.5236320754717,13.08311320754717,98.31,3197.25,37.49787735849057,1.598443396226415,0.45768531386939804,1.6565648888347506,1.5994094488188977,0.9724409448818898,2.9783464566929134,0.44646178849963064
Haryana,2014,304000,1431000,3.39,Rabi,20.018679245283018,28.5236320754717,13.08311320754717,98.31,3197.25,37.49787735849057,1.598443396226415,0.45768531386939804,1.6565648888347506,1.5994094488188977,0.9724409448818898,2.9783464566929134,0.44646178849963064
Haryana,2014,304000,1431000,2.94,Rabi,20.018679245283018,28.5236320754717,13.08311320754717,98.31,3197.25,37.49787735849057,1.598443396226415,0.45768531386939804,1.6565648888347506,1.5994094488188977,0.9724409448818898,2.9783464566929134,0.44646178849963064
Haryana,2014,304000,1431000,3.58,Rabi,20.018679245283018,28.5236320754717,13.08311320754717,98.31,3197.25,37.49787735849057,1.598443396226415,0.45768531386939804,1.6565648888347506,1.5994094488188977,0.9724409448818898,2.9783464566929134,0.44646178849963064
Haryana,2014,304000,1431000,3.62,Rabi,20.018679245283018,28.5236320754717,13.08311320754717,98.31,3197.25,37.49787735849057,1.598443396226415,0.45768531386939804,1.6565648888347506,1.5994094488188977,0.9724409448818898,2.9783464566929134,0.44646178849963064
Haryana,2014,304000,1431000,3.47,Rabi,20.018679245283018,28.5236320754717,13.08311320754717,98.31,3197.25,37.49787735849057,1.598443396226415,0.45768531386939804,1.6565648888347506,1.5994094488188977,0.9724409448818898,2.9783464566929134,0.44646178849963064
Haryana,2014,304000,1431000,4.71,Rabi,20.018679245283018,28.5236320754717,13.08311320754717,98.31,3197.25,37.49787735849057,1.598443396226415,0.45768531386939804,1.6565648888347506,1.5994094488188977,0.9724409448818898,2.9783464566929134,0.44646178849963064
Haryana,2014,304000,1431000,3.73,Rabi,20.018679245283018,28.5236320754717,13.08311320754717,98.31,3197.25,37.49787735849057,1.598443396226415,0.45768531386939804,1.6565648888347506,1.5994094488188977,0.9724409448818898,2.9783464566929134,0.44646178849963064
Haryana,2014,304000,1431000,3.84,Rabi,20.018679245283018,28.5236320754717,13.08311320754717,98.31,3197.25,37.49787735849057,1.598443396226415,0.45768531386939804,1.6565648888347506,1.5994094488188977,0.9724409448818898,2.9783464566929134,0.44646178849963064
Haryana,2015,301000,1456000,4.58,Kharif,31.50672131147541,37.28622950819672,25.92811475409836,449.29,2440.17,54.17360655737705,2.138360655737705,0.46569229298032744,1.6565648888347506,1.5994094488188977,0.9724409448818898,2.9783464566929134,0.44646178849963064
Haryana,2015,301000,1456000,3.94,Kharif,31.50672131147541,37.28622950819672,25.92811475409836,449.29,2440.17,54.17360655737705,2.138360655737705,0.46569229298032744,1.6565648888347506,1.5994094488188977,0.9724409448818898,2.9783464566929134,0.44646178849963064
Haryana,2015,301000,1456000,3.99,Kharif,31.50672131147541,37.28622950819672,25.92811475409836,449.29,2440.17,54.17360655737705,2.138360655737705,0.46569229298032744,1.6565648888347506,1.5994094488188977,0.9724409448818898,2.9783464566929134,0.44646178849963064
Haryana,2015,301000,1456000,4.54,Kharif,31.50672131147541,37.28622950819672,25.92811475409836,449.29,2440.17,54.17360655737705,2.138360655737705,0.46569229298032744,1.6565648888347506,1.5994094488188977,0.9724409448818898,2.9783464566929134,0.44646178849963064
Haryana,2015,301000,1456000,4.3,Kharif,31.50672131147541,37.28622950819672,25.92811475409836,449.29,2440.17,54.17360655737705,2.138360655737705,0.46569229298032744,1.6565648888347506,1.5994094488188977,0.9724409448818898,2.9783464566929134,0.44646178849963064
Haryana,2015,301000,1456000,4.65,Kharif,31.50672131147541,37.28622950819672,25.92811475409836,449.29,2440.17,54.17360655737705,2.138360655737705,0.46569229298032744,1.6565648888347506,1.5994094488188977,0.9724409448818898,2.9783464566929134,0.44646178849963064
Haryana,2015,301000,1456000,3.87,Kharif,31.50672131147541,37.28622950819672,25.92811475409836,449.29,2440.17,54.17360655737705,2.138360655737705,0.46569229298032744,1.6565648888347506,1.5994094488188977,0.9724409448818898,2.9783464566929134,0.44646178849963064
Haryana,2015,301000,1456000,4.48,Kharif,31.50672131147541,37.28622950819672,25.92811475409836,449.29,2440.17,54.17360655737705,2.138360655737705,0.46569229298032744,1.6565648888347506,1.5994094488188977,0.9724409448818898,2.9783464566929134,0.44646178849963064
Haryana,2015,301000,1456000,4.53,Kharif,31.50672131147541,37.28622950819672,25.92811475409836,449.29,2440.17,54.17360655737705,2.138360655737705,0.46569229298032744,1.6565648888347506,1.5994094488188977,0.9724409448818898,2.9783464566929134,0.44646178849963064
Haryana,2015,301000,1456000,3.44,Kharif,31.50672131147541,37.28622950819672,25.92811475409836,449.29,2440.17,54.17360655737705,2.138360655737705,0.46569229298032744,1.6565648888347506,1.5994094488188977,0.9724409448818898,2.9783464566929134,0.44646178849963064
Haryana,2015,301000,1456000,4.42,Kharif,31.50672131147541,37.28622950819672,25.92811475409836,449.29,2440.17,54.17360655737705,2.138360655737705,0.46569229298032744,1.6565648888347506,1.5994094488188977,0.9724409448818898,2.9783464566929134,0.44646178849963064
Haryana,2015,301000,1456000,4.36,Kharif,31.50672131147541,37.28622950819672,25.92811475409836,449.29,2440.17,54.17360655737705,2.138360655737705,0.46569229298032744,1.6565648888347506,1.5994094488188977,0.9724409448818898,2.9783464566929134,0.44646178849963064
Haryana,2015,301000,1456000,3.96,Kharif,31.50672131147541,37.28622950819672,25.92811475409836,449.29,2440.17,54.17360655737705,2.138360655737705,0.46569229298032744,1.6565648888347506,1.5994094488188977,0.9724409448818898,2.9783464566929134,0.44646178849963064
Haryana,2015,301000,1456000,4.43,Kharif,31.50672131147541,37.28622950819672,25.92811475409836,449.29,2440.17,54.17360655737705,2.138360655737705,0.46569229298032744,1.6565648888347506,1.5994094488188977,0.9724409448818898,2.9783464566929134,0.44646178849963064
Haryana,2015,301000,1456000,4.93,Kharif,31.50672131147541,37.28622950819672,25.92811475409836,449.29,2440.17,54.17360655737705,2.138360655737705,0.46569229298032744,1.6565648888347506,1.5994094488188977,0.9724409448818898,2.9783464566929134,0.44646178849963064
Haryana,2015,301000,1456000,4.06,Kharif,31.50672131147541,37.28622950819672,25.92811475409836,449.29,2440.17,54.17360655737705,2.138360655737705,0.46569229298032744,1.6565648888347506,1.5994094488188977,0.9724409448818898,2.9783464566929134,0.44646178849963064
Haryana,2015,301000,1456000,3.91,Kharif,31.50672131147541,37.28622950819672,25.92811475409836,449.29,2440.17,54.17360655737705,2.138360655737705,0.46569229298032744,1.6565648888347506,1.5994094488188977,0.9724409448818898,2.9783464566929134,0.44646178849963064
Haryana,2015,301000,1456000,4.84,Kharif,31.50672131147541,37.28622950819672,25.92811475409836,449.29,2440.17,54.17360655737705,2.138360655737705,0.46569229298032744,1.6565648888347506,1.5994094488188977,0.9724409448818898,2.9783464566929134,0.44646178849963064
Haryana,2015,301000,1456000,4.45,Kharif,31.50672131147541,37.28622950819672,25.92811475409836,449.29,2440.17,54.17360655737705,2.138360655737705,0.46569229298032744,1.6565648888347506,1.5994094488188977,0.9724409448818898,2.9783464566929134,0.44646178849963064
Haryana,2015,301000,1456000,3.33,Kharif,31.50672131147541,37.28622950819672,25.92811475409836,449.29,2440.17,54.17360655737705,2.138360655737705,0.46569229298032744,1.6565648888347506,1.5994094488188977,0.9724409448818898,2.9783464566929134,0.44646178849963064
Haryana,2015,301000,1456000,4.58,Rabi,20.4252358490566,28.783632075471697,13.564905660377358,177.07,3188.31,40.35377358490566,1.604858490566038,0.4745322980880036,1.6565648888347506,1.5994094488188977,0.9724409448818898,2.9783464566929134,0.44646178849963064
Haryana,2015,301000,1456000,3.94,Rabi,20.4252358490566,28.783632075471697,13.564905660377358,177.07,3188.31,40.35377358490566,1.604858490566038,0.4745322980880036,1.6565648888347506,1.5994094488188977,0.9724409448818898,2.9783464566929134,0.44646178849963064
Haryana,2015,301000,1456000,3.99,Rabi,20.4252358490566,28.783632075471697,13.564905660377358,177.07,3188.31,40.35377358490566,1.604858490566038,0.4745322980880036,1.6565648888347506,1.5994094488188977,0.9724409448818898,2.9783464566929134,0.44646178849963064
Haryana,2015,301000,1456000,4.54,Rabi,20.4252358490566,28.783632075471697,13.564905660377358,177.07,3188.31,40.35377358490566,1.604858490566038,0.4745322980880036,1.6565648888347506,1.5994094488188977,0.9724409448818898,2.9783464566929134,0.44646178849963064
Haryana,2015,301000,1456000,4.3,Rabi,20.4252358490566,28.783632075471697,13.564905660377358,177.07,3188.31,40.35377358490566,1.604858490566038,0.4745322980880036,1.6565648888347506,1.5994094488188977,0.9724409448818898,2.9783464566929134,0.44646178849963064
Haryana,2015,301000,1456000,4.65,Rabi,20.4252358490566,28.783632075471697,13.564905660377358,177.07,3188.31,40.35377358490566,1.604858490566038,0.4745322980880036,1.6565648888347506,1.5994094488188977,0.9724409448818898,2.9783464566929134,0.44646178849963064
Haryana,2015,301000,1456000,3.87,Rabi,20.4252358490566,28.783632075471697,13.564905660377358,177.07,3188.31,40.35377358490566,1.604858490566038,0.4745322980880036,1.6565648888347506,1.5994094488188977,0.9724409448818898,2.9783464566929134,0.44646178849963064
Haryana,2015,301000,1456000,4.48,Rabi,20.4252358490566,28.783632075471697,13.564905660377358,177.07,3188.31,40.35377358490566,1.604858490566038,0.4745322980880036,1.6565648888347506,1.5994094488188977,0.9724409448818898,2.9783464566929134,0.44646178849963064
Haryana,2015,301000,1456000,4.53,Rabi,20.4252358490566,28.783632075471697,13.564905660377358,177.07,3188.31,40.35377358490566,1.604858490566038,0.4745322980880036,1.6565648888347506,1.5994094488188977,0.9724409448818898,2.9783464566929134,0.44646178849963064
Haryana,2015,301000,1456000,3.44,Rabi,20.4252358490566,28.783632075471697,13.564905660377358,177.07,3188.31,40.35377358490566,1.604858490566038,0.4745322980880036,1.6565648888347506,1.5994094488188977,0.9724409448818898,2.9783464566929134,0.44646178849963064
Haryana,2015,301000,1456000,4.42,Rabi,20.4252358490566,28.783632075471697,13.564905660377358,177.07,3188.31,40.35377358490566,1.604858490566038,0.4745322980880036,1.6565648888347506,1.5994094488188977,0.9724409448818898,2.9783464566929134,0.44646178849963064
Haryana,2015,301000,1456000,4.36,Rabi,20.4252358490566,28.783632075471697,13.564905660377358,177.07,3188.31,40.35377358490566,1.604858490566038,0.4745322980880036,1.6565648888347506,1.5994094488188977,0.9724409448818898,2.9783464566929134,0.44646178849963064
Haryana,2015,301000,1456000,3.96,Rabi,20.4252358490566,28.783632075471697,13.564905660377358,177.07,3188.31,40.35377358490566,1.604858490566038,0.4745322980880036,1.6565648888347506,1.5994094488188977,0.9724409448818898,2.9783464566929134,0.44646178849963064
Haryana,2015,301000,1456000,4.43,Rabi,20.4252358490566,28.783632075471697,13.564905660377358,177.07,3188.31,40.35377358490566,1.604858490566038,0.4745322980880036,1.6565648888347506,1.5994094488188977,0.9724409448818898,2.9783464566929134,0.44646178849963064
Haryana,2015,301000,1456000,4.93,Rabi,20.4252358490566,28.783632075471697,13.564905660377358,177.07,3188.31,40.35377358490566,1.604858490566038,0.4745322980880036,1.6565648888347506,1.5994094488188977,0.9724409448818898,2.9783464566929134,0.44646178849963064
Haryana,2015,301000,1456000,4.06,Rabi,20.4252358490566,28.783632075471697,13.564905660377358,177.07,3188.31,40.35377358490566,1.604858490566038,0.4745322980880036,1.6565648888347506,1.5994094488188977,0.9724409448818898,2.9783464566929134,0.44646178849963064
Haryana,2015,301000,1456000,3.91,Rabi,20.4252358490566,28.783632075471697,13.564905660377358,177.07,3188.31,40.35377358490566,1.604858490566038,0.4745322980880036,1.6565648888347506,1.5994094488188977,0.9724409448818898,2.9783464566929134,0.44646178849963064
Haryana,2015,301000,1456000,4.84,Rabi,20.4252358490566,28.783632075471697,13.564905660377358,177.07,3188.31,40.35377358490566,1.604858490566038,0.4745322980880036,1.6565648888347506,1.5994094488188977,0.9724409448818898,2.9783464566929134,0.44646178849963064
Haryana,2015,301000,1456000,4.45,Rabi,20.4252358490566,28.783632075471697,13.564905660377358,177.07,3188.31,40.35377358490566,1.604858490566038,0.4745322980880036,1.6565648888347506,1.5994094488188977,0.9724409448818898,2.9783464566929134,0.44646178849963064
Haryana,2015,301000,1456000,3.33,Rabi,20.4252358490566,28.783632075471697,13.564905660377358,177.07,3188.31,40.35377358490566,1.604858490566038,0.4745322980880036,1.6565648888347506,1.5994094488188977,0.9724409448818898,2.9783464566929134,0.44646178849963064
Haryana,2016,304500,1544000,4.51,Kharif,31.85377049180328,37.1544262295082,26.68934426229508,478.25,2387.67,58.28704918032786,1.8001639344262297,0.4941692551261344,1.6565648888347506,1.5994094488188977,0.9724409448818898,2.9783464566929134,0.44646178849963064
Haryana,2016,304500,1544000,4.32,Kharif,31.85377049180328,37.1544262295082,26.68934426229508,478.25,2387.67,58.28704918032786,1.8001639344262297,0.4941692551261344,1.6565648888347506,1.5994094488188977,0.9724409448818898,2.9783464566929134,0.44646178849963064
Haryana,2016,304500,1544000,4.7,Kharif,31.85377049180328,37.1544262295082,26.68934426229508,478.25,2387.67,58.28704918032786,1.8001639344262297,0.4941692551261344,1.6565648888347506,1.5994094488188977,0.9724409448818898,2.9783464566929134,0.44646178849963064
Haryana,2016,304500,1544000,5.26,Kharif,31.85377049180328,37.1544262295082,26.68934426229508,478.25,2387.67,58.28704918032786,1.8001639344262297,0.4941692551261344,1.6565648888347506,1.5994094488188977,0.9724409448818898,2.9783464566929134,0.44646178849963064
Haryana,2016,304500,1544000,4.67,Kharif,31.85377049180328,37.1544262295082,26.68934426229508,478.25,2387.67,58.28704918032786,1.8001639344262297,0.4941692551261344,1.6565648888347506,1.5994094488188977,0.9724409448818898,2.9783464566929134,0.44646178849963064
Haryana,2016,304500,1544000,4.76,Kharif,31.85377049180328,37.1544262295082,26.68934426229508,478.25,2387.67,58.28704918032786,1.8001639344262297,0.4941692551261344,1.6565648888347506,1.5994094488188977,0.9724409448818898,2.9783464566929134,0.44646178849963064
Haryana,2016,304500,1544000,5.09,Kharif,31.85377049180328,37.1544262295082,26.68934426229508,478.25,2387.67,58.28704918032786,1.8001639344262297,0.4941692551261344,1.6565648888347506,1.5994094488188977,0.9724409448818898,2.9783464566929134,0.44646178849963064
Haryana,2016,304500,1544000,4.87,Kharif,31.85377049180328,37.1544262295082,26.68934426229508,478.25,2387.67,58.28704918032786,1.8001639344262297,0.4941692551261344,1.6565648888347506,1.5994094488188977,0.9724409448818898,2.9783464566929134,0.44646178849963064
Haryana,2016,304500,1544000,4.98,Kharif,31.85377049180328,37.1544262295082,26.68934426229508,478.25,2387.67,58.28704918032786,1.8001639344262297,0.4941692551261344,1.6565648888347506,1.5994094488188977,0.9724409448818898,2.9783464566929134,0.44646178849963064
Haryana,2016,304500,1544000,5.21,Kharif,31.85377049180328,37.1544262295082,26.68934426229508,478.25,2387.67,58.28704918032786,1.8001639344262297,0.4941692551261344,1.6565648888347506,1.5994094488188977,0.9724409448818898,2.9783464566929134,0.44646178849963064
Haryana,2016,304500,1544000,4.77,Kharif,31.85377049180328,37.1544262295082,26.68934426229508,478.25,2387.67,58.28704918032786,1.8001639344262297,0.4941692551261344,1.6565648888347506,1.5994094488188977,0.9724409448818898,2.9783464566929134,0.44646178849963064
Haryana,2016,304500,1544000,4.72,Kharif,31.85377049180328,37.1544262295082,26.68934426229508,478.25,2387.67,58.28704918032786,1.8001639344262297,0.4941692551261344,1.6565648888347506,1.5994094488188977,0.9724409448818898,2.9783464566929134,0.44646178849963064
Haryana,2016,304500,1544000,4.17,Kharif,31.85377049180328,37.1544262295082,26.68934426229508,478.25,2387.67,58.28704918032786,1.8001639344262297,0.4941692551261344,1.6565648888347506,1.5994094488188977,0.9724409448818898,2.9783464566929134,0.44646178849963064
Haryana,2016,304500,1544000,4.37,Kharif,31.85377049180328,37.1544262295082,26.68934426229508,478.25,2387.67,58.28704918032786,1.8001639344262297,0.4941692551261344,1.6565648888347506,1.5994094488188977,0.9724409448818898,2.9783464566929134,0.44646178849963064
Haryana,2016,304500,1544000,3.83,Kharif,31.85377049180328,37.1544262295082,26.68934426229508,478.25,2387.67,58.28704918032786,1.8001639344262297,0.4941692551261344,1.6565648888347506,1.5994094488188977,0.9724409448818898,2.9783464566929134,0.44646178849963064
Haryana,2016,304500,1544000,5.11,Kharif,31.85377049180328,37.1544262295082,26.68934426229508,478.25,2387.67,58.28704918032786,1.8001639344262297,0.4941692551261344,1.6565648888347506,1.5994094488188977,0.9724409448818898,2.9783464566929134,0.44646178849963064
Haryana,2016,304500,1544000,5.02,Kharif,31.85377049180328,37.1544262295082,26.68934426229508,478.25,2387.67,58.28704918032786,1.8001639344262297,0.4941692551261344,1.6565648888347506,1.5994094488188977,0.9724409448818898,2.9783464566929134,0.44646178849963064
Haryana,2016,304500,1544000,4.6,Kharif,31.85377049180328,37.1544262295082,26.68934426229508,478.25,2387.67,58.28704918032786,1.8001639344262297,0.4941692551261344,1.6565648888347506,1.5994094488188977,0.9724409448818898,2.9783464566929134,0.44646178849963064
Haryana,2016,304500,1544000,5.07,Kharif,31.85377049180328,37.1544262295082,26.68934426229508,478.25,2387.67,58.28704918032786,1.8001639344262297,0.4941692551261344,1.6565648888347506,1.5994094488188977,0.9724409448818898,2.9783464566929134,0.44646178849963064
Haryana,2016,304500,1544000,5.13,Kharif,31.85377049180328,37.1544262295082,26.68934426229508,478.25,2387.67,58.28704918032786,1.8001639344262297,0.4941692551261344,1.6565648888347506,1.5994094488188977,0.9724409448818898,2.9783464566929134,0.44646178849963064
Haryana,2016,304500,1544000,4.48,Kharif,31.85377049180328,37.1544262295082,26.68934426229508,478.25,2387.67,58.28704918032786,1.8001639344262297,0.4941692551261344,1.6565648888347506,1.5994094488188977,0.9724409448818898,2.9783464566929134,0.44646178849963064
Haryana,2016,304500,1544000,4.51,Rabi,21.945164319248825,30.828450704225357,14.609953051643194,31.41,3309.7,27.8875117370892,1.6638967136150236,0.4492043640877087,1.6565648888347506,1.5994094488188977,0.9724409448818898,2.9783464566929134,0.44646178849963064
Haryana,2016,304500,1544000,4.32,Rabi,21.945164319248825,30.828450704225357,14.609953051643194,31.41,3309.7,27.8875117370892,1.6638967136150236,0.4492043640877087,1.6565648888347506,1.5994094488188977,0.9724409448818898,2.9783464566929134,0.44646178849963064
Haryana,2016,304500,1544000,4.7,Rabi,21.945164319248825,30.828450704225357,14.609953051643194,31.41,3309.7,27.8875117370892,1.6638967136150236,0.4492043640877087,1.6565648888347506,1.5994094488188977,0.9724409448818898,2.9783464566929134,0.44646178849963064
Haryana,2016,304500,1544000,5.26,Rabi,21.945164319248825,30.828450704225357,14.609953051643194,31.41,3309.7,27.8875117370892,1.6638967136150236,0.4492043640877087,1.6565648888347506,1.5994094488188977,0.9724409448818898,2.9783464566929134,0.44646178849963064
Haryana,2016,304500,1544000,4.67,Rabi,21.945164319248825,30.828450704225357,14.609953051643194,31.41,3309.7,27.8875117370892,1.6638967136150236,0.4492043640877087,1.6565648888347506,1.5994094488188977,0.9724409448818898,2.9783464566929134,0.44646178849963064
Haryana,2016,304500,1544000,4.76,Rabi,21.945164319248825,30.828450704225357,14.609953051643194,31.41,3309.7,27.8875117370892,1.6638967136150236,0.4492043640877087,1.6565648888347506,1.5994094488188977,0.9724409448818898,2.9783464566929134,0.44646178849963064
Haryana,2016,304500,1544000,5.09,Rabi,21.945164319248825,30.828450704225357,14.609953051643194,31.41,3309.7,27.8875117370892,1.6638967136150236,0.4492043640877087,1.6565648888347506,1.5994094488188977,0.9724409448818898,2.9783464566929134,0.44646178849963064
Haryana,2016,304500,1544000,4.87,Rabi,21.945164319248825,30.828450704225357,14.609953051643194,31.41,3309.7,27.8875117370892,1.6638967136150236,0.4492043640877087,1.6565648888347506,1.5994094488188977,0.9724409448818898,2.9783464566929134,0.44646178849963064
Haryana,2016,304500,1544000,4.98,Rabi,21.945164319248825,30.828450704225357,14.609953051643194,31.41,3309.7,27.8875117370892,1.6638967136150236,0.4492043640877087,1.6565648888347506,1.5994094488188977,0.9724409448818898,2.9783464566929134,0.44646178849963064
Haryana,2016,304500,1544000,5.21,Rabi,21.945164319248825,30.828450704225357,14.609953051643194,31.41,3309.7,27.8875117370892,1.6638967136150236,0.4492043640877087,1.6565648888347506,1.5994094488188977,0.9724409448818898,2.9783464566929134,0.44646178849963064
Haryana,2016,304500,1544000,4.77,Rabi,21.945164319248825,30.828450704225357,14.609953051643194,31.41,3309.7,27.8875117370892,1.6638967136150236,0.4492043640877087,1.6565648888347506,1.5994094488188977,0.9724409448818898,2.9783464566929134,0.44646178849963064
Haryana,2016,304500,1544000,4.72,Rabi,21.945164319248825,30.828450704225357,14.609953051643194,31.41,3309.7,27.8875117370892,1.6638967136150236,0.4492043640877087,1.6565648888347506,1.5994094488188977,0.9724409448818898,2.9783464566929134,0.44646178849963064
Haryana,2016,304500,1544000,4.17,Rabi,21.945164319248825,30.828450704225357,14.609953051643194,31.41,3309.7,27.8875117370892,1.6638967136150236,0.4492043640877087,1.6565648888347506,1.5994094488188977,0.9724409448818898,2.9783464566929134,0.44646178849963064
Haryana,2016,304500,1544000,4.37,Rabi,21.945164319248825,30.828450704225357,14.609953051643194,31.41,3309.7,27.8875117370892,1.6638967136150236,0.4492043640877087,1.6565648888347506,1.5994094488188977,0.9724409448818898,2.9783464566929134,0.44646178849963064
Haryana,2016,304500,1544000,3.83,Rabi,21.945164319248825,30.828450704225357,14.609953051643194,31.41,3309.7,27.8875117370892,1.6638967136150236,0.4492043640877087,1.6565648888347506,1.5994094488188977,0.9724409448818898,2.9783464566929134,0.44646178849963064
Haryana,2016,304500,1544000,5.11,Rabi,21.945164319248825,30.828450704225357,14.609953051643194,31.41,3309.7,27.8875117370892,1.6638967136150236,0.4492043640877087,1.6565648888347506,1.5994094488188977,0.9724409448818898,2.9783464566929134,0.44646178849963064
Haryana,2016,304500,1544000,5.02,Rabi,21.945164319248825,30.828450704225357,14.609953051643194,31.41,3309.7,27.8875117370892,1.6638967136150236,0.4492043640877087,1.6565648888347506,1.5994094488188977,0.9724409448818898,2.9783464566929134,0.44646178849963064
Haryana,2016,304500,1544000,4.6,Rabi,21.945164319248825,30.828450704225357,14.609953051643194,31.41,3309.7,27.8875117370892,1.6638967136150236,0.4492043640877087,1.6565648888347506,1.5994094488188977,0.9724409448818898,2.9783464566929134,0.44646178849963064
Haryana,2016,304500,1544000,5.07,Rabi,21.945164319248825,30.828450704225357,14.609953051643194,31.41,3309.7,27.8875117370892,1.6638967136150236,0.4492043640877087,1.6565648888347506,1.5994094488188977,0.9724409448818898,2.9783464566929134,0.44646178849963064
Haryana,2016,304500,1544000,5.13,Rabi,21.945164319248825,30.828450704225357,14.609953051643194,31.41,3309.7,27.8875117370892,1.6638967136150236,0.4492043640877087,1.6565648888347506,1.5994094488188977,0.9724409448818898,2.9783464566929134,0.44646178849963064
Haryana,2016,304500,1544000,4.48,Rabi,21.945164319248825,30.828450704225357,14.609953051643194,31.41,3309.7,27.8875117370892,1.6638967136150236,0.4492043640877087,1.6565648888347506,1.5994094488188977,0.9724409448818898,2.9783464566929134,0.44646178849963064
Haryana,2017,295300,1494700,4.65,Kharif,31.84606557377049,37.55270491803279,26.483196721311472,420.15,2378.82,55.50934426229509,2.094672131147541,0.49251621786368716,1.6565648888347506,1.5994094488188977,0.9724409448818898,2.9783464566929134,0.44646178849963064
Haryana,2017,295300,1494700,4.32,Kharif,31.84606557377049,37.55270491803279,26.483196721311472,420.15,2378.82,55.50934426229509,2.094672131147541,0.49251621786368716,1.6565648888347506,1.5994094488188977,0.9724409448818898,2.9783464566929134,0.44646178849963064
Haryana,2017,295300,1494700,4.12,Kharif,31.84606557377049,37.55270491803279,26.483196721311472,420.15,2378.82,55.50934426229509,2.094672131147541,0.49251621786368716,1.6565648888347506,1.5994094488188977,0.9724409448818898,2.9783464566929134,0.44646178849963064
Haryana,2017,295300,1494700,4.45,Kharif,31.84606557377049,37.55270491803279,26.483196721311472,420.15,2378.82,55.50934426229509,2.094672131147541,0.49251621786368716,1.6565648888347506,1.5994094488188977,0.9724409448818898,2.9783464566929134,0.44646178849963064
Haryana,2017,295300,1494700,5.38,Kharif,31.84606557377049,37.55270491803279,26.483196721311472,420.15,2378.82,55.50934426229509,2.094672131147541,0.49251621786368716,1.6565648888347506,1.5994094488188977,0.9724409448818898,2.9783464566929134,0.44646178849963064
Haryana,2017,295300,1494700,4.91,Kharif,31.84606557377049,37.55270491803279,26.483196721311472,420.15,2378.82,55.50934426229509,2.094672131147541,0.49251621786368716,1.6565648888347506,1.5994094488188977,0.9724409448818898,2.9783464566929134,0.44646178849963064
Haryana,2017,295300,1494700,5.05,Kharif,31.84606557377049,37.55270491803279,26.483196721311472,420.15,2378.82,55.50934426229509,2.094672131147541,0.49251621786368716,1.6565648888347506,1.5994094488188977,0.9724409448818898,2.9783464566929134,0.44646178849963064
Haryana,2017,295300,1494700,4.83,Kharif,31.84606557377049,37.55270491803279,26.483196721311472,420.15,2378.82,55.50934426229509,2.094672131147541,0.49251621786368716,1.6565648888347506,1.5994094488188977,0.9724409448818898,2.9783464566929134,0.44646178849963064
Haryana,2017,295300,1494700,4.92,Kharif,31.84606557377049,37.55270491803279,26.483196721311472,420.15,2378.82,55.50934426229509,2.094672131147541,0.49251621786368716,1.6565648888347506,1.5994094488188977,0.9724409448818898,2.9783464566929134,0.44646178849963064
Haryana,2017,295300,1494700,4.82,Kharif,31.84606557377049,37.55270491803279,26.483196721311472,420.15,2378.82,55.50934426229509,2.094672131147541,0.49251621786368716,1.6565648888347506,1.5994094488188977,0.9724409448818898,2.9783464566929134,0.44646178849963064
Haryana,2017,295300,1494700,4.27,Kharif,31.84606557377049,37.55270491803279,26.483196721311472,420.15,2378.82,55.50934426229509,2.094672131147541,0.49251621786368716,1.6565648888347506,1.5994094488188977,0.9724409448818898,2.9783464566929134,0.44646178849963064
Haryana,2017,295300,1494700,4.55,Kharif,31.84606557377049,37.55270491803279,26.483196721311472,420.15,2378.82,55.50934426229509,2.094672131147541,0.49251621786368716,1.6565648888347506,1.5994094488188977,0.9724409448818898,2.9783464566929134,0.44646178849963064
Haryana,2017,295300,1494700,3.74,Kharif,31.84606557377049,37.55270491803279,26.483196721311472,420.15,2378.82,55.50934426229509,2.094672131147541,0.49251621786368716,1.6565648888347506,1.5994094488188977,0.9724409448818898,2.9783464566929134,0.44646178849963064
Haryana,2017,295300,1494700,5.19,Kharif,31.84606557377049,37.55270491803279,26.483196721311472,420.15,2378.82,55.50934426229509,2.094672131147541,0.49251621786368716,1.6565648888347506,1.5994094488188977,0.9724409448818898,2.9783464566929134,0.44646178849963064
Haryana,2017,295300,1494700,4.9,Kharif,31.84606557377049,37.55270491803279,26.483196721311472,420.15,2378.82,55.50934426229509,2.094672131147541,0.49251621786368716,1.6565648888347506,1.5994094488188977,0.9724409448818898,2.9783464566929134,0.44646178849963064
Haryana,2017,295300,1494700,4.63,Kharif,31.84606557377049,37.55270491803279,26.483196721311472,420.15,2378.82,55.50934426229509,2.094672131147541,0.49251621786368716,1.6565648888347506,1.5994094488188977,0.9724409448818898,2.9783464566929134,0.44646178849963064
Haryana,2017,295300,1494700,5.06,Kharif,31.84606557377049,37.55270491803279,26.483196721311472,420.15,2378.82,55.50934426229509,2.094672131147541,0.49251621786368716,1.6565648888347506,1.5994094488188977,0.9724409448818898,2.9783464566929134,0.44646178849963064
Haryana,2017,295300,1494700,5.07,Kharif,31.84606557377049,37.55270491803279,26.483196721311472,420.15,2378.82,55.50934426229509,2.094672131147541,0.49251621786368716,1.6565648888347506,1.5994094488188977,0.9724409448818898,2.9783464566929134,0.44646178849963064
Haryana,2017,295300,1494700,4.78,Kharif,31.84606557377049,37.55270491803279,26.483196721311472,420.15,2378.82,55.50934426229509,2.094672131147541,0.49251621786368716,1.6565648888347506,1.5994094488188977,0.9724409448818898,2.9783464566929134,0.44646178849963064
Haryana,2017,295300,1494700,4.65,Rabi,21.104150943396228,30.00867924528302,13.958679245283015,88.78,3355.38,33.639009433962265,1.696933962264151,0.45865382532779203,1.6565648888347506,1.5994094488188977,0.9724409448818898,2.9783464566929134,0.44646178849963064
Haryana,2017,295300,1494700,4.32,Rabi,21.104150943396228,30.00867924528302,13.958679245283015,88.78,3355.38,33.639009433962265,1.696933962264151,0.45865382532779203,1.6565648888347506,1.5994094488188977,0.9724409448818898,2.9783464566929134,0.44646178849963064
Haryana,2017,295300,1494700,4.12,Rabi,21.104150943396228,30.00867924528302,13.958679245283015,88.78,3355.38,33.639009433962265,1.696933962264151,0.45865382532779203,1.6565648888347506,1.5994094488188977,0.9724409448818898,2.9783464566929134,0.44646178849963064
Haryana,2017,295300,1494700,4.45,Rabi,21.104150943396228,30.00867924528302,13.958679245283015,88.78,3355.38,33.639009433962265,1.696933962264151,0.45865382532779203,1.6565648888347506,1.5994094488188977,0.9724409448818898,2.9783464566929134,0.44646178849963064
Haryana,2017,295300,1494700,5.38,Rabi,21.104150943396228,30.00867924528302,13.958679245283015,88.78,3355.38,33.639009433962265,1.696933962264151,0.45865382532779203,1.6565648888347506,1.5994094488188977,0.9724409448818898,2.9783464566929134,0.44646178849963064
Haryana,2017,295300,1494700,4.91,Rabi,21.104150943396228,30.00867924528302,13.958679245283015,88.78,3355.38,33.639009433962265,1.696933962264151,0.45865382532779203,1.6565648888347506,1.5994094488188977,0.9724409448818898,2.9783464566929134,0.44646178849963064
Haryana,2017,295300,1494700,5.05,Rabi,21.104150943396228,30.00867924528302,13.958679245283015,88.78,3355.38,33.639009433962265,1.696933962264151,0.45865382532779203,1.6565648888347506,1.5994094488188977,0.9724409448818898,2.9783464566929134,0.44646178849963064
Haryana,2017,295300,1494700,4.83,Rabi,21.104150943396228,30.00867924528302,13.958679245283015,88.78,3355.38,33.639009433962265,1.696933962264151,0.45865382532779203,1.6565648888347506,1.5994094488188977,0.9724409448818898,2.9783464566929134,0.44646178849963064
Haryana,2017,295300,1494700,4.92,Rabi,21.104150943396228,30.00867924528302,13.958679245283015,88.78,3355.38,33.639009433962265,1.696933962264151,0.45865382532779203,1.6565648888347506,1.5994094488188977,0.9724409448818898,2.9783464566929134,0.44646178849963064
Haryana,2017,295300,1494700,4.82,Rabi,21.104150943396228,30.00867924528302,13.958679245283015,88.78,3355.38,33.639009433962265,1.696933962264151,0.45865382532779203,1.6565648888347506,1.5994094488188977,0.9724409448818898,2.9783464566929134,0.44646178849963064
Haryana,2017,295300,1494700,4.27,Rabi,21.104150943396228,30.00867924528302,13.958679245283015,88.78,3355.38,33.639009433962265,1.696933962264151,0.45865382532779203,1.6565648888347506,1.5994094488188977,0.9724409448818898,2.9783464566929134,0.44646178849963064
Haryana,2017,295300,1494700,4.55,Rabi,21.104150943396228,30.00867924528302,13.958679245283015,88.78,3355.38,33.639009433962265,1.696933962264151,0.45865382532779203,1.6565648888347506,1.5994094488188977,0.9724409448818898,2.9783464566929134,0.44646178849963064
Haryana,2017,295300,1494700,3.74,Rabi,21.104150943396228,30.00867924528302,13.958679245283015,88.78,3355.38,33.639009433962265,1.696933962264151,0.45865382532779203,1.6565648888347506,1.5994094488188977,0.9724409448818898,2.9783464566929134,0.44646178849963064
Haryana,2017,295300,1494700,5.19,Rabi,21.104150943396228,30.00867924528302,13.958679245283015,88.78,3355.38,33.639009433962265,1.696933962264151,0.45865382532779203,1.6565648888347506,1.5994094488188977,0.9724409448818898,2.9783464566929134,0.44646178849963064
Haryana,2017,295300,1494700,4.9,Rabi,21.104150943396228,30.00867924528302,13.958679245283015,88.78,3355.38,33.639009433962265,1.696933962264151,0.45865382532779203,1.6565648888347506,1.5994094488188977,0.9724409448818898,2.9783464566929134,0.44646178849963064
Haryana,2017,295300,1494700,4.63,Rabi,21.104150943396228,30.00867924528302,13.958679245283015,88.78,3355.38,33.639009433962265,1.696933962264151,0.45865382532779203,1.6565648888347506,1.5994094488188977,0.9724409448818898,2.9783464566929134,0.44646178849963064
Haryana,2017,295300,1494700,5.06,Rabi,21.104150943396228,30.00867924528302,13.958679245283015,88.78,3355.38,33.639009433962265,1.696933962264151,0.45865382532779203,1.6565648888347506,1.5994094488188977,0.9724409448818898,2.9783464566929134,0.44646178849963064
Haryana,2017,295300,1494700,5.07,Rabi,21.104150943396228,30.00867924528302,13.958679245283015,88.78,3355.38,33.639009433962265,1.696933962264151,0.45865382532779203,1.6565648888347506,1.5994094488188977,0.9724409448818898,2.9783464566929134,0.44646178849963064
Haryana,2017,295300,1494700,4.78,Rabi,21.104150943396228,30.00867924528302,13.958679245283015,88.78,3355.38,33.639009433962265,1.696933962264151,0.45865382532779203,1.6565648888347506,1.5994094488188977,0.9724409448818898,2.9783464566929134,0.44646178849963064
Haryana,2018,293100,1484000,4.75,Kharif,31.50565573770492,36.689590163934426,26.63639344262295,566.6,2197.5,60.75,2.0035245901639347,0.4842721389258372,1.6565648888347506,1.5994094488188977,0.9724409448818898,2.9783464566929134,0.44646178849963064
Haryana,2018,293100,1484000,4.42,Kharif,31.50565573770492,36.689590163934426,26.63639344262295,566.6,2197.5,60.75,2.0035245901639347,0.4842721389258372,1.6565648888347506,1.5994094488188977,0.9724409448818898,2.9783464566929134,0.44646178849963064
Haryana,2018,293100,1484000,5.0,Kharif,31.50565573770492,36.689590163934426,26.63639344262295,566.6,2197.5,60.75,2.0035245901639347,0.4842721389258372,1.6565648888347506,1.5994094488188977,0.9724409448818898,2.9783464566929134,0.44646178849963064
Haryana,2018,293100,1484000,5.14,Kharif,31.50565573770492,36.689590163934426,26.63639344262295,566.6,2197.5,60.75,2.0035245901639347,0.4842721389258372,1.6565648888347506,1.5994094488188977,0.9724409448818898,2.9783464566929134,0.44646178849963064
Haryana,2018,293100,1484000,5.38,Kharif,31.50565573770492,36.689590163934426,26.63639344262295,566.6,2197.5,60.75,2.0035245901639347,0.4842721389258372,1.6565648888347506,1.5994094488188977,0.9724409448818898,2.9783464566929134,0.44646178849963064
Haryana,2018,293100,1484000,4.95,Kharif,31.50565573770492,36.689590163934426,26.63639344262295,566.6,2197.5,60.75,2.0035245901639347,0.4842721389258372,1.6565648888347506,1.5994094488188977,0.9724409448818898,2.9783464566929134,0.44646178849963064
Haryana,2018,293100,1484000,4.96,Kharif,31.50565573770492,36.689590163934426,26.63639344262295,566.6,2197.5,60.75,2.0035245901639347,0.4842721389258372,1.6565648888347506,1.5994094488188977,0.9724409448818898,2.9783464566929134,0.44646178849963064
Haryana,2018,293100,1484000,4.76,Kharif,31.50565573770492,36.689590163934426,26.63639344262295,566.6,2197.5,60.75,2.0035245901639347,0.4842721389258372,1.6565648888347506,1.5994094488188977,0.9724409448818898,2.9783464566929134,0.44646178849963064
Haryana,2018,293100,1484000,5.24,Kharif,31.50565573770492,36.689590163934426,26.63639344262295,566.6,2197.5,60.75,2.0035245901639347,0.4842721389258372,1.6565648888347506,1.5994094488188977,0.9724409448818898,2.9783464566929134,0.44646178849963064
Haryana,2018,293100,1484000,4.92,Kharif,31.50565573770492,36.689590163934426,26.63639344262295,566.6,2197.5,60.75,2.0035245901639347,0.4842721389258372,1.6565648888347506,1.5994094488188977,0.9724409448818898,2.9783464566929134,0.44646178849963064
Haryana,2018,293100,1484000,5.64,Kharif,31.50565573770492,36.689590163934426,26.63639344262295,566.6,2197.5,60.75,2.0035245901639347,0.4842721389258372,1.6565648888347506,1.5994094488188977,0.9724409448818898,2.9783464566929134,0.44646178849963064
Haryana,2018,293100,1484000,4.74,Kharif,31.50565573770492,36.689590163934426,26.63639344262295,566.6,2197.5,60.75,2.0035245901639347,0.4842721389258372,1.6565648888347506,1.5994094488188977,0.9724409448818898,2.9783464566929134,0.44646178849963064
Haryana,2018,293100,1484000,4.54,Kharif,31.50565573770492,36.689590163934426,26.63639344262295,566.6,2197.5,60.75,2.0035245901639347,0.4842721389258372,1.6565648888347506,1.5994094488188977,0.9724409448818898,2.9783464566929134,0.44646178849963064
Haryana,2018,293100,1484000,4.23,Kharif,31.50565573770492,36.689590163934426,26.63639344262295,566.6,2197.5,60.75,2.0035245901639347,0.4842721389258372,1.6565648888347506,1.5994094488188977,0.9724409448818898,2.9783464566929134,0.44646178849963064
Haryana,2018,293100,1484000,3.94,Kharif,31.50565573770492,36.689590163934426,26.63639344262295,566.6,2197.5,60.75,2.0035245901639347,0.4842721389258372,1.6565648888347506,1.5994094488188977,0.9724409448818898,2.9783464566929134,0.44646178849963064
Haryana,2018,293100,1484000,5.22,Kharif,31.50565573770492,36.689590163934426,26.63639344262295,566.6,2197.5,60.75,2.0035245901639347,0.4842721389258372,1.6565648888347506,1.5994094488188977,0.9724409448818898,2.9783464566929134,0.44646178849963064
Haryana,2018,293100,1484000,4.57,Kharif,31.50565573770492,36.689590163934426,26.63639344262295,566.6,2197.5,60.75,2.0035245901639347,0.4842721389258372,1.6565648888347506,1.5994094488188977,0.9724409448818898,2.9783464566929134,0.44646178849963064
Haryana,2018,293100,1484000,5.06,Kharif,31.50565573770492,36.689590163934426,26.63639344262295,566.6,2197.5,60.75,2.0035245901639347,0.4842721389258372,1.6565648888347506,1.5994094488188977,0.9724409448818898,2.9783464566929134,0.44646178849963064
Haryana,2018,293100,1484000,4.48,Kharif,31.50565573770492,36.689590163934426,26.63639344262295,566.6,2197.5,60.75,2.0035245901639347,0.4842721389258372,1.6565648888347506,1.5994094488188977,0.9724409448818898,2.9783464566929134,0.44646178849963064
Haryana,2018,293100,1484000,4.3,Kharif,31.50565573770492,36.689590163934426,26.63639344262295,566.6,2197.5,60.75,2.0035245901639347,0.4842721389258372,1.6565648888347506,1.5994094488188977,0.9724409448818898,2.9783464566929134,0.44646178849963064
Haryana,2018,293100,1484000,4.75,Rabi,20.88004716981132,29.862594339622643,13.640471698113208,34.74,3413.94,35.63457547169811,1.6241509433962265,0.48460472090864515,1.6565648888347506,1.5994094488188977,0.9724409448818898,2.9783464566929134,0.44646178849963064
Haryana,2018,293100,1484000,4.42,Rabi,20.88004716981132,29.862594339622643,13.640471698113208,34.74,3413.94,35.63457547169811,1.6241509433962265,0.48460472090864515,1.6565648888347506,1.5994094488188977,0.9724409448818898,2.9783464566929134,0.44646178849963064
Haryana,2018,293100,1484000,5.0,Rabi,20.88004716981132,29.862594339622643,13.640471698113208,34.74,3413.94,35.63457547169811,1.6241509433962265,0.48460472090864515,1.6565648888347506,1.5994094488188977,0.9724409448818898,2.9783464566929134,0.44646178849963064
Haryana,2018,293100,1484000,5.14,Rabi,20.88004716981132,29.862594339622643,13.640471698113208,34.74,3413.94,35.63457547169811,1.6241509433962265,0.48460472090864515,1.6565648888347506,1.5994094488188977,0.9724409448818898,2.9783464566929134,0.44646178849963064
Haryana,2018,293100,1484000,5.38,Rabi,20.88004716981132,29.862594339622643,13.640471698113208,34.74,3413.94,35.63457547169811,1.6241509433962265,0.48460472090864515,1.6565648888347506,1.5994094488188977,0.9724409448818898,2.9783464566929134,0.44646178849963064
Haryana,2018,293100,1484000,4.95,Rabi,20.88004716981132,29.862594339622643,13.640471698113208,34.74,3413.94,35.63457547169811,1.6241509433962265,0.48460472090864515,1.6565648888347506,1.5994094488188977,0.9724409448818898,2.9783464566929134,0.44646178849963064
Haryana,2018,293100,1484000,4.96,Rabi,20.88004716981132,29.862594339622643,13.640471698113208,34.74,3413.94,35.63457547169811,1.6241509433962265,0.48460472090864515,1.6565648888347506,1.5994094488188977,0.9724409448818898,2.9783464566929134,0.44646178849963064
Haryana,2018,293100,1484000,4.76,Rabi,20.88004716981132,29.862594339622643,13.640471698113208,34.74,3413.94,35.63457547169811,1.6241509433962265,0.48460472090864515,1.6565648888347506,1.5994094488188977,0.9724409448818898,2.9783464566929134,0.44646178849963064
Haryana,2018,293100,1484000,5.24,Rabi,20.88004716981132,29.862594339622643,13.640471698113208,34.74,3413.94,35.63457547169811,1.6241509433962265,0.48460472090864515,1.6565648888347506,1.5994094488188977,0.9724409448818898,2.9783464566929134,0.44646178849963064
Haryana,2018,293100,1484000,4.92,Rabi,20.88004716981132,29.862594339622643,13.640471698113208,34.74,3413.94,35.63457547169811,1.6241509433962265,0.48460472090864515,1.6565648888347506,1.5994094488188977,0.9724409448818898,2.9783464566929134,0.44646178849963064
Haryana,2018,293100,1484000,5.64,Rabi,20.88004716981132,29.862594339622643,13.640471698113208,34.74,3413.94,35.63457547169811,1.6241509433962265,0.48460472090864515,1.6565648888347506,1.5994094488188977,0.9724409448818898,2.9783464566929134,0.44646178849963064
Haryana,2018,293100,1484000,4.74,Rabi,20.88004716981132,29.862594339622643,13.640471698113208,34.74,3413.94,35.63457547169811,1.6241509433962265,0.48460472090864515,1.6565648888347506,1.5994094488188977,0.9724409448818898,2.9783464566929134,0.44646178849963064
Haryana,2018,293100,1484000,4.54,Rabi,20.88004716981132,29.862594339622643,13.640471698113208,34.74,3413.94,35.63457547169811,1.6241509433962265,0.48460472090864515,1.6565648888347506,1.5994094488188977,0.9724409448818898,2.9783464566929134,0.44646178849963064
Haryana,2018,293100,1484000,4.23,Rabi,20.88004716981132,29.862594339622643,13.640471698113208,34.74,3413.94,35.63457547169811,1.6241509433962265,0.48460472090864515,1.6565648888347506,1.5994094488188977,0.9724409448818898,2.9783464566929134,0.44646178849963064
Haryana,2018,293100,1484000,3.94,Rabi,20.88004716981132,29.862594339622643,13.640471698113208,34.74,3413.94,35.63457547169811,1.6241509433962265,0.48460472090864515,1.6565648888347506,1.5994094488188977,0.9724409448818898,2.9783464566929134,0.44646178849963064
Haryana,2018,293100,1484000,5.22,Rabi,20.88004716981132,29.862594339622643,13.640471698113208,34.74,3413.94,35.63457547169811,1.6241509433962265,0.48460472090864515,1.6565648888347506,1.5994094488188977,0.9724409448818898,2.9783464566929134,0.44646178849963064
Haryana,2018,293100,1484000,4.57,Rabi,20.88004716981132,29.862594339622643,13.640471698113208,34.74,3413.94,35.63457547169811,1.6241509433962265,0.48460472090864515,1.6565648888347506,1.5994094488188977,0.9724409448818898,2.9783464566929134,0.44646178849963064
Haryana,2018,293100,1484000,5.06,Rabi,20.88004716981132,29.862594339622643,13.640471698113208,34.74,3413.94,35.63457547169811,1.6241509433962265,0.48460472090864515,1.6565648888347506,1.5994094488188977,0.9724409448818898,2.9783464566929134,0.44646178849963064
Haryana,2018,293100,1484000,4.48,Rabi,20.88004716981132,29.862594339622643,13.640471698113208,34.74,3413.94,35.63457547169811,1.6241509433962265,0.48460472090864515,1.6565648888347506,1.5994094488188977,0.9724409448818898,2.9783464566929134,0.44646178849963064
Haryana,2018,293100,1484000,4.3,Rabi,20.88004716981132,29.862594339622643,13.640471698113208,34.74,3413.94,35.63457547169811,1.6241509433962265,0.48460472090864515,1.6565648888347506,1.5994094488188977,0.9724409448818898,2.9783464566929134,0.44646178849963064
Haryana,2019,296900,1443800,4.18,Kharif,32.808196721311475,38.1844262295082,27.75893442622951,382.55,2357.4,55.98491803278689,1.9606557377049176,0.5005047137621035,1.6565648888347506,1.5994094488188977,0.9724409448818898,2.9783464566929134,0.44646178849963064
Haryana,2019,296900,1443800,4.19,Kharif,32.808196721311475,38.1844262295082,27.75893442622951,382.55,2357.4,55.98491803278689,1.9606557377049176,0.5005047137621035,1.6565648888347506,1.5994094488188977,0.9724409448818898,2.9783464566929134,0.44646178849963064
Haryana,2019,296900,1443800,4.57,Kharif,32.808196721311475,38.1844262295082,27.75893442622951,382.55,2357.4,55.98491803278689,1.9606557377049176,0.5005047137621035,1.6565648888347506,1.5994094488188977,0.9724409448818898,2.9783464566929134,0.44646178849963064
Haryana,2019,296900,1443800,4.2,Kharif,32.808196721311475,38.1844262295082,27.75893442622951,382.55,2357.4,55.98491803278689,1.9606557377049176,0.5005047137621035,1.6565648888347506,1.5994094488188977,0.9724409448818898,2.9783464566929134,0.44646178849963064
Haryana,2019,296900,1443800,4.85,Kharif,32.808196721311475,38.1844262295082,27.75893442622951,382.55,2357.4,55.98491803278689,1.9606557377049176,0.5005047137621035,1.6565648888347506,1.5994094488188977,0.9724409448818898,2.9783464566929134,0.44646178849963064
Haryana,2019,296900,1443800,5.06,Kharif,32.808196721311475,38.1844262295082,27.75893442622951,382.55,2357.4,55.98491803278689,1.9606557377049176,0.5005047137621035,1.6565648888347506,1.5994094488188977,0.9724409448818898,2.9783464566929134,0.44646178849963064
Haryana,2019,296900,1443800,4.56,Kharif,32.808196721311475,38.1844262295082,27.75893442622951,382.55,2357.4,55.98491803278689,1.9606557377049176,0.5005047137621035,1.6565648888347506,1.5994094488188977,0.9724409448818898,2.9783464566929134,0.44646178849963064
Haryana,2019,296900,1443800,4.81,Kharif,32.808196721311475,38.1844262295082,27.75893442622951,382.55,2357.4,55.98491803278689,1.9606557377049176,0.5005047137621035,1.6565648888347506,1.5994094488188977,0.9724409448818898,2.9783464566929134,0.44646178849963064
Haryana,2019,296900,1443800,4.6,Kharif,32.808196721311475,38.1844262295082,27.75893442622951,382.55,2357.4,55.98491803278689,1.9606557377049176,0.5005047137621035,1.6565648888347506,1.5994094488188977,0.9724409448818898,2.9783464566929134,0.44646178849963064
Haryana,2019,296900,1443800,4.71,Kharif,32.808196721311475,38.1844262295082,27.75893442622951,382.55,2357.4,55.98491803278689,1.9606557377049176,0.5005047137621035,1.6565648888347506,1.5994094488188977,0.9724409448818898,2.9783464566929134,0.44646178849963064
Haryana,2019,296900,1443800,4.48,Kharif,32.808196721311475,38.1844262295082,27.75893442622951,382.55,2357.4,55.98491803278689,1.9606557377049176,0.5005047137621035,1.6565648888347506,1.5994094488188977,0.9724409448818898,2.9783464566929134,0.44646178849963064
Haryana,2019,296900,1443800,4.84,Kharif,32.808196721311475,38.1844262295082,27.75893442622951,382.55,2357.4,55.98491803278689,1.9606557377049176,0.5005047137621035,1.6565648888347506,1.5994094488188977,0.9724409448818898,2.9783464566929134,0.44646178849963064
Haryana,2019,296900,1443800,4.17,Kharif,32.808196721311475,38.1844262295082,27.75893442622951,382.55,2357.4,55.98491803278689,1.9606557377049176,0.5005047137621035,1.6565648888347506,1.5994094488188977,0.9724409448818898,2.9783464566929134,0.44646178849963064
Haryana,2019,296900,1443800,4.75,Kharif,32.808196721311475,38.1844262295082,27.75893442622951,382.55,2357.4,55.98491803278689,1.9606557377049176,0.5005047137621035,1.6565648888347506,1.5994094488188977,0.9724409448818898,2.9783464566929134,0.44646178849963064
Haryana,2019,296900,1443800,4.41,Kharif,32.808196721311475,38.1844262295082,27.75893442622951,382.55,2357.4,55.98491803278689,1.9606557377049176,0.5005047137621035,1.6565648888347506,1.5994094488188977,0.9724409448818898,2.9783464566929134,0.44646178849963064
Haryana,2019,296900,1443800,4.32,Kharif,32.808196721311475,38.1844262295082,27.75893442622951,382.55,2357.4,55.98491803278689,1.9606557377049176,0.5005047137621035,1.6565648888347506,1.5994094488188977,0.9724409448818898,2.9783464566929134,0.44646178849963064
Haryana,2019,296900,1443800,4.86,Kharif,32.808196721311475,38.1844262295082,27.75893442622951,382.55,2357.4,55.98491803278689,1.9606557377049176,0.5005047137621035,1.6565648888347506,1.5994094488188977,0.9724409448818898,2.9783464566929134,0.44646178849963064
Haryana,2019,296900,1443800,4.89,Kharif,32.808196721311475,38.1844262295082,27.75893442622951,382.55,2357.4,55.98491803278689,1.9606557377049176,0.5005047137621035,1.6565648888347506,1.5994094488188977,0.9724409448818898,2.9783464566929134,0.44646178849963064
Haryana,2019,296900,1443800,4.18,Rabi,19.764103773584903,27.979009433962265,13.076933962264151,135.11,3102.24,46.22981132075471,1.7031132075471698,0.5036904115336948,1.6565648888347506,1.5994094488188977,0.9724409448818898,2.9783464566929134,0.44646178849963064
Haryana,2019,296900,1443800,4.19,Rabi,19.764103773584903,27.979009433962265,13.076933962264151,135.11,3102.24,46.22981132075471,1.7031132075471698,0.5036904115336948,1.6565648888347506,1.5994094488188977,0.9724409448818898,2.9783464566929134,0.44646178849963064
Haryana,2019,296900,1443800,4.57,Rabi,19.764103773584903,27.979009433962265,13.076933962264151,135.11,3102.24,46.22981132075471,1.7031132075471698,0.5036904115336948,1.6565648888347506,1.5994094488188977,0.9724409448818898,2.9783464566929134,0.44646178849963064
Haryana,2019,296900,1443800,4.2,Rabi,19.764103773584903,27.979009433962265,13.076933962264151,135.11,3102.24,46.22981132075471,1.7031132075471698,0.5036904115336948,1.6565648888347506,1.5994094488188977,0.9724409448818898,2.9783464566929134,0.44646178849963064
Haryana,2019,296900,1443800,4.85,Rabi,19.764103773584903,27.979009433962265,13.076933962264151,135.11,3102.24,46.22981132075471,1.7031132075471698,0.5036904115336948,1.6565648888347506,1.5994094488188977,0.9724409448818898,2.9783464566929134,0.44646178849963064
Haryana,2019,296900,1443800,5.06,Rabi,19.764103773584903,27.979009433962265,13.076933962264151,135.11,3102.24,46.22981132075471,1.7031132075471698,0.5036904115336948,1.6565648888347506,1.5994094488188977,0.9724409448818898,2.9783464566929134,0.44646178849963064
Haryana,2019,296900,1443800,4.56,Rabi,19.764103773584903,27.979009433962265,13.076933962264151,135.11,3102.24,46.22981132075471,1.7031132075471698,0.5036904115336948,1.6565648888347506,1.5994094488188977,0.9724409448818898,2.9783464566929134,0.44646178849963064
Haryana,2019,296900,1443800,4.81,Rabi,19.764103773584903,27.979009433962265,13.076933962264151,135.11,3102.24,46.22981132075471,1.7031132075471698,0.5036904115336948,1.6565648888347506,1.5994094488188977,0.9724409448818898,2.9783464566929134,0.44646178849963064
Haryana,2019,296900,1443800,4.6,Rabi,19.764103773584903,27.979009433962265,13.076933962264151,135.11,3102.24,46.22981132075471,1.7031132075471698,0.5036904115336948,1.6565648888347506,1.5994094488188977,0.9724409448818898,2.9783464566929134,0.44646178849963064
Haryana,2019,296900,1443800,4.71,Rabi,19.764103773584903,27.979009433962265,13.076933962264151,135.11,3102.24,46.22981132075471,1.7031132075471698,0.5036904115336948,1.6565648888347506,1.5994094488188977,0.9724409448818898,2.9783464566929134,0.44646178849963064
Haryana,2019,296900,1443800,4.48,Rabi,19.764103773584903,27.979009433962265,13.076933962264151,135.11,3102.24,46.22981132075471,1.7031132075471698,0.5036904115336948,1.6565648888347506,1.5994094488188977,0.9724409448818898,2.9783464566929134,0.44646178849963064
Haryana,2019,296900,1443800,4.84,Rabi,19.764103773584903,27.979009433962265,13.076933962264151,135.11,3102.24,46.22981132075471,1.7031132075471698,0.5036904115336948,1.6565648888347506,1.5994094488188977,0.9724409448818898,2.9783464566929134,0.44646178849963064
Haryana,2019,296900,1443800,4.17,Rabi,19.764103773584903,27.979009433962265,13.076933962264151,135.11,3102.24,46.22981132075471,1.7031132075471698,0.5036904115336948,1.6565648888347506,1.5994094488188977,0.9724409448818898,2.9783464566929134,0.44646178849963064
Haryana,2019,296900,1443800,4.75,Rabi,19.764103773584903,27.979009433962265,13.076933962264151,135.11,3102.24,46.22981132075471,1.7031132075471698,0.5036904115336948,1.6565648888347506,1.5994094488188977,0.9724409448818898,2.9783464566929134,0.44646178849963064
Haryana,2019,296900,1443800,4.41,Rabi,19.764103773584903,27.979009433962265,13.076933962264151,135.11,3102.24,46.22981132075471,1.7031132075471698,0.5036904115336948,1.6565648888347506,1.5994094488188977,0.9724409448818898,2.9783464566929134,0.44646178849963064
Haryana,2019,296900,1443800,4.32,Rabi,19.764103773584903,27.979009433962265,13.076933962264151,135.11,3102.24,46.22981132075471,1.7031132075471698,0.5036904115336948,1.6565648888347506,1.5994094488188977,0.9724409448818898,2.9783464566929134,0.44646178849963064
Haryana,2019,296900,1443800,4.86,Rabi,19.764103773584903,27.979009433962265,13.076933962264151,135.11,3102.24,46.22981132075471,1.7031132075471698,0.5036904115336948,1.6565648888347506,1.5994094488188977,0.9724409448818898,2.9783464566929134,0.44646178849963064
Haryana,2019,296900,1443800,4.89,Rabi,19.764103773584903,27.979009433962265,13.076933962264151,135.11,3102.24,46.22981132075471,1.7031132075471698,0.5036904115336948,1.6565648888347506,1.5994094488188977,0.9724409448818898,2.9783464566929134,0.44646178849963064
Haryana,2020,293660,1362290,5.06,Kharif,32.048852459016395,37.0477868852459,27.265983606557377,552.9,2408.95,60.81065573770491,1.8459836065573767,0.495529709420333,1.6565648888347506,1.5994094488188977,0.9724409448818898,2.9783464566929134,0.44646178849963064
Haryana,2020,293660,1362290,4.24,Kharif,32.048852459016395,37.0477868852459,27.265983606557377,552.9,2408.95,60.81065573770491,1.8459836065573767,0.495529709420333,1.6565648888347506,1.5994094488188977,0.9724409448818898,2.9783464566929134,0.44646178849963064
Haryana,2020,293660,1362290,4.99,Kharif,32.048852459016395,37.0477868852459,27.265983606557377,552.9,2408.95,60.81065573770491,1.8459836065573767,0.495529709420333,1.6565648888347506,1.5994094488188977,0.9724409448818898,2.9783464566929134,0.44646178849963064
Haryana,2020,293660,1362290,3.37,Kharif,32.048852459016395,37.0477868852459,27.265983606557377,552.9,2408.95,60.81065573770491,1.8459836065573767,0.495529709420333,1.6565648888347506,1.5994094488188977,0.9724409448818898,2.9783464566929134,0.44646178849963064
Haryana,2020,293660,1362290,5.04,Kharif,32.048852459016395,37.0477868852459,27.265983606557377,552.9,2408.95,60.81065573770491,1.8459836065573767,0.495529709420333,1.6565648888347506,1.5994094488188977,0.9724409448818898,2.9783464566929134,0.44646178849963064
Haryana,2020,293660,1362290,4.74,Kharif,32.048852459016395,37.0477868852459,27.265983606557377,552.9,2408.95,60.81065573770491,1.8459836065573767,0.495529709420333,1.6565648888347506,1.5994094488188977,0.9724409448818898,2.9783464566929134,0.44646178849963064
Haryana,2020,293660,1362290,4.97,Kharif,32.048852459016395,37.0477868852459,27.265983606557377,552.9,2408.95,60.81065573770491,1.8459836065573767,0.495529709420333,1.6565648888347506,1.5994094488188977,0.9724409448818898,2.9783464566929134,0.44646178849963064
Haryana,2020,293660,1362290,4.53,Kharif,32.048852459016395,37.0477868852459,27.265983606557377,552.9,2408.95,60.81065573770491,1.8459836065573767,0.495529709420333,1.6565648888347506,1.5994094488188977,0.9724409448818898,2.9783464566929134,0.44646178849963064
Haryana,2020,293660,1362290,5.01,Kharif,32.048852459016395,37.0477868852459,27.265983606557377,552.9,2408.95,60.81065573770491,1.8459836065573767,0.495529709420333,1.6565648888347506,1.5994094488188977,0.9724409448818898,2.9783464566929134,0.44646178849963064
Haryana,2020,293660,1362290,4.95,Kharif,32.048852459016395,37.0477868852459,27.265983606557377,552.9,2408.95,60.81065573770491,1.8459836065573767,0.495529709420333,1.6565648888347506,1.5994094488188977,0.9724409448818898,2.9783464566929134,0.44646178849963064
Haryana,2020,293660,1362290,5.18,Kharif,32.048852459016395,37.0477868852459,27.265983606557377,552.9,2408.95,60.81065573770491,1.8459836065573767,0.495529709420333,1.6565648888347506,1.5994094488188977,0.9724409448818898,2.9783464566929134,0.44646178849963064
Haryana,2020,293660,1362290,5.15,Kharif,32.048852459016395,37.0477868852459,27.265983606557377,552.9,2408.95,60.81065573770491,1.8459836065573767,0.495529709420333,1.6565648888347506,1.5994094488188977,0.9724409448818898,2.9783464566929134,0.44646178849963064
Haryana,2020,293660,1362290,4.84,Kharif,32.048852459016395,37.0477868852459,27.265983606557377,552.9,2408.95,60.81065573770491,1.8459836065573767,0.495529709420333,1.6565648888347506,1.5994094488188977,0.9724409448818898,2.9783464566929134,0.44646178849963064
Haryana,2020,293660,1362290,4.22,Kharif,32.048852459016395,37.0477868852459,27.265983606557377,552.9,2408.95,60.81065573770491,1.8459836065573767,0.495529709420333,1.6565648888347506,1.5994094488188977,0.9724409448818898,2.9783464566929134,0.44646178849963064
Haryana,2020,293660,1362290,4.45,Kharif,32.048852459016395,37.0477868852459,27.265983606557377,552.9,2408.95,60.81065573770491,1.8459836065573767,0.495529709420333,1.6565648888347506,1.5994094488188977,0.9724409448818898,2.9783464566929134,0.44646178849963064
Haryana,2020,293660,1362290,3.6,Kharif,32.048852459016395,37.0477868852459,27.265983606557377,552.9,2408.95,60.81065573770491,1.8459836065573767,0.495529709420333,1.6565648888347506,1.5994094488188977,0.9724409448818898,2.9783464566929134,0.44646178849963064
Haryana,2020,293660,1362290,4.94,Kharif,32.048852459016395,37.0477868852459,27.265983606557377,552.9,2408.95,60.81065573770491,1.8459836065573767,0.495529709420333,1.6565648888347506,1.5994094488188977,0.9724409448818898,2.9783464566929134,0.44646178849963064
Haryana,2020,293660,1362290,4.7,Kharif,32.048852459016395,37.0477868852459,27.265983606557377,552.9,2408.95,60.81065573770491,1.8459836065573767,0.495529709420333,1.6565648888347506,1.5994094488188977,0.9724409448818898,2.9783464566929134,0.44646178849963064
Haryana,2020,293660,1362290,4.79,Kharif,32.048852459016395,37.0477868852459,27.265983606557377,552.9,2408.95,60.81065573770491,1.8459836065573767,0.495529709420333,1.6565648888347506,1.5994094488188977,0.9724409448818898,2.9783464566929134,0.44646178849963064
Haryana,2020,293660,1362290,4.64,Kharif,32.048852459016395,37.0477868852459,27.265983606557377,552.9,2408.95,60.81065573770491,1.8459836065573767,0.495529709420333,1.6565648888347506,1.5994094488188977,0.9724409448818898,2.9783464566929134,0.44646178849963064
Haryana,2020,293660,1362290,5.02,Kharif,32.048852459016395,37.0477868852459,27.265983606557377,552.9,2408.95,60.81065573770491,1.8459836065573767,0.495529709420333,1.6565648888347506,1.5994094488188977,0.9724409448818898,2.9783464566929134,0.44646178849963064
Haryana,2020,293660,1362290,5.1,Kharif,32.048852459016395,37.0477868852459,27.265983606557377,552.9,2408.95,60.81065573770491,1.8459836065573767,0.495529709420333,1.6565648888347506,1.5994094488188977,0.9724409448818898,2.9783464566929134,0.44646178849963064
Haryana,2020,293660,1362290,5.06,Rabi,19.42582159624413,27.822018779342724,12.779483568075118,144.06,3258.25,46.872910798122064,1.6565727699530517,0.48591590335435564,1.6565648888347506,1.5994094488188977,0.9724409448818898,2.9783464566929134,0.44646178849963064
Haryana,2020,293660,1362290,4.24,Rabi,19.42582159624413,27.822018779342724,12.779483568075118,144.06,3258.25,46.872910798122064,1.6565727699530517,0.48591590335435564,1.6565648888347506,1.5994094488188977,0.9724409448818898,2.9783464566929134,0.44646178849963064
Haryana,2020,293660,1362290,4.99,Rabi,19.42582159624413,27.822018779342724,12.779483568075118,144.06,3258.25,46.872910798122064,1.6565727699530517,0.48591590335435564,1.6565648888347506,1.5994094488188977,0.9724409448818898,2.9783464566929134,0.44646178849963064
Haryana,2020,293660,1362290,3.37,Rabi,19.42582159624413,27.822018779342724,12.779483568075118,144.06,3258.25,46.872910798122064,1.6565727699530517,0.48591590335435564,1.6565648888347506,1.5994094488188977,0.9724409448818898,2.9783464566929134,0.44646178849963064
Haryana,2020,293660,1362290,5.04,Rabi,19.42582159624413,27.822018779342724,12.779483568075118,144.06,3258.25,46.872910798122064,1.6565727699530517,0.48591590335435564,1.6565648888347506,1.5994094488188977,0.9724409448818898,2.9783464566929134,0.44646178849963064
Haryana,2020,293660,1362290,4.74,Rabi,19.42582159624413,27.822018779342724,12.779483568075118,144.06,3258.25,46.872910798122064,1.6565727699530517,0.48591590335435564,1.6565648888347506,1.5994094488188977,0.9724409448818898,2.9783464566929134,0.44646178849963064
Haryana,2020,293660,1362290,4.97,Rabi,19.42582159624413,27.822018779342724,12.779483568075118,144.06,3258.25,46.872910798122064,1.6565727699530517,0.48591590335435564,1.6565648888347506,1.5994094488188977,0.9724409448818898,2.9783464566929134,0.44646178849963064
Haryana,2020,293660,1362290,4.53,Rabi,19.42582159624413,27.822018779342724,12.779483568075118,144.06,3258.25,46.872910798122064,1.6565727699530517,0.48591590335435564,1.6565648888347506,1.5994094488188977,0.9724409448818898,2.9783464566929134,0.44646178849963064
Haryana,2020,293660,1362290,5.01,Rabi,19.42582159624413,27.822018779342724,12.779483568075118,144.06,3258.25,46.872910798122064,1.6565727699530517,0.48591590335435564,1.6565648888347506,1.5994094488188977,0.9724409448818898,2.9783464566929134,0.44646178849963064
Haryana,2020,293660,1362290,4.95,Rabi,19.42582159624413,27.822018779342724,12.779483568075118,144.06,3258.25,46.872910798122064,1.6565727699530517,0.48591590335435564,1.6565648888347506,1.5994094488188977,0.9724409448818898,2.9783464566929134,0.44646178849963064
Haryana,2020,293660,1362290,5.18,Rabi,19.42582159624413,27.822018779342724,12.779483568075118,144.06,3258.25,46.872910798122064,1.6565727699530517,0.48591590335435564,1.6565648888347506,1.5994094488188977,0.9724409448818898,2.9783464566929134,0.44646178849963064
Haryana,2020,293660,1362290,5.15,Rabi,19.42582159624413,27.822018779342724,12.779483568075118,144.06,3258.25,46.872910798122064,1.6565727699530517,0.48591590335435564,1.6565648888347506,1.5994094488188977,0.9724409448818898,2.9783464566929134,0.44646178849963064
Haryana,2020,293660,1362290,4.84,Rabi,19.42582159624413,27.822018779342724,12.779483568075118,144.06,3258.25,46.872910798122064,1.6565727699530517,0.48591590335435564,1.6565648888347506,1.5994094488188977,0.9724409448818898,2.9783464566929134,0.44646178849963064
Haryana,2020,293660,1362290,4.22,Rabi,19.42582159624413,27.822018779342724,12.779483568075118,144.06,3258.25,46.872910798122064,1.6565727699530517,0.48591590335435564,1.6565648888347506,1.5994094488188977,0.9724409448818898,2.9783464566929134,0.44646178849963064
Haryana,2020,293660,1362290,4.45,Rabi,19.42582159624413,27.822018779342724,12.779483568075118,144.06,3258.25,46.872910798122064,1.6565727699530517,0.48591590335435564,1.6565648888347506,1.5994094488188977,0.9724409448818898,2.9783464566929134,0.44646178849963064
Haryana,2020,293660,1362290,3.6,Rabi,19.42582159624413,27.822018779342724,12.779483568075118,144.06,3258.25,46.872910798122064,1.6565727699530517,0.48591590335435564,1.6565648888347506,1.5994094488188977,0.9724409448818898,2.9783464566929134,0.44646178849963064
Haryana,2020,293660,1362290,4.94,Rabi,19.42582159624413,27.822018779342724,12.779483568075118,144.06,3258.25,46.872910798122064,1.6565727699530517,0.48591590335435564,1.6565648888347506,1.5994094488188977,0.9724409448818898,2.9783464566929134,0.44646178849963064
Haryana,2020,293660,1362290,4.7,Rabi,19.42582159624413,27.822018779342724,12.779483568075118,144.06,3258.25,46.872910798122064,1.6565727699530517,0.48591590335435564,1.6565648888347506,1.5994094488188977,0.9724409448818898,2.9783464566929134,0.44646178849963064
Haryana,2020,293660,1362290,4.79,Rabi,19.42582159624413,27.822018779342724,12.779483568075118,144.06,3258.25,46.872910798122064,1.6565727699530517,0.48591590335435564,1.6565648888347506,1.5994094488188977,0.9724409448818898,2.9783464566929134,0.44646178849963064
Haryana,2020,293660,1362290,4.64,Rabi,19.42582159624413,27.822018779342724,12.779483568075118,144.06,3258.25,46.872910798122064,1.6565727699530517,0.48591590335435564,1.6565648888347506,1.5994094488188977,0.9724409448818898,2.9783464566929134,0.44646178849963064
Haryana,2020,293660,1362290,5.02,Rabi,19.42582159624413,27.822018779342724,12.779483568075118,144.06,3258.25,46.872910798122064,1.6565727699530517,0.48591590335435564,1.6565648888347506,1.5994094488188977,0.9724409448818898,2.9783464566929134,0.44646178849963064
Haryana,2020,293660,1362290,5.1,Rabi,19.42582159624413,27.822018779342724,12.779483568075118,144.06,3258.25,46.872910798122064,1.6565727699530517,0.48591590335435564,1.6565648888347506,1.5994094488188977,0.9724409448818898,2.9783464566929134,0.44646178849963064
Haryana,2021,257738,1106470,4.11,Kharif,30.897131147540986,35.545819672131145,26.34762295081967,808.37,2258.24,66.45532786885246,1.8778688524590164,0.4957110495163579,1.6565648888347506,1.5994094488188977,0.9724409448818898,2.9783464566929134,0.44646178849963064
Haryana,2021,257738,1106470,4.27,Kharif,30.897131147540986,35.545819672131145,26.34762295081967,808.37,2258.24,66.45532786885246,1.8778688524590164,0.4957110495163579,1.6565648888347506,1.5994094488188977,0.9724409448818898,2.9783464566929134,0.44646178849963064
Haryana,2021,257738,1106470,4.12,Kharif,30.897131147540986,35.545819672131145,26.34762295081967,808.37,2258.24,66.45532786885246,1.8778688524590164,0.4957110495163579,1.6565648888347506,1.5994094488188977,0.9724409448818898,2.9783464566929134,0.44646178849963064
Haryana,2021,257738,1106470,3.92,Kharif,30.897131147540986,35.545819672131145,26.34762295081967,808.37,2258.24,66.45532786885246,1.8778688524590164,0.4957110495163579,1.6565648888347506,1.5994094488188977,0.9724409448818898,2.9783464566929134,0.44646178849963064
Haryana,2021,257738,1106470,4.67,Kharif,30.897131147540986,35.545819672131145,26.34762295081967,808.37,2258.24,66.45532786885246,1.8778688524590164,0.4957110495163579,1.6565648888347506,1.5994094488188977,0.9724409448818898,2.9783464566929134,0.44646178849963064
Haryana,2021,257738,1106470,4.64,Kharif,30.897131147540986,35.545819672131145,26.34762295081967,808.37,2258.24,66.45532786885246,1.8778688524590164,0.4957110495163579,1.6565648888347506,1.5994094488188977,0.9724409448818898,2.9783464566929134,0.44646178849963064
Haryana,2021,257738,1106470,4.4,Kharif,30.897131147540986,35.545819672131145,26.34762295081967,808.37,2258.24,66.45532786885246,1.8778688524590164,0.4957110495163579,1.6565648888347506,1.5994094488188977,0.9724409448818898,2.9783464566929134,0.44646178849963064
Haryana,2021,257738,1106470,4.66,Kharif,30.897131147540986,35.545819672131145,26.34762295081967,808.37,2258.24,66.45532786885246,1.8778688524590164,0.4957110495163579,1.6565648888347506,1.5994094488188977,0.9724409448818898,2.9783464566929134,0.44646178849963064
Haryana,2021,257738,1106470,4.62,Kharif,30.897131147540986,35.545819672131145,26.34762295081967,808.37,2258.24,66.45532786885246,1.8778688524590164,0.4957110495163579,1.6565648888347506,1.5994094488188977,0.9724409448818898,2.9783464566929134,0.44646178849963064
Haryana,2021,257738,1106470,5.1,Kharif,30.897131147540986,35.545819672131145,26.34762295081967,808.37,2258.24,66.45532786885246,1.8778688524590164,0.4957110495163579,1.6565648888347506,1.5994094488188977,0.9724409448818898,2.9783464566929134,0.44646178849963064
Haryana,2021,257738,1106470,4.26,Kharif,30.897131147540986,35.545819672131145,26.34762295081967,808.37,2258.24,66.45532786885246,1.8778688524590164,0.4957110495163579,1.6565648888347506,1.5994094488188977,0.9724409448818898,2.9783464566929134,0.44646178849963064
Haryana,2021,257738,1106470,4.65,Kharif,30.897131147540986,35.545819672131145,26.34762295081967,808.37,2258.24,66.45532786885246,1.8778688524590164,0.4957110495163579,1.6565648888347506,1.5994094488188977,0.9724409448818898,2.9783464566929134,0.44646178849963064
Haryana,2021,257738,1106470,3.77,Kharif,30.897131147540986,35.545819672131145,26.34762295081967,808.37,2258.24,66.45532786885246,1.8778688524590164,0.4957110495163579,1.6565648888347506,1.5994094488188977,0.9724409448818898,2.9783464566929134,0.44646178849963064
Haryana,2021,257738,1106470,4.63,Kharif,30.897131147540986,35.545819672131145,26.34762295081967,808.37,2258.24,66.45532786885246,1.8778688524590164,0.4957110495163579,1.6565648888347506,1.5994094488188977,0.9724409448818898,2.9783464566929134,0.44646178849963064
Haryana,2021,257738,1106470,4.58,Kharif,30.897131147540986,35.545819672131145,26.34762295081967,808.37,2258.24,66.45532786885246,1.8778688524590164,0.4957110495163579,1.6565648888347506,1.5994094488188977,0.9724409448818898,2.9783464566929134,0.44646178849963064
Haryana,2021,257738,1106470,4.37,Kharif,30.897131147540986,35.545819672131145,26.34762295081967,808.37,2258.24,66.45532786885246,1.8778688524590164,0.4957110495163579,1.6565648888347506,1.5994094488188977,0.9724409448818898,2.9783464566929134,0.44646178849963064
Haryana,2021,257738,1106470,4.29,Kharif,30.897131147540986,35.545819672131145,26.34762295081967,808.37,2258.24,66.45532786885246,1.8778688524590164,0.4957110495163579,1.6565648888347506,1.5994094488188977,0.9724409448818898,2.9783464566929134,0.44646178849963064
Haryana,2021,257738,1106470,4.72,Kharif,30.897131147540986,35.545819672131145,26.34762295081967,808.37,2258.24,66.45532786885246,1.8778688524590164,0.4957110495163579,1.6565648888347506,1.5994094488188977,0.9724409448818898,2.9783464566929134,0.44646178849963064
Haryana,2021,257738,1106470,4.11,Rabi,20.208584905660377,28.582688679245283,13.399245283018868,93.08,3333.45,45.69028301886792,1.653679245283019,0.4719897348094155,1.6565648888347506,1.5994094488188977,0.9724409448818898,2.9783464566929134,0.44646178849963064
Haryana,2021,257738,1106470,4.27,Rabi,20.208584905660377,28.582688679245283,13.399245283018868,93.08,3333.45,45.69028301886792,1.653679245283019,0.4719897348094155,1.6565648888347506,1.5994094488188977,0.9724409448818898,2.9783464566929134,0.44646178849963064
Haryana,2021,257738,1106470,4.12,Rabi,20.208584905660377,28.582688679245283,13.399245283018868,93.08,3333.45,45.69028301886792,1.653679245283019,0.4719897348094155,1.6565648888347506,1.5994094488188977,0.9724409448818898,2.9783464566929134,0.44646178849963064
Haryana,2021,257738,1106470,3.92,Rabi,20.208584905660377,28.582688679245283,13.399245283018868,93.08,3333.45,45.69028301886792,1.653679245283019,0.4719897348094155,1.6565648888347506,1.5994094488188977,0.9724409448818898,2.9783464566929134,0.44646178849963064
Haryana,2021,257738,1106470,4.67,Rabi,20.208584905660377,28.582688679245283,13.399245283018868,93.08,3333.45,45.69028301886792,1.653679245283019,0.4719897348094155,1.6565648888347506,1.5994094488188977,0.9724409448818898,2.9783464566929134,0.44646178849963064
Haryana,2021,257738,1106470,4.64,Rabi,20.208584905660377,28.582688679245283,13.399245283018868,93.08,3333.45,45.69028301886792,1.653679245283019,0.4719897348094155,1.6565648888347506,1.5994094488188977,0.9724409448818898,2.9783464566929134,0.44646178849963064
Haryana,2021,257738,1106470,4.4,Rabi,20.208584905660377,28.582688679245283,13.399245283018868,93.08,3333.45,45.69028301886792,1.653679245283019,0.4719897348094155,1.6565648888347506,1.5994094488188977,0.9724409448818898,2.9783464566929134,0.44646178849963064
Haryana,2021,257738,1106470,4.66,Rabi,20.208584905660377,28.582688679245283,13.399245283018868,93.08,3333.45,45.69028301886792,1.653679245283019,0.4719897348094155,1.6565648888347506,1.5994094488188977,0.9724409448818898,2.9783464566929134,0.44646178849963064
Haryana,2021,257738,1106470,4.62,Rabi,20.208584905660377,28.582688679245283,13.399245283018868,93.08,3333.45,45.69028301886792,1.653679245283019,0.4719897348094155,1.6565648888347506,1.5994094488188977,0.9724409448818898,2.9783464566929134,0.44646178849963064
Haryana,2021,257738,1106470,5.1,Rabi,20.208584905660377,28.582688679245283,13.399245283018868,93.08,3333.45,45.69028301886792,1.653679245283019,0.4719897348094155,1.6565648888347506,1.5994094488188977,0.9724409448818898,2.9783464566929134,0.44646178849963064
Haryana,2021,257738,1106470,4.26,Rabi,20.208584905660377,28.582688679245283,13.399245283018868,93.08,3333.45,45.69028301886792,1.653679245283019,0.4719897348094155,1.6565648888347506,1.5994094488188977,0.9724409448818898,2.9783464566929134,0.44646178849963064
Haryana,2021,257738,1106470,4.65,Rabi,20.208584905660377,28.582688679245283,13.399245283018868,93.08,3333.45,45.69028301886792,1.653679245283019,0.4719897348094155,1.6565648888347506,1.5994094488188977,0.9724409448818898,2.9783464566929134,0.44646178849963064
Haryana,2021,257738,1106470,3.77,Rabi,20.208584905660377,28.582688679245283,13.399245283018868,93.08,3333.45,45.69028301886792,1.653679245283019,0.4719897348094155,1.6565648888347506,1.5994094488188977,0.9724409448818898,2.9783464566929134,0.44646178849963064
Haryana,2021,257738,1106470,4.63,Rabi,20.208584905660377,28.582688679245283,13.399245283018868,93.08,3333.45,45.69028301886792,1.653679245283019,0.4719897348094155,1.6565648888347506,1.5994094488188977,0.9724409448818898,2.9783464566929134,0.44646178849963064
Haryana,2021,257738,1106470,4.58,Rabi,20.208584905660377,28.582688679245283,13.399245283018868,93.08,3333.45,45.69028301886792,1.653679245283019,0.4719897348094155,1.6565648888347506,1.5994094488188977,0.9724409448818898,2.9783464566929134,0.44646178849963064
Haryana,2021,257738,1106470,4.37,Rabi,20.208584905660377,28.582688679245283,13.399245283018868,93.08,3333.45,45.69028301886792,1.653679245283019,0.4719897348094155,1.6565648888347506,1.5994094488188977,0.9724409448818898,2.9783464566929134,0.44646178849963064
Haryana,2021,257738,1106470,4.29,Rabi,20.208584905660377,28.582688679245283,13.399245283018868,93.08,3333.45,45.69028301886792,1.653679245283019,0.4719897348094155,1.6565648888347506,1.5994094488188977,0.9724409448818898,2.9783464566929134,0.44646178849963064
Haryana,2021,257738,1106470,4.72,Rabi,20.208584905660377,28.582688679245283,13.399245283018868,93.08,3333.45,45.69028301886792,1.653679245283019,0.4719897348094155,1.6565648888347506,1.5994094488188977,0.9724409448818898,2.9783464566929134,0.44646178849963064
Haryana,2022,269930,1204660,4.64,Kharif,31.458360655737707,36.45196721311476,26.72311475409836,683.52,2320.48,62.52098360655738,2.129426229508197,0.5140536142342464,1.6565648888347506,1.5994094488188977,0.9724409448818898,2.9783464566929134,0.44646178849963064
Haryana,2022,269930,1204660,4.1,Kharif,31.458360655737707,36.45196721311476,26.72311475409836,683.52,2320.48,62.52098360655738,2.129426229508197,0.5140536142342464,1.6565648888347506,1.5994094488188977,0.9724409448818898,2.9783464566929134,0.44646178849963064
Haryana,2022,269930,1204660,3.66,Kharif,31.458360655737707,36.45196721311476,26.72311475409836,683.52,2320.48,62.52098360655738,2.129426229508197,0.5140536142342464,1.6565648888347506,1.5994094488188977,0.9724409448818898,2.9783464566929134,0.44646178849963064
Haryana,2022,269930,1204660,4.14,Kharif,31.458360655737707,36.45196721311476,26.72311475409836,683.52,2320.48,62.52098360655738,2.129426229508197,0.5140536142342464,1.6565648888347506,1.5994094488188977,0.9724409448818898,2.9783464566929134,0.44646178849963064
Haryana,2022,269930,1204660,5.14,Kharif,31.458360655737707,36.45196721311476,26.72311475409836,683.52,2320.48,62.52098360655738,2.129426229508197,0.5140536142342464,1.6565648888347506,1.5994094488188977,0.9724409448818898,2.9783464566929134,0.44646178849963064
Haryana,2022,269930,1204660,4.5,Kharif,31.458360655737707,36.45196721311476,26.72311475409836,683.52,2320.48,62.52098360655738,2.129426229508197,0.5140536142342464,1.6565648888347506,1.5994094488188977,0.9724409448818898,2.9783464566929134,0.44646178849963064
Haryana,2022,269930,1204660,4.99,Kharif,31.458360655737707,36.45196721311476,26.72311475409836,683.52,2320.48,62.52098360655738,2.129426229508197,0.5140536142342464,1.6565648888347506,1.5994094488188977,0.9724409448818898,2.9783464566929134,0.44646178849963064
Haryana,2022,269930,1204660,4.36,Kharif,31.458360655737707,36.45196721311476,26.72311475409836,683.52,2320.48,62.52098360655738,2.129426229508197,0.5140536142342464,1.6565648888347506,1.5994094488188977,0.9724409448818898,2.9783464566929134,0.44646178849963064
Haryana,2022,269930,1204660,4.87,Kharif,31.458360655737707,36.45196721311476,26.72311475409836,683.52,2320.48,62.52098360655738,2.129426229508197,0.5140536142342464,1.6565648888347506,1.5994094488188977,0.9724409448818898,2.9783464566929134,0.44646178849963064
Haryana,2022,269930,1204660,4.71,Kharif,31.458360655737707,36.45196721311476,26.72311475409836,683.52,2320.48,62.52098360655738,2.129426229508197,0.5140536142342464,1.6565648888347506,1.5994094488188977,0.9724409448818898,2.9783464566929134,0.44646178849963064
Haryana,2022,269930,1204660,5.38,Kharif,31.458360655737707,36.45196721311476,26.72311475409836,683.52,2320.48,62.52098360655738,2.129426229508197,0.5140536142342464,1.6565648888347506,1.5994094488188977,0.9724409448818898,2.9783464566929134,0.44646178849963064
Haryana,2022,269930,1204660,4.78,Kharif,31.458360655737707,36.45196721311476,26.72311475409836,683.52,2320.48,62.52098360655738,2.129426229508197,0.5140536142342464,1.6565648888347506,1.5994094488188977,0.9724409448818898,2.9783464566929134,0.44646178849963064
Haryana,2022,269930,1204660,4.43,Kharif,31.458360655737707,36.45196721311476,26.72311475409836,683.52,2320.48,62.52098360655738,2.129426229508197,0.5140536142342464,1.6565648888347506,1.5994094488188977,0.9724409448818898,2.9783464566929134,0.44646178849963064
Haryana,2022,269930,1204660,3.9,Kharif,31.458360655737707,36.45196721311476,26.72311475409836,683.52,2320.48,62.52098360655738,2.129426229508197,0.5140536142342464,1.6565648888347506,1.5994094488188977,0.9724409448818898,2.9783464566929134,0.44646178849963064
Haryana,2022,269930,1204660,4.24,Kharif,31.458360655737707,36.45196721311476,26.72311475409836,683.52,2320.48,62.52098360655738,2.129426229508197,0.5140536142342464,1.6565648888347506,1.5994094488188977,0.9724409448818898,2.9783464566929134,0.44646178849963064
Haryana,2022,269930,1204660,3.83,Kharif,31.458360655737707,36.45196721311476,26.72311475409836,683.52,2320.48,62.52098360655738,2.129426229508197,0.5140536142342464,1.6565648888347506,1.5994094488188977,0.9724409448818898,2.9783464566929134,0.44646178849963064
Haryana,2022,269930,1204660,4.47,Kharif,31.458360655737707,36.45196721311476,26.72311475409836,683.52,2320.48,62.52098360655738,2.129426229508197,0.5140536142342464,1.6565648888347506,1.5994094488188977,0.9724409448818898,2.9783464566929134,0.44646178849963064
Haryana,2022,269930,1204660,4.15,Kharif,31.458360655737707,36.45196721311476,26.72311475409836,683.52,2320.48,62.52098360655738,2.129426229508197,0.5140536142342464,1.6565648888347506,1.5994094488188977,0.9724409448818898,2.9783464566929134,0.44646178849963064
Haryana,2022,269930,1204660,4.17,Kharif,31.458360655737707,36.45196721311476,26.72311475409836,683.52,2320.48,62.52098360655738,2.129426229508197,0.5140536142342464,1.6565648888347506,1.5994094488188977,0.9724409448818898,2.9783464566929134,0.44646178849963064
Haryana,2022,269930,1204660,4.46,Kharif,31.458360655737707,36.45196721311476,26.72311475409836,683.52,2320.48,62.52098360655738,2.129426229508197,0.5140536142342464,1.6565648888347506,1.5994094488188977,0.9724409448818898,2.9783464566929134,0.44646178849963064
Haryana,2022,269930,1204660,4.53,Kharif,31.458360655737707,36.45196721311476,26.72311475409836,683.52,2320.48,62.52098360655738,2.129426229508197,0.5140536142342464,1.6565648888347506,1.5994094488188977,0.9724409448818898,2.9783464566929134,0.44646178849963064
Haryana,2022,269930,1204660,4.51,Kharif,31.458360655737707,36.45196721311476,26.72311475409836,683.52,2320.48,62.52098360655738,2.129426229508197,0.5140536142342464,1.6565648888347506,1.5994094488188977,0.9724409448818898,2.9783464566929134,0.44646178849963064
Haryana,2022,269930,1204660,4.64,Rabi,20.42330188679245,28.794009433962263,13.76806603773585,150.37,3277.12,51.22825471698113,1.6718867924528302,0.4791037321214004,1.6565648888347506,1.5994094488188977,0.9724409448818898,2.9783464566929134,0.44646178849963064
Haryana,2022,269930,1204660,4.1,Rabi,20.42330188679245,28.794009433962263,13.76806603773585,150.37,3277.12,51.22825471698113,1.6718867924528302,0.4791037321214004,1.6565648888347506,1.5994094488188977,0.9724409448818898,2.9783464566929134,0.44646178849963064
Haryana,2022,269930,1204660,3.66,Rabi,20.42330188679245,28.794009433962263,13.76806603773585,150.37,3277.12,51.22825471698113,1.6718867924528302,0.4791037321214004,1.6565648888347506,1.5994094488188977,0.9724409448818898,2.9783464566929134,0.44646178849963064
Haryana,2022,269930,1204660,4.14,Rabi,20.42330188679245,28.794009433962263,13.76806603773585,150.37,3277.12,51.22825471698113,1.6718867924528302,0.4791037321214004,1.6565648888347506,1.5994094488188977,0.9724409448818898,2.9783464566929134,0.44646178849963064
Haryana,2022,269930,1204660,5.14,Rabi,20.42330188679245,28.794009433962263,13.76806603773585,150.37,3277.12,51.22825471698113,1.6718867924528302,0.4791037321214004,1.6565648888347506,1.5994094488188977,0.9724409448818898,2.9783464566929134,0.44646178849963064
Haryana,2022,269930,1204660,4.5,Rabi,20.42330188679245,28.794009433962263,13.76806603773585,150.37,3277.12,51.22825471698113,1.6718867924528302,0.4791037321214004,1.6565648888347506,1.5994094488188977,0.9724409448818898,2.9783464566929134,0.44646178849963064
Haryana,2022,269930,1204660,4.99,Rabi,20.42330188679245,28.794009433962263,13.76806603773585,150.37,3277.12,51.22825471698113,1.6718867924528302,0.4791037321214004,1.6565648888347506,1.5994094488188977,0.9724409448818898,2.9783464566929134,0.44646178849963064
Haryana,2022,269930,1204660,4.36,Rabi,20.42330188679245,28.794009433962263,13.76806603773585,150.37,3277.12,51.22825471698113,1.6718867924528302,0.4791037321214004,1.6565648888347506,1.5994094488188977,0.9724409448818898,2.9783464566929134,0.44646178849963064
Haryana,2022,269930,1204660,4.87,Rabi,20.42330188679245,28.794009433962263,13.76806603773585,150.37,3277.12,51.22825471698113,1.6718867924528302,0.4791037321214004,1.6565648888347506,1.5994094488188977,0.9724409448818898,2.9783464566929134,0.44646178849963064
Haryana,2022,269930,1204660,4.71,Rabi,20.42330188679245,28.794009433962263,13.76806603773585,150.37,3277.12,51.22825471698113,1.6718867924528302,0.4791037321214004,1.6565648888347506,1.5994094488188977,0.9724409448818898,2.9783464566929134,0.44646178849963064
Haryana,2022,269930,1204660,5.38,Rabi,20.42330188679245,28.794009433962263,13.76806603773585,150.37,3277.12,51.22825471698113,1.6718867924528302,0.4791037321214004,1.6565648888347506,1.5994094488188977,0.9724409448818898,2.9783464566929134,0.44646178849963064
Haryana,2022,269930,1204660,4.78,Rabi,20.42330188679245,28.794009433962263,13.76806603773585,150.37,3277.12,51.22825471698113,1.6718867924528302,0.4791037321214004,1.6565648888347506,1.5994094488188977,0.9724409448818898,2.9783464566929134,0.44646178849963064
Haryana,2022,269930,1204660,4.43,Rabi,20.42330188679245,28.794009433962263,13.76806603773585,150.37,3277.12,51.22825471698113,1.6718867924528302,0.4791037321214004,1.6565648888347506,1.5994094488188977,0.9724409448818898,2.9783464566929134,0.44646178849963064
Haryana,2022,269930,1204660,3.9,Rabi,20.42330188679245,28.794009433962263,13.76806603773585,150.37,3277.12,51.22825471698113,1.6718867924528302,0.4791037321214004,1.6565648888347506,1.5994094488188977,0.9724409448818898,2.9783464566929134,0.44646178849963064
Haryana,2022,269930,1204660,4.24,Rabi,20.42330188679245,28.794009433962263,13.76806603773585,150.37,3277.12,51.22825471698113,1.6718867924528302,0.4791037321214004,1.6565648888347506,1.5994094488188977,0.9724409448818898,2.9783464566929134,0.44646178849963064
Haryana,2022,269930,1204660,3.83,Rabi,20.42330188679245,28.794009433962263,13.76806603773585,150.37,3277.12,51.22825471698113,1.6718867924528302,0.4791037321214004,1.6565648888347506,1.5994094488188977,0.9724409448818898,2.9783464566929134,0.44646178849963064
Haryana,2022,269930,1204660,4.47,Rabi,20.42330188679245,28.794009433962263,13.76806603773585,150.37,3277.12,51.22825471698113,1.6718867924528302,0.4791037321214004,1.6565648888347506,1.5994094488188977,0.9724409448818898,2.9783464566929134,0.44646178849963064
Haryana,2022,269930,1204660,4.15,Rabi,20.42330188679245,28.794009433962263,13.76806603773585,150.37,3277.12,51.22825471698113,1.6718867924528302,0.4791037321214004,1.6565648888347506,1.5994094488188977,0.9724409448818898,2.9783464566929134,0.44646178849963064
Haryana,2022,269930,1204660,4.17,Rabi,20.42330188679245,28.794009433962263,13.76806603773585,150.37,3277.12,51.22825471698113,1.6718867924528302,0.4791037321214004,1.6565648888347506,1.5994094488188977,0.9724409448818898,2.9783464566929134,0.44646178849963064
Haryana,2022,269930,1204660,4.46,Rabi,20.42330188679245,28.794009433962263,13.76806603773585,150.37,3277.12,51.22825471698113,1.6718867924528302,0.4791037321214004,1.6565648888347506,1.5994094488188977,0.9724409448818898,2.9783464566929134,0.44646178849963064
Haryana,2022,269930,1204660,4.53,Rabi,20.42330188679245,28.794009433962263,13.76806603773585,150.37,3277.12,51.22825471698113,1.6718867924528302,0.4791037321214004,1.6565648888347506,1.5994094488188977,0.9724409448818898,2.9783464566929134,0.44646178849963064
Haryana,2022,269930,1204660,4.51,Rabi,20.42330188679245,28.794009433962263,13.76806603773585,150.37,3277.12,51.22825471698113,1.6718867924528302,0.4791037321214004,1.6565648888347506,1.5994094488188977,0.9724409448818898,2.9783464566929134,0.44646178849963064
Haryana,2023,92840,477490,5.14,Kharif,31.3544262295082,36.74262295081967,26.561639344262296,433.15,2376.7,64.04795081967214,2.1137704918032787,0.48054475432096955,1.6565648888347506,1.5994094488188977,0.9724409448818898,2.9783464566929134,0.44646178849963064
Haryana,2023,92840,477490,5.14,Rabi,20.446273584905654,29.0086320754717,13.787830188679246,156.33,3207.57,45.98528301886792,1.5843396226415094,0.48054475432096955,1.6565648888347506,1.5994094488188977,0.9724409448818898,2.9783464566929134,0.44646178849963064
Punjab,2011,394000,1969000,4.97,Kharif,31.569180327868853,36.465,26.66762295081967,605.85,2268.47,61.42401639344262,1.6418032786885246,0.5645609505258775,2.240065060082642,2.183876811594203,1.1431159420289856,4.423913043478261,0.5966397479586178
Punjab,2011,394000,1969000,5.35,Kharif,31.569180327868853,36.465,26.66762295081967,605.85,2268.47,61.42401639344262,1.6418032786885246,0.5645609505258775,2.240065060082642,2.183876811594203,1.1431159420289856,4.423913043478261,0.5966397479586178
Punjab,2011,394000,1969000,5.0,Kharif,31.569180327868853,36.465,26.66762295081967,605.85,2268.47,61.42401639344262,1.6418032786885246,0.5645609505258775,2.240065060082642,2.183876811594203,1.1431159420289856,4.423913043478261,0.5966397479586178
Punjab,2011,394000,1969000,5.26,Kharif,31.569180327868853,36.465,26.66762295081967,605.85,2268.47,61.42401639344262,1.6418032786885246,0.5645609505258775,2.240065060082642,2.183876811594203,1.1431159420289856,4.423913043478261,0.5966397479586178
Punjab,2011,394000,1969000,5.28,Kharif,31.569180327868853,36.465,26.66762295081967,605.85,2268.47,61.42401639344262,1.6418032786885246,0.5645609505258775,2.240065060082642,2.183876811594203,1.1431159420289856,4.423913043478261,0.5966397479586178
Punjab,2011,394000,1969000,4.75,Kharif,31.569180327868853,36.465,26.66762295081967,605.85,2268.47,61.42401639344262,1.6418032786885246,0.5645609505258775,2.240065060082642,2.183876811594203,1.1431159420289856,4.423913043478261,0.5966397479586178
Punjab,2011,394000,1969000,4.51,Kharif,31.569180327868853,36.465,26.66762295081967,605.85,2268.47,61.42401639344262,1.6418032786885246,0.5645609505258775,2.240065060082642,2.183876811594203,1.1431159420289856,4.423913043478261,0.5966397479586178
Punjab,2011,394000,1969000,5.06,Kharif,31.569180327868853,36.465,26.66762295081967,605.85,2268.47,61.42401639344262,1.6418032786885246,0.5645609505258775,2.240065060082642,2.183876811594203,1.1431159420289856,4.423913043478261,0.5966397479586178
Punjab,2011,394000,1969000,4.93,Kharif,31.569180327868853,36.465,26.66762295081967,605.85,2268.47,61.42401639344262,1.6418032786885246,0.5645609505258775,2.240065060082642,2.183876811594203,1.1431159420289856,4.423913043478261,0.5966397479586178
Punjab,2011,394000,1969000,5.37,Kharif,31.569180327868853,36.465,26.66762295081967,605.85,2268.47,61.42401639344262,1.6418032786885246,0.5645609505258775,2.240065060082642,2.183876811594203,1.1431159420289856,4.423913043478261,0.5966397479586178
Punjab,2011,394000,1969000,4.95,Kharif,31.569180327868853,36.465,26.66762295081967,605.85,2268.47,61.42401639344262,1.6418032786885246,0.5645609505258775,2.240065060082642,2.183876811594203,1.1431159420289856,4.423913043478261,0.5966397479586178
Punjab,2011,394000,1969000,5.46,Kharif,31.569180327868853,36.465,26.66762295081967,605.85,2268.47,61.42401639344262,1.6418032786885246,0.5645609505258775,2.240065060082642,2.183876811594203,1.1431159420289856,4.423913043478261,0.5966397479586178
Punjab,2011,394000,1969000,5.03,Kharif,31.569180327868853,36.465,26.66762295081967,605.85,2268.47,61.42401639344262,1.6418032786885246,0.5645609505258775,2.240065060082642,2.183876811594203,1.1431159420289856,4.423913043478261,0.5966397479586178
Punjab,2011,394000,1969000,5.16,Kharif,31.569180327868853,36.465,26.66762295081967,605.85,2268.47,61.42401639344262,1.6418032786885246,0.5645609505258775,2.240065060082642,2.183876811594203,1.1431159420289856,4.423913043478261,0.5966397479586178
Punjab,2011,394000,1969000,5.47,Kharif,31.569180327868853,36.465,26.66762295081967,605.85,2268.47,61.42401639344262,1.6418032786885246,0.5645609505258775,2.240065060082642,2.183876811594203,1.1431159420289856,4.423913043478261,0.5966397479586178
Punjab,2011,394000,1969000,4.64,Kharif,31.569180327868853,36.465,26.66762295081967,605.85,2268.47,61.42401639344262,1.6418032786885246,0.5645609505258775,2.240065060082642,2.183876811594203,1.1431159420289856,4.423913043478261,0.5966397479586178
Punjab,2011,394000,1969000,4.79,Kharif,31.569180327868853,36.465,26.66762295081967,605.85,2268.47,61.42401639344262,1.6418032786885246,0.5645609505258775,2.240065060082642,2.183876811594203,1.1431159420289856,4.423913043478261,0.5966397479586178
Punjab,2011,394000,1969000,5.49,Kharif,31.569180327868853,36.465,26.66762295081967,605.85,2268.47,61.42401639344262,1.6418032786885246,0.5645609505258775,2.240065060082642,2.183876811594203,1.1431159420289856,4.423913043478261,0.5966397479586178
Punjab,2011,394000,1969000,4.88,Kharif,31.569180327868853,36.465,26.66762295081967,605.85,2268.47,61.42401639344262,1.6418032786885246,0.5645609505258775,2.240065060082642,2.183876811594203,1.1431159420289856,4.423913043478261,0.5966397479586178
Punjab,2011,394000,1969000,4.97,Rabi,19.648820754716983,27.900943396226417,13.16259433962264,63.62,3190.45,41.82693396226415,1.4108018867924528,0.5080307916861023,2.240065060082642,2.183876811594203,1.1431159420289856,4.423913043478261,0.5966397479586178
Punjab,2011,394000,1969000,5.35,Rabi,19.648820754716983,27.900943396226417,13.16259433962264,63.62,3190.45,41.82693396226415,1.4108018867924528,0.5080307916861023,2.240065060082642,2.183876811594203,1.1431159420289856,4.423913043478261,0.5966397479586178
Punjab,2011,394000,1969000,5.0,Rabi,19.648820754716983,27.900943396226417,13.16259433962264,63.62,3190.45,41.82693396226415,1.4108018867924528,0.5080307916861023,2.240065060082642,2.183876811594203,1.1431159420289856,4.423913043478261,0.5966397479586178
Punjab,2011,394000,1969000,5.26,Rabi,19.648820754716983,27.900943396226417,13.16259433962264,63.62,3190.45,41.82693396226415,1.4108018867924528,0.5080307916861023,2.240065060082642,2.183876811594203,1.1431159420289856,4.423913043478261,0.5966397479586178
Punjab,2011,394000,1969000,5.28,Rabi,19.648820754716983,27.900943396226417,13.16259433962264,63.62,3190.45,41.82693396226415,1.4108018867924528,0.5080307916861023,2.240065060082642,2.183876811594203,1.1431159420289856,4.423913043478261,0.5966397479586178
Punjab,2011,394000,1969000,4.75,Rabi,19.648820754716983,27.900943396226417,13.16259433962264,63.62,3190.45,41.82693396226415,1.4108018867924528,0.5080307916861023,2.240065060082642,2.183876811594203,1.1431159420289856,4.423913043478261,0.5966397479586178
Punjab,2011,394000,1969000,4.51,Rabi,19.648820754716983,27.900943396226417,13.16259433962264,63.62,3190.45,41.82693396226415,1.4108018867924528,0.5080307916861023,2.240065060082642,2.183876811594203,1.1431159420289856,4.423913043478261,0.5966397479586178
Punjab,2011,394000,1969000,5.06,Rabi,19.648820754716983,27.900943396226417,13.16259433962264,63.62,3190.45,41.82693396226415,1.4108018867924528,0.5080307916861023,2.240065060082642,2.183876811594203,1.1431159420289856,4.423913043478261,0.5966397479586178
Punjab,2011,394000,1969000,4.93,Rabi,19.648820754716983,27.900943396226417,13.16259433962264,63.62,3190.45,41.82693396226415,1.4108018867924528,0.5080307916861023,2.240065060082642,2.183876811594203,1.1431159420289856,4.423913043478261,0.5966397479586178
Punjab,2011,394000,1969000,5.37,Rabi,19.648820754716983,27.900943396226417,13.16259433962264,63.62,3190.45,41.82693396226415,1.4108018867924528,0.5080307916861023,2.240065060082642,2.183876811594203,1.1431159420289856,4.423913043478261,0.5966397479586178
Punjab,2011,394000,1969000,4.95,Rabi,19.648820754716983,27.900943396226417,13.16259433962264,63.62,3190.45,41.82693396226415,1.4108018867924528,0.5080307916861023,2.240065060082642,2.183876811594203,1.1431159420289856,4.423913043478261,0.5966397479586178
Punjab,2011,394000,1969000,5.46,Rabi,19.648820754716983,27.900943396226417,13.16259433962264,63.62,3190.45,41.82693396226415,1.4108018867924528,0.5080307916861023,2.240065060082642,2.183876811594203,1.1431159420289856,4.423913043478261,0.5966397479586178
Punjab,2011,394000,1969000,5.03,Rabi,19.648820754716983,27.900943396226417,13.16259433962264,63.62,3190.45,41.82693396226415,1.4108018867924528,0.5080307916861023,2.240065060082642,2.183876811594203,1.1431159420289856,4.423913043478261,0.5966397479586178
Punjab,2011,394000,1969000,5.16,Rabi,19.648820754716983,27.900943396226417,13.16259433962264,63.62,3190.45,41.82693396226415,1.4108018867924528,0.5080307916861023,2.240065060082642,2.183876811594203,1.1431159420289856,4.423913043478261,0.5966397479586178
Punjab,2011,394000,1969000,5.47,Rabi,19.648820754716983,27.900943396226417,13.16259433962264,63.62,3190.45,41.82693396226415,1.4108018867924528,0.5080307916861023,2.240065060082642,2.183876811594203,1.1431159420289856,4.423913043478261,0.5966397479586178
Punjab,2011,394000,1969000,4.64,Rabi,19.648820754716983,27.900943396226417,13.16259433962264,63.62,3190.45,41.82693396226415,1.4108018867924528,0.5080307916861023,2.240065060082642,2.183876811594203,1.1431159420289856,4.423913043478261,0.5966397479586178
Punjab,2011,394000,1969000,4.79,Rabi,19.648820754716983,27.900943396226417,13.16259433962264,63.62,3190.45,41.82693396226415,1.4108018867924528,0.5080307916861023,2.240065060082642,2.183876811594203,1.1431159420289856,4.423913043478261,0.5966397479586178
Punjab,2011,394000,1969000,5.49,Rabi,19.648820754716983,27.900943396226417,13.16259433962264,63.62,3190.45,41.82693396226415,1.4108018867924528,0.5080307916861023,2.240065060082642,2.183876811594203,1.1431159420289856,4.423913043478261,0.5966397479586178
Punjab,2011,394000,1969000,4.88,Rabi,19.648820754716983,27.900943396226417,13.16259433962264,63.62,3190.45,41.82693396226415,1.4108018867924528,0.5080307916861023,2.240065060082642,2.183876811594203,1.1431159420289856,4.423913043478261,0.5966397479586178
Punjab,2012,285000,1473000,4.65,Kharif,33.787622950819674,39.69647540983607,28.04040983606557,366.42,2443.52,45.64377049180328,1.9268032786885243,0.5369230181123466,2.240065060082642,2.183876811594203,1.1431159420289856,4.423913043478261,0.5966397479586178
Punjab,2012,285000,1473000,4.97,Kharif,33.787622950819674,39.69647540983607,28.04040983606557,366.42,2443.52,45.64377049180328,1.9268032786885243,0.5369230181123466,2.240065060082642,2.183876811594203,1.1431159420289856,4.423913043478261,0.5966397479586178
Punjab,2012,285000,1473000,4.79,Kharif,33.787622950819674,39.69647540983607,28.04040983606557,366.42,2443.52,45.64377049180328,1.9268032786885243,0.5369230181123466,2.240065060082642,2.183876811594203,1.1431159420289856,4.423913043478261,0.5966397479586178
Punjab,2012,285000,1473000,4.73,Kharif,33.787622950819674,39.69647540983607,28.04040983606557,366.42,2443.52,45.64377049180328,1.9268032786885243,0.5369230181123466,2.240065060082642,2.183876811594203,1.1431159420289856,4.423913043478261,0.5966397479586178
Punjab,2012,285000,1473000,5.18,Kharif,33.787622950819674,39.69647540983607,28.04040983606557,366.42,2443.52,45.64377049180328,1.9268032786885243,0.5369230181123466,2.240065060082642,2.183876811594203,1.1431159420289856,4.423913043478261,0.5966397479586178
Punjab,2012,285000,1473000,4.67,Kharif,33.787622950819674,39.69647540983607,28.04040983606557,366.42,2443.52,45.64377049180328,1.9268032786885243,0.5369230181123466,2.240065060082642,2.183876811594203,1.1431159420289856,4.423913043478261,0.5966397479586178
Punjab,2012,285000,1473000,4.92,Kharif,33.787622950819674,39.69647540983607,28.04040983606557,366.42,2443.52,45.64377049180328,1.9268032786885243,0.5369230181123466,2.240065060082642,2.183876811594203,1.1431159420289856,4.423913043478261,0.5966397479586178
Punjab,2012,285000,1473000,4.48,Kharif,33.787622950819674,39.69647540983607,28.04040983606557,366.42,2443.52,45.64377049180328,1.9268032786885243,0.5369230181123466,2.240065060082642,2.183876811594203,1.1431159420289856,4.423913043478261,0.5966397479586178
Punjab,2012,285000,1473000,4.22,Kharif,33.787622950819674,39.69647540983607,28.04040983606557,366.42,2443.52,45.64377049180328,1.9268032786885243,0.5369230181123466,2.240065060082642,2.183876811594203,1.1431159420289856,4.423913043478261,0.5966397479586178
Punjab,2012,285000,1473000,4.57,Kharif,33.787622950819674,39.69647540983607,28.04040983606557,366.42,2443.52,45.64377049180328,1.9268032786885243,0.5369230181123466,2.240065060082642,2.183876811594203,1.1431159420289856,4.423913043478261,0.5966397479586178
Punjab,2012,285000,1473000,4.64,Kharif,33.787622950819674,39.69647540983607,28.04040983606557,366.42,2443.52,45.64377049180328,1.9268032786885243,0.5369230181123466,2.240065060082642,2.183876811594203,1.1431159420289856,4.423913043478261,0.5966397479586178
Punjab,2012,285000,1473000,4.85,Kharif,33.787622950819674,39.69647540983607,28.04040983606557,366.42,2443.52,45.64377049180328,1.9268032786885243,0.5369230181123466,2.240065060082642,2.183876811594203,1.1431159420289856,4.423913043478261,0.5966397479586178
Punjab,2012,285000,1473000,4.44,Kharif,33.787622950819674,39.69647540983607,28.04040983606557,366.42,2443.52,45.64377049180328,1.9268032786885243,0.5369230181123466,2.240065060082642,2.183876811594203,1.1431159420289856,4.423913043478261,0.5966397479586178
Punjab,2012,285000,1473000,4.95,Kharif,33.787622950819674,39.69647540983607,28.04040983606557,366.42,2443.52,45.64377049180328,1.9268032786885243,0.5369230181123466,2.240065060082642,2.183876811594203,1.1431159420289856,4.423913043478261,0.5966397479586178
Punjab,2012,285000,1473000,4.77,Kharif,33.787622950819674,39.69647540983607,28.04040983606557,366.42,2443.52,45.64377049180328,1.9268032786885243,0.5369230181123466,2.240065060082642,2.183876811594203,1.1431159420289856,4.423913043478261,0.5966397479586178
Punjab,2012,285000,1473000,4.78,Kharif,33.787622950819674,39.69647540983607,28.04040983606557,366.42,2443.52,45.64377049180328,1.9268032786885243,0.5369230181123466,2.240065060082642,2.183876811594203,1.1431159420289856,4.423913043478261,0.5966397479586178
Punjab,2012,285000,1473000,4.12,Kharif,33.787622950819674,39.69647540983607,28.04040983606557,366.42,2443.52,45.64377049180328,1.9268032786885243,0.5369230181123466,2.240065060082642,2.183876811594203,1.1431159420289856,4.423913043478261,0.5966397479586178
Punjab,2012,285000,1473000,4.8,Kharif,33.787622950819674,39.69647540983607,28.04040983606557,366.42,2443.52,45.64377049180328,1.9268032786885243,0.5369230181123466,2.240065060082642,2.183876811594203,1.1431159420289856,4.423913043478261,0.5966397479586178
Punjab,2012,285000,1473000,4.51,Kharif,33.787622950819674,39.69647540983607,28.04040983606557,366.42,2443.52,45.64377049180328,1.9268032786885243,0.5369230181123466,2.240065060082642,2.183876811594203,1.1431159420289856,4.423913043478261,0.5966397479586178
Punjab,2012,285000,1473000,4.31,Kharif,33.787622950819674,39.69647540983607,28.04040983606557,366.42,2443.52,45.64377049180328,1.9268032786885243,0.5369230181123466,2.240065060082642,2.183876811594203,1.1431159420289856,4.423913043478261,0.5966397479586178
Punjab,2012,285000,1473000,5.17,Kharif,33.787622950819674,39.69647540983607,28.04040983606557,366.42,2443.52,45.64377049180328,1.9268032786885243,0.5369230181123466,2.240065060082642,2.183876811594203,1.1431159420289856,4.423913043478261,0.5966397479586178
Punjab,2012,285000,1473000,4.38,Kharif,33.787622950819674,39.69647540983607,28.04040983606557,366.42,2443.52,45.64377049180328,1.9268032786885243,0.5369230181123466,2.240065060082642,2.183876811594203,1.1431159420289856,4.423913043478261,0.5966397479586178
Punjab,2012,285000,1473000,4.65,Rabi,18.83934272300469,27.57868544600939,12.329154929577465,93.78,3229.11,39.93990610328639,1.6129107981220658,0.49692869284655333,2.240065060082642,2.183876811594203,1.1431159420289856,4.423913043478261,0.5966397479586178
Punjab,2012,285000,1473000,4.97,Rabi,18.83934272300469,27.57868544600939,12.329154929577465,93.78,3229.11,39.93990610328639,1.6129107981220658,0.49692869284655333,2.240065060082642,2.183876811594203,1.1431159420289856,4.423913043478261,0.5966397479586178
Punjab,2012,285000,1473000,4.79,Rabi,18.83934272300469,27.57868544600939,12.329154929577465,93.78,3229.11,39.93990610328639,1.6129107981220658,0.49692869284655333,2.240065060082642,2.183876811594203,1.1431159420289856,4.423913043478261,0.5966397479586178
Punjab,2012,285000,1473000,4.73,Rabi,18.83934272300469,27.57868544600939,12.329154929577465,93.78,3229.11,39.93990610328639,1.6129107981220658,0.49692869284655333,2.240065060082642,2.183876811594203,1.1431159420289856,4.423913043478261,0.5966397479586178
Punjab,2012,285000,1473000,5.18,Rabi,18.83934272300469,27.57868544600939,12.329154929577465,93.78,3229.11,39.93990610328639,1.6129107981220658,0.49692869284655333,2.240065060082642,2.183876811594203,1.1431159420289856,4.423913043478261,0.5966397479586178
Punjab,2012,285000,1473000,4.67,Rabi,18.83934272300469,27.57868544600939,12.329154929577465,93.78,3229.11,39.93990610328639,1.6129107981220658,0.49692869284655333,2.240065060082642,2.183876811594203,1.1431159420289856,4.423913043478261,0.5966397479586178
Punjab,2012,285000,1473000,4.92,Rabi,18.83934272300469,27.57868544600939,12.329154929577465,93.78,3229.11,39.93990610328639,1.6129107981220658,0.49692869284655333,2.240065060082642,2.183876811594203,1.1431159420289856,4.423913043478261,0.5966397479586178
Punjab,2012,285000,1473000,4.48,Rabi,18.83934272300469,27.57868544600939,12.329154929577465,93.78,3229.11,39.93990610328639,1.6129107981220658,0.49692869284655333,2.240065060082642,2.183876811594203,1.1431159420289856,4.423913043478261,0.5966397479586178
Punjab,2012,285000,1473000,4.22,Rabi,18.83934272300469,27.57868544600939,12.329154929577465,93.78,3229.11,39.93990610328639,1.6129107981220658,0.49692869284655333,2.240065060082642,2.183876811594203,1.1431159420289856,4.423913043478261,0.5966397479586178
Punjab,2012,285000,1473000,4.57,Rabi,18.83934272300469,27.57868544600939,12.329154929577465,93.78,3229.11,39.93990610328639,1.6129107981220658,0.49692869284655333,2.240065060082642,2.183876811594203,1.1431159420289856,4.423913043478261,0.5966397479586178
Punjab,2012,285000,1473000,4.64,Rabi,18.83934272300469,27.57868544600939,12.329154929577465,93.78,3229.11,39.93990610328639,1.6129107981220658,0.49692869284655333,2.240065060082642,2.183876811594203,1.1431159420289856,4.423913043478261,0.5966397479586178
Punjab,2012,285000,1473000,4.85,Rabi,18.83934272300469,27.57868544600939,12.329154929577465,93.78,3229.11,39.93990610328639,1.6129107981220658,0.49692869284655333,2.240065060082642,2.183876811594203,1.1431159420289856,4.423913043478261,0.5966397479586178
Punjab,2012,285000,1473000,4.44,Rabi,18.83934272300469,27.57868544600939,12.329154929577465,93.78,3229.11,39.93990610328639,1.6129107981220658,0.49692869284655333,2.240065060082642,2.183876811594203,1.1431159420289856,4.423913043478261,0.5966397479586178
Punjab,2012,285000,1473000,4.95,Rabi,18.83934272300469,27.57868544600939,12.329154929577465,93.78,3229.11,39.93990610328639,1.6129107981220658,0.49692869284655333,2.240065060082642,2.183876811594203,1.1431159420289856,4.423913043478261,0.5966397479586178
Punjab,2012,285000,1473000,4.77,Rabi,18.83934272300469,27.57868544600939,12.329154929577465,93.78,3229.11,39.93990610328639,1.6129107981220658,0.49692869284655333,2.240065060082642,2.183876811594203,1.1431159420289856,4.423913043478261,0.5966397479586178
Punjab,2012,285000,1473000,4.78,Rabi,18.83934272300469,27.57868544600939,12.329154929577465,93.78,3229.11,39.93990610328639,1.6129107981220658,0.49692869284655333,2.240065060082642,2.183876811594203,1.1431159420289856,4.423913043478261,0.5966397479586178
Punjab,2012,285000,1473000,4.12,Rabi,18.83934272300469,27.57868544600939,12.329154929577465,93.78,3229.11,39.93990610328639,1.6129107981220658,0.49692869284655333,2.240065060082642,2.183876811594203,1.1431159420289856,4.423913043478261,0.5966397479586178
Punjab,2012,285000,1473000,4.8,Rabi,18.83934272300469,27.57868544600939,12.329154929577465,93.78,3229.11,39.93990610328639,1.6129107981220658,0.49692869284655333,2.240065060082642,2.183876811594203,1.1431159420289856,4.423913043478261,0.5966397479586178
Punjab,2012,285000,1473000,4.51,Rabi,18.83934272300469,27.57868544600939,12.329154929577465,93.78,3229.11,39.93990610328639,1.6129107981220658,0.49692869284655333,2.240065060082642,2.183876811594203,1.1431159420289856,4.423913043478261,0.5966397479586178
Punjab,2012,285000,1473000,4.31,Rabi,18.83934272300469,27.57868544600939,12.329154929577465,93.78,3229.11,39.93990610328639,1.6129107981220658,0.49692869284655333,2.240065060082642,2.183876811594203,1.1431159420289856,4.423913043478261,0.5966397479586178
Punjab,2012,285000,1473000,5.17,Rabi,18.83934272300469,27.57868544600939,12.329154929577465,93.78,3229.11,39.93990610328639,1.6129107981220658,0.49692869284655333,2.240065060082642,2.183876811594203,1.1431159420289856,4.423913043478261,0.5966397479586178
Punjab,2012,285000,1473000,4.38,Rabi,18.83934272300469,27.57868544600939,12.329154929577465,93.78,3229.11,39.93990610328639,1.6129107981220658,0.49692869284655333,2.240065060082642,2.183876811594203,1.1431159420289856,4.423913043478261,0.5966397479586178
Punjab,2013,285000,1567000,4.97,Kharif,31.86254098360656,37.12319672131147,26.646639344262294,619.3299999999999,2303.98,58.41688524590164,1.59672131147541,0.5633723151169128,2.240065060082642,2.183876811594203,1.1431159420289856,4.423913043478261,0.5966397479586178
Punjab,2013,285000,1567000,5.23,Kharif,31.86254098360656,37.12319672131147,26.646639344262294,619.3299999999999,2303.98,58.41688524590164,1.59672131147541,0.5633723151169128,2.240065060082642,2.183876811594203,1.1431159420289856,4.423913043478261,0.5966397479586178
Punjab,2013,285000,1567000,4.96,Kharif,31.86254098360656,37.12319672131147,26.646639344262294,619.3299999999999,2303.98,58.41688524590164,1.59672131147541,0.5633723151169128,2.240065060082642,2.183876811594203,1.1431159420289856,4.423913043478261,0.5966397479586178
Punjab,2013,285000,1567000,5.18,Kharif,31.86254098360656,37.12319672131147,26.646639344262294,619.3299999999999,2303.98,58.41688524590164,1.59672131147541,0.5633723151169128,2.240065060082642,2.183876811594203,1.1431159420289856,4.423913043478261,0.5966397479586178
Punjab,2013,285000,1567000,5.08,Kharif,31.86254098360656,37.12319672131147,26.646639344262294,619.3299999999999,2303.98,58.41688524590164,1.59672131147541,0.5633723151169128,2.240065060082642,2.183876811594203,1.1431159420289856,4.423913043478261,0.5966397479586178
Punjab,2013,285000,1567000,4.92,Kharif,31.86254098360656,37.12319672131147,26.646639344262294,619.3299999999999,2303.98,58.41688524590164,1.59672131147541,0.5633723151169128,2.240065060082642,2.183876811594203,1.1431159420289856,4.423913043478261,0.5966397479586178
Punjab,2013,285000,1567000,5.3,Kharif,31.86254098360656,37.12319672131147,26.646639344262294,619.3299999999999,2303.98,58.41688524590164,1.59672131147541,0.5633723151169128,2.240065060082642,2.183876811594203,1.1431159420289856,4.423913043478261,0.5966397479586178
Punjab,2013,285000,1567000,4.47,Kharif,31.86254098360656,37.12319672131147,26.646639344262294,619.3299999999999,2303.98,58.41688524590164,1.59672131147541,0.5633723151169128,2.240065060082642,2.183876811594203,1.1431159420289856,4.423913043478261,0.5966397479586178
Punjab,2013,285000,1567000,4.53,Kharif,31.86254098360656,37.12319672131147,26.646639344262294,619.3299999999999,2303.98,58.41688524590164,1.59672131147541,0.5633723151169128,2.240065060082642,2.183876811594203,1.1431159420289856,4.423913043478261,0.5966397479586178
Punjab,2013,285000,1567000,4.95,Kharif,31.86254098360656,37.12319672131147,26.646639344262294,619.3299999999999,2303.98,58.41688524590164,1.59672131147541,0.5633723151169128,2.240065060082642,2.183876811594203,1.1431159420289856,4.423913043478261,0.5966397479586178
Punjab,2013,285000,1567000,4.94,Kharif,31.86254098360656,37.12319672131147,26.646639344262294,619.3299999999999,2303.98,58.41688524590164,1.59672131147541,0.5633723151169128,2.240065060082642,2.183876811594203,1.1431159420289856,4.423913043478261,0.5966397479586178
Punjab,2013,285000,1567000,5.22,Kharif,31.86254098360656,37.12319672131147,26.646639344262294,619.3299999999999,2303.98,58.41688524590164,1.59672131147541,0.5633723151169128,2.240065060082642,2.183876811594203,1.1431159420289856,4.423913043478261,0.5966397479586178
Punjab,2013,285000,1567000,5.02,Kharif,31.86254098360656,37.12319672131147,26.646639344262294,619.3299999999999,2303.98,58.41688524590164,1.59672131147541,0.5633723151169128,2.240065060082642,2.183876811594203,1.1431159420289856,4.423913043478261,0.5966397479586178
Punjab,2013,285000,1567000,5.24,Kharif,31.86254098360656,37.12319672131147,26.646639344262294,619.3299999999999,2303.98,58.41688524590164,1.59672131147541,0.5633723151169128,2.240065060082642,2.183876811594203,1.1431159420289856,4.423913043478261,0.5966397479586178
Punjab,2013,285000,1567000,5.06,Kharif,31.86254098360656,37.12319672131147,26.646639344262294,619.3299999999999,2303.98,58.41688524590164,1.59672131147541,0.5633723151169128,2.240065060082642,2.183876811594203,1.1431159420289856,4.423913043478261,0.5966397479586178
Punjab,2013,285000,1567000,3.98,Kharif,31.86254098360656,37.12319672131147,26.646639344262294,619.3299999999999,2303.98,58.41688524590164,1.59672131147541,0.5633723151169128,2.240065060082642,2.183876811594203,1.1431159420289856,4.423913043478261,0.5966397479586178
Punjab,2013,285000,1567000,4.58,Kharif,31.86254098360656,37.12319672131147,26.646639344262294,619.3299999999999,2303.98,58.41688524590164,1.59672131147541,0.5633723151169128,2.240065060082642,2.183876811594203,1.1431159420289856,4.423913043478261,0.5966397479586178
Punjab,2013,285000,1567000,5.5,Kharif,31.86254098360656,37.12319672131147,26.646639344262294,619.3299999999999,2303.98,58.41688524590164,1.59672131147541,0.5633723151169128,2.240065060082642,2.183876811594203,1.1431159420289856,4.423913043478261,0.5966397479586178
Punjab,2013,285000,1567000,5.09,Kharif,31.86254098360656,37.12319672131147,26.646639344262294,619.3299999999999,2303.98,58.41688524590164,1.59672131147541,0.5633723151169128,2.240065060082642,2.183876811594203,1.1431159420289856,4.423913043478261,0.5966397479586178
Punjab,2013,285000,1567000,4.97,Rabi,19.345943396226417,27.804481132075477,12.92391509433962,158.25,3097.45,45.22561320754717,1.6,0.5226444188602768,2.240065060082642,2.183876811594203,1.1431159420289856,4.423913043478261,0.5966397479586178
Punjab,2013,285000,1567000,5.23,Rabi,19.345943396226417,27.804481132075477,12.92391509433962,158.25,3097.45,45.22561320754717,1.6,0.5226444188602768,2.240065060082642,2.183876811594203,1.1431159420289856,4.423913043478261,0.5966397479586178
Punjab,2013,285000,1567000,4.96,Rabi,19.345943396226417,27.804481132075477,12.92391509433962,158.25,3097.45,45.22561320754717,1.6,0.5226444188602768,2.240065060082642,2.183876811594203,1.1431159420289856,4.423913043478261,0.5966397479586178
Punjab,2013,285000,1567000,5.18,Rabi,19.345943396226417,27.804481132075477,12.92391509433962,158.25,3097.45,45.22561320754717,1.6,0.5226444188602768,2.240065060082642,2.183876811594203,1.1431159420289856,4.423913043478261,0.5966397479586178
Punjab,2013,285000,1567000,5.08,Rabi,19.345943396226417,27.804481132075477,12.92391509433962,158.25,3097.45,45.22561320754717,1.6,0.5226444188602768,2.240065060082642,2.183876811594203,1.1431159420289856,4.423913043478261,0.5966397479586178
Punjab,2013,285000,1567000,4.92,Rabi,19.345943396226417,27.804481132075477,12.92391509433962,158.25,3097.45,45.22561320754717,1.6,0.5226444188602768,2.240065060082642,2.183876811594203,1.1431159420289856,4.423913043478261,0.5966397479586178
Punjab,2013,285000,1567000,5.3,Rabi,19.345943396226417,27.804481132075477,12.92391509433962,158.25,3097.45,45.22561320754717,1.6,0.5226444188602768,2.240065060082642,2.183876811594203,1.1431159420289856,4.423913043478261,0.5966397479586178
Punjab,2013,285000,1567000,4.47,Rabi,19.345943396226417,27.804481132075477,12.92391509433962,158.25,3097.45,45.22561320754717,1.6,0.5226444188602768,2.240065060082642,2.183876811594203,1.1431159420289856,4.423913043478261,0.5966397479586178
Punjab,2013,285000,1567000,4.53,Rabi,19.345943396226417,27.804481132075477,12.92391509433962,158.25,3097.45,45.22561320754717,1.6,0.5226444188602768,2.240065060082642,2.183876811594203,1.1431159420289856,4.423913043478261,0.5966397479586178
Punjab,2013,285000,1567000,4.95,Rabi,19.345943396226417,27.804481132075477,12.92391509433962,158.25,3097.45,45.22561320754717,1.6,0.5226444188602768,2.240065060082642,2.183876811594203,1.1431159420289856,4.423913043478261,0.5966397479586178
Punjab,2013,285000,1567000,4.94,Rabi,19.345943396226417,27.804481132075477,12.92391509433962,158.25,3097.45,45.22561320754717,1.6,0.5226444188602768,2.240065060082642,2.183876811594203,1.1431159420289856,4.423913043478261,0.5966397479586178
Punjab,2013,285000,1567000,5.22,Rabi,19.345943396226417,27.804481132075477,12.92391509433962,158.25,3097.45,45.22561320754717,1.6,0.5226444188602768,2.240065060082642,2.183876811594203,1.1431159420289856,4.423913043478261,0.5966397479586178
Punjab,2013,285000,1567000,5.02,Rabi,19.345943396226417,27.804481132075477,12.92391509433962,158.25,3097.45,45.22561320754717,1.6,0.5226444188602768,2.240065060082642,2.183876811594203,1.1431159420289856,4.423913043478261,0.5966397479586178
Punjab,2013,285000,1567000,5.24,Rabi,19.345943396226417,27.804481132075477,12.92391509433962,158.25,3097.45,45.22561320754717,1.6,0.5226444188602768,2.240065060082642,2.183876811594203,1.1431159420289856,4.423913043478261,0.5966397479586178
Punjab,2013,285000,1567000,5.06,Rabi,19.345943396226417,27.804481132075477,12.92391509433962,158.25,3097.45,45.22561320754717,1.6,0.5226444188602768,2.240065060082642,2.183876811594203,1.1431159420289856,4.423913043478261,0.5966397479586178
Punjab,2013,285000,1567000,3.98,Rabi,19.345943396226417,27.804481132075477,12.92391509433962,158.25,3097.45,45.22561320754717,1.6,0.5226444188602768,2.240065060082642,2.183876811594203,1.1431159420289856,4.423913043478261,0.5966397479586178
Punjab,2013,285000,1567000,4.58,Rabi,19.345943396226417,27.804481132075477,12.92391509433962,158.25,3097.45,45.22561320754717,1.6,0.5226444188602768,2.240065060082642,2.183876811594203,1.1431159420289856,4.423913043478261,0.5966397479586178
Punjab,2013,285000,1567000,5.5,Rabi,19.345943396226417,27.804481132075477,12.92391509433962,158.25,3097.45,45.22561320754717,1.6,0.5226444188602768,2.240065060082642,2.183876811594203,1.1431159420289856,4.423913043478261,0.5966397479586178
Punjab,2013,285000,1567000,5.09,Rabi,19.345943396226417,27.804481132075477,12.92391509433962,158.25,3097.45,45.22561320754717,1.6,0.5226444188602768,2.240065060082642,2.183876811594203,1.1431159420289856,4.423913043478261,0.5966397479586178
Punjab,2014,284000,1366000,3.91,Kharif,33.54860655737705,39.26098360655738,27.771475409836064,481.47,2481.94,46.02418032786885,1.8195081967213116,0.5443471517118271,2.240065060082642,2.183876811594203,1.1431159420289856,4.423913043478261,0.5966397479586178
Punjab,2014,284000,1366000,4.62,Kharif,33.54860655737705,39.26098360655738,27.771475409836064,481.47,2481.94,46.02418032786885,1.8195081967213116,0.5443471517118271,2.240065060082642,2.183876811594203,1.1431159420289856,4.423913043478261,0.5966397479586178
Punjab,2014,284000,1366000,4.8,Kharif,33.54860655737705,39.26098360655738,27.771475409836064,481.47,2481.94,46.02418032786885,1.8195081967213116,0.5443471517118271,2.240065060082642,2.183876811594203,1.1431159420289856,4.423913043478261,0.5966397479586178
Punjab,2014,284000,1366000,4.81,Kharif,33.54860655737705,39.26098360655738,27.771475409836064,481.47,2481.94,46.02418032786885,1.8195081967213116,0.5443471517118271,2.240065060082642,2.183876811594203,1.1431159420289856,4.423913043478261,0.5966397479586178
Punjab,2014,284000,1366000,4.05,Kharif,33.54860655737705,39.26098360655738,27.771475409836064,481.47,2481.94,46.02418032786885,1.8195081967213116,0.5443471517118271,2.240065060082642,2.183876811594203,1.1431159420289856,4.423913043478261,0.5966397479586178
Punjab,2014,284000,1366000,4.43,Kharif,33.54860655737705,39.26098360655738,27.771475409836064,481.47,2481.94,46.02418032786885,1.8195081967213116,0.5443471517118271,2.240065060082642,2.183876811594203,1.1431159420289856,4.423913043478261,0.5966397479586178
Punjab,2014,284000,1366000,4.66,Kharif,33.54860655737705,39.26098360655738,27.771475409836064,481.47,2481.94,46.02418032786885,1.8195081967213116,0.5443471517118271,2.240065060082642,2.183876811594203,1.1431159420289856,4.423913043478261,0.5966397479586178
Punjab,2014,284000,1366000,3.35,Kharif,33.54860655737705,39.26098360655738,27.771475409836064,481.47,2481.94,46.02418032786885,1.8195081967213116,0.5443471517118271,2.240065060082642,2.183876811594203,1.1431159420289856,4.423913043478261,0.5966397479586178
Punjab,2014,284000,1366000,3.6,Kharif,33.54860655737705,39.26098360655738,27.771475409836064,481.47,2481.94,46.02418032786885,1.8195081967213116,0.5443471517118271,2.240065060082642,2.183876811594203,1.1431159420289856,4.423913043478261,0.5966397479586178
Punjab,2014,284000,1366000,4.1,Kharif,33.54860655737705,39.26098360655738,27.771475409836064,481.47,2481.94,46.02418032786885,1.8195081967213116,0.5443471517118271,2.240065060082642,2.183876811594203,1.1431159420289856,4.423913043478261,0.5966397479586178
Punjab,2014,284000,1366000,3.9,Kharif,33.54860655737705,39.26098360655738,27.771475409836064,481.47,2481.94,46.02418032786885,1.8195081967213116,0.5443471517118271,2.240065060082642,2.183876811594203,1.1431159420289856,4.423913043478261,0.5966397479586178
Punjab,2014,284000,1366000,4.46,Kharif,33.54860655737705,39.26098360655738,27.771475409836064,481.47,2481.94,46.02418032786885,1.8195081967213116,0.5443471517118271,2.240065060082642,2.183876811594203,1.1431159420289856,4.423913043478261,0.5966397479586178
Punjab,2014,284000,1366000,4.47,Kharif,33.54860655737705,39.26098360655738,27.771475409836064,481.47,2481.94,46.02418032786885,1.8195081967213116,0.5443471517118271,2.240065060082642,2.183876811594203,1.1431159420289856,4.423913043478261,0.5966397479586178
Punjab,2014,284000,1366000,4.54,Kharif,33.54860655737705,39.26098360655738,27.771475409836064,481.47,2481.94,46.02418032786885,1.8195081967213116,0.5443471517118271,2.240065060082642,2.183876811594203,1.1431159420289856,4.423913043478261,0.5966397479586178
Punjab,2014,284000,1366000,4.36,Kharif,33.54860655737705,39.26098360655738,27.771475409836064,481.47,2481.94,46.02418032786885,1.8195081967213116,0.5443471517118271,2.240065060082642,2.183876811594203,1.1431159420289856,4.423913043478261,0.5966397479586178
Punjab,2014,284000,1366000,3.71,Kharif,33.54860655737705,39.26098360655738,27.771475409836064,481.47,2481.94,46.02418032786885,1.8195081967213116,0.5443471517118271,2.240065060082642,2.183876811594203,1.1431159420289856,4.423913043478261,0.5966397479586178
Punjab,2014,284000,1366000,2.74,Kharif,33.54860655737705,39.26098360655738,27.771475409836064,481.47,2481.94,46.02418032786885,1.8195081967213116,0.5443471517118271,2.240065060082642,2.183876811594203,1.1431159420289856,4.423913043478261,0.5966397479586178
Punjab,2014,284000,1366000,4.39,Kharif,33.54860655737705,39.26098360655738,27.771475409836064,481.47,2481.94,46.02418032786885,1.8195081967213116,0.5443471517118271,2.240065060082642,2.183876811594203,1.1431159420289856,4.423913043478261,0.5966397479586178
Punjab,2014,284000,1366000,4.03,Kharif,33.54860655737705,39.26098360655738,27.771475409836064,481.47,2481.94,46.02418032786885,1.8195081967213116,0.5443471517118271,2.240065060082642,2.183876811594203,1.1431159420289856,4.423913043478261,0.5966397479586178
Punjab,2014,284000,1366000,3.96,Kharif,33.54860655737705,39.26098360655738,27.771475409836064,481.47,2481.94,46.02418032786885,1.8195081967213116,0.5443471517118271,2.240065060082642,2.183876811594203,1.1431159420289856,4.423913043478261,0.5966397479586178
Punjab,2014,284000,1366000,4.13,Kharif,33.54860655737705,39.26098360655738,27.771475409836064,481.47,2481.94,46.02418032786885,1.8195081967213116,0.5443471517118271,2.240065060082642,2.183876811594203,1.1431159420289856,4.423913043478261,0.5966397479586178
Punjab,2014,284000,1366000,3.91,Rabi,18.60816037735849,27.092877358490565,12.237122641509432,156.04,3080.97,45.70301886792453,1.5725,0.5163880402348814,2.240065060082642,2.183876811594203,1.1431159420289856,4.423913043478261,0.5966397479586178
Punjab,2014,284000,1366000,4.62,Rabi,18.60816037735849,27.092877358490565,12.237122641509432,156.04,3080.97,45.70301886792453,1.5725,0.5163880402348814,2.240065060082642,2.183876811594203,1.1431159420289856,4.423913043478261,0.5966397479586178
Punjab,2014,284000,1366000,4.8,Rabi,18.60816037735849,27.092877358490565,12.237122641509432,156.04,3080.97,45.70301886792453,1.5725,0.5163880402348814,2.240065060082642,2.183876811594203,1.1431159420289856,4.423913043478261,0.5966397479586178
Punjab,2014,284000,1366000,4.81,Rabi,18.60816037735849,27.092877358490565,12.237122641509432,156.04,3080.97,45.70301886792453,1.5725,0.5163880402348814,2.240065060082642,2.183876811594203,1.1431159420289856,4.423913043478261,0.5966397479586178
Punjab,2014,284000,1366000,4.05,Rabi,18.60816037735849,27.092877358490565,12.237122641509432,156.04,3080.97,45.70301886792453,1.5725,0.5163880402348814,2.240065060082642,2.183876811594203,1.1431159420289856,4.423913043478261,0.5966397479586178
Punjab,2014,284000,1366000,4.43,Rabi,18.60816037735849,27.092877358490565,12.237122641509432,156.04,3080.97,45.70301886792453,1.5725,0.5163880402348814,2.240065060082642,2.183876811594203,1.1431159420289856,4.423913043478261,0.5966397479586178
Punjab,2014,284000,1366000,4.66,Rabi,18.60816037735849,27.092877358490565,12.237122641509432,156.04,3080.97,45.70301886792453,1.5725,0.5163880402348814,2.240065060082642,2.183876811594203,1.1431159420289856,4.423913043478261,0.5966397479586178
Punjab,2014,284000,1366000,3.35,Rabi,18.60816037735849,27.092877358490565,12.237122641509432,156.04,3080.97,45.70301886792453,1.5725,0.5163880402348814,2.240065060082642,2.183876811594203,1.1431159420289856,4.423913043478261,0.5966397479586178
Punjab,2014,284000,1366000,3.6,Rabi,18.60816037735849,27.092877358490565,12.237122641509432,156.04,3080.97,45.70301886792453,1.5725,0.5163880402348814,2.240065060082642,2.183876811594203,1.1431159420289856,4.423913043478261,0.5966397479586178
Punjab,2014,284000,1366000,4.1,Rabi,18.60816037735849,27.092877358490565,12.237122641509432,156.04,3080.97,45.70301886792453,1.5725,0.5163880402348814,2.240065060082642,2.183876811594203,1.1431159420289856,4.423913043478261,0.5966397479586178
Punjab,2014,284000,1366000,3.9,Rabi,18.60816037735849,27.092877358490565,12.237122641509432,156.04,3080.97,45.70301886792453,1.5725,0.5163880402348814,2.240065060082642,2.183876811594203,1.1431159420289856,4.423913043478261,0.5966397479586178
Punjab,2014,284000,1366000,4.46,Rabi,18.60816037735849,27.092877358490565,12.237122641509432,156.04,3080.97,45.70301886792453,1.5725,0.5163880402348814,2.240065060082642,2.183876811594203,1.1431159420289856,4.423913043478261,0.5966397479586178
Punjab,2014,284000,1366000,4.47,Rabi,18.60816037735849,27.092877358490565,12.237122641509432,156.04,3080.97,45.70301886792453,1.5725,0.5163880402348814,2.240065060082642,2.183876811594203,1.1431159420289856,4.423913043478261,0.5966397479586178
Punjab,2014,284000,1366000,4.54,Rabi,18.60816037735849,27.092877358490565,12.237122641509432,156.04,3080.97,45.70301886792453,1.5725,0.5163880402348814,2.240065060082642,2.183876811594203,1.1431159420289856,4.423913043478261,0.5966397479586178
Punjab,2014,284000,1366000,4.36,Rabi,18.60816037735849,27.092877358490565,12.237122641509432,156.04,3080.97,45.70301886792453,1.5725,0.5163880402348814,2.240065060082642,2.183876811594203,1.1431159420289856,4.423913043478261,0.5966397479586178
Punjab,2014,284000,1366000,3.71,Rabi,18.60816037735849,27.092877358490565,12.237122641509432,156.04,3080.97,45.70301886792453,1.5725,0.5163880402348814,2.240065060082642,2.183876811594203,1.1431159420289856,4.423913043478261,0.5966397479586178
Punjab,2014,284000,1366000,2.74,Rabi,18.60816037735849,27.092877358490565,12.237122641509432,156.04,3080.97,45.70301886792453,1.5725,0.5163880402348814,2.240065060082642,2.183876811594203,1.1431159420289856,4.423913043478261,0.5966397479586178
Punjab,2014,284000,1366000,4.39,Rabi,18.60816037735849,27.092877358490565,12.237122641509432,156.04,3080.97,45.70301886792453,1.5725,0.5163880402348814,2.240065060082642,2.183876811594203,1.1431159420289856,4.423913043478261,0.5966397479586178
Punjab,2014,284000,1366000,4.03,Rabi,18.60816037735849,27.092877358490565,12.237122641509432,156.04,3080.97,45.70301886792453,1.5725,0.5163880402348814,2.240065060082642,2.183876811594203,1.1431159420289856,4.423913043478261,0.5966397479586178
Punjab,2014,284000,1366000,3.96,Rabi,18.60816037735849,27.092877358490565,12.237122641509432,156.04,3080.97,45.70301886792453,1.5725,0.5163880402348814,2.240065060082642,2.183876811594203,1.1431159420289856,4.423913043478261,0.5966397479586178
Punjab,2014,284000,1366000,4.13,Rabi,18.60816037735849,27.092877358490565,12.237122641509432,156.04,3080.97,45.70301886792453,1.5725,0.5163880402348814,2.240065060082642,2.183876811594203,1.1431159420289856,4.423913043478261,0.5966397479586178
Punjab,2015,286000,1373000,4.48,Kharif,31.82754098360656,37.64049180327869,26.11606557377049,554.63,2402.59,52.44098360655738,1.7659836065573769,0.5606240024829441,2.240065060082642,2.183876811594203,1.1431159420289856,4.423913043478261,0.5966397479586178
Punjab,2015,286000,1373000,4.91,Kharif,31.82754098360656,37.64049180327869,26.11606557377049,554.63,2402.59,52.44098360655738,1.7659836065573769,0.5606240024829441,2.240065060082642,2.183876811594203,1.1431159420289856,4.423913043478261,0.5966397479586178
Punjab,2015,286000,1373000,4.68,Kharif,31.82754098360656,37.64049180327869,26.11606557377049,554.63,2402.59,52.44098360655738,1.7659836065573769,0.5606240024829441,2.240065060082642,2.183876811594203,1.1431159420289856,4.423913043478261,0.5966397479586178
Punjab,2015,286000,1373000,4.7,Kharif,31.82754098360656,37.64049180327869,26.11606557377049,554.63,2402.59,52.44098360655738,1.7659836065573769,0.5606240024829441,2.240065060082642,2.183876811594203,1.1431159420289856,4.423913043478261,0.5966397479586178
Punjab,2015,286000,1373000,4.69,Kharif,31.82754098360656,37.64049180327869,26.11606557377049,554.63,2402.59,52.44098360655738,1.7659836065573769,0.5606240024829441,2.240065060082642,2.183876811594203,1.1431159420289856,4.423913043478261,0.5966397479586178
Punjab,2015,286000,1373000,4.49,Kharif,31.82754098360656,37.64049180327869,26.11606557377049,554.63,2402.59,52.44098360655738,1.7659836065573769,0.5606240024829441,2.240065060082642,2.183876811594203,1.1431159420289856,4.423913043478261,0.5966397479586178
Punjab,2015,286000,1373000,4.59,Kharif,31.82754098360656,37.64049180327869,26.11606557377049,554.63,2402.59,52.44098360655738,1.7659836065573769,0.5606240024829441,2.240065060082642,2.183876811594203,1.1431159420289856,4.423913043478261,0.5966397479586178
Punjab,2015,286000,1373000,4.65,Kharif,31.82754098360656,37.64049180327869,26.11606557377049,554.63,2402.59,52.44098360655738,1.7659836065573769,0.5606240024829441,2.240065060082642,2.183876811594203,1.1431159420289856,4.423913043478261,0.5966397479586178
Punjab,2015,286000,1373000,4.08,Kharif,31.82754098360656,37.64049180327869,26.11606557377049,554.63,2402.59,52.44098360655738,1.7659836065573769,0.5606240024829441,2.240065060082642,2.183876811594203,1.1431159420289856,4.423913043478261,0.5966397479586178
Punjab,2015,286000,1373000,4.46,Kharif,31.82754098360656,37.64049180327869,26.11606557377049,554.63,2402.59,52.44098360655738,1.7659836065573769,0.5606240024829441,2.240065060082642,2.183876811594203,1.1431159420289856,4.423913043478261,0.5966397479586178
Punjab,2015,286000,1373000,4.26,Kharif,31.82754098360656,37.64049180327869,26.11606557377049,554.63,2402.59,52.44098360655738,1.7659836065573769,0.5606240024829441,2.240065060082642,2.183876811594203,1.1431159420289856,4.423913043478261,0.5966397479586178
Punjab,2015,286000,1373000,4.67,Kharif,31.82754098360656,37.64049180327869,26.11606557377049,554.63,2402.59,52.44098360655738,1.7659836065573769,0.5606240024829441,2.240065060082642,2.183876811594203,1.1431159420289856,4.423913043478261,0.5966397479586178
Punjab,2015,286000,1373000,4.64,Kharif,31.82754098360656,37.64049180327869,26.11606557377049,554.63,2402.59,52.44098360655738,1.7659836065573769,0.5606240024829441,2.240065060082642,2.183876811594203,1.1431159420289856,4.423913043478261,0.5966397479586178
Punjab,2015,286000,1373000,4.6,Kharif,31.82754098360656,37.64049180327869,26.11606557377049,554.63,2402.59,52.44098360655738,1.7659836065573769,0.5606240024829441,2.240065060082642,2.183876811594203,1.1431159420289856,4.423913043478261,0.5966397479586178
Punjab,2015,286000,1373000,4.72,Kharif,31.82754098360656,37.64049180327869,26.11606557377049,554.63,2402.59,52.44098360655738,1.7659836065573769,0.5606240024829441,2.240065060082642,2.183876811594203,1.1431159420289856,4.423913043478261,0.5966397479586178
Punjab,2015,286000,1373000,4.05,Kharif,31.82754098360656,37.64049180327869,26.11606557377049,554.63,2402.59,52.44098360655738,1.7659836065573769,0.5606240024829441,2.240065060082642,2.183876811594203,1.1431159420289856,4.423913043478261,0.5966397479586178
Punjab,2015,286000,1373000,4.28,Kharif,31.82754098360656,37.64049180327869,26.11606557377049,554.63,2402.59,52.44098360655738,1.7659836065573769,0.5606240024829441,2.240065060082642,2.183876811594203,1.1431159420289856,4.423913043478261,0.5966397479586178
Punjab,2015,286000,1373000,4.8,Kharif,31.82754098360656,37.64049180327869,26.11606557377049,554.63,2402.59,52.44098360655738,1.7659836065573769,0.5606240024829441,2.240065060082642,2.183876811594203,1.1431159420289856,4.423913043478261,0.5966397479586178
Punjab,2015,286000,1373000,4.48,Rabi,19.331509433962264,27.365235849056607,13.092783018867925,249.32,3014.63,47.93622641509434,1.5273584905660378,0.533292081051194,2.240065060082642,2.183876811594203,1.1431159420289856,4.423913043478261,0.5966397479586178
Punjab,2015,286000,1373000,4.91,Rabi,19.331509433962264,27.365235849056607,13.092783018867925,249.32,3014.63,47.93622641509434,1.5273584905660378,0.533292081051194,2.240065060082642,2.183876811594203,1.1431159420289856,4.423913043478261,0.5966397479586178
Punjab,2015,286000,1373000,4.68,Rabi,19.331509433962264,27.365235849056607,13.092783018867925,249.32,3014.63,47.93622641509434,1.5273584905660378,0.533292081051194,2.240065060082642,2.183876811594203,1.1431159420289856,4.423913043478261,0.5966397479586178
Punjab,2015,286000,1373000,4.7,Rabi,19.331509433962264,27.365235849056607,13.092783018867925,249.32,3014.63,47.93622641509434,1.5273584905660378,0.533292081051194,2.240065060082642,2.183876811594203,1.1431159420289856,4.423913043478261,0.5966397479586178
Punjab,2015,286000,1373000,4.69,Rabi,19.331509433962264,27.365235849056607,13.092783018867925,249.32,3014.63,47.93622641509434,1.5273584905660378,0.533292081051194,2.240065060082642,2.183876811594203,1.1431159420289856,4.423913043478261,0.5966397479586178
Punjab,2015,286000,1373000,4.49,Rabi,19.331509433962264,27.365235849056607,13.092783018867925,249.32,3014.63,47.93622641509434,1.5273584905660378,0.533292081051194,2.240065060082642,2.183876811594203,1.1431159420289856,4.423913043478261,0.5966397479586178
Punjab,2015,286000,1373000,4.59,Rabi,19.331509433962264,27.365235849056607,13.092783018867925,249.32,3014.63,47.93622641509434,1.5273584905660378,0.533292081051194,2.240065060082642,2.183876811594203,1.1431159420289856,4.423913043478261,0.5966397479586178
Punjab,2015,286000,1373000,4.65,Rabi,19.331509433962264,27.365235849056607,13.092783018867925,249.32,3014.63,47.93622641509434,1.5273584905660378,0.533292081051194,2.240065060082642,2.183876811594203,1.1431159420289856,4.423913043478261,0.5966397479586178
Punjab,2015,286000,1373000,4.08,Rabi,19.331509433962264,27.365235849056607,13.092783018867925,249.32,3014.63,47.93622641509434,1.5273584905660378,0.533292081051194,2.240065060082642,2.183876811594203,1.1431159420289856,4.423913043478261,0.5966397479586178
Punjab,2015,286000,1373000,4.46,Rabi,19.331509433962264,27.365235849056607,13.092783018867925,249.32,3014.63,47.93622641509434,1.5273584905660378,0.533292081051194,2.240065060082642,2.183876811594203,1.1431159420289856,4.423913043478261,0.5966397479586178
Punjab,2015,286000,1373000,4.26,Rabi,19.331509433962264,27.365235849056607,13.092783018867925,249.32,3014.63,47.93622641509434,1.5273584905660378,0.533292081051194,2.240065060082642,2.183876811594203,1.1431159420289856,4.423913043478261,0.5966397479586178
Punjab,2015,286000,1373000,4.67,Rabi,19.331509433962264,27.365235849056607,13.092783018867925,249.32,3014.63,47.93622641509434,1.5273584905660378,0.533292081051194,2.240065060082642,2.183876811594203,1.1431159420289856,4.423913043478261,0.5966397479586178
Punjab,2015,286000,1373000,4.64,Rabi,19.331509433962264,27.365235849056607,13.092783018867925,249.32,3014.63,47.93622641509434,1.5273584905660378,0.533292081051194,2.240065060082642,2.183876811594203,1.1431159420289856,4.423913043478261,0.5966397479586178
Punjab,2015,286000,1373000,4.6,Rabi,19.331509433962264,27.365235849056607,13.092783018867925,249.32,3014.63,47.93622641509434,1.5273584905660378,0.533292081051194,2.240065060082642,2.183876811594203,1.1431159420289856,4.423913043478261,0.5966397479586178
Punjab,2015,286000,1373000,4.72,Rabi,19.331509433962264,27.365235849056607,13.092783018867925,249.32,3014.63,47.93622641509434,1.5273584905660378,0.533292081051194,2.240065060082642,2.183876811594203,1.1431159420289856,4.423913043478261,0.5966397479586178
Punjab,2015,286000,1373000,4.05,Rabi,19.331509433962264,27.365235849056607,13.092783018867925,249.32,3014.63,47.93622641509434,1.5273584905660378,0.533292081051194,2.240065060082642,2.183876811594203,1.1431159420289856,4.423913043478261,0.5966397479586178
Punjab,2015,286000,1373000,4.28,Rabi,19.331509433962264,27.365235849056607,13.092783018867925,249.32,3014.63,47.93622641509434,1.5273584905660378,0.533292081051194,2.240065060082642,2.183876811594203,1.1431159420289856,4.423913043478261,0.5966397479586178
Punjab,2015,286000,1373000,4.8,Rabi,19.331509433962264,27.365235849056607,13.092783018867925,249.32,3014.63,47.93622641509434,1.5273584905660378,0.533292081051194,2.240065060082642,2.183876811594203,1.1431159420289856,4.423913043478261,0.5966397479586178
Punjab,2016,286000,1589000,4.95,Kharif,32.63098360655738,38.14081967213115,27.050819672131148,502.38,2379.49,53.29319672131148,1.5898360655737709,0.5726659658956104,2.240065060082642,2.183876811594203,1.1431159420289856,4.423913043478261,0.5966397479586178
Punjab,2016,286000,1589000,5.49,Kharif,32.63098360655738,38.14081967213115,27.050819672131148,502.38,2379.49,53.29319672131148,1.5898360655737709,0.5726659658956104,2.240065060082642,2.183876811594203,1.1431159420289856,4.423913043478261,0.5966397479586178
Punjab,2016,286000,1589000,5.3,Kharif,32.63098360655738,38.14081967213115,27.050819672131148,502.38,2379.49,53.29319672131148,1.5898360655737709,0.5726659658956104,2.240065060082642,2.183876811594203,1.1431159420289856,4.423913043478261,0.5966397479586178
Punjab,2016,286000,1589000,5.21,Kharif,32.63098360655738,38.14081967213115,27.050819672131148,502.38,2379.49,53.29319672131148,1.5898360655737709,0.5726659658956104,2.240065060082642,2.183876811594203,1.1431159420289856,4.423913043478261,0.5966397479586178
Punjab,2016,286000,1589000,5.19,Kharif,32.63098360655738,38.14081967213115,27.050819672131148,502.38,2379.49,53.29319672131148,1.5898360655737709,0.5726659658956104,2.240065060082642,2.183876811594203,1.1431159420289856,4.423913043478261,0.5966397479586178
Punjab,2016,286000,1589000,4.94,Kharif,32.63098360655738,38.14081967213115,27.050819672131148,502.38,2379.49,53.29319672131148,1.5898360655737709,0.5726659658956104,2.240065060082642,2.183876811594203,1.1431159420289856,4.423913043478261,0.5966397479586178
Punjab,2016,286000,1589000,4.61,Kharif,32.63098360655738,38.14081967213115,27.050819672131148,502.38,2379.49,53.29319672131148,1.5898360655737709,0.5726659658956104,2.240065060082642,2.183876811594203,1.1431159420289856,4.423913043478261,0.5966397479586178
Punjab,2016,286000,1589000,4.12,Kharif,32.63098360655738,38.14081967213115,27.050819672131148,502.38,2379.49,53.29319672131148,1.5898360655737709,0.5726659658956104,2.240065060082642,2.183876811594203,1.1431159420289856,4.423913043478261,0.5966397479586178
Punjab,2016,286000,1589000,4.84,Kharif,32.63098360655738,38.14081967213115,27.050819672131148,502.38,2379.49,53.29319672131148,1.5898360655737709,0.5726659658956104,2.240065060082642,2.183876811594203,1.1431159420289856,4.423913043478261,0.5966397479586178
Punjab,2016,286000,1589000,4.92,Kharif,32.63098360655738,38.14081967213115,27.050819672131148,502.38,2379.49,53.29319672131148,1.5898360655737709,0.5726659658956104,2.240065060082642,2.183876811594203,1.1431159420289856,4.423913043478261,0.5966397479586178
Punjab,2016,286000,1589000,5.09,Kharif,32.63098360655738,38.14081967213115,27.050819672131148,502.38,2379.49,53.29319672131148,1.5898360655737709,0.5726659658956104,2.240065060082642,2.183876811594203,1.1431159420289856,4.423913043478261,0.5966397479586178
Punjab,2016,286000,1589000,5.12,Kharif,32.63098360655738,38.14081967213115,27.050819672131148,502.38,2379.49,53.29319672131148,1.5898360655737709,0.5726659658956104,2.240065060082642,2.183876811594203,1.1431159420289856,4.423913043478261,0.5966397479586178
Punjab,2016,286000,1589000,5.28,Kharif,32.63098360655738,38.14081967213115,27.050819672131148,502.38,2379.49,53.29319672131148,1.5898360655737709,0.5726659658956104,2.240065060082642,2.183876811594203,1.1431159420289856,4.423913043478261,0.5966397479586178
Punjab,2016,286000,1589000,5.13,Kharif,32.63098360655738,38.14081967213115,27.050819672131148,502.38,2379.49,53.29319672131148,1.5898360655737709,0.5726659658956104,2.240065060082642,2.183876811594203,1.1431159420289856,4.423913043478261,0.5966397479586178
Punjab,2016,286000,1589000,4.1,Kharif,32.63098360655738,38.14081967213115,27.050819672131148,502.38,2379.49,53.29319672131148,1.5898360655737709,0.5726659658956104,2.240065060082642,2.183876811594203,1.1431159420289856,4.423913043478261,0.5966397479586178
Punjab,2016,286000,1589000,5.16,Kharif,32.63098360655738,38.14081967213115,27.050819672131148,502.38,2379.49,53.29319672131148,1.5898360655737709,0.5726659658956104,2.240065060082642,2.183876811594203,1.1431159420289856,4.423913043478261,0.5966397479586178
Punjab,2016,286000,1589000,4.82,Kharif,32.63098360655738,38.14081967213115,27.050819672131148,502.38,2379.49,53.29319672131148,1.5898360655737709,0.5726659658956104,2.240065060082642,2.183876811594203,1.1431159420289856,4.423913043478261,0.5966397479586178
Punjab,2016,286000,1589000,4.7,Kharif,32.63098360655738,38.14081967213115,27.050819672131148,502.38,2379.49,53.29319672131148,1.5898360655737709,0.5726659658956104,2.240065060082642,2.183876811594203,1.1431159420289856,4.423913043478261,0.5966397479586178
Punjab,2016,286000,1589000,5.56,Kharif,32.63098360655738,38.14081967213115,27.050819672131148,502.38,2379.49,53.29319672131148,1.5898360655737709,0.5726659658956104,2.240065060082642,2.183876811594203,1.1431159420289856,4.423913043478261,0.5966397479586178
Punjab,2016,286000,1589000,4.53,Kharif,32.63098360655738,38.14081967213115,27.050819672131148,502.38,2379.49,53.29319672131148,1.5898360655737709,0.5726659658956104,2.240065060082642,2.183876811594203,1.1431159420289856,4.423913043478261,0.5966397479586178
Punjab,2016,286000,1589000,4.95,Rabi,20.959389671361503,29.79544600938967,14.106948356807512,70.69,3203.15,33.76962441314554,1.58943661971831,0.5067152223904473,2.240065060082642,2.183876811594203,1.1431159420289856,4.423913043478261,0.5966397479586178
Punjab,2016,286000,1589000,5.49,Rabi,20.959389671361503,29.79544600938967,14.106948356807512,70.69,3203.15,33.76962441314554,1.58943661971831,0.5067152223904473,2.240065060082642,2.183876811594203,1.1431159420289856,4.423913043478261,0.5966397479586178
Punjab,2016,286000,1589000,5.3,Rabi,20.959389671361503,29.79544600938967,14.106948356807512,70.69,3203.15,33.76962441314554,1.58943661971831,0.5067152223904473,2.240065060082642,2.183876811594203,1.1431159420289856,4.423913043478261,0.5966397479586178
Punjab,2016,286000,1589000,5.21,Rabi,20.959389671361503,29.79544600938967,14.106948356807512,70.69,3203.15,33.76962441314554,1.58943661971831,0.5067152223904473,2.240065060082642,2.183876811594203,1.1431159420289856,4.423913043478261,0.5966397479586178
Punjab,2016,286000,1589000,5.19,Rabi,20.959389671361503,29.79544600938967,14.106948356807512,70.69,3203.15,33.76962441314554,1.58943661971831,0.5067152223904473,2.240065060082642,2.183876811594203,1.1431159420289856,4.423913043478261,0.5966397479586178
Punjab,2016,286000,1589000,4.94,Rabi,20.959389671361503,29.79544600938967,14.106948356807512,70.69,3203.15,33.76962441314554,1.58943661971831,0.5067152223904473,2.240065060082642,2.183876811594203,1.1431159420289856,4.423913043478261,0.5966397479586178
Punjab,2016,286000,1589000,4.61,Rabi,20.959389671361503,29.79544600938967,14.106948356807512,70.69,3203.15,33.76962441314554,1.58943661971831,0.5067152223904473,2.240065060082642,2.183876811594203,1.1431159420289856,4.423913043478261,0.5966397479586178
Punjab,2016,286000,1589000,4.12,Rabi,20.959389671361503,29.79544600938967,14.106948356807512,70.69,3203.15,33.76962441314554,1.58943661971831,0.5067152223904473,2.240065060082642,2.183876811594203,1.1431159420289856,4.423913043478261,0.5966397479586178
Punjab,2016,286000,1589000,4.84,Rabi,20.959389671361503,29.79544600938967,14.106948356807512,70.69,3203.15,33.76962441314554,1.58943661971831,0.5067152223904473,2.240065060082642,2.183876811594203,1.1431159420289856,4.423913043478261,0.5966397479586178
Punjab,2016,286000,1589000,4.92,Rabi,20.959389671361503,29.79544600938967,14.106948356807512,70.69,3203.15,33.76962441314554,1.58943661971831,0.5067152223904473,2.240065060082642,2.183876811594203,1.1431159420289856,4.423913043478261,0.5966397479586178
Punjab,2016,286000,1589000,5.09,Rabi,20.959389671361503,29.79544600938967,14.106948356807512,70.69,3203.15,33.76962441314554,1.58943661971831,0.5067152223904473,2.240065060082642,2.183876811594203,1.1431159420289856,4.423913043478261,0.5966397479586178
Punjab,2016,286000,1589000,5.12,Rabi,20.959389671361503,29.79544600938967,14.106948356807512,70.69,3203.15,33.76962441314554,1.58943661971831,0.5067152223904473,2.240065060082642,2.183876811594203,1.1431159420289856,4.423913043478261,0.5966397479586178
Punjab,2016,286000,1589000,5.28,Rabi,20.959389671361503,29.79544600938967,14.106948356807512,70.69,3203.15,33.76962441314554,1.58943661971831,0.5067152223904473,2.240065060082642,2.183876811594203,1.1431159420289856,4.423913043478261,0.5966397479586178
Punjab,2016,286000,1589000,5.13,Rabi,20.959389671361503,29.79544600938967,14.106948356807512,70.69,3203.15,33.76962441314554,1.58943661971831,0.5067152223904473,2.240065060082642,2.183876811594203,1.1431159420289856,4.423913043478261,0.5966397479586178
Punjab,2016,286000,1589000,4.1,Rabi,20.959389671361503,29.79544600938967,14.106948356807512,70.69,3203.15,33.76962441314554,1.58943661971831,0.5067152223904473,2.240065060082642,2.183876811594203,1.1431159420289856,4.423913043478261,0.5966397479586178
Punjab,2016,286000,1589000,5.16,Rabi,20.959389671361503,29.79544600938967,14.106948356807512,70.69,3203.15,33.76962441314554,1.58943661971831,0.5067152223904473,2.240065060082642,2.183876811594203,1.1431159420289856,4.423913043478261,0.5966397479586178
Punjab,2016,286000,1589000,4.82,Rabi,20.959389671361503,29.79544600938967,14.106948356807512,70.69,3203.15,33.76962441314554,1.58943661971831,0.5067152223904473,2.240065060082642,2.183876811594203,1.1431159420289856,4.423913043478261,0.5966397479586178
Punjab,2016,286000,1589000,4.7,Rabi,20.959389671361503,29.79544600938967,14.106948356807512,70.69,3203.15,33.76962441314554,1.58943661971831,0.5067152223904473,2.240065060082642,2.183876811594203,1.1431159420289856,4.423913043478261,0.5966397479586178
Punjab,2016,286000,1589000,5.56,Rabi,20.959389671361503,29.79544600938967,14.106948356807512,70.69,3203.15,33.76962441314554,1.58943661971831,0.5067152223904473,2.240065060082642,2.183876811594203,1.1431159420289856,4.423913043478261,0.5966397479586178
Punjab,2016,286000,1589000,4.53,Rabi,20.959389671361503,29.79544600938967,14.106948356807512,70.69,3203.15,33.76962441314554,1.58943661971831,0.5067152223904473,2.240065060082642,2.183876811594203,1.1431159420289856,4.423913043478261,0.5966397479586178
Punjab,2017,288000,1599000,4.87,Kharif,31.80745901639344,37.27549180327868,26.447131147540983,601.82,2392.02,56.139016393442624,1.569262295081967,0.5718737080044366,2.240065060082642,2.183876811594203,1.1431159420289856,4.423913043478261,0.5966397479586178
Punjab,2017,288000,1599000,5.34,Kharif,31.80745901639344,37.27549180327868,26.447131147540983,601.82,2392.02,56.139016393442624,1.569262295081967,0.5718737080044366,2.240065060082642,2.183876811594203,1.1431159420289856,4.423913043478261,0.5966397479586178
Punjab,2017,288000,1599000,5.3,Kharif,31.80745901639344,37.27549180327868,26.447131147540983,601.82,2392.02,56.139016393442624,1.569262295081967,0.5718737080044366,2.240065060082642,2.183876811594203,1.1431159420289856,4.423913043478261,0.5966397479586178
Punjab,2017,288000,1599000,4.8,Kharif,31.80745901639344,37.27549180327868,26.447131147540983,601.82,2392.02,56.139016393442624,1.569262295081967,0.5718737080044366,2.240065060082642,2.183876811594203,1.1431159420289856,4.423913043478261,0.5966397479586178
Punjab,2017,288000,1599000,5.22,Kharif,31.80745901639344,37.27549180327868,26.447131147540983,601.82,2392.02,56.139016393442624,1.569262295081967,0.5718737080044366,2.240065060082642,2.183876811594203,1.1431159420289856,4.423913043478261,0.5966397479586178
Punjab,2017,288000,1599000,4.74,Kharif,31.80745901639344,37.27549180327868,26.447131147540983,601.82,2392.02,56.139016393442624,1.569262295081967,0.5718737080044366,2.240065060082642,2.183876811594203,1.1431159420289856,4.423913043478261,0.5966397479586178
Punjab,2017,288000,1599000,4.34,Kharif,31.80745901639344,37.27549180327868,26.447131147540983,601.82,2392.02,56.139016393442624,1.569262295081967,0.5718737080044366,2.240065060082642,2.183876811594203,1.1431159420289856,4.423913043478261,0.5966397479586178
Punjab,2017,288000,1599000,5.06,Kharif,31.80745901639344,37.27549180327868,26.447131147540983,601.82,2392.02,56.139016393442624,1.569262295081967,0.5718737080044366,2.240065060082642,2.183876811594203,1.1431159420289856,4.423913043478261,0.5966397479586178
Punjab,2017,288000,1599000,4.84,Kharif,31.80745901639344,37.27549180327868,26.447131147540983,601.82,2392.02,56.139016393442624,1.569262295081967,0.5718737080044366,2.240065060082642,2.183876811594203,1.1431159420289856,4.423913043478261,0.5966397479586178
Punjab,2017,288000,1599000,5.14,Kharif,31.80745901639344,37.27549180327868,26.447131147540983,601.82,2392.02,56.139016393442624,1.569262295081967,0.5718737080044366,2.240065060082642,2.183876811594203,1.1431159420289856,4.423913043478261,0.5966397479586178
Punjab,2017,288000,1599000,5.17,Kharif,31.80745901639344,37.27549180327868,26.447131147540983,601.82,2392.02,56.139016393442624,1.569262295081967,0.5718737080044366,2.240065060082642,2.183876811594203,1.1431159420289856,4.423913043478261,0.5966397479586178
Punjab,2017,288000,1599000,5.19,Kharif,31.80745901639344,37.27549180327868,26.447131147540983,601.82,2392.02,56.139016393442624,1.569262295081967,0.5718737080044366,2.240065060082642,2.183876811594203,1.1431159420289856,4.423913043478261,0.5966397479586178
Punjab,2017,288000,1599000,5.25,Kharif,31.80745901639344,37.27549180327868,26.447131147540983,601.82,2392.02,56.139016393442624,1.569262295081967,0.5718737080044366,2.240065060082642,2.183876811594203,1.1431159420289856,4.423913043478261,0.5966397479586178
Punjab,2017,288000,1599000,5.0,Kharif,31.80745901639344,37.27549180327868,26.447131147540983,601.82,2392.02,56.139016393442624,1.569262295081967,0.5718737080044366,2.240065060082642,2.183876811594203,1.1431159420289856,4.423913043478261,0.5966397479586178
Punjab,2017,288000,1599000,4.02,Kharif,31.80745901639344,37.27549180327868,26.447131147540983,601.82,2392.02,56.139016393442624,1.569262295081967,0.5718737080044366,2.240065060082642,2.183876811594203,1.1431159420289856,4.423913043478261,0.5966397479586178
Punjab,2017,288000,1599000,5.27,Kharif,31.80745901639344,37.27549180327868,26.447131147540983,601.82,2392.02,56.139016393442624,1.569262295081967,0.5718737080044366,2.240065060082642,2.183876811594203,1.1431159420289856,4.423913043478261,0.5966397479586178
Punjab,2017,288000,1599000,4.96,Kharif,31.80745901639344,37.27549180327868,26.447131147540983,601.82,2392.02,56.139016393442624,1.569262295081967,0.5718737080044366,2.240065060082642,2.183876811594203,1.1431159420289856,4.423913043478261,0.5966397479586178
Punjab,2017,288000,1599000,5.55,Kharif,31.80745901639344,37.27549180327868,26.447131147540983,601.82,2392.02,56.139016393442624,1.569262295081967,0.5718737080044366,2.240065060082642,2.183876811594203,1.1431159420289856,4.423913043478261,0.5966397479586178
Punjab,2017,288000,1599000,4.79,Kharif,31.80745901639344,37.27549180327868,26.447131147540983,601.82,2392.02,56.139016393442624,1.569262295081967,0.5718737080044366,2.240065060082642,2.183876811594203,1.1431159420289856,4.423913043478261,0.5966397479586178
Punjab,2017,288000,1599000,4.87,Rabi,20.0738679245283,28.65764150943396,13.41014150943396,157.75,3187.46,40.45594339622642,1.563867924528302,0.4977549432196277,2.240065060082642,2.183876811594203,1.1431159420289856,4.423913043478261,0.5966397479586178
Punjab,2017,288000,1599000,5.34,Rabi,20.0738679245283,28.65764150943396,13.41014150943396,157.75,3187.46,40.45594339622642,1.563867924528302,0.4977549432196277,2.240065060082642,2.183876811594203,1.1431159420289856,4.423913043478261,0.5966397479586178
Punjab,2017,288000,1599000,5.3,Rabi,20.0738679245283,28.65764150943396,13.41014150943396,157.75,3187.46,40.45594339622642,1.563867924528302,0.4977549432196277,2.240065060082642,2.183876811594203,1.1431159420289856,4.423913043478261,0.5966397479586178
Punjab,2017,288000,1599000,4.8,Rabi,20.0738679245283,28.65764150943396,13.41014150943396,157.75,3187.46,40.45594339622642,1.563867924528302,0.4977549432196277,2.240065060082642,2.183876811594203,1.1431159420289856,4.423913043478261,0.5966397479586178
Punjab,2017,288000,1599000,5.22,Rabi,20.0738679245283,28.65764150943396,13.41014150943396,157.75,3187.46,40.45594339622642,1.563867924528302,0.4977549432196277,2.240065060082642,2.183876811594203,1.1431159420289856,4.423913043478261,0.5966397479586178
Punjab,2017,288000,1599000,4.74,Rabi,20.0738679245283,28.65764150943396,13.41014150943396,157.75,3187.46,40.45594339622642,1.563867924528302,0.4977549432196277,2.240065060082642,2.183876811594203,1.1431159420289856,4.423913043478261,0.5966397479586178
Punjab,2017,288000,1599000,4.34,Rabi,20.0738679245283,28.65764150943396,13.41014150943396,157.75,3187.46,40.45594339622642,1.563867924528302,0.4977549432196277,2.240065060082642,2.183876811594203,1.1431159420289856,4.423913043478261,0.5966397479586178
Punjab,2017,288000,1599000,5.06,Rabi,20.0738679245283,28.65764150943396,13.41014150943396,157.75,3187.46,40.45594339622642,1.563867924528302,0.4977549432196277,2.240065060082642,2.183876811594203,1.1431159420289856,4.423913043478261,0.5966397479586178
Punjab,2017,288000,1599000,4.84,Rabi,20.0738679245283,28.65764150943396,13.41014150943396,157.75,3187.46,40.45594339622642,1.563867924528302,0.4977549432196277,2.240065060082642,2.183876811594203,1.1431159420289856,4.423913043478261,0.5966397479586178
Punjab,2017,288000,1599000,5.14,Rabi,20.0738679245283,28.65764150943396,13.41014150943396,157.75,3187.46,40.45594339622642,1.563867924528302,0.4977549432196277,2.240065060082642,2.183876811594203,1.1431159420289856,4.423913043478261,0.5966397479586178
Punjab,2017,288000,1599000,5.17,Rabi,20.0738679245283,28.65764150943396,13.41014150943396,157.75,3187.46,40.45594339622642,1.563867924528302,0.4977549432196277,2.240065060082642,2.183876811594203,1.1431159420289856,4.423913043478261,0.5966397479586178
Punjab,2017,288000,1599000,5.19,Rabi,20.0738679245283,28.65764150943396,13.41014150943396,157.75,3187.46,40.45594339622642,1.563867924528302,0.4977549432196277,2.240065060082642,2.183876811594203,1.1431159420289856,4.423913043478261,0.5966397479586178
Punjab,2017,288000,1599000,5.25,Rabi,20.0738679245283,28.65764150943396,13.41014150943396,157.75,3187.46,40.45594339622642,1.563867924528302,0.4977549432196277,2.240065060082642,2.183876811594203,1.1431159420289856,4.423913043478261,0.5966397479586178
Punjab,2017,288000,1599000,5.0,Rabi,20.0738679245283,28.65764150943396,13.41014150943396,157.75,3187.46,40.45594339622642,1.563867924528302,0.4977549432196277,2.240065060082642,2.183876811594203,1.1431159420289856,4.423913043478261,0.5966397479586178
Punjab,2017,288000,1599000,4.02,Rabi,20.0738679245283,28.65764150943396,13.41014150943396,157.75,3187.46,40.45594339622642,1.563867924528302,0.4977549432196277,2.240065060082642,2.183876811594203,1.1431159420289856,4.423913043478261,0.5966397479586178
Punjab,2017,288000,1599000,5.27,Rabi,20.0738679245283,28.65764150943396,13.41014150943396,157.75,3187.46,40.45594339622642,1.563867924528302,0.4977549432196277,2.240065060082642,2.183876811594203,1.1431159420289856,4.423913043478261,0.5966397479586178
Punjab,2017,288000,1599000,4.96,Rabi,20.0738679245283,28.65764150943396,13.41014150943396,157.75,3187.46,40.45594339622642,1.563867924528302,0.4977549432196277,2.240065060082642,2.183876811594203,1.1431159420289856,4.423913043478261,0.5966397479586178
Punjab,2017,288000,1599000,5.55,Rabi,20.0738679245283,28.65764150943396,13.41014150943396,157.75,3187.46,40.45594339622642,1.563867924528302,0.4977549432196277,2.240065060082642,2.183876811594203,1.1431159420289856,4.423913043478261,0.5966397479586178
Punjab,2017,288000,1599000,4.79,Rabi,20.0738679245283,28.65764150943396,13.41014150943396,157.75,3187.46,40.45594339622642,1.563867924528302,0.4977549432196277,2.240065060082642,2.183876811594203,1.1431159420289856,4.423913043478261,0.5966397479586178
Punjab,2018,290000,1682000,4.81,Kharif,31.2644262295082,36.3744262295082,26.26139344262295,845.29,2277.7,62.45459016393443,1.7097540983606558,0.5540848719019515,2.240065060082642,2.183876811594203,1.1431159420289856,4.423913043478261,0.5966397479586178
Punjab,2018,290000,1682000,5.57,Kharif,31.2644262295082,36.3744262295082,26.26139344262295,845.29,2277.7,62.45459016393443,1.7097540983606558,0.5540848719019515,2.240065060082642,2.183876811594203,1.1431159420289856,4.423913043478261,0.5966397479586178
Punjab,2018,290000,1682000,5.6,Kharif,31.2644262295082,36.3744262295082,26.26139344262295,845.29,2277.7,62.45459016393443,1.7097540983606558,0.5540848719019515,2.240065060082642,2.183876811594203,1.1431159420289856,4.423913043478261,0.5966397479586178
Punjab,2018,290000,1682000,5.34,Kharif,31.2644262295082,36.3744262295082,26.26139344262295,845.29,2277.7,62.45459016393443,1.7097540983606558,0.5540848719019515,2.240065060082642,2.183876811594203,1.1431159420289856,4.423913043478261,0.5966397479586178
Punjab,2018,290000,1682000,5.18,Kharif,31.2644262295082,36.3744262295082,26.26139344262295,845.29,2277.7,62.45459016393443,1.7097540983606558,0.5540848719019515,2.240065060082642,2.183876811594203,1.1431159420289856,4.423913043478261,0.5966397479586178
Punjab,2018,290000,1682000,5.06,Kharif,31.2644262295082,36.3744262295082,26.26139344262295,845.29,2277.7,62.45459016393443,1.7097540983606558,0.5540848719019515,2.240065060082642,2.183876811594203,1.1431159420289856,4.423913043478261,0.5966397479586178
Punjab,2018,290000,1682000,5.4,Kharif,31.2644262295082,36.3744262295082,26.26139344262295,845.29,2277.7,62.45459016393443,1.7097540983606558,0.5540848719019515,2.240065060082642,2.183876811594203,1.1431159420289856,4.423913043478261,0.5966397479586178
Punjab,2018,290000,1682000,4.72,Kharif,31.2644262295082,36.3744262295082,26.26139344262295,845.29,2277.7,62.45459016393443,1.7097540983606558,0.5540848719019515,2.240065060082642,2.183876811594203,1.1431159420289856,4.423913043478261,0.5966397479586178
Punjab,2018,290000,1682000,4.24,Kharif,31.2644262295082,36.3744262295082,26.26139344262295,845.29,2277.7,62.45459016393443,1.7097540983606558,0.5540848719019515,2.240065060082642,2.183876811594203,1.1431159420289856,4.423913043478261,0.5966397479586178
Punjab,2018,290000,1682000,4.97,Kharif,31.2644262295082,36.3744262295082,26.26139344262295,845.29,2277.7,62.45459016393443,1.7097540983606558,0.5540848719019515,2.240065060082642,2.183876811594203,1.1431159420289856,4.423913043478261,0.5966397479586178
Punjab,2018,290000,1682000,4.73,Kharif,31.2644262295082,36.3744262295082,26.26139344262295,845.29,2277.7,62.45459016393443,1.7097540983606558,0.5540848719019515,2.240065060082642,2.183876811594203,1.1431159420289856,4.423913043478261,0.5966397479586178
Punjab,2018,290000,1682000,5.13,Kharif,31.2644262295082,36.3744262295082,26.26139344262295,845.29,2277.7,62.45459016393443,1.7097540983606558,0.5540848719019515,2.240065060082642,2.183876811594203,1.1431159420289856,4.423913043478261,0.5966397479586178
Punjab,2018,290000,1682000,5.45,Kharif,31.2644262295082,36.3744262295082,26.26139344262295,845.29,2277.7,62.45459016393443,1.7097540983606558,0.5540848719019515,2.240065060082642,2.183876811594203,1.1431159420289856,4.423913043478261,0.5966397479586178
Punjab,2018,290000,1682000,5.38,Kharif,31.2644262295082,36.3744262295082,26.26139344262295,845.29,2277.7,62.45459016393443,1.7097540983606558,0.5540848719019515,2.240065060082642,2.183876811594203,1.1431159420289856,4.423913043478261,0.5966397479586178
Punjab,2018,290000,1682000,5.0,Kharif,31.2644262295082,36.3744262295082,26.26139344262295,845.29,2277.7,62.45459016393443,1.7097540983606558,0.5540848719019515,2.240065060082642,2.183876811594203,1.1431159420289856,4.423913043478261,0.5966397479586178
Punjab,2018,290000,1682000,3.98,Kharif,31.2644262295082,36.3744262295082,26.26139344262295,845.29,2277.7,62.45459016393443,1.7097540983606558,0.5540848719019515,2.240065060082642,2.183876811594203,1.1431159420289856,4.423913043478261,0.5966397479586178
Punjab,2018,290000,1682000,5.47,Kharif,31.2644262295082,36.3744262295082,26.26139344262295,845.29,2277.7,62.45459016393443,1.7097540983606558,0.5540848719019515,2.240065060082642,2.183876811594203,1.1431159420289856,4.423913043478261,0.5966397479586178
Punjab,2018,290000,1682000,4.57,Kharif,31.2644262295082,36.3744262295082,26.26139344262295,845.29,2277.7,62.45459016393443,1.7097540983606558,0.5540848719019515,2.240065060082642,2.183876811594203,1.1431159420289856,4.423913043478261,0.5966397479586178
Punjab,2018,290000,1682000,4.64,Kharif,31.2644262295082,36.3744262295082,26.26139344262295,845.29,2277.7,62.45459016393443,1.7097540983606558,0.5540848719019515,2.240065060082642,2.183876811594203,1.1431159420289856,4.423913043478261,0.5966397479586178
Punjab,2018,290000,1682000,5.8,Kharif,31.2644262295082,36.3744262295082,26.26139344262295,845.29,2277.7,62.45459016393443,1.7097540983606558,0.5540848719019515,2.240065060082642,2.183876811594203,1.1431159420289856,4.423913043478261,0.5966397479586178
Punjab,2018,290000,1682000,4.68,Kharif,31.2644262295082,36.3744262295082,26.26139344262295,845.29,2277.7,62.45459016393443,1.7097540983606558,0.5540848719019515,2.240065060082642,2.183876811594203,1.1431159420289856,4.423913043478261,0.5966397479586178
Punjab,2018,290000,1682000,4.81,Rabi,19.75584905660377,28.0786320754717,13.134009433962264,86.7,3282.12,42.1761320754717,1.4984433962264152,0.5223407888194652,2.240065060082642,2.183876811594203,1.1431159420289856,4.423913043478261,0.5966397479586178
Punjab,2018,290000,1682000,5.57,Rabi,19.75584905660377,28.0786320754717,13.134009433962264,86.7,3282.12,42.1761320754717,1.4984433962264152,0.5223407888194652,2.240065060082642,2.183876811594203,1.1431159420289856,4.423913043478261,0.5966397479586178
Punjab,2018,290000,1682000,5.6,Rabi,19.75584905660377,28.0786320754717,13.134009433962264,86.7,3282.12,42.1761320754717,1.4984433962264152,0.5223407888194652,2.240065060082642,2.183876811594203,1.1431159420289856,4.423913043478261,0.5966397479586178
Punjab,2018,290000,1682000,5.34,Rabi,19.75584905660377,28.0786320754717,13.134009433962264,86.7,3282.12,42.1761320754717,1.4984433962264152,0.5223407888194652,2.240065060082642,2.183876811594203,1.1431159420289856,4.423913043478261,0.5966397479586178
Punjab,2018,290000,1682000,5.18,Rabi,19.75584905660377,28.0786320754717,13.134009433962264,86.7,3282.12,42.1761320754717,1.4984433962264152,0.5223407888194652,2.240065060082642,2.183876811594203,1.1431159420289856,4.423913043478261,0.5966397479586178
Punjab,2018,290000,1682000,5.06,Rabi,19.75584905660377,28.0786320754717,13.134009433962264,86.7,3282.12,42.1761320754717,1.4984433962264152,0.5223407888194652,2.240065060082642,2.183876811594203,1.1431159420289856,4.423913043478261,0.5966397479586178
Punjab,2018,290000,1682000,5.4,Rabi,19.75584905660377,28.0786320754717,13.134009433962264,86.7,3282.12,42.1761320754717,1.4984433962264152,0.5223407888194652,2.240065060082642,2.183876811594203,1.1431159420289856,4.423913043478261,0.5966397479586178
Punjab,2018,290000,1682000,4.72,Rabi,19.75584905660377,28.0786320754717,13.134009433962264,86.7,3282.12,42.1761320754717,1.4984433962264152,0.5223407888194652,2.240065060082642,2.183876811594203,1.1431159420289856,4.423913043478261,0.5966397479586178
Punjab,2018,290000,1682000,4.24,Rabi,19.75584905660377,28.0786320754717,13.134009433962264,86.7,3282.12,42.1761320754717,1.4984433962264152,0.5223407888194652,2.240065060082642,2.183876811594203,1.1431159420289856,4.423913043478261,0.5966397479586178
Punjab,2018,290000,1682000,4.97,Rabi,19.75584905660377,28.0786320754717,13.134009433962264,86.7,3282.12,42.1761320754717,1.4984433962264152,0.5223407888194652,2.240065060082642,2.183876811594203,1.1431159420289856,4.423913043478261,0.5966397479586178
Punjab,2018,290000,1682000,4.73,Rabi,19.75584905660377,28.0786320754717,13.134009433962264,86.7,3282.12,42.1761320754717,1.4984433962264152,0.5223407888194652,2.240065060082642,2.183876811594203,1.1431159420289856,4.423913043478261,0.5966397479586178
Punjab,2018,290000,1682000,5.13,Rabi,19.75584905660377,28.0786320754717,13.134009433962264,86.7,3282.12,42.1761320754717,1.4984433962264152,0.5223407888194652,2.240065060082642,2.183876811594203,1.1431159420289856,4.423913043478261,0.5966397479586178
Punjab,2018,290000,1682000,5.45,Rabi,19.75584905660377,28.0786320754717,13.134009433962264,86.7,3282.12,42.1761320754717,1.4984433962264152,0.5223407888194652,2.240065060082642,2.183876811594203,1.1431159420289856,4.423913043478261,0.5966397479586178
Punjab,2018,290000,1682000,5.38,Rabi,19.75584905660377,28.0786320754717,13.134009433962264,86.7,3282.12,42.1761320754717,1.4984433962264152,0.5223407888194652,2.240065060082642,2.183876811594203,1.1431159420289856,4.423913043478261,0.5966397479586178
Punjab,2018,290000,1682000,5.0,Rabi,19.75584905660377,28.0786320754717,13.134009433962264,86.7,3282.12,42.1761320754717,1.4984433962264152,0.5223407888194652,2.240065060082642,2.183876811594203,1.1431159420289856,4.423913043478261,0.5966397479586178
Punjab,2018,290000,1682000,3.98,Rabi,19.75584905660377,28.0786320754717,13.134009433962264,86.7,3282.12,42.1761320754717,1.4984433962264152,0.5223407888194652,2.240065060082642,2.183876811594203,1.1431159420289856,4.423913043478261,0.5966397479586178
Punjab,2018,290000,1682000,5.47,Rabi,19.75584905660377,28.0786320754717,13.134009433962264,86.7,3282.12,42.1761320754717,1.4984433962264152,0.5223407888194652,2.240065060082642,2.183876811594203,1.1431159420289856,4.423913043478261,0.5966397479586178
Punjab,2018,290000,1682000,4.57,Rabi,19.75584905660377,28.0786320754717,13.134009433962264,86.7,3282.12,42.1761320754717,1.4984433962264152,0.5223407888194652,2.240065060082642,2.183876811594203,1.1431159420289856,4.423913043478261,0.5966397479586178
Punjab,2018,290000,1682000,4.64,Rabi,19.75584905660377,28.0786320754717,13.134009433962264,86.7,3282.12,42.1761320754717,1.4984433962264152,0.5223407888194652,2.240065060082642,2.183876811594203,1.1431159420289856,4.423913043478261,0.5966397479586178
Punjab,2018,290000,1682000,5.8,Rabi,19.75584905660377,28.0786320754717,13.134009433962264,86.7,3282.12,42.1761320754717,1.4984433962264152,0.5223407888194652,2.240065060082642,2.183876811594203,1.1431159420289856,4.423913043478261,0.5966397479586178
Punjab,2018,290000,1682000,4.68,Rabi,19.75584905660377,28.0786320754717,13.134009433962264,86.7,3282.12,42.1761320754717,1.4984433962264152,0.5223407888194652,2.240065060082642,2.183876811594203,1.1431159420289856,4.423913043478261,0.5966397479586178
Punjab,2019,291000,1678000,4.53,Kharif,32.04975409836066,37.17360655737705,26.92934426229508,702.83,2396.67,58.48934426229508,1.555327868852459,0.5883517689063078,2.240065060082642,2.183876811594203,1.1431159420289856,4.423913043478261,0.5966397479586178
Punjab,2019,291000,1678000,5.25,Kharif,32.04975409836066,37.17360655737705,26.92934426229508,702.83,2396.67,58.48934426229508,1.555327868852459,0.5883517689063078,2.240065060082642,2.183876811594203,1.1431159420289856,4.423913043478261,0.5966397479586178
Punjab,2019,291000,1678000,5.42,Kharif,32.04975409836066,37.17360655737705,26.92934426229508,702.83,2396.67,58.48934426229508,1.555327868852459,0.5883517689063078,2.240065060082642,2.183876811594203,1.1431159420289856,4.423913043478261,0.5966397479586178
Punjab,2019,291000,1678000,5.57,Kharif,32.04975409836066,37.17360655737705,26.92934426229508,702.83,2396.67,58.48934426229508,1.555327868852459,0.5883517689063078,2.240065060082642,2.183876811594203,1.1431159420289856,4.423913043478261,0.5966397479586178
Punjab,2019,291000,1678000,4.4,Kharif,32.04975409836066,37.17360655737705,26.92934426229508,702.83,2396.67,58.48934426229508,1.555327868852459,0.5883517689063078,2.240065060082642,2.183876811594203,1.1431159420289856,4.423913043478261,0.5966397479586178
Punjab,2019,291000,1678000,4.93,Kharif,32.04975409836066,37.17360655737705,26.92934426229508,702.83,2396.67,58.48934426229508,1.555327868852459,0.5883517689063078,2.240065060082642,2.183876811594203,1.1431159420289856,4.423913043478261,0.5966397479586178
Punjab,2019,291000,1678000,5.12,Kharif,32.04975409836066,37.17360655737705,26.92934426229508,702.83,2396.67,58.48934426229508,1.555327868852459,0.5883517689063078,2.240065060082642,2.183876811594203,1.1431159420289856,4.423913043478261,0.5966397479586178
Punjab,2019,291000,1678000,4.17,Kharif,32.04975409836066,37.17360655737705,26.92934426229508,702.83,2396.67,58.48934426229508,1.555327868852459,0.5883517689063078,2.240065060082642,2.183876811594203,1.1431159420289856,4.423913043478261,0.5966397479586178
Punjab,2019,291000,1678000,4.29,Kharif,32.04975409836066,37.17360655737705,26.92934426229508,702.83,2396.67,58.48934426229508,1.555327868852459,0.5883517689063078,2.240065060082642,2.183876811594203,1.1431159420289856,4.423913043478261,0.5966397479586178
Punjab,2019,291000,1678000,5.03,Kharif,32.04975409836066,37.17360655737705,26.92934426229508,702.83,2396.67,58.48934426229508,1.555327868852459,0.5883517689063078,2.240065060082642,2.183876811594203,1.1431159420289856,4.423913043478261,0.5966397479586178
Punjab,2019,291000,1678000,4.65,Kharif,32.04975409836066,37.17360655737705,26.92934426229508,702.83,2396.67,58.48934426229508,1.555327868852459,0.5883517689063078,2.240065060082642,2.183876811594203,1.1431159420289856,4.423913043478261,0.5966397479586178
Punjab,2019,291000,1678000,5.1,Kharif,32.04975409836066,37.17360655737705,26.92934426229508,702.83,2396.67,58.48934426229508,1.555327868852459,0.5883517689063078,2.240065060082642,2.183876811594203,1.1431159420289856,4.423913043478261,0.5966397479586178
Punjab,2019,291000,1678000,5.39,Kharif,32.04975409836066,37.17360655737705,26.92934426229508,702.83,2396.67,58.48934426229508,1.555327868852459,0.5883517689063078,2.240065060082642,2.183876811594203,1.1431159420289856,4.423913043478261,0.5966397479586178
Punjab,2019,291000,1678000,5.35,Kharif,32.04975409836066,37.17360655737705,26.92934426229508,702.83,2396.67,58.48934426229508,1.555327868852459,0.5883517689063078,2.240065060082642,2.183876811594203,1.1431159420289856,4.423913043478261,0.5966397479586178
Punjab,2019,291000,1678000,5.46,Kharif,32.04975409836066,37.17360655737705,26.92934426229508,702.83,2396.67,58.48934426229508,1.555327868852459,0.5883517689063078,2.240065060082642,2.183876811594203,1.1431159420289856,4.423913043478261,0.5966397479586178
Punjab,2019,291000,1678000,5.08,Kharif,32.04975409836066,37.17360655737705,26.92934426229508,702.83,2396.67,58.48934426229508,1.555327868852459,0.5883517689063078,2.240065060082642,2.183876811594203,1.1431159420289856,4.423913043478261,0.5966397479586178
Punjab,2019,291000,1678000,3.95,Kharif,32.04975409836066,37.17360655737705,26.92934426229508,702.83,2396.67,58.48934426229508,1.555327868852459,0.5883517689063078,2.240065060082642,2.183876811594203,1.1431159420289856,4.423913043478261,0.5966397479586178
Punjab,2019,291000,1678000,4.77,Kharif,32.04975409836066,37.17360655737705,26.92934426229508,702.83,2396.67,58.48934426229508,1.555327868852459,0.5883517689063078,2.240065060082642,2.183876811594203,1.1431159420289856,4.423913043478261,0.5966397479586178
Punjab,2019,291000,1678000,4.33,Kharif,32.04975409836066,37.17360655737705,26.92934426229508,702.83,2396.67,58.48934426229508,1.555327868852459,0.5883517689063078,2.240065060082642,2.183876811594203,1.1431159420289856,4.423913043478261,0.5966397479586178
Punjab,2019,291000,1678000,4.52,Kharif,32.04975409836066,37.17360655737705,26.92934426229508,702.83,2396.67,58.48934426229508,1.555327868852459,0.5883517689063078,2.240065060082642,2.183876811594203,1.1431159420289856,4.423913043478261,0.5966397479586178
Punjab,2019,291000,1678000,5.77,Kharif,32.04975409836066,37.17360655737705,26.92934426229508,702.83,2396.67,58.48934426229508,1.555327868852459,0.5883517689063078,2.240065060082642,2.183876811594203,1.1431159420289856,4.423913043478261,0.5966397479586178
Punjab,2019,291000,1678000,4.9,Kharif,32.04975409836066,37.17360655737705,26.92934426229508,702.83,2396.67,58.48934426229508,1.555327868852459,0.5883517689063078,2.240065060082642,2.183876811594203,1.1431159420289856,4.423913043478261,0.5966397479586178
Punjab,2019,291000,1678000,4.53,Rabi,18.329245283018867,25.684622641509435,12.42985849056604,236.78,2929.68,55.080707547169816,1.4485377358490563,0.5499544392336299,2.240065060082642,2.183876811594203,1.1431159420289856,4.423913043478261,0.5966397479586178
Punjab,2019,291000,1678000,5.25,Rabi,18.329245283018867,25.684622641509435,12.42985849056604,236.78,2929.68,55.080707547169816,1.4485377358490563,0.5499544392336299,2.240065060082642,2.183876811594203,1.1431159420289856,4.423913043478261,0.5966397479586178
Punjab,2019,291000,1678000,5.42,Rabi,18.329245283018867,25.684622641509435,12.42985849056604,236.78,2929.68,55.080707547169816,1.4485377358490563,0.5499544392336299,2.240065060082642,2.183876811594203,1.1431159420289856,4.423913043478261,0.5966397479586178
Punjab,2019,291000,1678000,5.57,Rabi,18.329245283018867,25.684622641509435,12.42985849056604,236.78,2929.68,55.080707547169816,1.4485377358490563,0.5499544392336299,2.240065060082642,2.183876811594203,1.1431159420289856,4.423913043478261,0.5966397479586178
Punjab,2019,291000,1678000,4.4,Rabi,18.329245283018867,25.684622641509435,12.42985849056604,236.78,2929.68,55.080707547169816,1.4485377358490563,0.5499544392336299,2.240065060082642,2.183876811594203,1.1431159420289856,4.423913043478261,0.5966397479586178
Punjab,2019,291000,1678000,4.93,Rabi,18.329245283018867,25.684622641509435,12.42985849056604,236.78,2929.68,55.080707547169816,1.4485377358490563,0.5499544392336299,2.240065060082642,2.183876811594203,1.1431159420289856,4.423913043478261,0.5966397479586178
Punjab,2019,291000,1678000,5.12,Rabi,18.329245283018867,25.684622641509435,12.42985849056604,236.78,2929.68,55.080707547169816,1.4485377358490563,0.5499544392336299,2.240065060082642,2.183876811594203,1.1431159420289856,4.423913043478261,0.5966397479586178
Punjab,2019,291000,1678000,4.17,Rabi,18.329245283018867,25.684622641509435,12.42985849056604,236.78,2929.68,55.080707547169816,1.4485377358490563,0.5499544392336299,2.240065060082642,2.183876811594203,1.1431159420289856,4.423913043478261,0.5966397479586178
Punjab,2019,291000,1678000,4.29,Rabi,18.329245283018867,25.684622641509435,12.42985849056604,236.78,2929.68,55.080707547169816,1.4485377358490563,0.5499544392336299,2.240065060082642,2.183876811594203,1.1431159420289856,4.423913043478261,0.5966397479586178
Punjab,2019,291000,1678000,5.03,Rabi,18.329245283018867,25.684622641509435,12.42985849056604,236.78,2929.68,55.080707547169816,1.4485377358490563,0.5499544392336299,2.240065060082642,2.183876811594203,1.1431159420289856,4.423913043478261,0.5966397479586178
Punjab,2019,291000,1678000,4.65,Rabi,18.329245283018867,25.684622641509435,12.42985849056604,236.78,2929.68,55.080707547169816,1.4485377358490563,0.5499544392336299,2.240065060082642,2.183876811594203,1.1431159420289856,4.423913043478261,0.5966397479586178
Punjab,2019,291000,1678000,5.1,Rabi,18.329245283018867,25.684622641509435,12.42985849056604,236.78,2929.68,55.080707547169816,1.4485377358490563,0.5499544392336299,2.240065060082642,2.183876811594203,1.1431159420289856,4.423913043478261,0.5966397479586178
Punjab,2019,291000,1678000,5.39,Rabi,18.329245283018867,25.684622641509435,12.42985849056604,236.78,2929.68,55.080707547169816,1.4485377358490563,0.5499544392336299,2.240065060082642,2.183876811594203,1.1431159420289856,4.423913043478261,0.5966397479586178
Punjab,2019,291000,1678000,5.35,Rabi,18.329245283018867,25.684622641509435,12.42985849056604,236.78,2929.68,55.080707547169816,1.4485377358490563,0.5499544392336299,2.240065060082642,2.183876811594203,1.1431159420289856,4.423913043478261,0.5966397479586178
Punjab,2019,291000,1678000,5.46,Rabi,18.329245283018867,25.684622641509435,12.42985849056604,236.78,2929.68,55.080707547169816,1.4485377358490563,0.5499544392336299,2.240065060082642,2.183876811594203,1.1431159420289856,4.423913043478261,0.5966397479586178
Punjab,2019,291000,1678000,5.08,Rabi,18.329245283018867,25.684622641509435,12.42985849056604,236.78,2929.68,55.080707547169816,1.4485377358490563,0.5499544392336299,2.240065060082642,2.183876811594203,1.1431159420289856,4.423913043478261,0.5966397479586178
Punjab,2019,291000,1678000,3.95,Rabi,18.329245283018867,25.684622641509435,12.42985849056604,236.78,2929.68,55.080707547169816,1.4485377358490563,0.5499544392336299,2.240065060082642,2.183876811594203,1.1431159420289856,4.423913043478261,0.5966397479586178
Punjab,2019,291000,1678000,4.77,Rabi,18.329245283018867,25.684622641509435,12.42985849056604,236.78,2929.68,55.080707547169816,1.4485377358490563,0.5499544392336299,2.240065060082642,2.183876811594203,1.1431159420289856,4.423913043478261,0.5966397479586178
Punjab,2019,291000,1678000,4.33,Rabi,18.329245283018867,25.684622641509435,12.42985849056604,236.78,2929.68,55.080707547169816,1.4485377358490563,0.5499544392336299,2.240065060082642,2.183876811594203,1.1431159420289856,4.423913043478261,0.5966397479586178
Punjab,2019,291000,1678000,4.52,Rabi,18.329245283018867,25.684622641509435,12.42985849056604,236.78,2929.68,55.080707547169816,1.4485377358490563,0.5499544392336299,2.240065060082642,2.183876811594203,1.1431159420289856,4.423913043478261,0.5966397479586178
Punjab,2019,291000,1678000,5.77,Rabi,18.329245283018867,25.684622641509435,12.42985849056604,236.78,2929.68,55.080707547169816,1.4485377358490563,0.5499544392336299,2.240065060082642,2.183876811594203,1.1431159420289856,4.423913043478261,0.5966397479586178
Punjab,2019,291000,1678000,4.9,Rabi,18.329245283018867,25.684622641509435,12.42985849056604,236.78,2929.68,55.080707547169816,1.4485377358490563,0.5499544392336299,2.240065060082642,2.183876811594203,1.1431159420289856,4.423913043478261,0.5966397479586178
Punjab,2020,291000,1532000,4.76,Kharif,32.01032786885246,37.41745901639344,26.8072131147541,529.83,2478.16,58.580163934426224,1.598360655737705,0.5880785617281754,2.240065060082642,2.183876811594203,1.1431159420289856,4.423913043478261,0.5966397479586178
Punjab,2020,291000,1532000,4.8,Kharif,32.01032786885246,37.41745901639344,26.8072131147541,529.83,2478.16,58.580163934426224,1.598360655737705,0.5880785617281754,2.240065060082642,2.183876811594203,1.1431159420289856,4.423913043478261,0.5966397479586178
Punjab,2020,291000,1532000,4.95,Kharif,32.01032786885246,37.41745901639344,26.8072131147541,529.83,2478.16,58.580163934426224,1.598360655737705,0.5880785617281754,2.240065060082642,2.183876811594203,1.1431159420289856,4.423913043478261,0.5966397479586178
Punjab,2020,291000,1532000,5.07,Kharif,32.01032786885246,37.41745901639344,26.8072131147541,529.83,2478.16,58.580163934426224,1.598360655737705,0.5880785617281754,2.240065060082642,2.183876811594203,1.1431159420289856,4.423913043478261,0.5966397479586178
Punjab,2020,291000,1532000,4.96,Kharif,32.01032786885246,37.41745901639344,26.8072131147541,529.83,2478.16,58.580163934426224,1.598360655737705,0.5880785617281754,2.240065060082642,2.183876811594203,1.1431159420289856,4.423913043478261,0.5966397479586178
Punjab,2020,291000,1532000,4.74,Kharif,32.01032786885246,37.41745901639344,26.8072131147541,529.83,2478.16,58.580163934426224,1.598360655737705,0.5880785617281754,2.240065060082642,2.183876811594203,1.1431159420289856,4.423913043478261,0.5966397479586178
Punjab,2020,291000,1532000,4.93,Kharif,32.01032786885246,37.41745901639344,26.8072131147541,529.83,2478.16,58.580163934426224,1.598360655737705,0.5880785617281754,2.240065060082642,2.183876811594203,1.1431159420289856,4.423913043478261,0.5966397479586178
Punjab,2020,291000,1532000,4.53,Kharif,32.01032786885246,37.41745901639344,26.8072131147541,529.83,2478.16,58.580163934426224,1.598360655737705,0.5880785617281754,2.240065060082642,2.183876811594203,1.1431159420289856,4.423913043478261,0.5966397479586178
Punjab,2020,291000,1532000,4.14,Kharif,32.01032786885246,37.41745901639344,26.8072131147541,529.83,2478.16,58.580163934426224,1.598360655737705,0.5880785617281754,2.240065060082642,2.183876811594203,1.1431159420289856,4.423913043478261,0.5966397479586178
Punjab,2020,291000,1532000,4.9,Kharif,32.01032786885246,37.41745901639344,26.8072131147541,529.83,2478.16,58.580163934426224,1.598360655737705,0.5880785617281754,2.240065060082642,2.183876811594203,1.1431159420289856,4.423913043478261,0.5966397479586178
Punjab,2020,291000,1532000,4.62,Kharif,32.01032786885246,37.41745901639344,26.8072131147541,529.83,2478.16,58.580163934426224,1.598360655737705,0.5880785617281754,2.240065060082642,2.183876811594203,1.1431159420289856,4.423913043478261,0.5966397479586178
Punjab,2020,291000,1532000,4.97,Kharif,32.01032786885246,37.41745901639344,26.8072131147541,529.83,2478.16,58.580163934426224,1.598360655737705,0.5880785617281754,2.240065060082642,2.183876811594203,1.1431159420289856,4.423913043478261,0.5966397479586178
Punjab,2020,291000,1532000,5.15,Kharif,32.01032786885246,37.41745901639344,26.8072131147541,529.83,2478.16,58.580163934426224,1.598360655737705,0.5880785617281754,2.240065060082642,2.183876811594203,1.1431159420289856,4.423913043478261,0.5966397479586178
Punjab,2020,291000,1532000,5.05,Kharif,32.01032786885246,37.41745901639344,26.8072131147541,529.83,2478.16,58.580163934426224,1.598360655737705,0.5880785617281754,2.240065060082642,2.183876811594203,1.1431159420289856,4.423913043478261,0.5966397479586178
Punjab,2020,291000,1532000,4.94,Kharif,32.01032786885246,37.41745901639344,26.8072131147541,529.83,2478.16,58.580163934426224,1.598360655737705,0.5880785617281754,2.240065060082642,2.183876811594203,1.1431159420289856,4.423913043478261,0.5966397479586178
Punjab,2020,291000,1532000,4.33,Kharif,32.01032786885246,37.41745901639344,26.8072131147541,529.83,2478.16,58.580163934426224,1.598360655737705,0.5880785617281754,2.240065060082642,2.183876811594203,1.1431159420289856,4.423913043478261,0.5966397479586178
Punjab,2020,291000,1532000,4.51,Kharif,32.01032786885246,37.41745901639344,26.8072131147541,529.83,2478.16,58.580163934426224,1.598360655737705,0.5880785617281754,2.240065060082642,2.183876811594203,1.1431159420289856,4.423913043478261,0.5966397479586178
Punjab,2020,291000,1532000,4.37,Kharif,32.01032786885246,37.41745901639344,26.8072131147541,529.83,2478.16,58.580163934426224,1.598360655737705,0.5880785617281754,2.240065060082642,2.183876811594203,1.1431159420289856,4.423913043478261,0.5966397479586178
Punjab,2020,291000,1532000,5.26,Kharif,32.01032786885246,37.41745901639344,26.8072131147541,529.83,2478.16,58.580163934426224,1.598360655737705,0.5880785617281754,2.240065060082642,2.183876811594203,1.1431159420289856,4.423913043478261,0.5966397479586178
Punjab,2020,291000,1532000,4.55,Kharif,32.01032786885246,37.41745901639344,26.8072131147541,529.83,2478.16,58.580163934426224,1.598360655737705,0.5880785617281754,2.240065060082642,2.183876811594203,1.1431159420289856,4.423913043478261,0.5966397479586178
Punjab,2020,291000,1532000,4.76,Rabi,18.14408450704225,25.947652582159627,12.340046948356807,227.81,3124.1,54.43586854460094,1.5744600938967137,0.5322127943971849,2.240065060082642,2.183876811594203,1.1431159420289856,4.423913043478261,0.5966397479586178
Punjab,2020,291000,1532000,4.8,Rabi,18.14408450704225,25.947652582159627,12.340046948356807,227.81,3124.1,54.43586854460094,1.5744600938967137,0.5322127943971849,2.240065060082642,2.183876811594203,1.1431159420289856,4.423913043478261,0.5966397479586178
Punjab,2020,291000,1532000,4.95,Rabi,18.14408450704225,25.947652582159627,12.340046948356807,227.81,3124.1,54.43586854460094,1.5744600938967137,0.5322127943971849,2.240065060082642,2.183876811594203,1.1431159420289856,4.423913043478261,0.5966397479586178
Punjab,2020,291000,1532000,5.07,Rabi,18.14408450704225,25.947652582159627,12.340046948356807,227.81,3124.1,54.43586854460094,1.5744600938967137,0.5322127943971849,2.240065060082642,2.183876811594203,1.1431159420289856,4.423913043478261,0.5966397479586178
Punjab,2020,291000,1532000,4.96,Rabi,18.14408450704225,25.947652582159627,12.340046948356807,227.81,3124.1,54.43586854460094,1.5744600938967137,0.5322127943971849,2.240065060082642,2.183876811594203,1.1431159420289856,4.423913043478261,0.5966397479586178
Punjab,2020,291000,1532000,4.74,Rabi,18.14408450704225,25.947652582159627,12.340046948356807,227.81,3124.1,54.43586854460094,1.5744600938967137,0.5322127943971849,2.240065060082642,2.183876811594203,1.1431159420289856,4.423913043478261,0.5966397479586178
Punjab,2020,291000,1532000,4.93,Rabi,18.14408450704225,25.947652582159627,12.340046948356807,227.81,3124.1,54.43586854460094,1.5744600938967137,0.5322127943971849,2.240065060082642,2.183876811594203,1.1431159420289856,4.423913043478261,0.5966397479586178
Punjab,2020,291000,1532000,4.53,Rabi,18.14408450704225,25.947652582159627,12.340046948356807,227.81,3124.1,54.43586854460094,1.5744600938967137,0.5322127943971849,2.240065060082642,2.183876811594203,1.1431159420289856,4.423913043478261,0.5966397479586178
Punjab,2020,291000,1532000,4.14,Rabi,18.14408450704225,25.947652582159627,12.340046948356807,227.81,3124.1,54.43586854460094,1.5744600938967137,0.5322127943971849,2.240065060082642,2.183876811594203,1.1431159420289856,4.423913043478261,0.5966397479586178
Punjab,2020,291000,1532000,4.9,Rabi,18.14408450704225,25.947652582159627,12.340046948356807,227.81,3124.1,54.43586854460094,1.5744600938967137,0.5322127943971849,2.240065060082642,2.183876811594203,1.1431159420289856,4.423913043478261,0.5966397479586178
Punjab,2020,291000,1532000,4.62,Rabi,18.14408450704225,25.947652582159627,12.340046948356807,227.81,3124.1,54.43586854460094,1.5744600938967137,0.5322127943971849,2.240065060082642,2.183876811594203,1.1431159420289856,4.423913043478261,0.5966397479586178
Punjab,2020,291000,1532000,4.97,Rabi,18.14408450704225,25.947652582159627,12.340046948356807,227.81,3124.1,54.43586854460094,1.5744600938967137,0.5322127943971849,2.240065060082642,2.183876811594203,1.1431159420289856,4.423913043478261,0.5966397479586178
Punjab,2020,291000,1532000,5.15,Rabi,18.14408450704225,25.947652582159627,12.340046948356807,227.81,3124.1,54.43586854460094,1.5744600938967137,0.5322127943971849,2.240065060082642,2.183876811594203,1.1431159420289856,4.423913043478261,0.5966397479586178
Punjab,2020,291000,1532000,5.05,Rabi,18.14408450704225,25.947652582159627,12.340046948356807,227.81,3124.1,54.43586854460094,1.5744600938967137,0.5322127943971849,2.240065060082642,2.183876811594203,1.1431159420289856,4.423913043478261,0.5966397479586178
Punjab,2020,291000,1532000,4.94,Rabi,18.14408450704225,25.947652582159627,12.340046948356807,227.81,3124.1,54.43586854460094,1.5744600938967137,0.5322127943971849,2.240065060082642,2.183876811594203,1.1431159420289856,4.423913043478261,0.5966397479586178
Punjab,2020,291000,1532000,4.33,Rabi,18.14408450704225,25.947652582159627,12.340046948356807,227.81,3124.1,54.43586854460094,1.5744600938967137,0.5322127943971849,2.240065060082642,2.183876811594203,1.1431159420289856,4.423913043478261,0.5966397479586178
Punjab,2020,291000,1532000,4.51,Rabi,18.14408450704225,25.947652582159627,12.340046948356807,227.81,3124.1,54.43586854460094,1.5744600938967137,0.5322127943971849,2.240065060082642,2.183876811594203,1.1431159420289856,4.423913043478261,0.5966397479586178
Punjab,2020,291000,1532000,4.37,Rabi,18.14408450704225,25.947652582159627,12.340046948356807,227.81,3124.1,54.43586854460094,1.5744600938967137,0.5322127943971849,2.240065060082642,2.183876811594203,1.1431159420289856,4.423913043478261,0.5966397479586178
Punjab,2020,291000,1532000,5.26,Rabi,18.14408450704225,25.947652582159627,12.340046948356807,227.81,3124.1,54.43586854460094,1.5744600938967137,0.5322127943971849,2.240065060082642,2.183876811594203,1.1431159420289856,4.423913043478261,0.5966397479586178
Punjab,2020,291000,1532000,4.55,Rabi,18.14408450704225,25.947652582159627,12.340046948356807,227.81,3124.1,54.43586854460094,1.5744600938967137,0.5322127943971849,2.240065060082642,2.183876811594203,1.1431159420289856,4.423913043478261,0.5966397479586178
Punjab,2021,260700,1149000,4.45,Kharif,31.964918032786883,37.31,26.69360655737705,649.23,2330.4,58.30795081967213,1.5758196721311477,0.5876032571601886,2.240065060082642,2.183876811594203,1.1431159420289856,4.423913043478261,0.5966397479586178
Punjab,2021,260700,1149000,4.57,Kharif,31.964918032786883,37.31,26.69360655737705,649.23,2330.4,58.30795081967213,1.5758196721311477,0.5876032571601886,2.240065060082642,2.183876811594203,1.1431159420289856,4.423913043478261,0.5966397479586178
Punjab,2021,260700,1149000,4.41,Kharif,31.964918032786883,37.31,26.69360655737705,649.23,2330.4,58.30795081967213,1.5758196721311477,0.5876032571601886,2.240065060082642,2.183876811594203,1.1431159420289856,4.423913043478261,0.5966397479586178
Punjab,2021,260700,1149000,4.58,Kharif,31.964918032786883,37.31,26.69360655737705,649.23,2330.4,58.30795081967213,1.5758196721311477,0.5876032571601886,2.240065060082642,2.183876811594203,1.1431159420289856,4.423913043478261,0.5966397479586178
Punjab,2021,260700,1149000,3.4,Kharif,31.964918032786883,37.31,26.69360655737705,649.23,2330.4,58.30795081967213,1.5758196721311477,0.5876032571601886,2.240065060082642,2.183876811594203,1.1431159420289856,4.423913043478261,0.5966397479586178
Punjab,2021,260700,1149000,4.28,Kharif,31.964918032786883,37.31,26.69360655737705,649.23,2330.4,58.30795081967213,1.5758196721311477,0.5876032571601886,2.240065060082642,2.183876811594203,1.1431159420289856,4.423913043478261,0.5966397479586178
Punjab,2021,260700,1149000,4.37,Kharif,31.964918032786883,37.31,26.69360655737705,649.23,2330.4,58.30795081967213,1.5758196721311477,0.5876032571601886,2.240065060082642,2.183876811594203,1.1431159420289856,4.423913043478261,0.5966397479586178
Punjab,2021,260700,1149000,4.22,Kharif,31.964918032786883,37.31,26.69360655737705,649.23,2330.4,58.30795081967213,1.5758196721311477,0.5876032571601886,2.240065060082642,2.183876811594203,1.1431159420289856,4.423913043478261,0.5966397479586178
Punjab,2021,260700,1149000,3.62,Kharif,31.964918032786883,37.31,26.69360655737705,649.23,2330.4,58.30795081967213,1.5758196721311477,0.5876032571601886,2.240065060082642,2.183876811594203,1.1431159420289856,4.423913043478261,0.5966397479586178
Punjab,2021,260700,1149000,3.99,Kharif,31.964918032786883,37.31,26.69360655737705,649.23,2330.4,58.30795081967213,1.5758196721311477,0.5876032571601886,2.240065060082642,2.183876811594203,1.1431159420289856,4.423913043478261,0.5966397479586178
Punjab,2021,260700,1149000,4.33,Kharif,31.964918032786883,37.31,26.69360655737705,649.23,2330.4,58.30795081967213,1.5758196721311477,0.5876032571601886,2.240065060082642,2.183876811594203,1.1431159420289856,4.423913043478261,0.5966397479586178
Punjab,2021,260700,1149000,4.53,Kharif,31.964918032786883,37.31,26.69360655737705,649.23,2330.4,58.30795081967213,1.5758196721311477,0.5876032571601886,2.240065060082642,2.183876811594203,1.1431159420289856,4.423913043478261,0.5966397479586178
Punjab,2021,260700,1149000,3.87,Kharif,31.964918032786883,37.31,26.69360655737705,649.23,2330.4,58.30795081967213,1.5758196721311477,0.5876032571601886,2.240065060082642,2.183876811594203,1.1431159420289856,4.423913043478261,0.5966397479586178
Punjab,2021,260700,1149000,3.65,Kharif,31.964918032786883,37.31,26.69360655737705,649.23,2330.4,58.30795081967213,1.5758196721311477,0.5876032571601886,2.240065060082642,2.183876811594203,1.1431159420289856,4.423913043478261,0.5966397479586178
Punjab,2021,260700,1149000,3.88,Kharif,31.964918032786883,37.31,26.69360655737705,649.23,2330.4,58.30795081967213,1.5758196721311477,0.5876032571601886,2.240065060082642,2.183876811594203,1.1431159420289856,4.423913043478261,0.5966397479586178
Punjab,2021,260700,1149000,3.71,Kharif,31.964918032786883,37.31,26.69360655737705,649.23,2330.4,58.30795081967213,1.5758196721311477,0.5876032571601886,2.240065060082642,2.183876811594203,1.1431159420289856,4.423913043478261,0.5966397479586178
Punjab,2021,260700,1149000,4.14,Kharif,31.964918032786883,37.31,26.69360655737705,649.23,2330.4,58.30795081967213,1.5758196721311477,0.5876032571601886,2.240065060082642,2.183876811594203,1.1431159420289856,4.423913043478261,0.5966397479586178
Punjab,2021,260700,1149000,4.71,Kharif,31.964918032786883,37.31,26.69360655737705,649.23,2330.4,58.30795081967213,1.5758196721311477,0.5876032571601886,2.240065060082642,2.183876811594203,1.1431159420289856,4.423913043478261,0.5966397479586178
Punjab,2021,260700,1149000,4.45,Rabi,19.602735849056604,28.02580188679245,13.304905660377358,119.08,3151.53,48.10306603773585,1.6305188679245284,0.4922091696766246,2.240065060082642,2.183876811594203,1.1431159420289856,4.423913043478261,0.5966397479586178
Punjab,2021,260700,1149000,4.57,Rabi,19.602735849056604,28.02580188679245,13.304905660377358,119.08,3151.53,48.10306603773585,1.6305188679245284,0.4922091696766246,2.240065060082642,2.183876811594203,1.1431159420289856,4.423913043478261,0.5966397479586178
Punjab,2021,260700,1149000,4.41,Rabi,19.602735849056604,28.02580188679245,13.304905660377358,119.08,3151.53,48.10306603773585,1.6305188679245284,0.4922091696766246,2.240065060082642,2.183876811594203,1.1431159420289856,4.423913043478261,0.5966397479586178
Punjab,2021,260700,1149000,4.58,Rabi,19.602735849056604,28.02580188679245,13.304905660377358,119.08,3151.53,48.10306603773585,1.6305188679245284,0.4922091696766246,2.240065060082642,2.183876811594203,1.1431159420289856,4.423913043478261,0.5966397479586178
Punjab,2021,260700,1149000,3.4,Rabi,19.602735849056604,28.02580188679245,13.304905660377358,119.08,3151.53,48.10306603773585,1.6305188679245284,0.4922091696766246,2.240065060082642,2.183876811594203,1.1431159420289856,4.423913043478261,0.5966397479586178
Punjab,2021,260700,1149000,4.28,Rabi,19.602735849056604,28.02580188679245,13.304905660377358,119.08,3151.53,48.10306603773585,1.6305188679245284,0.4922091696766246,2.240065060082642,2.183876811594203,1.1431159420289856,4.423913043478261,0.5966397479586178
Punjab,2021,260700,1149000,4.37,Rabi,19.602735849056604,28.02580188679245,13.304905660377358,119.08,3151.53,48.10306603773585,1.6305188679245284,0.4922091696766246,2.240065060082642,2.183876811594203,1.1431159420289856,4.423913043478261,0.5966397479586178
Punjab,2021,260700,1149000,4.22,Rabi,19.602735849056604,28.02580188679245,13.304905660377358,119.08,3151.53,48.10306603773585,1.6305188679245284,0.4922091696766246,2.240065060082642,2.183876811594203,1.1431159420289856,4.423913043478261,0.5966397479586178
Punjab,2021,260700,1149000,3.62,Rabi,19.602735849056604,28.02580188679245,13.304905660377358,119.08,3151.53,48.10306603773585,1.6305188679245284,0.4922091696766246,2.240065060082642,2.183876811594203,1.1431159420289856,4.423913043478261,0.5966397479586178
Punjab,2021,260700,1149000,3.99,Rabi,19.602735849056604,28.02580188679245,13.304905660377358,119.08,3151.53,48.10306603773585,1.6305188679245284,0.4922091696766246,2.240065060082642,2.183876811594203,1.1431159420289856,4.423913043478261,0.5966397479586178
Punjab,2021,260700,1149000,4.33,Rabi,19.602735849056604,28.02580188679245,13.304905660377358,119.08,3151.53,48.10306603773585,1.6305188679245284,0.4922091696766246,2.240065060082642,2.183876811594203,1.1431159420289856,4.423913043478261,0.5966397479586178
Punjab,2021,260700,1149000,4.53,Rabi,19.602735849056604,28.02580188679245,13.304905660377358,119.08,3151.53,48.10306603773585,1.6305188679245284,0.4922091696766246,2.240065060082642,2.183876811594203,1.1431159420289856,4.423913043478261,0.5966397479586178
Punjab,2021,260700,1149000,3.87,Rabi,19.602735849056604,28.02580188679245,13.304905660377358,119.08,3151.53,48.10306603773585,1.6305188679245284,0.4922091696766246,2.240065060082642,2.183876811594203,1.1431159420289856,4.423913043478261,0.5966397479586178
Punjab,2021,260700,1149000,3.65,Rabi,19.602735849056604,28.02580188679245,13.304905660377358,119.08,3151.53,48.10306603773585,1.6305188679245284,0.4922091696766246,2.240065060082642,2.183876811594203,1.1431159420289856,4.423913043478261,0.5966397479586178
Punjab,2021,260700,1149000,3.88,Rabi,19.602735849056604,28.02580188679245,13.304905660377358,119.08,3151.53,48.10306603773585,1.6305188679245284,0.4922091696766246,2.240065060082642,2.183876811594203,1.1431159420289856,4.423913043478261,0.5966397479586178
Punjab,2021,260700,1149000,3.71,Rabi,19.602735849056604,28.02580188679245,13.304905660377358,119.08,3151.53,48.10306603773585,1.6305188679245284,0.4922091696766246,2.240065060082642,2.183876811594203,1.1431159420289856,4.423913043478261,0.5966397479586178
Punjab,2021,260700,1149000,4.14,Rabi,19.602735849056604,28.02580188679245,13.304905660377358,119.08,3151.53,48.10306603773585,1.6305188679245284,0.4922091696766246,2.240065060082642,2.183876811594203,1.1431159420289856,4.423913043478261,0.5966397479586178
Punjab,2021,260700,1149000,4.71,Rabi,19.602735849056604,28.02580188679245,13.304905660377358,119.08,3151.53,48.10306603773585,1.6305188679245284,0.4922091696766246,2.240065060082642,2.183876811594203,1.1431159420289856,4.423913043478261,0.5966397479586178
Punjab,2022,254000,1257700,4.79,Kharif,31.06590163934426,35.73680327868853,26.45819672131148,766.54,2333.83,64.34745901639344,1.5604098360655738,0.6011112925613307,2.240065060082642,2.183876811594203,1.1431159420289856,4.423913043478261,0.5966397479586178
Punjab,2022,254000,1257700,5.06,Kharif,31.06590163934426,35.73680327868853,26.45819672131148,766.54,2333.83,64.34745901639344,1.5604098360655738,0.6011112925613307,2.240065060082642,2.183876811594203,1.1431159420289856,4.423913043478261,0.5966397479586178
Punjab,2022,254000,1257700,4.95,Kharif,31.06590163934426,35.73680327868853,26.45819672131148,766.54,2333.83,64.34745901639344,1.5604098360655738,0.6011112925613307,2.240065060082642,2.183876811594203,1.1431159420289856,4.423913043478261,0.5966397479586178
Punjab,2022,254000,1257700,4.38,Kharif,31.06590163934426,35.73680327868853,26.45819672131148,766.54,2333.83,64.34745901639344,1.5604098360655738,0.6011112925613307,2.240065060082642,2.183876811594203,1.1431159420289856,4.423913043478261,0.5966397479586178
Punjab,2022,254000,1257700,4.63,Kharif,31.06590163934426,35.73680327868853,26.45819672131148,766.54,2333.83,64.34745901639344,1.5604098360655738,0.6011112925613307,2.240065060082642,2.183876811594203,1.1431159420289856,4.423913043478261,0.5966397479586178
Punjab,2022,254000,1257700,4.8,Kharif,31.06590163934426,35.73680327868853,26.45819672131148,766.54,2333.83,64.34745901639344,1.5604098360655738,0.6011112925613307,2.240065060082642,2.183876811594203,1.1431159420289856,4.423913043478261,0.5966397479586178
Punjab,2022,254000,1257700,4.43,Kharif,31.06590163934426,35.73680327868853,26.45819672131148,766.54,2333.83,64.34745901639344,1.5604098360655738,0.6011112925613307,2.240065060082642,2.183876811594203,1.1431159420289856,4.423913043478261,0.5966397479586178
Punjab,2022,254000,1257700,4.03,Kharif,31.06590163934426,35.73680327868853,26.45819672131148,766.54,2333.83,64.34745901639344,1.5604098360655738,0.6011112925613307,2.240065060082642,2.183876811594203,1.1431159420289856,4.423913043478261,0.5966397479586178
Punjab,2022,254000,1257700,4.35,Kharif,31.06590163934426,35.73680327868853,26.45819672131148,766.54,2333.83,64.34745901639344,1.5604098360655738,0.6011112925613307,2.240065060082642,2.183876811594203,1.1431159420289856,4.423913043478261,0.5966397479586178
Punjab,2022,254000,1257700,4.46,Kharif,31.06590163934426,35.73680327868853,26.45819672131148,766.54,2333.83,64.34745901639344,1.5604098360655738,0.6011112925613307,2.240065060082642,2.183876811594203,1.1431159420289856,4.423913043478261,0.5966397479586178
Punjab,2022,254000,1257700,4.59,Kharif,31.06590163934426,35.73680327868853,26.45819672131148,766.54,2333.83,64.34745901639344,1.5604098360655738,0.6011112925613307,2.240065060082642,2.183876811594203,1.1431159420289856,4.423913043478261,0.5966397479586178
Punjab,2022,254000,1257700,4.96,Kharif,31.06590163934426,35.73680327868853,26.45819672131148,766.54,2333.83,64.34745901639344,1.5604098360655738,0.6011112925613307,2.240065060082642,2.183876811594203,1.1431159420289856,4.423913043478261,0.5966397479586178
Punjab,2022,254000,1257700,5.0,Kharif,31.06590163934426,35.73680327868853,26.45819672131148,766.54,2333.83,64.34745901639344,1.5604098360655738,0.6011112925613307,2.240065060082642,2.183876811594203,1.1431159420289856,4.423913043478261,0.5966397479586178
Punjab,2022,254000,1257700,4.75,Kharif,31.06590163934426,35.73680327868853,26.45819672131148,766.54,2333.83,64.34745901639344,1.5604098360655738,0.6011112925613307,2.240065060082642,2.183876811594203,1.1431159420289856,4.423913043478261,0.5966397479586178
Punjab,2022,254000,1257700,4.69,Kharif,31.06590163934426,35.73680327868853,26.45819672131148,766.54,2333.83,64.34745901639344,1.5604098360655738,0.6011112925613307,2.240065060082642,2.183876811594203,1.1431159420289856,4.423913043478261,0.5966397479586178
Punjab,2022,254000,1257700,4.0,Kharif,31.06590163934426,35.73680327868853,26.45819672131148,766.54,2333.83,64.34745901639344,1.5604098360655738,0.6011112925613307,2.240065060082642,2.183876811594203,1.1431159420289856,4.423913043478261,0.5966397479586178
Punjab,2022,254000,1257700,4.91,Kharif,31.06590163934426,35.73680327868853,26.45819672131148,766.54,2333.83,64.34745901639344,1.5604098360655738,0.6011112925613307,2.240065060082642,2.183876811594203,1.1431159420289856,4.423913043478261,0.5966397479586178
Punjab,2022,254000,1257700,4.51,Kharif,31.06590163934426,35.73680327868853,26.45819672131148,766.54,2333.83,64.34745901639344,1.5604098360655738,0.6011112925613307,2.240065060082642,2.183876811594203,1.1431159420289856,4.423913043478261,0.5966397479586178
Punjab,2022,254000,1257700,4.09,Kharif,31.06590163934426,35.73680327868853,26.45819672131148,766.54,2333.83,64.34745901639344,1.5604098360655738,0.6011112925613307,2.240065060082642,2.183876811594203,1.1431159420289856,4.423913043478261,0.5966397479586178
Punjab,2022,254000,1257700,5.27,Kharif,31.06590163934426,35.73680327868853,26.45819672131148,766.54,2333.83,64.34745901639344,1.5604098360655738,0.6011112925613307,2.240065060082642,2.183876811594203,1.1431159420289856,4.423913043478261,0.5966397479586178
Punjab,2022,254000,1257700,4.29,Kharif,31.06590163934426,35.73680327868853,26.45819672131148,766.54,2333.83,64.34745901639344,1.5604098360655738,0.6011112925613307,2.240065060082642,2.183876811594203,1.1431159420289856,4.423913043478261,0.5966397479586178
Punjab,2022,254000,1257700,4.79,Rabi,19.82985849056604,27.85528301886792,13.722735849056605,197.93,3175.95,55.02754716981132,1.5632547169811322,0.5154733131026278,2.240065060082642,2.183876811594203,1.1431159420289856,4.423913043478261,0.5966397479586178
Punjab,2022,254000,1257700,5.06,Rabi,19.82985849056604,27.85528301886792,13.722735849056605,197.93,3175.95,55.02754716981132,1.5632547169811322,0.5154733131026278,2.240065060082642,2.183876811594203,1.1431159420289856,4.423913043478261,0.5966397479586178
Punjab,2022,254000,1257700,4.95,Rabi,19.82985849056604,27.85528301886792,13.722735849056605,197.93,3175.95,55.02754716981132,1.5632547169811322,0.5154733131026278,2.240065060082642,2.183876811594203,1.1431159420289856,4.423913043478261,0.5966397479586178
Punjab,2022,254000,1257700,4.38,Rabi,19.82985849056604,27.85528301886792,13.722735849056605,197.93,3175.95,55.02754716981132,1.5632547169811322,0.5154733131026278,2.240065060082642,2.183876811594203,1.1431159420289856,4.423913043478261,0.5966397479586178
Punjab,2022,254000,1257700,4.63,Rabi,19.82985849056604,27.85528301886792,13.722735849056605,197.93,3175.95,55.02754716981132,1.5632547169811322,0.5154733131026278,2.240065060082642,2.183876811594203,1.1431159420289856,4.423913043478261,0.5966397479586178
Punjab,2022,254000,1257700,4.8,Rabi,19.82985849056604,27.85528301886792,13.722735849056605,197.93,3175.95,55.02754716981132,1.5632547169811322,0.5154733131026278,2.240065060082642,2.183876811594203,1.1431159420289856,4.423913043478261,0.5966397479586178
Punjab,2022,254000,1257700,4.43,Rabi,19.82985849056604,27.85528301886792,13.722735849056605,197.93,3175.95,55.02754716981132,1.5632547169811322,0.5154733131026278,2.240065060082642,2.183876811594203,1.1431159420289856,4.423913043478261,0.5966397479586178
Punjab,2022,254000,1257700,4.03,Rabi,19.82985849056604,27.85528301886792,13.722735849056605,197.93,3175.95,55.02754716981132,1.5632547169811322,0.5154733131026278,2.240065060082642,2.183876811594203,1.1431159420289856,4.423913043478261,0.5966397479586178
Punjab,2022,254000,1257700,4.35,Rabi,19.82985849056604,27.85528301886792,13.722735849056605,197.93,3175.95,55.02754716981132,1.5632547169811322,0.5154733131026278,2.240065060082642,2.183876811594203,1.1431159420289856,4.423913043478261,0.5966397479586178
Punjab,2022,254000,1257700,4.46,Rabi,19.82985849056604,27.85528301886792,13.722735849056605,197.93,3175.95,55.02754716981132,1.5632547169811322,0.5154733131026278,2.240065060082642,2.183876811594203,1.1431159420289856,4.423913043478261,0.5966397479586178
Punjab,2022,254000,1257700,4.59,Rabi,19.82985849056604,27.85528301886792,13.722735849056605,197.93,3175.95,55.02754716981132,1.5632547169811322,0.5154733131026278,2.240065060082642,2.183876811594203,1.1431159420289856,4.423913043478261,0.5966397479586178
Punjab,2022,254000,1257700,4.96,Rabi,19.82985849056604,27.85528301886792,13.722735849056605,197.93,3175.95,55.02754716981132,1.5632547169811322,0.5154733131026278,2.240065060082642,2.183876811594203,1.1431159420289856,4.423913043478261,0.5966397479586178
Punjab,2022,254000,1257700,5.0,Rabi,19.82985849056604,27.85528301886792,13.722735849056605,197.93,3175.95,55.02754716981132,1.5632547169811322,0.5154733131026278,2.240065060082642,2.183876811594203,1.1431159420289856,4.423913043478261,0.5966397479586178
Punjab,2022,254000,1257700,4.75,Rabi,19.82985849056604,27.85528301886792,13.722735849056605,197.93,3175.95,55.02754716981132,1.5632547169811322,0.5154733131026278,2.240065060082642,2.183876811594203,1.1431159420289856,4.423913043478261,0.5966397479586178
Punjab,2022,254000,1257700,4.69,Rabi,19.82985849056604,27.85528301886792,13.722735849056605,197.93,3175.95,55.02754716981132,1.5632547169811322,0.5154733131026278,2.240065060082642,2.183876811594203,1.1431159420289856,4.423913043478261,0.5966397479586178
Punjab,2022,254000,1257700,4.0,Rabi,19.82985849056604,27.85528301886792,13.722735849056605,197.93,3175.95,55.02754716981132,1.5632547169811322,0.5154733131026278,2.240065060082642,2.183876811594203,1.1431159420289856,4.423913043478261,0.5966397479586178
Punjab,2022,254000,1257700,4.91,Rabi,19.82985849056604,27.85528301886792,13.722735849056605,197.93,3175.95,55.02754716981132,1.5632547169811322,0.5154733131026278,2.240065060082642,2.183876811594203,1.1431159420289856,4.423913043478261,0.5966397479586178
Punjab,2022,254000,1257700,4.51,Rabi,19.82985849056604,27.85528301886792,13.722735849056605,197.93,3175.95,55.02754716981132,1.5632547169811322,0.5154733131026278,2.240065060082642,2.183876811594203,1.1431159420289856,4.423913043478261,0.5966397479586178
Punjab,2022,254000,1257700,4.09,Rabi,19.82985849056604,27.85528301886792,13.722735849056605,197.93,3175.95,55.02754716981132,1.5632547169811322,0.5154733131026278,2.240065060082642,2.183876811594203,1.1431159420289856,4.423913043478261,0.5966397479586178
Punjab,2022,254000,1257700,5.27,Rabi,19.82985849056604,27.85528301886792,13.722735849056605,197.93,3175.95,55.02754716981132,1.5632547169811322,0.5154733131026278,2.240065060082642,2.183876811594203,1.1431159420289856,4.423913043478261,0.5966397479586178
Punjab,2022,254000,1257700,4.29,Rabi,19.82985849056604,27.85528301886792,13.722735849056605,197.93,3175.95,55.02754716981132,1.5632547169811322,0.5154733131026278,2.240065060082642,2.183876811594203,1.1431159420289856,4.423913043478261,0.5966397479586178
Punjab,2023,189800,886400,4.67,Kharif,30.044098360655735,34.30401639344262,25.80803278688525,1115.98,2315.52,71.54540983606559,1.4481147540983603,0.48054475432096955,2.240065060082642,2.183876811594203,1.1431159420289856,4.423913043478261,0.5966397479586178
Punjab,2023,189800,886400,4.67,Rabi,19.04193396226415,26.75872641509434,13.268490566037736,199.77,3068.57,55.74495283018868,1.385754716981132,0.48054475432096955,2.240065060082642,2.183876811594203,1.1431159420289856,4.423913043478261,0.5966397479586178
Rajasthan,2011,252690,1001106,3.15,Kharif,30.56581967213115,35.49393442622951,25.989262295081968,505.68,2505.48,63.22147540983607,2.829590163934426,0.343497691696363,1.128951356435442,1.1232815301852959,0.4793783622235505,2.4273759713090257,0.3479862221184003
Rajasthan,2011,252690,1001106,3.93,Kharif,30.56581967213115,35.49393442622951,25.989262295081968,505.68,2505.48,63.22147540983607,2.829590163934426,0.343497691696363,1.128951356435442,1.1232815301852959,0.4793783622235505,2.4273759713090257,0.3479862221184003
Rajasthan,2011,252690,1001106,2.34,Kharif,30.56581967213115,35.49393442622951,25.989262295081968,505.68,2505.48,63.22147540983607,2.829590163934426,0.343497691696363,1.128951356435442,1.1232815301852959,0.4793783622235505,2.4273759713090257,0.3479862221184003
Rajasthan,2011,252690,1001106,3.81,Kharif,30.56581967213115,35.49393442622951,25.989262295081968,505.68,2505.48,63.22147540983607,2.829590163934426,0.343497691696363,1.128951356435442,1.1232815301852959,0.4793783622235505,2.4273759713090257,0.3479862221184003
Rajasthan,2011,252690,1001106,1.24,Kharif,30.56581967213115,35.49393442622951,25.989262295081968,505.68,2505.48,63.22147540983607,2.829590163934426,0.343497691696363,1.128951356435442,1.1232815301852959,0.4793783622235505,2.4273759713090257,0.3479862221184003
Rajasthan,2011,252690,1001106,4.31,Kharif,30.56581967213115,35.49393442622951,25.989262295081968,505.68,2505.48,63.22147540983607,2.829590163934426,0.343497691696363,1.128951356435442,1.1232815301852959,0.4793783622235505,2.4273759713090257,0.3479862221184003
Rajasthan,2011,252690,1001106,2.9,Kharif,30.56581967213115,35.49393442622951,25.989262295081968,505.68,2505.48,63.22147540983607,2.829590163934426,0.343497691696363,1.128951356435442,1.1232815301852959,0.4793783622235505,2.4273759713090257,0.3479862221184003
Rajasthan,2011,252690,1001106,2.49,Kharif,30.56581967213115,35.49393442622951,25.989262295081968,505.68,2505.48,63.22147540983607,2.829590163934426,0.343497691696363,1.128951356435442,1.1232815301852959,0.4793783622235505,2.4273759713090257,0.3479862221184003
Rajasthan,2011,252690,1001106,4.54,Kharif,30.56581967213115,35.49393442622951,25.989262295081968,505.68,2505.48,63.22147540983607,2.829590163934426,0.343497691696363,1.128951356435442,1.1232815301852959,0.4793783622235505,2.4273759713090257,0.3479862221184003
Rajasthan,2011,252690,1001106,3.73,Kharif,30.56581967213115,35.49393442622951,25.989262295081968,505.68,2505.48,63.22147540983607,2.829590163934426,0.343497691696363,1.128951356435442,1.1232815301852959,0.4793783622235505,2.4273759713090257,0.3479862221184003
Rajasthan,2011,252690,1001106,1.07,Kharif,30.56581967213115,35.49393442622951,25.989262295081968,505.68,2505.48,63.22147540983607,2.829590163934426,0.343497691696363,1.128951356435442,1.1232815301852959,0.4793783622235505,2.4273759713090257,0.3479862221184003
Rajasthan,2011,252690,1001106,3.77,Kharif,30.56581967213115,35.49393442622951,25.989262295081968,505.68,2505.48,63.22147540983607,2.829590163934426,0.343497691696363,1.128951356435442,1.1232815301852959,0.4793783622235505,2.4273759713090257,0.3479862221184003
Rajasthan,2011,252690,1001106,4.21,Kharif,30.56581967213115,35.49393442622951,25.989262295081968,505.68,2505.48,63.22147540983607,2.829590163934426,0.343497691696363,1.128951356435442,1.1232815301852959,0.4793783622235505,2.4273759713090257,0.3479862221184003
Rajasthan,2011,252690,1001106,2.01,Kharif,30.56581967213115,35.49393442622951,25.989262295081968,505.68,2505.48,63.22147540983607,2.829590163934426,0.343497691696363,1.128951356435442,1.1232815301852959,0.4793783622235505,2.4273759713090257,0.3479862221184003
Rajasthan,2011,252690,1001106,3.96,Kharif,30.56581967213115,35.49393442622951,25.989262295081968,505.68,2505.48,63.22147540983607,2.829590163934426,0.343497691696363,1.128951356435442,1.1232815301852959,0.4793783622235505,2.4273759713090257,0.3479862221184003
Rajasthan,2011,252690,1001106,3.62,Kharif,30.56581967213115,35.49393442622951,25.989262295081968,505.68,2505.48,63.22147540983607,2.829590163934426,0.343497691696363,1.128951356435442,1.1232815301852959,0.4793783622235505,2.4273759713090257,0.3479862221184003
Rajasthan,2011,252690,1001106,3.12,Kharif,30.56581967213115,35.49393442622951,25.989262295081968,505.68,2505.48,63.22147540983607,2.829590163934426,0.343497691696363,1.128951356435442,1.1232815301852959,0.4793783622235505,2.4273759713090257,0.3479862221184003
Rajasthan,2011,252690,1001106,1.31,Kharif,30.56581967213115,35.49393442622951,25.989262295081968,505.68,2505.48,63.22147540983607,2.829590163934426,0.343497691696363,1.128951356435442,1.1232815301852959,0.4793783622235505,2.4273759713090257,0.3479862221184003
Rajasthan,2011,252690,1001106,1.81,Kharif,30.56581967213115,35.49393442622951,25.989262295081968,505.68,2505.48,63.22147540983607,2.829590163934426,0.343497691696363,1.128951356435442,1.1232815301852959,0.4793783622235505,2.4273759713090257,0.3479862221184003
Rajasthan,2011,252690,1001106,3.78,Kharif,30.56581967213115,35.49393442622951,25.989262295081968,505.68,2505.48,63.22147540983607,2.829590163934426,0.343497691696363,1.128951356435442,1.1232815301852959,0.4793783622235505,2.4273759713090257,0.3479862221184003
Rajasthan,2011,252690,1001106,3.39,Kharif,30.56581967213115,35.49393442622951,25.989262295081968,505.68,2505.48,63.22147540983607,2.829590163934426,0.343497691696363,1.128951356435442,1.1232815301852959,0.4793783622235505,2.4273759713090257,0.3479862221184003
Rajasthan,2011,252690,1001106,2.72,Kharif,30.56581967213115,35.49393442622951,25.989262295081968,505.68,2505.48,63.22147540983607,2.829590163934426,0.343497691696363,1.128951356435442,1.1232815301852959,0.4793783622235505,2.4273759713090257,0.3479862221184003
Rajasthan,2011,252690,1001106,3.15,Rabi,21.255613207547167,29.884575471698117,14.052028301886793,25.59,3874.12,35.053396226415096,1.808867924528302,0.2892259889689609,1.128951356435442,1.1232815301852959,0.4793783622235505,2.4273759713090257,0.3479862221184003
Rajasthan,2011,252690,1001106,3.93,Rabi,21.255613207547167,29.884575471698117,14.052028301886793,25.59,3874.12,35.053396226415096,1.808867924528302,0.2892259889689609,1.128951356435442,1.1232815301852959,0.4793783622235505,2.4273759713090257,0.3479862221184003
Rajasthan,2011,252690,1001106,2.34,Rabi,21.255613207547167,29.884575471698117,14.052028301886793,25.59,3874.12,35.053396226415096,1.808867924528302,0.2892259889689609,1.128951356435442,1.1232815301852959,0.4793783622235505,2.4273759713090257,0.3479862221184003
Rajasthan,2011,252690,1001106,3.81,Rabi,21.255613207547167,29.884575471698117,14.052028301886793,25.59,3874.12,35.053396226415096,1.808867924528302,0.2892259889689609,1.128951356435442,1.1232815301852959,0.4793783622235505,2.4273759713090257,0.3479862221184003
Rajasthan,2011,252690,1001106,1.24,Rabi,21.255613207547167,29.884575471698117,14.052028301886793,25.59,3874.12,35.053396226415096,1.808867924528302,0.2892259889689609,1.128951356435442,1.1232815301852959,0.4793783622235505,2.4273759713090257,0.3479862221184003
Rajasthan,2011,252690,1001106,4.31,Rabi,21.255613207547167,29.884575471698117,14.052028301886793,25.59,3874.12,35.053396226415096,1.808867924528302,0.2892259889689609,1.128951356435442,1.1232815301852959,0.4793783622235505,2.4273759713090257,0.3479862221184003
Rajasthan,2011,252690,1001106,2.9,Rabi,21.255613207547167,29.884575471698117,14.052028301886793,25.59,3874.12,35.053396226415096,1.808867924528302,0.2892259889689609,1.128951356435442,1.1232815301852959,0.4793783622235505,2.4273759713090257,0.3479862221184003
Rajasthan,2011,252690,1001106,2.49,Rabi,21.255613207547167,29.884575471698117,14.052028301886793,25.59,3874.12,35.053396226415096,1.808867924528302,0.2892259889689609,1.128951356435442,1.1232815301852959,0.4793783622235505,2.4273759713090257,0.3479862221184003
Rajasthan,2011,252690,1001106,4.54,Rabi,21.255613207547167,29.884575471698117,14.052028301886793,25.59,3874.12,35.053396226415096,1.808867924528302,0.2892259889689609,1.128951356435442,1.1232815301852959,0.4793783622235505,2.4273759713090257,0.3479862221184003
Rajasthan,2011,252690,1001106,3.73,Rabi,21.255613207547167,29.884575471698117,14.052028301886793,25.59,3874.12,35.053396226415096,1.808867924528302,0.2892259889689609,1.128951356435442,1.1232815301852959,0.4793783622235505,2.4273759713090257,0.3479862221184003
Rajasthan,2011,252690,1001106,1.07,Rabi,21.255613207547167,29.884575471698117,14.052028301886793,25.59,3874.12,35.053396226415096,1.808867924528302,0.2892259889689609,1.128951356435442,1.1232815301852959,0.4793783622235505,2.4273759713090257,0.3479862221184003
Rajasthan,2011,252690,1001106,3.77,Rabi,21.255613207547167,29.884575471698117,14.052028301886793,25.59,3874.12,35.053396226415096,1.808867924528302,0.2892259889689609,1.128951356435442,1.1232815301852959,0.4793783622235505,2.4273759713090257,0.3479862221184003
Rajasthan,2011,252690,1001106,4.21,Rabi,21.255613207547167,29.884575471698117,14.052028301886793,25.59,3874.12,35.053396226415096,1.808867924528302,0.2892259889689609,1.128951356435442,1.1232815301852959,0.4793783622235505,2.4273759713090257,0.3479862221184003
Rajasthan,2011,252690,1001106,2.01,Rabi,21.255613207547167,29.884575471698117,14.052028301886793,25.59,3874.12,35.053396226415096,1.808867924528302,0.2892259889689609,1.128951356435442,1.1232815301852959,0.4793783622235505,2.4273759713090257,0.3479862221184003
Rajasthan,2011,252690,1001106,3.96,Rabi,21.255613207547167,29.884575471698117,14.052028301886793,25.59,3874.12,35.053396226415096,1.808867924528302,0.2892259889689609,1.128951356435442,1.1232815301852959,0.4793783622235505,2.4273759713090257,0.3479862221184003
Rajasthan,2011,252690,1001106,3.62,Rabi,21.255613207547167,29.884575471698117,14.052028301886793,25.59,3874.12,35.053396226415096,1.808867924528302,0.2892259889689609,1.128951356435442,1.1232815301852959,0.4793783622235505,2.4273759713090257,0.3479862221184003
Rajasthan,2011,252690,1001106,3.12,Rabi,21.255613207547167,29.884575471698117,14.052028301886793,25.59,3874.12,35.053396226415096,1.808867924528302,0.2892259889689609,1.128951356435442,1.1232815301852959,0.4793783622235505,2.4273759713090257,0.3479862221184003
Rajasthan,2011,252690,1001106,1.31,Rabi,21.255613207547167,29.884575471698117,14.052028301886793,25.59,3874.12,35.053396226415096,1.808867924528302,0.2892259889689609,1.128951356435442,1.1232815301852959,0.4793783622235505,2.4273759713090257,0.3479862221184003
Rajasthan,2011,252690,1001106,1.81,Rabi,21.255613207547167,29.884575471698117,14.052028301886793,25.59,3874.12,35.053396226415096,1.808867924528302,0.2892259889689609,1.128951356435442,1.1232815301852959,0.4793783622235505,2.4273759713090257,0.3479862221184003
Rajasthan,2011,252690,1001106,3.78,Rabi,21.255613207547167,29.884575471698117,14.052028301886793,25.59,3874.12,35.053396226415096,1.808867924528302,0.2892259889689609,1.128951356435442,1.1232815301852959,0.4793783622235505,2.4273759713090257,0.3479862221184003
Rajasthan,2011,252690,1001106,3.39,Rabi,21.255613207547167,29.884575471698117,14.052028301886793,25.59,3874.12,35.053396226415096,1.808867924528302,0.2892259889689609,1.128951356435442,1.1232815301852959,0.4793783622235505,2.4273759713090257,0.3479862221184003
Rajasthan,2011,252690,1001106,2.72,Rabi,21.255613207547167,29.884575471698117,14.052028301886793,25.59,3874.12,35.053396226415096,1.808867924528302,0.2892259889689609,1.128951356435442,1.1232815301852959,0.4793783622235505,2.4273759713090257,0.3479862221184003
Rajasthan,2012,243122,937270,3.32,Kharif,31.063196721311478,36.21147540983607,26.129180327868852,503.43,2485.95,57.03450819672131,2.893606557377049,0.3032413268703219,1.128951356435442,1.1232815301852959,0.4793783622235505,2.4273759713090257,0.3479862221184003
Rajasthan,2012,243122,937270,4.09,Kharif,31.063196721311478,36.21147540983607,26.129180327868852,503.43,2485.95,57.03450819672131,2.893606557377049,0.3032413268703219,1.128951356435442,1.1232815301852959,0.4793783622235505,2.4273759713090257,0.3479862221184003
Rajasthan,2012,243122,937270,2.12,Kharif,31.063196721311478,36.21147540983607,26.129180327868852,503.43,2485.95,57.03450819672131,2.893606557377049,0.3032413268703219,1.128951356435442,1.1232815301852959,0.4793783622235505,2.4273759713090257,0.3479862221184003
Rajasthan,2012,243122,937270,4.37,Kharif,31.063196721311478,36.21147540983607,26.129180327868852,503.43,2485.95,57.03450819672131,2.893606557377049,0.3032413268703219,1.128951356435442,1.1232815301852959,0.4793783622235505,2.4273759713090257,0.3479862221184003
Rajasthan,2012,243122,937270,1.36,Kharif,31.063196721311478,36.21147540983607,26.129180327868852,503.43,2485.95,57.03450819672131,2.893606557377049,0.3032413268703219,1.128951356435442,1.1232815301852959,0.4793783622235505,2.4273759713090257,0.3479862221184003
Rajasthan,2012,243122,937270,4.36,Kharif,31.063196721311478,36.21147540983607,26.129180327868852,503.43,2485.95,57.03450819672131,2.893606557377049,0.3032413268703219,1.128951356435442,1.1232815301852959,0.4793783622235505,2.4273759713090257,0.3479862221184003
Rajasthan,2012,243122,937270,3.4,Kharif,31.063196721311478,36.21147540983607,26.129180327868852,503.43,2485.95,57.03450819672131,2.893606557377049,0.3032413268703219,1.128951356435442,1.1232815301852959,0.4793783622235505,2.4273759713090257,0.3479862221184003
Rajasthan,2012,243122,937270,2.43,Kharif,31.063196721311478,36.21147540983607,26.129180327868852,503.43,2485.95,57.03450819672131,2.893606557377049,0.3032413268703219,1.128951356435442,1.1232815301852959,0.4793783622235505,2.4273759713090257,0.3479862221184003
Rajasthan,2012,243122,937270,4.4,Kharif,31.063196721311478,36.21147540983607,26.129180327868852,503.43,2485.95,57.03450819672131,2.893606557377049,0.3032413268703219,1.128951356435442,1.1232815301852959,0.4793783622235505,2.4273759713090257,0.3479862221184003
Rajasthan,2012,243122,937270,4.19,Kharif,31.063196721311478,36.21147540983607,26.129180327868852,503.43,2485.95,57.03450819672131,2.893606557377049,0.3032413268703219,1.128951356435442,1.1232815301852959,0.4793783622235505,2.4273759713090257,0.3479862221184003
Rajasthan,2012,243122,937270,2.09,Kharif,31.063196721311478,36.21147540983607,26.129180327868852,503.43,2485.95,57.03450819672131,2.893606557377049,0.3032413268703219,1.128951356435442,1.1232815301852959,0.4793783622235505,2.4273759713090257,0.3479862221184003
Rajasthan,2012,243122,937270,3.71,Kharif,31.063196721311478,36.21147540983607,26.129180327868852,503.43,2485.95,57.03450819672131,2.893606557377049,0.3032413268703219,1.128951356435442,1.1232815301852959,0.4793783622235505,2.4273759713090257,0.3479862221184003
Rajasthan,2012,243122,937270,4.1,Kharif,31.063196721311478,36.21147540983607,26.129180327868852,503.43,2485.95,57.03450819672131,2.893606557377049,0.3032413268703219,1.128951356435442,1.1232815301852959,0.4793783622235505,2.4273759713090257,0.3479862221184003
Rajasthan,2012,243122,937270,1.72,Kharif,31.063196721311478,36.21147540983607,26.129180327868852,503.43,2485.95,57.03450819672131,2.893606557377049,0.3032413268703219,1.128951356435442,1.1232815301852959,0.4793783622235505,2.4273759713090257,0.3479862221184003
Rajasthan,2012,243122,937270,3.86,Kharif,31.063196721311478,36.21147540983607,26.129180327868852,503.43,2485.95,57.03450819672131,2.893606557377049,0.3032413268703219,1.128951356435442,1.1232815301852959,0.4793783622235505,2.4273759713090257,0.3479862221184003
Rajasthan,2012,243122,937270,3.78,Kharif,31.063196721311478,36.21147540983607,26.129180327868852,503.43,2485.95,57.03450819672131,2.893606557377049,0.3032413268703219,1.128951356435442,1.1232815301852959,0.4793783622235505,2.4273759713090257,0.3479862221184003
Rajasthan,2012,243122,937270,3.38,Kharif,31.063196721311478,36.21147540983607,26.129180327868852,503.43,2485.95,57.03450819672131,2.893606557377049,0.3032413268703219,1.128951356435442,1.1232815301852959,0.4793783622235505,2.4273759713090257,0.3479862221184003
Rajasthan,2012,243122,937270,1.3,Kharif,31.063196721311478,36.21147540983607,26.129180327868852,503.43,2485.95,57.03450819672131,2.893606557377049,0.3032413268703219,1.128951356435442,1.1232815301852959,0.4793783622235505,2.4273759713090257,0.3479862221184003
Rajasthan,2012,243122,937270,1.78,Kharif,31.063196721311478,36.21147540983607,26.129180327868852,503.43,2485.95,57.03450819672131,2.893606557377049,0.3032413268703219,1.128951356435442,1.1232815301852959,0.4793783622235505,2.4273759713090257,0.3479862221184003
Rajasthan,2012,243122,937270,3.24,Kharif,31.063196721311478,36.21147540983607,26.129180327868852,503.43,2485.95,57.03450819672131,2.893606557377049,0.3032413268703219,1.128951356435442,1.1232815301852959,0.4793783622235505,2.4273759713090257,0.3479862221184003
Rajasthan,2012,243122,937270,3.74,Kharif,31.063196721311478,36.21147540983607,26.129180327868852,503.43,2485.95,57.03450819672131,2.893606557377049,0.3032413268703219,1.128951356435442,1.1232815301852959,0.4793783622235505,2.4273759713090257,0.3479862221184003
Rajasthan,2012,243122,937270,2.18,Kharif,31.063196721311478,36.21147540983607,26.129180327868852,503.43,2485.95,57.03450819672131,2.893606557377049,0.3032413268703219,1.128951356435442,1.1232815301852959,0.4793783622235505,2.4273759713090257,0.3479862221184003
Rajasthan,2012,243122,937270,3.32,Rabi,20.347183098591547,28.83150234741784,13.27150234741784,22.26,3845.62,31.35943661971831,1.8176525821596248,0.27635281900891645,1.128951356435442,1.1232815301852959,0.4793783622235505,2.4273759713090257,0.3479862221184003
Rajasthan,2012,243122,937270,4.09,Rabi,20.347183098591547,28.83150234741784,13.27150234741784,22.26,3845.62,31.35943661971831,1.8176525821596248,0.27635281900891645,1.128951356435442,1.1232815301852959,0.4793783622235505,2.4273759713090257,0.3479862221184003
Rajasthan,2012,243122,937270,2.12,Rabi,20.347183098591547,28.83150234741784,13.27150234741784,22.26,3845.62,31.35943661971831,1.8176525821596248,0.27635281900891645,1.128951356435442,1.1232815301852959,0.4793783622235505,2.4273759713090257,0.3479862221184003
Rajasthan,2012,243122,937270,4.37,Rabi,20.347183098591547,28.83150234741784,13.27150234741784,22.26,3845.62,31.35943661971831,1.8176525821596248,0.27635281900891645,1.128951356435442,1.1232815301852959,0.4793783622235505,2.4273759713090257,0.3479862221184003
Rajasthan,2012,243122,937270,1.36,Rabi,20.347183098591547,28.83150234741784,13.27150234741784,22.26,3845.62,31.35943661971831,1.8176525821596248,0.27635281900891645,1.128951356435442,1.1232815301852959,0.4793783622235505,2.4273759713090257,0.3479862221184003
Rajasthan,2012,243122,937270,4.36,Rabi,20.347183098591547,28.83150234741784,13.27150234741784,22.26,3845.62,31.35943661971831,1.8176525821596248,0.27635281900891645,1.128951356435442,1.1232815301852959,0.4793783622235505,2.4273759713090257,0.3479862221184003
Rajasthan,2012,243122,937270,3.4,Rabi,20.347183098591547,28.83150234741784,13.27150234741784,22.26,3845.62,31.35943661971831,1.8176525821596248,0.27635281900891645,1.128951356435442,1.1232815301852959,0.4793783622235505,2.4273759713090257,0.3479862221184003
Rajasthan,2012,243122,937270,2.43,Rabi,20.347183098591547,28.83150234741784,13.27150234741784,22.26,3845.62,31.35943661971831,1.8176525821596248,0.27635281900891645,1.128951356435442,1.1232815301852959,0.4793783622235505,2.4273759713090257,0.3479862221184003
Rajasthan,2012,243122,937270,4.4,Rabi,20.347183098591547,28.83150234741784,13.27150234741784,22.26,3845.62,31.35943661971831,1.8176525821596248,0.27635281900891645,1.128951356435442,1.1232815301852959,0.4793783622235505,2.4273759713090257,0.3479862221184003
Rajasthan,2012,243122,937270,4.19,Rabi,20.347183098591547,28.83150234741784,13.27150234741784,22.26,3845.62,31.35943661971831,1.8176525821596248,0.27635281900891645,1.128951356435442,1.1232815301852959,0.4793783622235505,2.4273759713090257,0.3479862221184003
Rajasthan,2012,243122,937270,2.09,Rabi,20.347183098591547,28.83150234741784,13.27150234741784,22.26,3845.62,31.35943661971831,1.8176525821596248,0.27635281900891645,1.128951356435442,1.1232815301852959,0.4793783622235505,2.4273759713090257,0.3479862221184003
Rajasthan,2012,243122,937270,3.71,Rabi,20.347183098591547,28.83150234741784,13.27150234741784,22.26,3845.62,31.35943661971831,1.8176525821596248,0.27635281900891645,1.128951356435442,1.1232815301852959,0.4793783622235505,2.4273759713090257,0.3479862221184003
Rajasthan,2012,243122,937270,4.1,Rabi,20.347183098591547,28.83150234741784,13.27150234741784,22.26,3845.62,31.35943661971831,1.8176525821596248,0.27635281900891645,1.128951356435442,1.1232815301852959,0.4793783622235505,2.4273759713090257,0.3479862221184003
Rajasthan,2012,243122,937270,1.72,Rabi,20.347183098591547,28.83150234741784,13.27150234741784,22.26,3845.62,31.35943661971831,1.8176525821596248,0.27635281900891645,1.128951356435442,1.1232815301852959,0.4793783622235505,2.4273759713090257,0.3479862221184003
Rajasthan,2012,243122,937270,3.86,Rabi,20.347183098591547,28.83150234741784,13.27150234741784,22.26,3845.62,31.35943661971831,1.8176525821596248,0.27635281900891645,1.128951356435442,1.1232815301852959,0.4793783622235505,2.4273759713090257,0.3479862221184003
Rajasthan,2012,243122,937270,3.78,Rabi,20.347183098591547,28.83150234741784,13.27150234741784,22.26,3845.62,31.35943661971831,1.8176525821596248,0.27635281900891645,1.128951356435442,1.1232815301852959,0.4793783622235505,2.4273759713090257,0.3479862221184003
Rajasthan,2012,243122,937270,3.38,Rabi,20.347183098591547,28.83150234741784,13.27150234741784,22.26,3845.62,31.35943661971831,1.8176525821596248,0.27635281900891645,1.128951356435442,1.1232815301852959,0.4793783622235505,2.4273759713090257,0.3479862221184003
Rajasthan,2012,243122,937270,1.3,Rabi,20.347183098591547,28.83150234741784,13.27150234741784,22.26,3845.62,31.35943661971831,1.8176525821596248,0.27635281900891645,1.128951356435442,1.1232815301852959,0.4793783622235505,2.4273759713090257,0.3479862221184003
Rajasthan,2012,243122,937270,1.78,Rabi,20.347183098591547,28.83150234741784,13.27150234741784,22.26,3845.62,31.35943661971831,1.8176525821596248,0.27635281900891645,1.128951356435442,1.1232815301852959,0.4793783622235505,2.4273759713090257,0.3479862221184003
Rajasthan,2012,243122,937270,3.24,Rabi,20.347183098591547,28.83150234741784,13.27150234741784,22.26,3845.62,31.35943661971831,1.8176525821596248,0.27635281900891645,1.128951356435442,1.1232815301852959,0.4793783622235505,2.4273759713090257,0.3479862221184003
Rajasthan,2012,243122,937270,3.74,Rabi,20.347183098591547,28.83150234741784,13.27150234741784,22.26,3845.62,31.35943661971831,1.8176525821596248,0.27635281900891645,1.128951356435442,1.1232815301852959,0.4793783622235505,2.4273759713090257,0.3479862221184003
Rajasthan,2012,243122,937270,2.18,Rabi,20.347183098591547,28.83150234741784,13.27150234741784,22.26,3845.62,31.35943661971831,1.8176525821596248,0.27635281900891645,1.128951356435442,1.1232815301852959,0.4793783622235505,2.4273759713090257,0.3479862221184003
Rajasthan,2013,262808,1095610,3.45,Kharif,30.478852459016395,35.637131147540984,25.579262295081968,515.66,2618.19,62.34327868852459,2.612704918032787,0.33222800005900793,1.128951356435442,1.1232815301852959,0.4793783622235505,2.4273759713090257,0.3479862221184003
Rajasthan,2013,262808,1095610,3.96,Kharif,30.478852459016395,35.637131147540984,25.579262295081968,515.66,2618.19,62.34327868852459,2.612704918032787,0.33222800005900793,1.128951356435442,1.1232815301852959,0.4793783622235505,2.4273759713090257,0.3479862221184003
Rajasthan,2013,262808,1095610,2.26,Kharif,30.478852459016395,35.637131147540984,25.579262295081968,515.66,2618.19,62.34327868852459,2.612704918032787,0.33222800005900793,1.128951356435442,1.1232815301852959,0.4793783622235505,2.4273759713090257,0.3479862221184003
Rajasthan,2013,262808,1095610,3.39,Kharif,30.478852459016395,35.637131147540984,25.579262295081968,515.66,2618.19,62.34327868852459,2.612704918032787,0.33222800005900793,1.128951356435442,1.1232815301852959,0.4793783622235505,2.4273759713090257,0.3479862221184003
Rajasthan,2013,262808,1095610,1.45,Kharif,30.478852459016395,35.637131147540984,25.579262295081968,515.66,2618.19,62.34327868852459,2.612704918032787,0.33222800005900793,1.128951356435442,1.1232815301852959,0.4793783622235505,2.4273759713090257,0.3479862221184003
Rajasthan,2013,262808,1095610,4.31,Kharif,30.478852459016395,35.637131147540984,25.579262295081968,515.66,2618.19,62.34327868852459,2.612704918032787,0.33222800005900793,1.128951356435442,1.1232815301852959,0.4793783622235505,2.4273759713090257,0.3479862221184003
Rajasthan,2013,262808,1095610,3.6,Kharif,30.478852459016395,35.637131147540984,25.579262295081968,515.66,2618.19,62.34327868852459,2.612704918032787,0.33222800005900793,1.128951356435442,1.1232815301852959,0.4793783622235505,2.4273759713090257,0.3479862221184003
Rajasthan,2013,262808,1095610,2.47,Kharif,30.478852459016395,35.637131147540984,25.579262295081968,515.66,2618.19,62.34327868852459,2.612704918032787,0.33222800005900793,1.128951356435442,1.1232815301852959,0.4793783622235505,2.4273759713090257,0.3479862221184003
Rajasthan,2013,262808,1095610,3.79,Kharif,30.478852459016395,35.637131147540984,25.579262295081968,515.66,2618.19,62.34327868852459,2.612704918032787,0.33222800005900793,1.128951356435442,1.1232815301852959,0.4793783622235505,2.4273759713090257,0.3479862221184003
Rajasthan,2013,262808,1095610,4.03,Kharif,30.478852459016395,35.637131147540984,25.579262295081968,515.66,2618.19,62.34327868852459,2.612704918032787,0.33222800005900793,1.128951356435442,1.1232815301852959,0.4793783622235505,2.4273759713090257,0.3479862221184003
Rajasthan,2013,262808,1095610,2.1,Kharif,30.478852459016395,35.637131147540984,25.579262295081968,515.66,2618.19,62.34327868852459,2.612704918032787,0.33222800005900793,1.128951356435442,1.1232815301852959,0.4793783622235505,2.4273759713090257,0.3479862221184003
Rajasthan,2013,262808,1095610,3.71,Kharif,30.478852459016395,35.637131147540984,25.579262295081968,515.66,2618.19,62.34327868852459,2.612704918032787,0.33222800005900793,1.128951356435442,1.1232815301852959,0.4793783622235505,2.4273759713090257,0.3479862221184003
Rajasthan,2013,262808,1095610,3.95,Kharif,30.478852459016395,35.637131147540984,25.579262295081968,515.66,2618.19,62.34327868852459,2.612704918032787,0.33222800005900793,1.128951356435442,1.1232815301852959,0.4793783622235505,2.4273759713090257,0.3479862221184003
Rajasthan,2013,262808,1095610,1.91,Kharif,30.478852459016395,35.637131147540984,25.579262295081968,515.66,2618.19,62.34327868852459,2.612704918032787,0.33222800005900793,1.128951356435442,1.1232815301852959,0.4793783622235505,2.4273759713090257,0.3479862221184003
Rajasthan,2013,262808,1095610,4.17,Kharif,30.478852459016395,35.637131147540984,25.579262295081968,515.66,2618.19,62.34327868852459,2.612704918032787,0.33222800005900793,1.128951356435442,1.1232815301852959,0.4793783622235505,2.4273759713090257,0.3479862221184003
Rajasthan,2013,262808,1095610,3.57,Kharif,30.478852459016395,35.637131147540984,25.579262295081968,515.66,2618.19,62.34327868852459,2.612704918032787,0.33222800005900793,1.128951356435442,1.1232815301852959,0.4793783622235505,2.4273759713090257,0.3479862221184003
Rajasthan,2013,262808,1095610,3.09,Kharif,30.478852459016395,35.637131147540984,25.579262295081968,515.66,2618.19,62.34327868852459,2.612704918032787,0.33222800005900793,1.128951356435442,1.1232815301852959,0.4793783622235505,2.4273759713090257,0.3479862221184003
Rajasthan,2013,262808,1095610,1.32,Kharif,30.478852459016395,35.637131147540984,25.579262295081968,515.66,2618.19,62.34327868852459,2.612704918032787,0.33222800005900793,1.128951356435442,1.1232815301852959,0.4793783622235505,2.4273759713090257,0.3479862221184003
Rajasthan,2013,262808,1095610,2.2,Kharif,30.478852459016395,35.637131147540984,25.579262295081968,515.66,2618.19,62.34327868852459,2.612704918032787,0.33222800005900793,1.128951356435442,1.1232815301852959,0.4793783622235505,2.4273759713090257,0.3479862221184003
Rajasthan,2013,262808,1095610,4.0,Kharif,30.478852459016395,35.637131147540984,25.579262295081968,515.66,2618.19,62.34327868852459,2.612704918032787,0.33222800005900793,1.128951356435442,1.1232815301852959,0.4793783622235505,2.4273759713090257,0.3479862221184003
Rajasthan,2013,262808,1095610,2.25,Kharif,30.478852459016395,35.637131147540984,25.579262295081968,515.66,2618.19,62.34327868852459,2.612704918032787,0.33222800005900793,1.128951356435442,1.1232815301852959,0.4793783622235505,2.4273759713090257,0.3479862221184003
Rajasthan,2013,262808,1095610,3.45,Rabi,20.70495283018868,28.984198113207544,13.96740566037736,56.36,3780.89,37.74297169811321,1.7965094339622645,0.2930784196032527,1.128951356435442,1.1232815301852959,0.4793783622235505,2.4273759713090257,0.3479862221184003
Rajasthan,2013,262808,1095610,3.96,Rabi,20.70495283018868,28.984198113207544,13.96740566037736,56.36,3780.89,37.74297169811321,1.7965094339622645,0.2930784196032527,1.128951356435442,1.1232815301852959,0.4793783622235505,2.4273759713090257,0.3479862221184003
Rajasthan,2013,262808,1095610,2.26,Rabi,20.70495283018868,28.984198113207544,13.96740566037736,56.36,3780.89,37.74297169811321,1.7965094339622645,0.2930784196032527,1.128951356435442,1.1232815301852959,0.4793783622235505,2.4273759713090257,0.3479862221184003
Rajasthan,2013,262808,1095610,3.39,Rabi,20.70495283018868,28.984198113207544,13.96740566037736,56.36,3780.89,37.74297169811321,1.7965094339622645,0.2930784196032527,1.128951356435442,1.1232815301852959,0.4793783622235505,2.4273759713090257,0.3479862221184003
Rajasthan,2013,262808,1095610,1.45,Rabi,20.70495283018868,28.984198113207544,13.96740566037736,56.36,3780.89,37.74297169811321,1.7965094339622645,0.2930784196032527,1.128951356435442,1.1232815301852959,0.4793783622235505,2.4273759713090257,0.3479862221184003
Rajasthan,2013,262808,1095610,4.31,Rabi,20.70495283018868,28.984198113207544,13.96740566037736,56.36,3780.89,37.74297169811321,1.7965094339622645,0.2930784196032527,1.128951356435442,1.1232815301852959,0.4793783622235505,2.4273759713090257,0.3479862221184003
Rajasthan,2013,262808,1095610,3.6,Rabi,20.70495283018868,28.984198113207544,13.96740566037736,56.36,3780.89,37.74297169811321,1.7965094339622645,0.2930784196032527,1.128951356435442,1.1232815301852959,0.4793783622235505,2.4273759713090257,0.3479862221184003
Rajasthan,2013,262808,1095610,2.47,Rabi,20.70495283018868,28.984198113207544,13.96740566037736,56.36,3780.89,37.74297169811321,1.7965094339622645,0.2930784196032527,1.128951356435442,1.1232815301852959,0.4793783622235505,2.4273759713090257,0.3479862221184003
Rajasthan,2013,262808,1095610,3.79,Rabi,20.70495283018868,28.984198113207544,13.96740566037736,56.36,3780.89,37.74297169811321,1.7965094339622645,0.2930784196032527,1.128951356435442,1.1232815301852959,0.4793783622235505,2.4273759713090257,0.3479862221184003
Rajasthan,2013,262808,1095610,4.03,Rabi,20.70495283018868,28.984198113207544,13.96740566037736,56.36,3780.89,37.74297169811321,1.7965094339622645,0.2930784196032527,1.128951356435442,1.1232815301852959,0.4793783622235505,2.4273759713090257,0.3479862221184003
Rajasthan,2013,262808,1095610,2.1,Rabi,20.70495283018868,28.984198113207544,13.96740566037736,56.36,3780.89,37.74297169811321,1.7965094339622645,0.2930784196032527,1.128951356435442,1.1232815301852959,0.4793783622235505,2.4273759713090257,0.3479862221184003
Rajasthan,2013,262808,1095610,3.71,Rabi,20.70495283018868,28.984198113207544,13.96740566037736,56.36,3780.89,37.74297169811321,1.7965094339622645,0.2930784196032527,1.128951356435442,1.1232815301852959,0.4793783622235505,2.4273759713090257,0.3479862221184003
Rajasthan,2013,262808,1095610,3.95,Rabi,20.70495283018868,28.984198113207544,13.96740566037736,56.36,3780.89,37.74297169811321,1.7965094339622645,0.2930784196032527,1.128951356435442,1.1232815301852959,0.4793783622235505,2.4273759713090257,0.3479862221184003
Rajasthan,2013,262808,1095610,1.91,Rabi,20.70495283018868,28.984198113207544,13.96740566037736,56.36,3780.89,37.74297169811321,1.7965094339622645,0.2930784196032527,1.128951356435442,1.1232815301852959,0.4793783622235505,2.4273759713090257,0.3479862221184003
Rajasthan,2013,262808,1095610,4.17,Rabi,20.70495283018868,28.984198113207544,13.96740566037736,56.36,3780.89,37.74297169811321,1.7965094339622645,0.2930784196032527,1.128951356435442,1.1232815301852959,0.4793783622235505,2.4273759713090257,0.3479862221184003
Rajasthan,2013,262808,1095610,3.57,Rabi,20.70495283018868,28.984198113207544,13.96740566037736,56.36,3780.89,37.74297169811321,1.7965094339622645,0.2930784196032527,1.128951356435442,1.1232815301852959,0.4793783622235505,2.4273759713090257,0.3479862221184003
Rajasthan,2013,262808,1095610,3.09,Rabi,20.70495283018868,28.984198113207544,13.96740566037736,56.36,3780.89,37.74297169811321,1.7965094339622645,0.2930784196032527,1.128951356435442,1.1232815301852959,0.4793783622235505,2.4273759713090257,0.3479862221184003
Rajasthan,2013,262808,1095610,1.32,Rabi,20.70495283018868,28.984198113207544,13.96740566037736,56.36,3780.89,37.74297169811321,1.7965094339622645,0.2930784196032527,1.128951356435442,1.1232815301852959,0.4793783622235505,2.4273759713090257,0.3479862221184003
Rajasthan,2013,262808,1095610,2.2,Rabi,20.70495283018868,28.984198113207544,13.96740566037736,56.36,3780.89,37.74297169811321,1.7965094339622645,0.2930784196032527,1.128951356435442,1.1232815301852959,0.4793783622235505,2.4273759713090257,0.3479862221184003
Rajasthan,2013,262808,1095610,4.0,Rabi,20.70495283018868,28.984198113207544,13.96740566037736,56.36,3780.89,37.74297169811321,1.7965094339622645,0.2930784196032527,1.128951356435442,1.1232815301852959,0.4793783622235505,2.4273759713090257,0.3479862221184003
Rajasthan,2013,262808,1095610,2.25,Rabi,20.70495283018868,28.984198113207544,13.96740566037736,56.36,3780.89,37.74297169811321,1.7965094339622645,0.2930784196032527,1.128951356435442,1.1232815301852959,0.4793783622235505,2.4273759713090257,0.3479862221184003
Rajasthan,2014,256659,937036,2.11,Kharif,31.32,37.0155737704918,25.991967213114755,377.41,2734.69,55.3905737704918,3.2459016393442623,0.31301062068230007,1.128951356435442,1.1232815301852959,0.4793783622235505,2.4273759713090257,0.3479862221184003
Rajasthan,2014,256659,937036,3.46,Kharif,31.32,37.0155737704918,25.991967213114755,377.41,2734.69,55.3905737704918,3.2459016393442623,0.31301062068230007,1.128951356435442,1.1232815301852959,0.4793783622235505,2.4273759713090257,0.3479862221184003
Rajasthan,2014,256659,937036,2.22,Kharif,31.32,37.0155737704918,25.991967213114755,377.41,2734.69,55.3905737704918,3.2459016393442623,0.31301062068230007,1.128951356435442,1.1232815301852959,0.4793783622235505,2.4273759713090257,0.3479862221184003
Rajasthan,2014,256659,937036,3.83,Kharif,31.32,37.0155737704918,25.991967213114755,377.41,2734.69,55.3905737704918,3.2459016393442623,0.31301062068230007,1.128951356435442,1.1232815301852959,0.4793783622235505,2.4273759713090257,0.3479862221184003
Rajasthan,2014,256659,937036,1.04,Kharif,31.32,37.0155737704918,25.991967213114755,377.41,2734.69,55.3905737704918,3.2459016393442623,0.31301062068230007,1.128951356435442,1.1232815301852959,0.4793783622235505,2.4273759713090257,0.3479862221184003
Rajasthan,2014,256659,937036,3.65,Kharif,31.32,37.0155737704918,25.991967213114755,377.41,2734.69,55.3905737704918,3.2459016393442623,0.31301062068230007,1.128951356435442,1.1232815301852959,0.4793783622235505,2.4273759713090257,0.3479862221184003
Rajasthan,2014,256659,937036,2.05,Kharif,31.32,37.0155737704918,25.991967213114755,377.41,2734.69,55.3905737704918,3.2459016393442623,0.31301062068230007,1.128951356435442,1.1232815301852959,0.4793783622235505,2.4273759713090257,0.3479862221184003
Rajasthan,2014,256659,937036,2.01,Kharif,31.32,37.0155737704918,25.991967213114755,377.41,2734.69,55.3905737704918,3.2459016393442623,0.31301062068230007,1.128951356435442,1.1232815301852959,0.4793783622235505,2.4273759713090257,0.3479862221184003
Rajasthan,2014,256659,937036,2.13,Kharif,31.32,37.0155737704918,25.991967213114755,377.41,2734.69,55.3905737704918,3.2459016393442623,0.31301062068230007,1.128951356435442,1.1232815301852959,0.4793783622235505,2.4273759713090257,0.3479862221184003
Rajasthan,2014,256659,937036,2.85,Kharif,31.32,37.0155737704918,25.991967213114755,377.41,2734.69,55.3905737704918,3.2459016393442623,0.31301062068230007,1.128951356435442,1.1232815301852959,0.4793783622235505,2.4273759713090257,0.3479862221184003
Rajasthan,2014,256659,937036,1.62,Kharif,31.32,37.0155737704918,25.991967213114755,377.41,2734.69,55.3905737704918,3.2459016393442623,0.31301062068230007,1.128951356435442,1.1232815301852959,0.4793783622235505,2.4273759713090257,0.3479862221184003
Rajasthan,2014,256659,937036,3.6,Kharif,31.32,37.0155737704918,25.991967213114755,377.41,2734.69,55.3905737704918,3.2459016393442623,0.31301062068230007,1.128951356435442,1.1232815301852959,0.4793783622235505,2.4273759713090257,0.3479862221184003
Rajasthan,2014,256659,937036,3.41,Kharif,31.32,37.0155737704918,25.991967213114755,377.41,2734.69,55.3905737704918,3.2459016393442623,0.31301062068230007,1.128951356435442,1.1232815301852959,0.4793783622235505,2.4273759713090257,0.3479862221184003
Rajasthan,2014,256659,937036,1.88,Kharif,31.32,37.0155737704918,25.991967213114755,377.41,2734.69,55.3905737704918,3.2459016393442623,0.31301062068230007,1.128951356435442,1.1232815301852959,0.4793783622235505,2.4273759713090257,0.3479862221184003
Rajasthan,2014,256659,937036,3.48,Kharif,31.32,37.0155737704918,25.991967213114755,377.41,2734.69,55.3905737704918,3.2459016393442623,0.31301062068230007,1.128951356435442,1.1232815301852959,0.4793783622235505,2.4273759713090257,0.3479862221184003
Rajasthan,2014,256659,937036,3.19,Kharif,31.32,37.0155737704918,25.991967213114755,377.41,2734.69,55.3905737704918,3.2459016393442623,0.31301062068230007,1.128951356435442,1.1232815301852959,0.4793783622235505,2.4273759713090257,0.3479862221184003
Rajasthan,2014,256659,937036,0.97,Kharif,31.32,37.0155737704918,25.991967213114755,377.41,2734.69,55.3905737704918,3.2459016393442623,0.31301062068230007,1.128951356435442,1.1232815301852959,0.4793783622235505,2.4273759713090257,0.3479862221184003
Rajasthan,2014,256659,937036,1.91,Kharif,31.32,37.0155737704918,25.991967213114755,377.41,2734.69,55.3905737704918,3.2459016393442623,0.31301062068230007,1.128951356435442,1.1232815301852959,0.4793783622235505,2.4273759713090257,0.3479862221184003
Rajasthan,2014,256659,937036,3.13,Kharif,31.32,37.0155737704918,25.991967213114755,377.41,2734.69,55.3905737704918,3.2459016393442623,0.31301062068230007,1.128951356435442,1.1232815301852959,0.4793783622235505,2.4273759713090257,0.3479862221184003
Rajasthan,2014,256659,937036,4.03,Kharif,31.32,37.0155737704918,25.991967213114755,377.41,2734.69,55.3905737704918,3.2459016393442623,0.31301062068230007,1.128951356435442,1.1232815301852959,0.4793783622235505,2.4273759713090257,0.3479862221184003
Rajasthan,2014,256659,937036,1.93,Kharif,31.32,37.0155737704918,25.991967213114755,377.41,2734.69,55.3905737704918,3.2459016393442623,0.31301062068230007,1.128951356435442,1.1232815301852959,0.4793783622235505,2.4273759713090257,0.3479862221184003
Rajasthan,2014,256659,937036,2.11,Rabi,20.971084905660376,29.43509433962264,13.87816037735849,46.29,3732.19,33.92216981132076,1.824811320754717,0.2824678829842296,1.128951356435442,1.1232815301852959,0.4793783622235505,2.4273759713090257,0.3479862221184003
Rajasthan,2014,256659,937036,3.46,Rabi,20.971084905660376,29.43509433962264,13.87816037735849,46.29,3732.19,33.92216981132076,1.824811320754717,0.2824678829842296,1.128951356435442,1.1232815301852959,0.4793783622235505,2.4273759713090257,0.3479862221184003
Rajasthan,2014,256659,937036,2.22,Rabi,20.971084905660376,29.43509433962264,13.87816037735849,46.29,3732.19,33.92216981132076,1.824811320754717,0.2824678829842296,1.128951356435442,1.1232815301852959,0.4793783622235505,2.4273759713090257,0.3479862221184003
Rajasthan,2014,256659,937036,3.83,Rabi,20.971084905660376,29.43509433962264,13.87816037735849,46.29,3732.19,33.92216981132076,1.824811320754717,0.2824678829842296,1.128951356435442,1.1232815301852959,0.4793783622235505,2.4273759713090257,0.3479862221184003
Rajasthan,2014,256659,937036,1.04,Rabi,20.971084905660376,29.43509433962264,13.87816037735849,46.29,3732.19,33.92216981132076,1.824811320754717,0.2824678829842296,1.128951356435442,1.1232815301852959,0.4793783622235505,2.4273759713090257,0.3479862221184003
Rajasthan,2014,256659,937036,3.65,Rabi,20.971084905660376,29.43509433962264,13.87816037735849,46.29,3732.19,33.92216981132076,1.824811320754717,0.2824678829842296,1.128951356435442,1.1232815301852959,0.4793783622235505,2.4273759713090257,0.3479862221184003
Rajasthan,2014,256659,937036,2.05,Rabi,20.971084905660376,29.43509433962264,13.87816037735849,46.29,3732.19,33.92216981132076,1.824811320754717,0.2824678829842296,1.128951356435442,1.1232815301852959,0.4793783622235505,2.4273759713090257,0.3479862221184003
Rajasthan,2014,256659,937036,2.01,Rabi,20.971084905660376,29.43509433962264,13.87816037735849,46.29,3732.19,33.92216981132076,1.824811320754717,0.2824678829842296,1.128951356435442,1.1232815301852959,0.4793783622235505,2.4273759713090257,0.3479862221184003
Rajasthan,2014,256659,937036,2.13,Rabi,20.971084905660376,29.43509433962264,13.87816037735849,46.29,3732.19,33.92216981132076,1.824811320754717,0.2824678829842296,1.128951356435442,1.1232815301852959,0.4793783622235505,2.4273759713090257,0.3479862221184003
Rajasthan,2014,256659,937036,2.85,Rabi,20.971084905660376,29.43509433962264,13.87816037735849,46.29,3732.19,33.92216981132076,1.824811320754717,0.2824678829842296,1.128951356435442,1.1232815301852959,0.4793783622235505,2.4273759713090257,0.3479862221184003
Rajasthan,2014,256659,937036,1.62,Rabi,20.971084905660376,29.43509433962264,13.87816037735849,46.29,3732.19,33.92216981132076,1.824811320754717,0.2824678829842296,1.128951356435442,1.1232815301852959,0.4793783622235505,2.4273759713090257,0.3479862221184003
Rajasthan,2014,256659,937036,3.6,Rabi,20.971084905660376,29.43509433962264,13.87816037735849,46.29,3732.19,33.92216981132076,1.824811320754717,0.2824678829842296,1.128951356435442,1.1232815301852959,0.4793783622235505,2.4273759713090257,0.3479862221184003
Rajasthan,2014,256659,937036,3.41,Rabi,20.971084905660376,29.43509433962264,13.87816037735849,46.29,3732.19,33.92216981132076,1.824811320754717,0.2824678829842296,1.128951356435442,1.1232815301852959,0.4793783622235505,2.4273759713090257,0.3479862221184003
Rajasthan,2014,256659,937036,1.88,Rabi,20.971084905660376,29.43509433962264,13.87816037735849,46.29,3732.19,33.92216981132076,1.824811320754717,0.2824678829842296,1.128951356435442,1.1232815301852959,0.4793783622235505,2.4273759713090257,0.3479862221184003
Rajasthan,2014,256659,937036,3.48,Rabi,20.971084905660376,29.43509433962264,13.87816037735849,46.29,3732.19,33.92216981132076,1.824811320754717,0.2824678829842296,1.128951356435442,1.1232815301852959,0.4793783622235505,2.4273759713090257,0.3479862221184003
Rajasthan,2014,256659,937036,3.19,Rabi,20.971084905660376,29.43509433962264,13.87816037735849,46.29,3732.19,33.92216981132076,1.824811320754717,0.2824678829842296,1.128951356435442,1.1232815301852959,0.4793783622235505,2.4273759713090257,0.3479862221184003
Rajasthan,2014,256659,937036,0.97,Rabi,20.971084905660376,29.43509433962264,13.87816037735849,46.29,3732.19,33.92216981132076,1.824811320754717,0.2824678829842296,1.128951356435442,1.1232815301852959,0.4793783622235505,2.4273759713090257,0.3479862221184003
Rajasthan,2014,256659,937036,1.91,Rabi,20.971084905660376,29.43509433962264,13.87816037735849,46.29,3732.19,33.92216981132076,1.824811320754717,0.2824678829842296,1.128951356435442,1.1232815301852959,0.4793783622235505,2.4273759713090257,0.3479862221184003
Rajasthan,2014,256659,937036,3.13,Rabi,20.971084905660376,29.43509433962264,13.87816037735849,46.29,3732.19,33.92216981132076,1.824811320754717,0.2824678829842296,1.128951356435442,1.1232815301852959,0.4793783622235505,2.4273759713090257,0.3479862221184003
Rajasthan,2014,256659,937036,4.03,Rabi,20.971084905660376,29.43509433962264,13.87816037735849,46.29,3732.19,33.92216981132076,1.824811320754717,0.2824678829842296,1.128951356435442,1.1232815301852959,0.4793783622235505,2.4273759713090257,0.3479862221184003
Rajasthan,2014,256659,937036,1.93,Rabi,20.971084905660376,29.43509433962264,13.87816037735849,46.29,3732.19,33.92216981132076,1.824811320754717,0.2824678829842296,1.128951356435442,1.1232815301852959,0.4793783622235505,2.4273759713090257,0.3479862221184003
Rajasthan,2015,274584,1037621,2.76,Kharif,30.767049180327867,36.57950819672131,25.26319672131148,334.17,2627.61,55.46262295081968,2.7681967213114755,0.3271863551765367,1.128951356435442,1.1232815301852959,0.4793783622235505,2.4273759713090257,0.3479862221184003
Rajasthan,2015,274584,1037621,3.65,Kharif,30.767049180327867,36.57950819672131,25.26319672131148,334.17,2627.61,55.46262295081968,2.7681967213114755,0.3271863551765367,1.128951356435442,1.1232815301852959,0.4793783622235505,2.4273759713090257,0.3479862221184003
Rajasthan,2015,274584,1037621,2.02,Kharif,30.767049180327867,36.57950819672131,25.26319672131148,334.17,2627.61,55.46262295081968,2.7681967213114755,0.3271863551765367,1.128951356435442,1.1232815301852959,0.4793783622235505,2.4273759713090257,0.3479862221184003
Rajasthan,2015,274584,1037621,4.21,Kharif,30.767049180327867,36.57950819672131,25.26319672131148,334.17,2627.61,55.46262295081968,2.7681967213114755,0.3271863551765367,1.128951356435442,1.1232815301852959,0.4793783622235505,2.4273759713090257,0.3479862221184003
Rajasthan,2015,274584,1037621,1.4,Kharif,30.767049180327867,36.57950819672131,25.26319672131148,334.17,2627.61,55.46262295081968,2.7681967213114755,0.3271863551765367,1.128951356435442,1.1232815301852959,0.4793783622235505,2.4273759713090257,0.3479862221184003
Rajasthan,2015,274584,1037621,3.81,Kharif,30.767049180327867,36.57950819672131,25.26319672131148,334.17,2627.61,55.46262295081968,2.7681967213114755,0.3271863551765367,1.128951356435442,1.1232815301852959,0.4793783622235505,2.4273759713090257,0.3479862221184003
Rajasthan,2015,274584,1037621,3.06,Kharif,30.767049180327867,36.57950819672131,25.26319672131148,334.17,2627.61,55.46262295081968,2.7681967213114755,0.3271863551765367,1.128951356435442,1.1232815301852959,0.4793783622235505,2.4273759713090257,0.3479862221184003
Rajasthan,2015,274584,1037621,2.46,Kharif,30.767049180327867,36.57950819672131,25.26319672131148,334.17,2627.61,55.46262295081968,2.7681967213114755,0.3271863551765367,1.128951356435442,1.1232815301852959,0.4793783622235505,2.4273759713090257,0.3479862221184003
Rajasthan,2015,274584,1037621,4.17,Kharif,30.767049180327867,36.57950819672131,25.26319672131148,334.17,2627.61,55.46262295081968,2.7681967213114755,0.3271863551765367,1.128951356435442,1.1232815301852959,0.4793783622235505,2.4273759713090257,0.3479862221184003
Rajasthan,2015,274584,1037621,3.48,Kharif,30.767049180327867,36.57950819672131,25.26319672131148,334.17,2627.61,55.46262295081968,2.7681967213114755,0.3271863551765367,1.128951356435442,1.1232815301852959,0.4793783622235505,2.4273759713090257,0.3479862221184003
Rajasthan,2015,274584,1037621,2.26,Kharif,30.767049180327867,36.57950819672131,25.26319672131148,334.17,2627.61,55.46262295081968,2.7681967213114755,0.3271863551765367,1.128951356435442,1.1232815301852959,0.4793783622235505,2.4273759713090257,0.3479862221184003
Rajasthan,2015,274584,1037621,3.41,Kharif,30.767049180327867,36.57950819672131,25.26319672131148,334.17,2627.61,55.46262295081968,2.7681967213114755,0.3271863551765367,1.128951356435442,1.1232815301852959,0.4793783622235505,2.4273759713090257,0.3479862221184003
Rajasthan,2015,274584,1037621,1.8,Kharif,30.767049180327867,36.57950819672131,25.26319672131148,334.17,2627.61,55.46262295081968,2.7681967213114755,0.3271863551765367,1.128951356435442,1.1232815301852959,0.4793783622235505,2.4273759713090257,0.3479862221184003
Rajasthan,2015,274584,1037621,3.78,Kharif,30.767049180327867,36.57950819672131,25.26319672131148,334.17,2627.61,55.46262295081968,2.7681967213114755,0.3271863551765367,1.128951356435442,1.1232815301852959,0.4793783622235505,2.4273759713090257,0.3479862221184003
Rajasthan,2015,274584,1037621,4.0,Kharif,30.767049180327867,36.57950819672131,25.26319672131148,334.17,2627.61,55.46262295081968,2.7681967213114755,0.3271863551765367,1.128951356435442,1.1232815301852959,0.4793783622235505,2.4273759713090257,0.3479862221184003
Rajasthan,2015,274584,1037621,3.17,Kharif,30.767049180327867,36.57950819672131,25.26319672131148,334.17,2627.61,55.46262295081968,2.7681967213114755,0.3271863551765367,1.128951356435442,1.1232815301852959,0.4793783622235505,2.4273759713090257,0.3479862221184003
Rajasthan,2015,274584,1037621,1.39,Kharif,30.767049180327867,36.57950819672131,25.26319672131148,334.17,2627.61,55.46262295081968,2.7681967213114755,0.3271863551765367,1.128951356435442,1.1232815301852959,0.4793783622235505,2.4273759713090257,0.3479862221184003
Rajasthan,2015,274584,1037621,2.01,Kharif,30.767049180327867,36.57950819672131,25.26319672131148,334.17,2627.61,55.46262295081968,2.7681967213114755,0.3271863551765367,1.128951356435442,1.1232815301852959,0.4793783622235505,2.4273759713090257,0.3479862221184003
Rajasthan,2015,274584,1037621,3.47,Kharif,30.767049180327867,36.57950819672131,25.26319672131148,334.17,2627.61,55.46262295081968,2.7681967213114755,0.3271863551765367,1.128951356435442,1.1232815301852959,0.4793783622235505,2.4273759713090257,0.3479862221184003
Rajasthan,2015,274584,1037621,3.52,Kharif,30.767049180327867,36.57950819672131,25.26319672131148,334.17,2627.61,55.46262295081968,2.7681967213114755,0.3271863551765367,1.128951356435442,1.1232815301852959,0.4793783622235505,2.4273759713090257,0.3479862221184003
Rajasthan,2015,274584,1037621,2.76,Rabi,21.288537735849054,29.868820754716975,14.130330188679244,98.38,3704.02,35.3461320754717,1.923066037735849,0.2770700663266696,1.128951356435442,1.1232815301852959,0.4793783622235505,2.4273759713090257,0.3479862221184003
Rajasthan,2015,274584,1037621,3.65,Rabi,21.288537735849054,29.868820754716975,14.130330188679244,98.38,3704.02,35.3461320754717,1.923066037735849,0.2770700663266696,1.128951356435442,1.1232815301852959,0.4793783622235505,2.4273759713090257,0.3479862221184003
Rajasthan,2015,274584,1037621,2.02,Rabi,21.288537735849054,29.868820754716975,14.130330188679244,98.38,3704.02,35.3461320754717,1.923066037735849,0.2770700663266696,1.128951356435442,1.1232815301852959,0.4793783622235505,2.4273759713090257,0.3479862221184003
Rajasthan,2015,274584,1037621,4.21,Rabi,21.288537735849054,29.868820754716975,14.130330188679244,98.38,3704.02,35.3461320754717,1.923066037735849,0.2770700663266696,1.128951356435442,1.1232815301852959,0.4793783622235505,2.4273759713090257,0.3479862221184003
Rajasthan,2015,274584,1037621,1.4,Rabi,21.288537735849054,29.868820754716975,14.130330188679244,98.38,3704.02,35.3461320754717,1.923066037735849,0.2770700663266696,1.128951356435442,1.1232815301852959,0.4793783622235505,2.4273759713090257,0.3479862221184003
Rajasthan,2015,274584,1037621,3.81,Rabi,21.288537735849054,29.868820754716975,14.130330188679244,98.38,3704.02,35.3461320754717,1.923066037735849,0.2770700663266696,1.128951356435442,1.1232815301852959,0.4793783622235505,2.4273759713090257,0.3479862221184003
Rajasthan,2015,274584,1037621,3.06,Rabi,21.288537735849054,29.868820754716975,14.130330188679244,98.38,3704.02,35.3461320754717,1.923066037735849,0.2770700663266696,1.128951356435442,1.1232815301852959,0.4793783622235505,2.4273759713090257,0.3479862221184003
Rajasthan,2015,274584,1037621,2.46,Rabi,21.288537735849054,29.868820754716975,14.130330188679244,98.38,3704.02,35.3461320754717,1.923066037735849,0.2770700663266696,1.128951356435442,1.1232815301852959,0.4793783622235505,2.4273759713090257,0.3479862221184003
Rajasthan,2015,274584,1037621,4.17,Rabi,21.288537735849054,29.868820754716975,14.130330188679244,98.38,3704.02,35.3461320754717,1.923066037735849,0.2770700663266696,1.128951356435442,1.1232815301852959,0.4793783622235505,2.4273759713090257,0.3479862221184003
Rajasthan,2015,274584,1037621,3.48,Rabi,21.288537735849054,29.868820754716975,14.130330188679244,98.38,3704.02,35.3461320754717,1.923066037735849,0.2770700663266696,1.128951356435442,1.1232815301852959,0.4793783622235505,2.4273759713090257,0.3479862221184003
Rajasthan,2015,274584,1037621,2.26,Rabi,21.288537735849054,29.868820754716975,14.130330188679244,98.38,3704.02,35.3461320754717,1.923066037735849,0.2770700663266696,1.128951356435442,1.1232815301852959,0.4793783622235505,2.4273759713090257,0.3479862221184003
Rajasthan,2015,274584,1037621,3.41,Rabi,21.288537735849054,29.868820754716975,14.130330188679244,98.38,3704.02,35.3461320754717,1.923066037735849,0.2770700663266696,1.128951356435442,1.1232815301852959,0.4793783622235505,2.4273759713090257,0.3479862221184003
Rajasthan,2015,274584,1037621,1.8,Rabi,21.288537735849054,29.868820754716975,14.130330188679244,98.38,3704.02,35.3461320754717,1.923066037735849,0.2770700663266696,1.128951356435442,1.1232815301852959,0.4793783622235505,2.4273759713090257,0.3479862221184003
Rajasthan,2015,274584,1037621,3.78,Rabi,21.288537735849054,29.868820754716975,14.130330188679244,98.38,3704.02,35.3461320754717,1.923066037735849,0.2770700663266696,1.128951356435442,1.1232815301852959,0.4793783622235505,2.4273759713090257,0.3479862221184003
Rajasthan,2015,274584,1037621,4.0,Rabi,21.288537735849054,29.868820754716975,14.130330188679244,98.38,3704.02,35.3461320754717,1.923066037735849,0.2770700663266696,1.128951356435442,1.1232815301852959,0.4793783622235505,2.4273759713090257,0.3479862221184003
Rajasthan,2015,274584,1037621,3.17,Rabi,21.288537735849054,29.868820754716975,14.130330188679244,98.38,3704.02,35.3461320754717,1.923066037735849,0.2770700663266696,1.128951356435442,1.1232815301852959,0.4793783622235505,2.4273759713090257,0.3479862221184003
Rajasthan,2015,274584,1037621,1.39,Rabi,21.288537735849054,29.868820754716975,14.130330188679244,98.38,3704.02,35.3461320754717,1.923066037735849,0.2770700663266696,1.128951356435442,1.1232815301852959,0.4793783622235505,2.4273759713090257,0.3479862221184003
Rajasthan,2015,274584,1037621,2.01,Rabi,21.288537735849054,29.868820754716975,14.130330188679244,98.38,3704.02,35.3461320754717,1.923066037735849,0.2770700663266696,1.128951356435442,1.1232815301852959,0.4793783622235505,2.4273759713090257,0.3479862221184003
Rajasthan,2015,274584,1037621,3.47,Rabi,21.288537735849054,29.868820754716975,14.130330188679244,98.38,3704.02,35.3461320754717,1.923066037735849,0.2770700663266696,1.128951356435442,1.1232815301852959,0.4793783622235505,2.4273759713090257,0.3479862221184003
Rajasthan,2015,274584,1037621,3.52,Rabi,21.288537735849054,29.868820754716975,14.130330188679244,98.38,3704.02,35.3461320754717,1.923066037735849,0.2770700663266696,1.128951356435442,1.1232815301852959,0.4793783622235505,2.4273759713090257,0.3479862221184003
Rajasthan,2016,248342,984304,3.34,Kharif,30.648688524590163,36.215,25.55565573770492,443.06,2607.17,60.68508196721312,2.725245901639344,0.32815567435325593,1.128951356435442,1.1232815301852959,0.4793783622235505,2.4273759713090257,0.3479862221184003
Rajasthan,2016,248342,984304,4.37,Kharif,30.648688524590163,36.215,25.55565573770492,443.06,2607.17,60.68508196721312,2.725245901639344,0.32815567435325593,1.128951356435442,1.1232815301852959,0.4793783622235505,2.4273759713090257,0.3479862221184003
Rajasthan,2016,248342,984304,2.04,Kharif,30.648688524590163,36.215,25.55565573770492,443.06,2607.17,60.68508196721312,2.725245901639344,0.32815567435325593,1.128951356435442,1.1232815301852959,0.4793783622235505,2.4273759713090257,0.3479862221184003
Rajasthan,2016,248342,984304,4.53,Kharif,30.648688524590163,36.215,25.55565573770492,443.06,2607.17,60.68508196721312,2.725245901639344,0.32815567435325593,1.128951356435442,1.1232815301852959,0.4793783622235505,2.4273759713090257,0.3479862221184003
Rajasthan,2016,248342,984304,1.23,Kharif,30.648688524590163,36.215,25.55565573770492,443.06,2607.17,60.68508196721312,2.725245901639344,0.32815567435325593,1.128951356435442,1.1232815301852959,0.4793783622235505,2.4273759713090257,0.3479862221184003
Rajasthan,2016,248342,984304,4.45,Kharif,30.648688524590163,36.215,25.55565573770492,443.06,2607.17,60.68508196721312,2.725245901639344,0.32815567435325593,1.128951356435442,1.1232815301852959,0.4793783622235505,2.4273759713090257,0.3479862221184003
Rajasthan,2016,248342,984304,3.6,Kharif,30.648688524590163,36.215,25.55565573770492,443.06,2607.17,60.68508196721312,2.725245901639344,0.32815567435325593,1.128951356435442,1.1232815301852959,0.4793783622235505,2.4273759713090257,0.3479862221184003
Rajasthan,2016,248342,984304,2.5,Kharif,30.648688524590163,36.215,25.55565573770492,443.06,2607.17,60.68508196721312,2.725245901639344,0.32815567435325593,1.128951356435442,1.1232815301852959,0.4793783622235505,2.4273759713090257,0.3479862221184003
Rajasthan,2016,248342,984304,4.35,Kharif,30.648688524590163,36.215,25.55565573770492,443.06,2607.17,60.68508196721312,2.725245901639344,0.32815567435325593,1.128951356435442,1.1232815301852959,0.4793783622235505,2.4273759713090257,0.3479862221184003
Rajasthan,2016,248342,984304,4.03,Kharif,30.648688524590163,36.215,25.55565573770492,443.06,2607.17,60.68508196721312,2.725245901639344,0.32815567435325593,1.128951356435442,1.1232815301852959,0.4793783622235505,2.4273759713090257,0.3479862221184003
Rajasthan,2016,248342,984304,4.08,Kharif,30.648688524590163,36.215,25.55565573770492,443.06,2607.17,60.68508196721312,2.725245901639344,0.32815567435325593,1.128951356435442,1.1232815301852959,0.4793783622235505,2.4273759713090257,0.3479862221184003
Rajasthan,2016,248342,984304,4.56,Kharif,30.648688524590163,36.215,25.55565573770492,443.06,2607.17,60.68508196721312,2.725245901639344,0.32815567435325593,1.128951356435442,1.1232815301852959,0.4793783622235505,2.4273759713090257,0.3479862221184003
Rajasthan,2016,248342,984304,2.08,Kharif,30.648688524590163,36.215,25.55565573770492,443.06,2607.17,60.68508196721312,2.725245901639344,0.32815567435325593,1.128951356435442,1.1232815301852959,0.4793783622235505,2.4273759713090257,0.3479862221184003
Rajasthan,2016,248342,984304,3.96,Kharif,30.648688524590163,36.215,25.55565573770492,443.06,2607.17,60.68508196721312,2.725245901639344,0.32815567435325593,1.128951356435442,1.1232815301852959,0.4793783622235505,2.4273759713090257,0.3479862221184003
Rajasthan,2016,248342,984304,3.62,Kharif,30.648688524590163,36.215,25.55565573770492,443.06,2607.17,60.68508196721312,2.725245901639344,0.32815567435325593,1.128951356435442,1.1232815301852959,0.4793783622235505,2.4273759713090257,0.3479862221184003
Rajasthan,2016,248342,984304,1.38,Kharif,30.648688524590163,36.215,25.55565573770492,443.06,2607.17,60.68508196721312,2.725245901639344,0.32815567435325593,1.128951356435442,1.1232815301852959,0.4793783622235505,2.4273759713090257,0.3479862221184003
Rajasthan,2016,248342,984304,1.95,Kharif,30.648688524590163,36.215,25.55565573770492,443.06,2607.17,60.68508196721312,2.725245901639344,0.32815567435325593,1.128951356435442,1.1232815301852959,0.4793783622235505,2.4273759713090257,0.3479862221184003
Rajasthan,2016,248342,984304,3.83,Kharif,30.648688524590163,36.215,25.55565573770492,443.06,2607.17,60.68508196721312,2.725245901639344,0.32815567435325593,1.128951356435442,1.1232815301852959,0.4793783622235505,2.4273759713090257,0.3479862221184003
Rajasthan,2016,248342,984304,4.04,Kharif,30.648688524590163,36.215,25.55565573770492,443.06,2607.17,60.68508196721312,2.725245901639344,0.32815567435325593,1.128951356435442,1.1232815301852959,0.4793783622235505,2.4273759713090257,0.3479862221184003
Rajasthan,2016,248342,984304,1.97,Kharif,30.648688524590163,36.215,25.55565573770492,443.06,2607.17,60.68508196721312,2.725245901639344,0.32815567435325593,1.128951356435442,1.1232815301852959,0.4793783622235505,2.4273759713090257,0.3479862221184003
Rajasthan,2016,248342,984304,3.34,Rabi,22.5587323943662,31.25474178403756,15.33718309859155,60.48,3821.31,30.285070422535213,1.852769953051643,0.27592984893702693,1.128951356435442,1.1232815301852959,0.4793783622235505,2.4273759713090257,0.3479862221184003
Rajasthan,2016,248342,984304,4.37,Rabi,22.5587323943662,31.25474178403756,15.33718309859155,60.48,3821.31,30.285070422535213,1.852769953051643,0.27592984893702693,1.128951356435442,1.1232815301852959,0.4793783622235505,2.4273759713090257,0.3479862221184003
Rajasthan,2016,248342,984304,2.04,Rabi,22.5587323943662,31.25474178403756,15.33718309859155,60.48,3821.31,30.285070422535213,1.852769953051643,0.27592984893702693,1.128951356435442,1.1232815301852959,0.4793783622235505,2.4273759713090257,0.3479862221184003
Rajasthan,2016,248342,984304,4.53,Rabi,22.5587323943662,31.25474178403756,15.33718309859155,60.48,3821.31,30.285070422535213,1.852769953051643,0.27592984893702693,1.128951356435442,1.1232815301852959,0.4793783622235505,2.4273759713090257,0.3479862221184003
Rajasthan,2016,248342,984304,1.23,Rabi,22.5587323943662,31.25474178403756,15.33718309859155,60.48,3821.31,30.285070422535213,1.852769953051643,0.27592984893702693,1.128951356435442,1.1232815301852959,0.4793783622235505,2.4273759713090257,0.3479862221184003
Rajasthan,2016,248342,984304,4.45,Rabi,22.5587323943662,31.25474178403756,15.33718309859155,60.48,3821.31,30.285070422535213,1.852769953051643,0.27592984893702693,1.128951356435442,1.1232815301852959,0.4793783622235505,2.4273759713090257,0.3479862221184003
Rajasthan,2016,248342,984304,3.6,Rabi,22.5587323943662,31.25474178403756,15.33718309859155,60.48,3821.31,30.285070422535213,1.852769953051643,0.27592984893702693,1.128951356435442,1.1232815301852959,0.4793783622235505,2.4273759713090257,0.3479862221184003
Rajasthan,2016,248342,984304,2.5,Rabi,22.5587323943662,31.25474178403756,15.33718309859155,60.48,3821.31,30.285070422535213,1.852769953051643,0.27592984893702693,1.128951356435442,1.1232815301852959,0.4793783622235505,2.4273759713090257,0.3479862221184003
Rajasthan,2016,248342,984304,4.35,Rabi,22.5587323943662,31.25474178403756,15.33718309859155,60.48,3821.31,30.285070422535213,1.852769953051643,0.27592984893702693,1.128951356435442,1.1232815301852959,0.4793783622235505,2.4273759713090257,0.3479862221184003
Rajasthan,2016,248342,984304,4.03,Rabi,22.5587323943662,31.25474178403756,15.33718309859155,60.48,3821.31,30.285070422535213,1.852769953051643,0.27592984893702693,1.128951356435442,1.1232815301852959,0.4793783622235505,2.4273759713090257,0.3479862221184003
Rajasthan,2016,248342,984304,4.08,Rabi,22.5587323943662,31.25474178403756,15.33718309859155,60.48,3821.31,30.285070422535213,1.852769953051643,0.27592984893702693,1.128951356435442,1.1232815301852959,0.4793783622235505,2.4273759713090257,0.3479862221184003
Rajasthan,2016,248342,984304,4.56,Rabi,22.5587323943662,31.25474178403756,15.33718309859155,60.48,3821.31,30.285070422535213,1.852769953051643,0.27592984893702693,1.128951356435442,1.1232815301852959,0.4793783622235505,2.4273759713090257,0.3479862221184003
Rajasthan,2016,248342,984304,2.08,Rabi,22.5587323943662,31.25474178403756,15.33718309859155,60.48,3821.31,30.285070422535213,1.852769953051643,0.27592984893702693,1.128951356435442,1.1232815301852959,0.4793783622235505,2.4273759713090257,0.3479862221184003
Rajasthan,2016,248342,984304,3.96,Rabi,22.5587323943662,31.25474178403756,15.33718309859155,60.48,3821.31,30.285070422535213,1.852769953051643,0.27592984893702693,1.128951356435442,1.1232815301852959,0.4793783622235505,2.4273759713090257,0.3479862221184003
Rajasthan,2016,248342,984304,3.62,Rabi,22.5587323943662,31.25474178403756,15.33718309859155,60.48,3821.31,30.285070422535213,1.852769953051643,0.27592984893702693,1.128951356435442,1.1232815301852959,0.4793783622235505,2.4273759713090257,0.3479862221184003
Rajasthan,2016,248342,984304,1.38,Rabi,22.5587323943662,31.25474178403756,15.33718309859155,60.48,3821.31,30.285070422535213,1.852769953051643,0.27592984893702693,1.128951356435442,1.1232815301852959,0.4793783622235505,2.4273759713090257,0.3479862221184003
Rajasthan,2016,248342,984304,1.95,Rabi,22.5587323943662,31.25474178403756,15.33718309859155,60.48,3821.31,30.285070422535213,1.852769953051643,0.27592984893702693,1.128951356435442,1.1232815301852959,0.4793783622235505,2.4273759713090257,0.3479862221184003
Rajasthan,2016,248342,984304,3.83,Rabi,22.5587323943662,31.25474178403756,15.33718309859155,60.48,3821.31,30.285070422535213,1.852769953051643,0.27592984893702693,1.128951356435442,1.1232815301852959,0.4793783622235505,2.4273759713090257,0.3479862221184003
Rajasthan,2016,248342,984304,4.04,Rabi,22.5587323943662,31.25474178403756,15.33718309859155,60.48,3821.31,30.285070422535213,1.852769953051643,0.27592984893702693,1.128951356435442,1.1232815301852959,0.4793783622235505,2.4273759713090257,0.3479862221184003
Rajasthan,2016,248342,984304,1.97,Rabi,22.5587323943662,31.25474178403756,15.33718309859155,60.48,3821.31,30.285070422535213,1.852769953051643,0.27592984893702693,1.128951356435442,1.1232815301852959,0.4793783622235505,2.4273759713090257,0.3479862221184003
Rajasthan,2017,262110,1079259,3.17,Kharif,30.636639344262296,36.20172131147541,25.52172131147541,355.75,2527.31,59.8077868852459,2.683606557377049,0.34312116817704946,1.128951356435442,1.1232815301852959,0.4793783622235505,2.4273759713090257,0.3479862221184003
Rajasthan,2017,262110,1079259,4.29,Kharif,30.636639344262296,36.20172131147541,25.52172131147541,355.75,2527.31,59.8077868852459,2.683606557377049,0.34312116817704946,1.128951356435442,1.1232815301852959,0.4793783622235505,2.4273759713090257,0.3479862221184003
Rajasthan,2017,262110,1079259,2.36,Kharif,30.636639344262296,36.20172131147541,25.52172131147541,355.75,2527.31,59.8077868852459,2.683606557377049,0.34312116817704946,1.128951356435442,1.1232815301852959,0.4793783622235505,2.4273759713090257,0.3479862221184003
Rajasthan,2017,262110,1079259,4.62,Kharif,30.636639344262296,36.20172131147541,25.52172131147541,355.75,2527.31,59.8077868852459,2.683606557377049,0.34312116817704946,1.128951356435442,1.1232815301852959,0.4793783622235505,2.4273759713090257,0.3479862221184003
Rajasthan,2017,262110,1079259,1.51,Kharif,30.636639344262296,36.20172131147541,25.52172131147541,355.75,2527.31,59.8077868852459,2.683606557377049,0.34312116817704946,1.128951356435442,1.1232815301852959,0.4793783622235505,2.4273759713090257,0.3479862221184003
Rajasthan,2017,262110,1079259,4.23,Kharif,30.636639344262296,36.20172131147541,25.52172131147541,355.75,2527.31,59.8077868852459,2.683606557377049,0.34312116817704946,1.128951356435442,1.1232815301852959,0.4793783622235505,2.4273759713090257,0.3479862221184003
Rajasthan,2017,262110,1079259,3.32,Kharif,30.636639344262296,36.20172131147541,25.52172131147541,355.75,2527.31,59.8077868852459,2.683606557377049,0.34312116817704946,1.128951356435442,1.1232815301852959,0.4793783622235505,2.4273759713090257,0.3479862221184003
Rajasthan,2017,262110,1079259,2.51,Kharif,30.636639344262296,36.20172131147541,25.52172131147541,355.75,2527.31,59.8077868852459,2.683606557377049,0.34312116817704946,1.128951356435442,1.1232815301852959,0.4793783622235505,2.4273759713090257,0.3479862221184003
Rajasthan,2017,262110,1079259,4.13,Kharif,30.636639344262296,36.20172131147541,25.52172131147541,355.75,2527.31,59.8077868852459,2.683606557377049,0.34312116817704946,1.128951356435442,1.1232815301852959,0.4793783622235505,2.4273759713090257,0.3479862221184003
Rajasthan,2017,262110,1079259,4.08,Kharif,30.636639344262296,36.20172131147541,25.52172131147541,355.75,2527.31,59.8077868852459,2.683606557377049,0.34312116817704946,1.128951356435442,1.1232815301852959,0.4793783622235505,2.4273759713090257,0.3479862221184003
Rajasthan,2017,262110,1079259,2.19,Kharif,30.636639344262296,36.20172131147541,25.52172131147541,355.75,2527.31,59.8077868852459,2.683606557377049,0.34312116817704946,1.128951356435442,1.1232815301852959,0.4793783622235505,2.4273759713090257,0.3479862221184003
Rajasthan,2017,262110,1079259,4.31,Kharif,30.636639344262296,36.20172131147541,25.52172131147541,355.75,2527.31,59.8077868852459,2.683606557377049,0.34312116817704946,1.128951356435442,1.1232815301852959,0.4793783622235505,2.4273759713090257,0.3479862221184003
Rajasthan,2017,262110,1079259,2.32,Kharif,30.636639344262296,36.20172131147541,25.52172131147541,355.75,2527.31,59.8077868852459,2.683606557377049,0.34312116817704946,1.128951356435442,1.1232815301852959,0.4793783622235505,2.4273759713090257,0.3479862221184003
Rajasthan,2017,262110,1079259,4.04,Kharif,30.636639344262296,36.20172131147541,25.52172131147541,355.75,2527.31,59.8077868852459,2.683606557377049,0.34312116817704946,1.128951356435442,1.1232815301852959,0.4793783622235505,2.4273759713090257,0.3479862221184003
Rajasthan,2017,262110,1079259,4.41,Kharif,30.636639344262296,36.20172131147541,25.52172131147541,355.75,2527.31,59.8077868852459,2.683606557377049,0.34312116817704946,1.128951356435442,1.1232815301852959,0.4793783622235505,2.4273759713090257,0.3479862221184003
Rajasthan,2017,262110,1079259,3.64,Kharif,30.636639344262296,36.20172131147541,25.52172131147541,355.75,2527.31,59.8077868852459,2.683606557377049,0.34312116817704946,1.128951356435442,1.1232815301852959,0.4793783622235505,2.4273759713090257,0.3479862221184003
Rajasthan,2017,262110,1079259,1.79,Kharif,30.636639344262296,36.20172131147541,25.52172131147541,355.75,2527.31,59.8077868852459,2.683606557377049,0.34312116817704946,1.128951356435442,1.1232815301852959,0.4793783622235505,2.4273759713090257,0.3479862221184003
Rajasthan,2017,262110,1079259,2.15,Kharif,30.636639344262296,36.20172131147541,25.52172131147541,355.75,2527.31,59.8077868852459,2.683606557377049,0.34312116817704946,1.128951356435442,1.1232815301852959,0.4793783622235505,2.4273759713090257,0.3479862221184003
Rajasthan,2017,262110,1079259,3.96,Kharif,30.636639344262296,36.20172131147541,25.52172131147541,355.75,2527.31,59.8077868852459,2.683606557377049,0.34312116817704946,1.128951356435442,1.1232815301852959,0.4793783622235505,2.4273759713090257,0.3479862221184003
Rajasthan,2017,262110,1079259,3.17,Rabi,21.933537735849058,30.82117924528302,14.653490566037735,33.57,3787.11,28.245943396226416,1.983066037735849,0.2746551864619077,1.128951356435442,1.1232815301852959,0.4793783622235505,2.4273759713090257,0.3479862221184003
Rajasthan,2017,262110,1079259,4.29,Rabi,21.933537735849058,30.82117924528302,14.653490566037735,33.57,3787.11,28.245943396226416,1.983066037735849,0.2746551864619077,1.128951356435442,1.1232815301852959,0.4793783622235505,2.4273759713090257,0.3479862221184003
Rajasthan,2017,262110,1079259,2.36,Rabi,21.933537735849058,30.82117924528302,14.653490566037735,33.57,3787.11,28.245943396226416,1.983066037735849,0.2746551864619077,1.128951356435442,1.1232815301852959,0.4793783622235505,2.4273759713090257,0.3479862221184003
Rajasthan,2017,262110,1079259,4.62,Rabi,21.933537735849058,30.82117924528302,14.653490566037735,33.57,3787.11,28.245943396226416,1.983066037735849,0.2746551864619077,1.128951356435442,1.1232815301852959,0.4793783622235505,2.4273759713090257,0.3479862221184003
Rajasthan,2017,262110,1079259,1.51,Rabi,21.933537735849058,30.82117924528302,14.653490566037735,33.57,3787.11,28.245943396226416,1.983066037735849,0.2746551864619077,1.128951356435442,1.1232815301852959,0.4793783622235505,2.4273759713090257,0.3479862221184003
Rajasthan,2017,262110,1079259,4.23,Rabi,21.933537735849058,30.82117924528302,14.653490566037735,33.57,3787.11,28.245943396226416,1.983066037735849,0.2746551864619077,1.128951356435442,1.1232815301852959,0.4793783622235505,2.4273759713090257,0.3479862221184003
Rajasthan,2017,262110,1079259,3.32,Rabi,21.933537735849058,30.82117924528302,14.653490566037735,33.57,3787.11,28.245943396226416,1.983066037735849,0.2746551864619077,1.128951356435442,1.1232815301852959,0.4793783622235505,2.4273759713090257,0.3479862221184003
Rajasthan,2017,262110,1079259,2.51,Rabi,21.933537735849058,30.82117924528302,14.653490566037735,33.57,3787.11,28.245943396226416,1.983066037735849,0.2746551864619077,1.128951356435442,1.1232815301852959,0.4793783622235505,2.4273759713090257,0.3479862221184003
Rajasthan,2017,262110,1079259,4.13,Rabi,21.933537735849058,30.82117924528302,14.653490566037735,33.57,3787.11,28.245943396226416,1.983066037735849,0.2746551864619077,1.128951356435442,1.1232815301852959,0.4793783622235505,2.4273759713090257,0.3479862221184003
Rajasthan,2017,262110,1079259,4.08,Rabi,21.933537735849058,30.82117924528302,14.653490566037735,33.57,3787.11,28.245943396226416,1.983066037735849,0.2746551864619077,1.128951356435442,1.1232815301852959,0.4793783622235505,2.4273759713090257,0.3479862221184003
Rajasthan,2017,262110,1079259,2.19,Rabi,21.933537735849058,30.82117924528302,14.653490566037735,33.57,3787.11,28.245943396226416,1.983066037735849,0.2746551864619077,1.128951356435442,1.1232815301852959,0.4793783622235505,2.4273759713090257,0.3479862221184003
Rajasthan,2017,262110,1079259,4.31,Rabi,21.933537735849058,30.82117924528302,14.653490566037735,33.57,3787.11,28.245943396226416,1.983066037735849,0.2746551864619077,1.128951356435442,1.1232815301852959,0.4793783622235505,2.4273759713090257,0.3479862221184003
Rajasthan,2017,262110,1079259,2.32,Rabi,21.933537735849058,30.82117924528302,14.653490566037735,33.57,3787.11,28.245943396226416,1.983066037735849,0.2746551864619077,1.128951356435442,1.1232815301852959,0.4793783622235505,2.4273759713090257,0.3479862221184003
Rajasthan,2017,262110,1079259,4.04,Rabi,21.933537735849058,30.82117924528302,14.653490566037735,33.57,3787.11,28.245943396226416,1.983066037735849,0.2746551864619077,1.128951356435442,1.1232815301852959,0.4793783622235505,2.4273759713090257,0.3479862221184003
Rajasthan,2017,262110,1079259,4.41,Rabi,21.933537735849058,30.82117924528302,14.653490566037735,33.57,3787.11,28.245943396226416,1.983066037735849,0.2746551864619077,1.128951356435442,1.1232815301852959,0.4793783622235505,2.4273759713090257,0.3479862221184003
Rajasthan,2017,262110,1079259,3.64,Rabi,21.933537735849058,30.82117924528302,14.653490566037735,33.57,3787.11,28.245943396226416,1.983066037735849,0.2746551864619077,1.128951356435442,1.1232815301852959,0.4793783622235505,2.4273759713090257,0.3479862221184003
Rajasthan,2017,262110,1079259,1.79,Rabi,21.933537735849058,30.82117924528302,14.653490566037735,33.57,3787.11,28.245943396226416,1.983066037735849,0.2746551864619077,1.128951356435442,1.1232815301852959,0.4793783622235505,2.4273759713090257,0.3479862221184003
Rajasthan,2017,262110,1079259,2.15,Rabi,21.933537735849058,30.82117924528302,14.653490566037735,33.57,3787.11,28.245943396226416,1.983066037735849,0.2746551864619077,1.128951356435442,1.1232815301852959,0.4793783622235505,2.4273759713090257,0.3479862221184003
Rajasthan,2017,262110,1079259,3.96,Rabi,21.933537735849058,30.82117924528302,14.653490566037735,33.57,3787.11,28.245943396226416,1.983066037735849,0.2746551864619077,1.128951356435442,1.1232815301852959,0.4793783622235505,2.4273759713090257,0.3479862221184003
Rajasthan,2018,261633,1195063,3.47,Kharif,30.56565573770492,36.03139344262295,25.53475409836065,382.33,2381.91,58.24581967213115,2.982049180327869,0.31469683586117997,1.128951356435442,1.1232815301852959,0.4793783622235505,2.4273759713090257,0.3479862221184003
Rajasthan,2018,261633,1195063,4.59,Kharif,30.56565573770492,36.03139344262295,25.53475409836065,382.33,2381.91,58.24581967213115,2.982049180327869,0.31469683586117997,1.128951356435442,1.1232815301852959,0.4793783622235505,2.4273759713090257,0.3479862221184003
Rajasthan,2018,261633,1195063,2.56,Kharif,30.56565573770492,36.03139344262295,25.53475409836065,382.33,2381.91,58.24581967213115,2.982049180327869,0.31469683586117997,1.128951356435442,1.1232815301852959,0.4793783622235505,2.4273759713090257,0.3479862221184003
Rajasthan,2018,261633,1195063,4.97,Kharif,30.56565573770492,36.03139344262295,25.53475409836065,382.33,2381.91,58.24581967213115,2.982049180327869,0.31469683586117997,1.128951356435442,1.1232815301852959,0.4793783622235505,2.4273759713090257,0.3479862221184003
Rajasthan,2018,261633,1195063,1.73,Kharif,30.56565573770492,36.03139344262295,25.53475409836065,382.33,2381.91,58.24581967213115,2.982049180327869,0.31469683586117997,1.128951356435442,1.1232815301852959,0.4793783622235505,2.4273759713090257,0.3479862221184003
Rajasthan,2018,261633,1195063,4.73,Kharif,30.56565573770492,36.03139344262295,25.53475409836065,382.33,2381.91,58.24581967213115,2.982049180327869,0.31469683586117997,1.128951356435442,1.1232815301852959,0.4793783622235505,2.4273759713090257,0.3479862221184003
Rajasthan,2018,261633,1195063,3.73,Kharif,30.56565573770492,36.03139344262295,25.53475409836065,382.33,2381.91,58.24581967213115,2.982049180327869,0.31469683586117997,1.128951356435442,1.1232815301852959,0.4793783622235505,2.4273759713090257,0.3479862221184003
Rajasthan,2018,261633,1195063,2.73,Kharif,30.56565573770492,36.03139344262295,25.53475409836065,382.33,2381.91,58.24581967213115,2.982049180327869,0.31469683586117997,1.128951356435442,1.1232815301852959,0.4793783622235505,2.4273759713090257,0.3479862221184003
Rajasthan,2018,261633,1195063,4.46,Kharif,30.56565573770492,36.03139344262295,25.53475409836065,382.33,2381.91,58.24581967213115,2.982049180327869,0.31469683586117997,1.128951356435442,1.1232815301852959,0.4793783622235505,2.4273759713090257,0.3479862221184003
Rajasthan,2018,261633,1195063,4.37,Kharif,30.56565573770492,36.03139344262295,25.53475409836065,382.33,2381.91,58.24581967213115,2.982049180327869,0.31469683586117997,1.128951356435442,1.1232815301852959,0.4793783622235505,2.4273759713090257,0.3479862221184003
Rajasthan,2018,261633,1195063,2.32,Kharif,30.56565573770492,36.03139344262295,25.53475409836065,382.33,2381.91,58.24581967213115,2.982049180327869,0.31469683586117997,1.128951356435442,1.1232815301852959,0.4793783622235505,2.4273759713090257,0.3479862221184003
Rajasthan,2018,261633,1195063,4.33,Kharif,30.56565573770492,36.03139344262295,25.53475409836065,382.33,2381.91,58.24581967213115,2.982049180327869,0.31469683586117997,1.128951356435442,1.1232815301852959,0.4793783622235505,2.4273759713090257,0.3479862221184003
Rajasthan,2018,261633,1195063,4.44,Kharif,30.56565573770492,36.03139344262295,25.53475409836065,382.33,2381.91,58.24581967213115,2.982049180327869,0.31469683586117997,1.128951356435442,1.1232815301852959,0.4793783622235505,2.4273759713090257,0.3479862221184003
Rajasthan,2018,261633,1195063,2.14,Kharif,30.56565573770492,36.03139344262295,25.53475409836065,382.33,2381.91,58.24581967213115,2.982049180327869,0.31469683586117997,1.128951356435442,1.1232815301852959,0.4793783622235505,2.4273759713090257,0.3479862221184003
Rajasthan,2018,261633,1195063,4.18,Kharif,30.56565573770492,36.03139344262295,25.53475409836065,382.33,2381.91,58.24581967213115,2.982049180327869,0.31469683586117997,1.128951356435442,1.1232815301852959,0.4793783622235505,2.4273759713090257,0.3479862221184003
Rajasthan,2018,261633,1195063,4.88,Kharif,30.56565573770492,36.03139344262295,25.53475409836065,382.33,2381.91,58.24581967213115,2.982049180327869,0.31469683586117997,1.128951356435442,1.1232815301852959,0.4793783622235505,2.4273759713090257,0.3479862221184003
Rajasthan,2018,261633,1195063,3.8,Kharif,30.56565573770492,36.03139344262295,25.53475409836065,382.33,2381.91,58.24581967213115,2.982049180327869,0.31469683586117997,1.128951356435442,1.1232815301852959,0.4793783622235505,2.4273759713090257,0.3479862221184003
Rajasthan,2018,261633,1195063,1.8,Kharif,30.56565573770492,36.03139344262295,25.53475409836065,382.33,2381.91,58.24581967213115,2.982049180327869,0.31469683586117997,1.128951356435442,1.1232815301852959,0.4793783622235505,2.4273759713090257,0.3479862221184003
Rajasthan,2018,261633,1195063,2.38,Kharif,30.56565573770492,36.03139344262295,25.53475409836065,382.33,2381.91,58.24581967213115,2.982049180327869,0.31469683586117997,1.128951356435442,1.1232815301852959,0.4793783622235505,2.4273759713090257,0.3479862221184003
Rajasthan,2018,261633,1195063,4.03,Kharif,30.56565573770492,36.03139344262295,25.53475409836065,382.33,2381.91,58.24581967213115,2.982049180327869,0.31469683586117997,1.128951356435442,1.1232815301852959,0.4793783622235505,2.4273759713090257,0.3479862221184003
Rajasthan,2018,261633,1195063,4.17,Kharif,30.56565573770492,36.03139344262295,25.53475409836065,382.33,2381.91,58.24581967213115,2.982049180327869,0.31469683586117997,1.128951356435442,1.1232815301852959,0.4793783622235505,2.4273759713090257,0.3479862221184003
Rajasthan,2018,261633,1195063,2.28,Kharif,30.56565573770492,36.03139344262295,25.53475409836065,382.33,2381.91,58.24581967213115,2.982049180327869,0.31469683586117997,1.128951356435442,1.1232815301852959,0.4793783622235505,2.4273759713090257,0.3479862221184003
Rajasthan,2018,261633,1195063,3.47,Rabi,22.300330188679247,31.219575471698118,14.9086320754717,10.14,3821.53,26.218443396226416,1.8541037735849053,0.27176682809581304,1.128951356435442,1.1232815301852959,0.4793783622235505,2.4273759713090257,0.3479862221184003
Rajasthan,2018,261633,1195063,4.59,Rabi,22.300330188679247,31.219575471698118,14.9086320754717,10.14,3821.53,26.218443396226416,1.8541037735849053,0.27176682809581304,1.128951356435442,1.1232815301852959,0.4793783622235505,2.4273759713090257,0.3479862221184003
Rajasthan,2018,261633,1195063,2.56,Rabi,22.300330188679247,31.219575471698118,14.9086320754717,10.14,3821.53,26.218443396226416,1.8541037735849053,0.27176682809581304,1.128951356435442,1.1232815301852959,0.4793783622235505,2.4273759713090257,0.3479862221184003
Rajasthan,2018,261633,1195063,4.97,Rabi,22.300330188679247,31.219575471698118,14.9086320754717,10.14,3821.53,26.218443396226416,1.8541037735849053,0.27176682809581304,1.128951356435442,1.1232815301852959,0.4793783622235505,2.4273759713090257,0.3479862221184003
Rajasthan,2018,261633,1195063,1.73,Rabi,22.300330188679247,31.219575471698118,14.9086320754717,10.14,3821.53,26.218443396226416,1.8541037735849053,0.27176682809581304,1.128951356435442,1.1232815301852959,0.4793783622235505,2.4273759713090257,0.3479862221184003
Rajasthan,2018,261633,1195063,4.73,Rabi,22.300330188679247,31.219575471698118,14.9086320754717,10.14,3821.53,26.218443396226416,1.8541037735849053,0.27176682809581304,1.128951356435442,1.1232815301852959,0.4793783622235505,2.4273759713090257,0.3479862221184003
Rajasthan,2018,261633,1195063,3.73,Rabi,22.300330188679247,31.219575471698118,14.9086320754717,10.14,3821.53,26.218443396226416,1.8541037735849053,0.27176682809581304,1.128951356435442,1.1232815301852959,0.4793783622235505,2.4273759713090257,0.3479862221184003
Rajasthan,2018,261633,1195063,2.73,Rabi,22.300330188679247,31.219575471698118,14.9086320754717,10.14,3821.53,26.218443396226416,1.8541037735849053,0.27176682809581304,1.128951356435442,1.1232815301852959,0.4793783622235505,2.4273759713090257,0.3479862221184003
Rajasthan,2018,261633,1195063,4.46,Rabi,22.300330188679247,31.219575471698118,14.9086320754717,10.14,3821.53,26.218443396226416,1.8541037735849053,0.27176682809581304,1.128951356435442,1.1232815301852959,0.4793783622235505,2.4273759713090257,0.3479862221184003
Rajasthan,2018,261633,1195063,4.37,Rabi,22.300330188679247,31.219575471698118,14.9086320754717,10.14,3821.53,26.218443396226416,1.8541037735849053,0.27176682809581304,1.128951356435442,1.1232815301852959,0.4793783622235505,2.4273759713090257,0.3479862221184003
Rajasthan,2018,261633,1195063,2.32,Rabi,22.300330188679247,31.219575471698118,14.9086320754717,10.14,3821.53,26.218443396226416,1.8541037735849053,0.27176682809581304,1.128951356435442,1.1232815301852959,0.4793783622235505,2.4273759713090257,0.3479862221184003
Rajasthan,2018,261633,1195063,4.33,Rabi,22.300330188679247,31.219575471698118,14.9086320754717,10.14,3821.53,26.218443396226416,1.8541037735849053,0.27176682809581304,1.128951356435442,1.1232815301852959,0.4793783622235505,2.4273759713090257,0.3479862221184003
Rajasthan,2018,261633,1195063,4.44,Rabi,22.300330188679247,31.219575471698118,14.9086320754717,10.14,3821.53,26.218443396226416,1.8541037735849053,0.27176682809581304,1.128951356435442,1.1232815301852959,0.4793783622235505,2.4273759713090257,0.3479862221184003
Rajasthan,2018,261633,1195063,2.14,Rabi,22.300330188679247,31.219575471698118,14.9086320754717,10.14,3821.53,26.218443396226416,1.8541037735849053,0.27176682809581304,1.128951356435442,1.1232815301852959,0.4793783622235505,2.4273759713090257,0.3479862221184003
Rajasthan,2018,261633,1195063,4.18,Rabi,22.300330188679247,31.219575471698118,14.9086320754717,10.14,3821.53,26.218443396226416,1.8541037735849053,0.27176682809581304,1.128951356435442,1.1232815301852959,0.4793783622235505,2.4273759713090257,0.3479862221184003
Rajasthan,2018,261633,1195063,4.88,Rabi,22.300330188679247,31.219575471698118,14.9086320754717,10.14,3821.53,26.218443396226416,1.8541037735849053,0.27176682809581304,1.128951356435442,1.1232815301852959,0.4793783622235505,2.4273759713090257,0.3479862221184003
Rajasthan,2018,261633,1195063,3.8,Rabi,22.300330188679247,31.219575471698118,14.9086320754717,10.14,3821.53,26.218443396226416,1.8541037735849053,0.27176682809581304,1.128951356435442,1.1232815301852959,0.4793783622235505,2.4273759713090257,0.3479862221184003
Rajasthan,2018,261633,1195063,1.8,Rabi,22.300330188679247,31.219575471698118,14.9086320754717,10.14,3821.53,26.218443396226416,1.8541037735849053,0.27176682809581304,1.128951356435442,1.1232815301852959,0.4793783622235505,2.4273759713090257,0.3479862221184003
Rajasthan,2018,261633,1195063,2.38,Rabi,22.300330188679247,31.219575471698118,14.9086320754717,10.14,3821.53,26.218443396226416,1.8541037735849053,0.27176682809581304,1.128951356435442,1.1232815301852959,0.4793783622235505,2.4273759713090257,0.3479862221184003
Rajasthan,2018,261633,1195063,4.03,Rabi,22.300330188679247,31.219575471698118,14.9086320754717,10.14,3821.53,26.218443396226416,1.8541037735849053,0.27176682809581304,1.128951356435442,1.1232815301852959,0.4793783622235505,2.4273759713090257,0.3479862221184003
Rajasthan,2018,261633,1195063,4.17,Rabi,22.300330188679247,31.219575471698118,14.9086320754717,10.14,3821.53,26.218443396226416,1.8541037735849053,0.27176682809581304,1.128951356435442,1.1232815301852959,0.4793783622235505,2.4273759713090257,0.3479862221184003
Rajasthan,2018,261633,1195063,2.28,Rabi,22.300330188679247,31.219575471698118,14.9086320754717,10.14,3821.53,26.218443396226416,1.8541037735849053,0.27176682809581304,1.128951356435442,1.1232815301852959,0.4793783622235505,2.4273759713090257,0.3479862221184003
Rajasthan,2019,285384,1329576,3.58,Kharif,31.18450819672131,36.08467213114754,26.5494262295082,583.13,2515.26,62.11344262295082,2.567131147540984,0.3436866866704409,1.128951356435442,1.1232815301852959,0.4793783622235505,2.4273759713090257,0.3479862221184003
Rajasthan,2019,285384,1329576,4.38,Kharif,31.18450819672131,36.08467213114754,26.5494262295082,583.13,2515.26,62.11344262295082,2.567131147540984,0.3436866866704409,1.128951356435442,1.1232815301852959,0.4793783622235505,2.4273759713090257,0.3479862221184003
Rajasthan,2019,285384,1329576,2.65,Kharif,31.18450819672131,36.08467213114754,26.5494262295082,583.13,2515.26,62.11344262295082,2.567131147540984,0.3436866866704409,1.128951356435442,1.1232815301852959,0.4793783622235505,2.4273759713090257,0.3479862221184003
Rajasthan,2019,285384,1329576,4.86,Kharif,31.18450819672131,36.08467213114754,26.5494262295082,583.13,2515.26,62.11344262295082,2.567131147540984,0.3436866866704409,1.128951356435442,1.1232815301852959,0.4793783622235505,2.4273759713090257,0.3479862221184003
Rajasthan,2019,285384,1329576,1.8,Kharif,31.18450819672131,36.08467213114754,26.5494262295082,583.13,2515.26,62.11344262295082,2.567131147540984,0.3436866866704409,1.128951356435442,1.1232815301852959,0.4793783622235505,2.4273759713090257,0.3479862221184003
Rajasthan,2019,285384,1329576,4.28,Kharif,31.18450819672131,36.08467213114754,26.5494262295082,583.13,2515.26,62.11344262295082,2.567131147540984,0.3436866866704409,1.128951356435442,1.1232815301852959,0.4793783622235505,2.4273759713090257,0.3479862221184003
Rajasthan,2019,285384,1329576,4.09,Kharif,31.18450819672131,36.08467213114754,26.5494262295082,583.13,2515.26,62.11344262295082,2.567131147540984,0.3436866866704409,1.128951356435442,1.1232815301852959,0.4793783622235505,2.4273759713090257,0.3479862221184003
Rajasthan,2019,285384,1329576,2.85,Kharif,31.18450819672131,36.08467213114754,26.5494262295082,583.13,2515.26,62.11344262295082,2.567131147540984,0.3436866866704409,1.128951356435442,1.1232815301852959,0.4793783622235505,2.4273759713090257,0.3479862221184003
Rajasthan,2019,285384,1329576,4.72,Kharif,31.18450819672131,36.08467213114754,26.5494262295082,583.13,2515.26,62.11344262295082,2.567131147540984,0.3436866866704409,1.128951356435442,1.1232815301852959,0.4793783622235505,2.4273759713090257,0.3479862221184003
Rajasthan,2019,285384,1329576,4.68,Kharif,31.18450819672131,36.08467213114754,26.5494262295082,583.13,2515.26,62.11344262295082,2.567131147540984,0.3436866866704409,1.128951356435442,1.1232815301852959,0.4793783622235505,2.4273759713090257,0.3479862221184003
Rajasthan,2019,285384,1329576,2.19,Kharif,31.18450819672131,36.08467213114754,26.5494262295082,583.13,2515.26,62.11344262295082,2.567131147540984,0.3436866866704409,1.128951356435442,1.1232815301852959,0.4793783622235505,2.4273759713090257,0.3479862221184003
Rajasthan,2019,285384,1329576,3.94,Kharif,31.18450819672131,36.08467213114754,26.5494262295082,583.13,2515.26,62.11344262295082,2.567131147540984,0.3436866866704409,1.128951356435442,1.1232815301852959,0.4793783622235505,2.4273759713090257,0.3479862221184003
Rajasthan,2019,285384,1329576,4.44,Kharif,31.18450819672131,36.08467213114754,26.5494262295082,583.13,2515.26,62.11344262295082,2.567131147540984,0.3436866866704409,1.128951356435442,1.1232815301852959,0.4793783622235505,2.4273759713090257,0.3479862221184003
Rajasthan,2019,285384,1329576,2.38,Kharif,31.18450819672131,36.08467213114754,26.5494262295082,583.13,2515.26,62.11344262295082,2.567131147540984,0.3436866866704409,1.128951356435442,1.1232815301852959,0.4793783622235505,2.4273759713090257,0.3479862221184003
Rajasthan,2019,285384,1329576,4.66,Kharif,31.18450819672131,36.08467213114754,26.5494262295082,583.13,2515.26,62.11344262295082,2.567131147540984,0.3436866866704409,1.128951356435442,1.1232815301852959,0.4793783622235505,2.4273759713090257,0.3479862221184003
Rajasthan,2019,285384,1329576,3.88,Kharif,31.18450819672131,36.08467213114754,26.5494262295082,583.13,2515.26,62.11344262295082,2.567131147540984,0.3436866866704409,1.128951356435442,1.1232815301852959,0.4793783622235505,2.4273759713090257,0.3479862221184003
Rajasthan,2019,285384,1329576,1.55,Kharif,31.18450819672131,36.08467213114754,26.5494262295082,583.13,2515.26,62.11344262295082,2.567131147540984,0.3436866866704409,1.128951356435442,1.1232815301852959,0.4793783622235505,2.4273759713090257,0.3479862221184003
Rajasthan,2019,285384,1329576,2.23,Kharif,31.18450819672131,36.08467213114754,26.5494262295082,583.13,2515.26,62.11344262295082,2.567131147540984,0.3436866866704409,1.128951356435442,1.1232815301852959,0.4793783622235505,2.4273759713090257,0.3479862221184003
Rajasthan,2019,285384,1329576,4.18,Kharif,31.18450819672131,36.08467213114754,26.5494262295082,583.13,2515.26,62.11344262295082,2.567131147540984,0.3436866866704409,1.128951356435442,1.1232815301852959,0.4793783622235505,2.4273759713090257,0.3479862221184003
Rajasthan,2019,285384,1329576,4.07,Kharif,31.18450819672131,36.08467213114754,26.5494262295082,583.13,2515.26,62.11344262295082,2.567131147540984,0.3436866866704409,1.128951356435442,1.1232815301852959,0.4793783622235505,2.4273759713090257,0.3479862221184003
Rajasthan,2019,285384,1329576,2.35,Kharif,31.18450819672131,36.08467213114754,26.5494262295082,583.13,2515.26,62.11344262295082,2.567131147540984,0.3436866866704409,1.128951356435442,1.1232815301852959,0.4793783622235505,2.4273759713090257,0.3479862221184003
Rajasthan,2019,285384,1329576,3.58,Rabi,20.800990566037736,28.614056603773587,14.19872641509434,53.21,3527.41,41.21966981132076,1.7766981132075472,0.2934911975693471,1.128951356435442,1.1232815301852959,0.4793783622235505,2.4273759713090257,0.3479862221184003
Rajasthan,2019,285384,1329576,4.38,Rabi,20.800990566037736,28.614056603773587,14.19872641509434,53.21,3527.41,41.21966981132076,1.7766981132075472,0.2934911975693471,1.128951356435442,1.1232815301852959,0.4793783622235505,2.4273759713090257,0.3479862221184003
Rajasthan,2019,285384,1329576,2.65,Rabi,20.800990566037736,28.614056603773587,14.19872641509434,53.21,3527.41,41.21966981132076,1.7766981132075472,0.2934911975693471,1.128951356435442,1.1232815301852959,0.4793783622235505,2.4273759713090257,0.3479862221184003
Rajasthan,2019,285384,1329576,4.86,Rabi,20.800990566037736,28.614056603773587,14.19872641509434,53.21,3527.41,41.21966981132076,1.7766981132075472,0.2934911975693471,1.128951356435442,1.1232815301852959,0.4793783622235505,2.4273759713090257,0.3479862221184003
Rajasthan,2019,285384,1329576,1.8,Rabi,20.800990566037736,28.614056603773587,14.19872641509434,53.21,3527.41,41.21966981132076,1.7766981132075472,0.2934911975693471,1.128951356435442,1.1232815301852959,0.4793783622235505,2.4273759713090257,0.3479862221184003
Rajasthan,2019,285384,1329576,4.28,Rabi,20.800990566037736,28.614056603773587,14.19872641509434,53.21,3527.41,41.21966981132076,1.7766981132075472,0.2934911975693471,1.128951356435442,1.1232815301852959,0.4793783622235505,2.4273759713090257,0.3479862221184003
Rajasthan,2019,285384,1329576,4.09,Rabi,20.800990566037736,28.614056603773587,14.19872641509434,53.21,3527.41,41.21966981132076,1.7766981132075472,0.2934911975693471,1.128951356435442,1.1232815301852959,0.4793783622235505,2.4273759713090257,0.3479862221184003
Rajasthan,2019,285384,1329576,2.85,Rabi,20.800990566037736,28.614056603773587,14.19872641509434,53.21,3527.41,41.21966981132076,1.7766981132075472,0.2934911975693471,1.128951356435442,1.1232815301852959,0.4793783622235505,2.4273759713090257,0.3479862221184003
Rajasthan,2019,285384,1329576,4.72,Rabi,20.800990566037736,28.614056603773587,14.19872641509434,53.21,3527.41,41.21966981132076,1.7766981132075472,0.2934911975693471,1.128951356435442,1.1232815301852959,0.4793783622235505,2.4273759713090257,0.3479862221184003
Rajasthan,2019,285384,1329576,4.68,Rabi,20.800990566037736,28.614056603773587,14.19872641509434,53.21,3527.41,41.21966981132076,1.7766981132075472,0.2934911975693471,1.128951356435442,1.1232815301852959,0.4793783622235505,2.4273759713090257,0.3479862221184003
Rajasthan,2019,285384,1329576,2.19,Rabi,20.800990566037736,28.614056603773587,14.19872641509434,53.21,3527.41,41.21966981132076,1.7766981132075472,0.2934911975693471,1.128951356435442,1.1232815301852959,0.4793783622235505,2.4273759713090257,0.3479862221184003
Rajasthan,2019,285384,1329576,3.94,Rabi,20.800990566037736,28.614056603773587,14.19872641509434,53.21,3527.41,41.21966981132076,1.7766981132075472,0.2934911975693471,1.128951356435442,1.1232815301852959,0.4793783622235505,2.4273759713090257,0.3479862221184003
Rajasthan,2019,285384,1329576,4.44,Rabi,20.800990566037736,28.614056603773587,14.19872641509434,53.21,3527.41,41.21966981132076,1.7766981132075472,0.2934911975693471,1.128951356435442,1.1232815301852959,0.4793783622235505,2.4273759713090257,0.3479862221184003
Rajasthan,2019,285384,1329576,2.38,Rabi,20.800990566037736,28.614056603773587,14.19872641509434,53.21,3527.41,41.21966981132076,1.7766981132075472,0.2934911975693471,1.128951356435442,1.1232815301852959,0.4793783622235505,2.4273759713090257,0.3479862221184003
Rajasthan,2019,285384,1329576,4.66,Rabi,20.800990566037736,28.614056603773587,14.19872641509434,53.21,3527.41,41.21966981132076,1.7766981132075472,0.2934911975693471,1.128951356435442,1.1232815301852959,0.4793783622235505,2.4273759713090257,0.3479862221184003
Rajasthan,2019,285384,1329576,3.88,Rabi,20.800990566037736,28.614056603773587,14.19872641509434,53.21,3527.41,41.21966981132076,1.7766981132075472,0.2934911975693471,1.128951356435442,1.1232815301852959,0.4793783622235505,2.4273759713090257,0.3479862221184003
Rajasthan,2019,285384,1329576,1.55,Rabi,20.800990566037736,28.614056603773587,14.19872641509434,53.21,3527.41,41.21966981132076,1.7766981132075472,0.2934911975693471,1.128951356435442,1.1232815301852959,0.4793783622235505,2.4273759713090257,0.3479862221184003
Rajasthan,2019,285384,1329576,2.23,Rabi,20.800990566037736,28.614056603773587,14.19872641509434,53.21,3527.41,41.21966981132076,1.7766981132075472,0.2934911975693471,1.128951356435442,1.1232815301852959,0.4793783622235505,2.4273759713090257,0.3479862221184003
Rajasthan,2019,285384,1329576,4.18,Rabi,20.800990566037736,28.614056603773587,14.19872641509434,53.21,3527.41,41.21966981132076,1.7766981132075472,0.2934911975693471,1.128951356435442,1.1232815301852959,0.4793783622235505,2.4273759713090257,0.3479862221184003
Rajasthan,2019,285384,1329576,4.07,Rabi,20.800990566037736,28.614056603773587,14.19872641509434,53.21,3527.41,41.21966981132076,1.7766981132075472,0.2934911975693471,1.128951356435442,1.1232815301852959,0.4793783622235505,2.4273759713090257,0.3479862221184003
Rajasthan,2019,285384,1329576,2.35,Rabi,20.800990566037736,28.614056603773587,14.19872641509434,53.21,3527.41,41.21966981132076,1.7766981132075472,0.2934911975693471,1.128951356435442,1.1232815301852959,0.4793783622235505,2.4273759713090257,0.3479862221184003
Rajasthan,2020,265812,1167584,3.5,Kharif,31.620327868852456,37.01180327868852,26.56204918032787,373.35,2544.84,59.50524590163935,2.503606557377049,0.34833878525527073,1.128951356435442,1.1232815301852959,0.4793783622235505,2.4273759713090257,0.3479862221184003
Rajasthan,2020,265812,1167584,4.85,Kharif,31.620327868852456,37.01180327868852,26.56204918032787,373.35,2544.84,59.50524590163935,2.503606557377049,0.34833878525527073,1.128951356435442,1.1232815301852959,0.4793783622235505,2.4273759713090257,0.3479862221184003
Rajasthan,2020,265812,1167584,2.66,Kharif,31.620327868852456,37.01180327868852,26.56204918032787,373.35,2544.84,59.50524590163935,2.503606557377049,0.34833878525527073,1.128951356435442,1.1232815301852959,0.4793783622235505,2.4273759713090257,0.3479862221184003
Rajasthan,2020,265812,1167584,4.48,Kharif,31.620327868852456,37.01180327868852,26.56204918032787,373.35,2544.84,59.50524590163935,2.503606557377049,0.34833878525527073,1.128951356435442,1.1232815301852959,0.4793783622235505,2.4273759713090257,0.3479862221184003
Rajasthan,2020,265812,1167584,1.58,Kharif,31.620327868852456,37.01180327868852,26.56204918032787,373.35,2544.84,59.50524590163935,2.503606557377049,0.34833878525527073,1.128951356435442,1.1232815301852959,0.4793783622235505,2.4273759713090257,0.3479862221184003
Rajasthan,2020,265812,1167584,4.71,Kharif,31.620327868852456,37.01180327868852,26.56204918032787,373.35,2544.84,59.50524590163935,2.503606557377049,0.34833878525527073,1.128951356435442,1.1232815301852959,0.4793783622235505,2.4273759713090257,0.3479862221184003
Rajasthan,2020,265812,1167584,4.14,Kharif,31.620327868852456,37.01180327868852,26.56204918032787,373.35,2544.84,59.50524590163935,2.503606557377049,0.34833878525527073,1.128951356435442,1.1232815301852959,0.4793783622235505,2.4273759713090257,0.3479862221184003
Rajasthan,2020,265812,1167584,2.56,Kharif,31.620327868852456,37.01180327868852,26.56204918032787,373.35,2544.84,59.50524590163935,2.503606557377049,0.34833878525527073,1.128951356435442,1.1232815301852959,0.4793783622235505,2.4273759713090257,0.3479862221184003
Rajasthan,2020,265812,1167584,4.66,Kharif,31.620327868852456,37.01180327868852,26.56204918032787,373.35,2544.84,59.50524590163935,2.503606557377049,0.34833878525527073,1.128951356435442,1.1232815301852959,0.4793783622235505,2.4273759713090257,0.3479862221184003
Rajasthan,2020,265812,1167584,4.43,Kharif,31.620327868852456,37.01180327868852,26.56204918032787,373.35,2544.84,59.50524590163935,2.503606557377049,0.34833878525527073,1.128951356435442,1.1232815301852959,0.4793783622235505,2.4273759713090257,0.3479862221184003
Rajasthan,2020,265812,1167584,2.13,Kharif,31.620327868852456,37.01180327868852,26.56204918032787,373.35,2544.84,59.50524590163935,2.503606557377049,0.34833878525527073,1.128951356435442,1.1232815301852959,0.4793783622235505,2.4273759713090257,0.3479862221184003
Rajasthan,2020,265812,1167584,4.34,Kharif,31.620327868852456,37.01180327868852,26.56204918032787,373.35,2544.84,59.50524590163935,2.503606557377049,0.34833878525527073,1.128951356435442,1.1232815301852959,0.4793783622235505,2.4273759713090257,0.3479862221184003
Rajasthan,2020,265812,1167584,4.61,Kharif,31.620327868852456,37.01180327868852,26.56204918032787,373.35,2544.84,59.50524590163935,2.503606557377049,0.34833878525527073,1.128951356435442,1.1232815301852959,0.4793783622235505,2.4273759713090257,0.3479862221184003
Rajasthan,2020,265812,1167584,2.26,Kharif,31.620327868852456,37.01180327868852,26.56204918032787,373.35,2544.84,59.50524590163935,2.503606557377049,0.34833878525527073,1.128951356435442,1.1232815301852959,0.4793783622235505,2.4273759713090257,0.3479862221184003
Rajasthan,2020,265812,1167584,4.39,Kharif,31.620327868852456,37.01180327868852,26.56204918032787,373.35,2544.84,59.50524590163935,2.503606557377049,0.34833878525527073,1.128951356435442,1.1232815301852959,0.4793783622235505,2.4273759713090257,0.3479862221184003
Rajasthan,2020,265812,1167584,4.31,Kharif,31.620327868852456,37.01180327868852,26.56204918032787,373.35,2544.84,59.50524590163935,2.503606557377049,0.34833878525527073,1.128951356435442,1.1232815301852959,0.4793783622235505,2.4273759713090257,0.3479862221184003
Rajasthan,2020,265812,1167584,3.84,Kharif,31.620327868852456,37.01180327868852,26.56204918032787,373.35,2544.84,59.50524590163935,2.503606557377049,0.34833878525527073,1.128951356435442,1.1232815301852959,0.4793783622235505,2.4273759713090257,0.3479862221184003
Rajasthan,2020,265812,1167584,0.96,Kharif,31.620327868852456,37.01180327868852,26.56204918032787,373.35,2544.84,59.50524590163935,2.503606557377049,0.34833878525527073,1.128951356435442,1.1232815301852959,0.4793783622235505,2.4273759713090257,0.3479862221184003
Rajasthan,2020,265812,1167584,2.34,Kharif,31.620327868852456,37.01180327868852,26.56204918032787,373.35,2544.84,59.50524590163935,2.503606557377049,0.34833878525527073,1.128951356435442,1.1232815301852959,0.4793783622235505,2.4273759713090257,0.3479862221184003
Rajasthan,2020,265812,1167584,4.28,Kharif,31.620327868852456,37.01180327868852,26.56204918032787,373.35,2544.84,59.50524590163935,2.503606557377049,0.34833878525527073,1.128951356435442,1.1232815301852959,0.4793783622235505,2.4273759713090257,0.3479862221184003
Rajasthan,2020,265812,1167584,3.81,Kharif,31.620327868852456,37.01180327868852,26.56204918032787,373.35,2544.84,59.50524590163935,2.503606557377049,0.34833878525527073,1.128951356435442,1.1232815301852959,0.4793783622235505,2.4273759713090257,0.3479862221184003
Rajasthan,2020,265812,1167584,2.71,Kharif,31.620327868852456,37.01180327868852,26.56204918032787,373.35,2544.84,59.50524590163935,2.503606557377049,0.34833878525527073,1.128951356435442,1.1232815301852959,0.4793783622235505,2.4273759713090257,0.3479862221184003
Rajasthan,2020,265812,1167584,3.5,Rabi,20.82431924882629,29.24478873239437,13.704225352112676,50.81,3621.02,37.68319248826291,1.863051643192488,0.2991410051835098,1.128951356435442,1.1232815301852959,0.4793783622235505,2.4273759713090257,0.3479862221184003
Rajasthan,2020,265812,1167584,4.85,Rabi,20.82431924882629,29.24478873239437,13.704225352112676,50.81,3621.02,37.68319248826291,1.863051643192488,0.2991410051835098,1.128951356435442,1.1232815301852959,0.4793783622235505,2.4273759713090257,0.3479862221184003
Rajasthan,2020,265812,1167584,2.66,Rabi,20.82431924882629,29.24478873239437,13.704225352112676,50.81,3621.02,37.68319248826291,1.863051643192488,0.2991410051835098,1.128951356435442,1.1232815301852959,0.4793783622235505,2.4273759713090257,0.3479862221184003
Rajasthan,2020,265812,1167584,4.48,Rabi,20.82431924882629,29.24478873239437,13.704225352112676,50.81,3621.02,37.68319248826291,1.863051643192488,0.2991410051835098,1.128951356435442,1.1232815301852959,0.4793783622235505,2.4273759713090257,0.3479862221184003
Rajasthan,2020,265812,1167584,1.58,Rabi,20.82431924882629,29.24478873239437,13.704225352112676,50.81,3621.02,37.68319248826291,1.863051643192488,0.2991410051835098,1.128951356435442,1.1232815301852959,0.4793783622235505,2.4273759713090257,0.3479862221184003
Rajasthan,2020,265812,1167584,4.71,Rabi,20.82431924882629,29.24478873239437,13.704225352112676,50.81,3621.02,37.68319248826291,1.863051643192488,0.2991410051835098,1.128951356435442,1.1232815301852959,0.4793783622235505,2.4273759713090257,0.3479862221184003
Rajasthan,2020,265812,1167584,4.14,Rabi,20.82431924882629,29.24478873239437,13.704225352112676,50.81,3621.02,37.68319248826291,1.863051643192488,0.2991410051835098,1.128951356435442,1.1232815301852959,0.4793783622235505,2.4273759713090257,0.3479862221184003
Rajasthan,2020,265812,1167584,2.56,Rabi,20.82431924882629,29.24478873239437,13.704225352112676,50.81,3621.02,37.68319248826291,1.863051643192488,0.2991410051835098,1.128951356435442,1.1232815301852959,0.4793783622235505,2.4273759713090257,0.3479862221184003
Rajasthan,2020,265812,1167584,4.66,Rabi,20.82431924882629,29.24478873239437,13.704225352112676,50.81,3621.02,37.68319248826291,1.863051643192488,0.2991410051835098,1.128951356435442,1.1232815301852959,0.4793783622235505,2.4273759713090257,0.3479862221184003
Rajasthan,2020,265812,1167584,4.43,Rabi,20.82431924882629,29.24478873239437,13.704225352112676,50.81,3621.02,37.68319248826291,1.863051643192488,0.2991410051835098,1.128951356435442,1.1232815301852959,0.4793783622235505,2.4273759713090257,0.3479862221184003
Rajasthan,2020,265812,1167584,2.13,Rabi,20.82431924882629,29.24478873239437,13.704225352112676,50.81,3621.02,37.68319248826291,1.863051643192488,0.2991410051835098,1.128951356435442,1.1232815301852959,0.4793783622235505,2.4273759713090257,0.3479862221184003
Rajasthan,2020,265812,1167584,4.34,Rabi,20.82431924882629,29.24478873239437,13.704225352112676,50.81,3621.02,37.68319248826291,1.863051643192488,0.2991410051835098,1.128951356435442,1.1232815301852959,0.4793783622235505,2.4273759713090257,0.3479862221184003
Rajasthan,2020,265812,1167584,4.61,Rabi,20.82431924882629,29.24478873239437,13.704225352112676,50.81,3621.02,37.68319248826291,1.863051643192488,0.2991410051835098,1.128951356435442,1.1232815301852959,0.4793783622235505,2.4273759713090257,0.3479862221184003
Rajasthan,2020,265812,1167584,2.26,Rabi,20.82431924882629,29.24478873239437,13.704225352112676,50.81,3621.02,37.68319248826291,1.863051643192488,0.2991410051835098,1.128951356435442,1.1232815301852959,0.4793783622235505,2.4273759713090257,0.3479862221184003
Rajasthan,2020,265812,1167584,4.39,Rabi,20.82431924882629,29.24478873239437,13.704225352112676,50.81,3621.02,37.68319248826291,1.863051643192488,0.2991410051835098,1.128951356435442,1.1232815301852959,0.4793783622235505,2.4273759713090257,0.3479862221184003
Rajasthan,2020,265812,1167584,4.31,Rabi,20.82431924882629,29.24478873239437,13.704225352112676,50.81,3621.02,37.68319248826291,1.863051643192488,0.2991410051835098,1.128951356435442,1.1232815301852959,0.4793783622235505,2.4273759713090257,0.3479862221184003
Rajasthan,2020,265812,1167584,3.84,Rabi,20.82431924882629,29.24478873239437,13.704225352112676,50.81,3621.02,37.68319248826291,1.863051643192488,0.2991410051835098,1.128951356435442,1.1232815301852959,0.4793783622235505,2.4273759713090257,0.3479862221184003
Rajasthan,2020,265812,1167584,0.96,Rabi,20.82431924882629,29.24478873239437,13.704225352112676,50.81,3621.02,37.68319248826291,1.863051643192488,0.2991410051835098,1.128951356435442,1.1232815301852959,0.4793783622235505,2.4273759713090257,0.3479862221184003
Rajasthan,2020,265812,1167584,2.34,Rabi,20.82431924882629,29.24478873239437,13.704225352112676,50.81,3621.02,37.68319248826291,1.863051643192488,0.2991410051835098,1.128951356435442,1.1232815301852959,0.4793783622235505,2.4273759713090257,0.3479862221184003
Rajasthan,2020,265812,1167584,4.28,Rabi,20.82431924882629,29.24478873239437,13.704225352112676,50.81,3621.02,37.68319248826291,1.863051643192488,0.2991410051835098,1.128951356435442,1.1232815301852959,0.4793783622235505,2.4273759713090257,0.3479862221184003
Rajasthan,2020,265812,1167584,3.81,Rabi,20.82431924882629,29.24478873239437,13.704225352112676,50.81,3621.02,37.68319248826291,1.863051643192488,0.2991410051835098,1.128951356435442,1.1232815301852959,0.4793783622235505,2.4273759713090257,0.3479862221184003
Rajasthan,2020,265812,1167584,2.71,Rabi,20.82431924882629,29.24478873239437,13.704225352112676,50.81,3621.02,37.68319248826291,1.863051643192488,0.2991410051835098,1.128951356435442,1.1232815301852959,0.4793783622235505,2.4273759713090257,0.3479862221184003
Rajasthan,2021,205773,859345,3.32,Kharif,31.29139344262295,36.23245901639344,26.65934426229508,436.28,2439.45,60.74672131147541,2.8652459016393443,0.3387765586035309,1.128951356435442,1.1232815301852959,0.4793783622235505,2.4273759713090257,0.3479862221184003
Rajasthan,2021,205773,859345,4.85,Kharif,31.29139344262295,36.23245901639344,26.65934426229508,436.28,2439.45,60.74672131147541,2.8652459016393443,0.3387765586035309,1.128951356435442,1.1232815301852959,0.4793783622235505,2.4273759713090257,0.3479862221184003
Rajasthan,2021,205773,859345,2.62,Kharif,31.29139344262295,36.23245901639344,26.65934426229508,436.28,2439.45,60.74672131147541,2.8652459016393443,0.3387765586035309,1.128951356435442,1.1232815301852959,0.4793783622235505,2.4273759713090257,0.3479862221184003
Rajasthan,2021,205773,859345,4.75,Kharif,31.29139344262295,36.23245901639344,26.65934426229508,436.28,2439.45,60.74672131147541,2.8652459016393443,0.3387765586035309,1.128951356435442,1.1232815301852959,0.4793783622235505,2.4273759713090257,0.3479862221184003
Rajasthan,2021,205773,859345,1.53,Kharif,31.29139344262295,36.23245901639344,26.65934426229508,436.28,2439.45,60.74672131147541,2.8652459016393443,0.3387765586035309,1.128951356435442,1.1232815301852959,0.4793783622235505,2.4273759713090257,0.3479862221184003
Rajasthan,2021,205773,859345,4.62,Kharif,31.29139344262295,36.23245901639344,26.65934426229508,436.28,2439.45,60.74672131147541,2.8652459016393443,0.3387765586035309,1.128951356435442,1.1232815301852959,0.4793783622235505,2.4273759713090257,0.3479862221184003
Rajasthan,2021,205773,859345,3.96,Kharif,31.29139344262295,36.23245901639344,26.65934426229508,436.28,2439.45,60.74672131147541,2.8652459016393443,0.3387765586035309,1.128951356435442,1.1232815301852959,0.4793783622235505,2.4273759713090257,0.3479862221184003
Rajasthan,2021,205773,859345,2.7,Kharif,31.29139344262295,36.23245901639344,26.65934426229508,436.28,2439.45,60.74672131147541,2.8652459016393443,0.3387765586035309,1.128951356435442,1.1232815301852959,0.4793783622235505,2.4273759713090257,0.3479862221184003
Rajasthan,2021,205773,859345,4.63,Kharif,31.29139344262295,36.23245901639344,26.65934426229508,436.28,2439.45,60.74672131147541,2.8652459016393443,0.3387765586035309,1.128951356435442,1.1232815301852959,0.4793783622235505,2.4273759713090257,0.3479862221184003
Rajasthan,2021,205773,859345,4.6,Kharif,31.29139344262295,36.23245901639344,26.65934426229508,436.28,2439.45,60.74672131147541,2.8652459016393443,0.3387765586035309,1.128951356435442,1.1232815301852959,0.4793783622235505,2.4273759713090257,0.3479862221184003
Rajasthan,2021,205773,859345,2.51,Kharif,31.29139344262295,36.23245901639344,26.65934426229508,436.28,2439.45,60.74672131147541,2.8652459016393443,0.3387765586035309,1.128951356435442,1.1232815301852959,0.4793783622235505,2.4273759713090257,0.3479862221184003
Rajasthan,2021,205773,859345,4.55,Kharif,31.29139344262295,36.23245901639344,26.65934426229508,436.28,2439.45,60.74672131147541,2.8652459016393443,0.3387765586035309,1.128951356435442,1.1232815301852959,0.4793783622235505,2.4273759713090257,0.3479862221184003
Rajasthan,2021,205773,859345,4.73,Kharif,31.29139344262295,36.23245901639344,26.65934426229508,436.28,2439.45,60.74672131147541,2.8652459016393443,0.3387765586035309,1.128951356435442,1.1232815301852959,0.4793783622235505,2.4273759713090257,0.3479862221184003
Rajasthan,2021,205773,859345,2.28,Kharif,31.29139344262295,36.23245901639344,26.65934426229508,436.28,2439.45,60.74672131147541,2.8652459016393443,0.3387765586035309,1.128951356435442,1.1232815301852959,0.4793783622235505,2.4273759713090257,0.3479862221184003
Rajasthan,2021,205773,859345,4.31,Kharif,31.29139344262295,36.23245901639344,26.65934426229508,436.28,2439.45,60.74672131147541,2.8652459016393443,0.3387765586035309,1.128951356435442,1.1232815301852959,0.4793783622235505,2.4273759713090257,0.3479862221184003
Rajasthan,2021,205773,859345,4.15,Kharif,31.29139344262295,36.23245901639344,26.65934426229508,436.28,2439.45,60.74672131147541,2.8652459016393443,0.3387765586035309,1.128951356435442,1.1232815301852959,0.4793783622235505,2.4273759713090257,0.3479862221184003
Rajasthan,2021,205773,859345,3.89,Kharif,31.29139344262295,36.23245901639344,26.65934426229508,436.28,2439.45,60.74672131147541,2.8652459016393443,0.3387765586035309,1.128951356435442,1.1232815301852959,0.4793783622235505,2.4273759713090257,0.3479862221184003
Rajasthan,2021,205773,859345,1.45,Kharif,31.29139344262295,36.23245901639344,26.65934426229508,436.28,2439.45,60.74672131147541,2.8652459016393443,0.3387765586035309,1.128951356435442,1.1232815301852959,0.4793783622235505,2.4273759713090257,0.3479862221184003
Rajasthan,2021,205773,859345,2.42,Kharif,31.29139344262295,36.23245901639344,26.65934426229508,436.28,2439.45,60.74672131147541,2.8652459016393443,0.3387765586035309,1.128951356435442,1.1232815301852959,0.4793783622235505,2.4273759713090257,0.3479862221184003
Rajasthan,2021,205773,859345,4.39,Kharif,31.29139344262295,36.23245901639344,26.65934426229508,436.28,2439.45,60.74672131147541,2.8652459016393443,0.3387765586035309,1.128951356435442,1.1232815301852959,0.4793783622235505,2.4273759713090257,0.3479862221184003
Rajasthan,2021,205773,859345,3.91,Kharif,31.29139344262295,36.23245901639344,26.65934426229508,436.28,2439.45,60.74672131147541,2.8652459016393443,0.3387765586035309,1.128951356435442,1.1232815301852959,0.4793783622235505,2.4273759713090257,0.3479862221184003
Rajasthan,2021,205773,859345,2.47,Kharif,31.29139344262295,36.23245901639344,26.65934426229508,436.28,2439.45,60.74672131147541,2.8652459016393443,0.3387765586035309,1.128951356435442,1.1232815301852959,0.4793783622235505,2.4273759713090257,0.3479862221184003
Rajasthan,2021,205773,859345,3.32,Rabi,22.085,30.667830188679243,14.979669811320756,44.91,3705.0,36.66948113207548,1.909481132075472,0.3011573271369944,1.128951356435442,1.1232815301852959,0.4793783622235505,2.4273759713090257,0.3479862221184003
Rajasthan,2021,205773,859345,4.85,Rabi,22.085,30.667830188679243,14.979669811320756,44.91,3705.0,36.66948113207548,1.909481132075472,0.3011573271369944,1.128951356435442,1.1232815301852959,0.4793783622235505,2.4273759713090257,0.3479862221184003
Rajasthan,2021,205773,859345,2.62,Rabi,22.085,30.667830188679243,14.979669811320756,44.91,3705.0,36.66948113207548,1.909481132075472,0.3011573271369944,1.128951356435442,1.1232815301852959,0.4793783622235505,2.4273759713090257,0.3479862221184003
Rajasthan,2021,205773,859345,4.75,Rabi,22.085,30.667830188679243,14.979669811320756,44.91,3705.0,36.66948113207548,1.909481132075472,0.3011573271369944,1.128951356435442,1.1232815301852959,0.4793783622235505,2.4273759713090257,0.3479862221184003
Rajasthan,2021,205773,859345,1.53,Rabi,22.085,30.667830188679243,14.979669811320756,44.91,3705.0,36.66948113207548,1.909481132075472,0.3011573271369944,1.128951356435442,1.1232815301852959,0.4793783622235505,2.4273759713090257,0.3479862221184003
Rajasthan,2021,205773,859345,4.62,Rabi,22.085,30.667830188679243,14.979669811320756,44.91,3705.0,36.66948113207548,1.909481132075472,0.3011573271369944,1.128951356435442,1.1232815301852959,0.4793783622235505,2.4273759713090257,0.3479862221184003
Rajasthan,2021,205773,859345,3.96,Rabi,22.085,30.667830188679243,14.979669811320756,44.91,3705.0,36.66948113207548,1.909481132075472,0.3011573271369944,1.128951356435442,1.1232815301852959,0.4793783622235505,2.4273759713090257,0.3479862221184003
Rajasthan,2021,205773,859345,2.7,Rabi,22.085,30.667830188679243,14.979669811320756,44.91,3705.0,36.66948113207548,1.909481132075472,0.3011573271369944,1.128951356435442,1.1232815301852959,0.4793783622235505,2.4273759713090257,0.3479862221184003
Rajasthan,2021,205773,859345,4.63,Rabi,22.085,30.667830188679243,14.979669811320756,44.91,3705.0,36.66948113207548,1.909481132075472,0.3011573271369944,1.128951356435442,1.1232815301852959,0.4793783622235505,2.4273759713090257,0.3479862221184003
Rajasthan,2021,205773,859345,4.6,Rabi,22.085,30.667830188679243,14.979669811320756,44.91,3705.0,36.66948113207548,1.909481132075472,0.3011573271369944,1.128951356435442,1.1232815301852959,0.4793783622235505,2.4273759713090257,0.3479862221184003
Rajasthan,2021,205773,859345,2.51,Rabi,22.085,30.667830188679243,14.979669811320756,44.91,3705.0,36.66948113207548,1.909481132075472,0.3011573271369944,1.128951356435442,1.1232815301852959,0.4793783622235505,2.4273759713090257,0.3479862221184003
Rajasthan,2021,205773,859345,4.55,Rabi,22.085,30.667830188679243,14.979669811320756,44.91,3705.0,36.66948113207548,1.909481132075472,0.3011573271369944,1.128951356435442,1.1232815301852959,0.4793783622235505,2.4273759713090257,0.3479862221184003
Rajasthan,2021,205773,859345,4.73,Rabi,22.085,30.667830188679243,14.979669811320756,44.91,3705.0,36.66948113207548,1.909481132075472,0.3011573271369944,1.128951356435442,1.1232815301852959,0.4793783622235505,2.4273759713090257,0.3479862221184003
Rajasthan,2021,205773,859345,2.28,Rabi,22.085,30.667830188679243,14.979669811320756,44.91,3705.0,36.66948113207548,1.909481132075472,0.3011573271369944,1.128951356435442,1.1232815301852959,0.4793783622235505,2.4273759713090257,0.3479862221184003
Rajasthan,2021,205773,859345,4.31,Rabi,22.085,30.667830188679243,14.979669811320756,44.91,3705.0,36.66948113207548,1.909481132075472,0.3011573271369944,1.128951356435442,1.1232815301852959,0.4793783622235505,2.4273759713090257,0.3479862221184003
Rajasthan,2021,205773,859345,4.15,Rabi,22.085,30.667830188679243,14.979669811320756,44.91,3705.0,36.66948113207548,1.909481132075472,0.3011573271369944,1.128951356435442,1.1232815301852959,0.4793783622235505,2.4273759713090257,0.3479862221184003
Rajasthan,2021,205773,859345,3.89,Rabi,22.085,30.667830188679243,14.979669811320756,44.91,3705.0,36.66948113207548,1.909481132075472,0.3011573271369944,1.128951356435442,1.1232815301852959,0.4793783622235505,2.4273759713090257,0.3479862221184003
Rajasthan,2021,205773,859345,1.45,Rabi,22.085,30.667830188679243,14.979669811320756,44.91,3705.0,36.66948113207548,1.909481132075472,0.3011573271369944,1.128951356435442,1.1232815301852959,0.4793783622235505,2.4273759713090257,0.3479862221184003
Rajasthan,2021,205773,859345,2.42,Rabi,22.085,30.667830188679243,14.979669811320756,44.91,3705.0,36.66948113207548,1.909481132075472,0.3011573271369944,1.128951356435442,1.1232815301852959,0.4793783622235505,2.4273759713090257,0.3479862221184003
Rajasthan,2021,205773,859345,4.39,Rabi,22.085,30.667830188679243,14.979669811320756,44.91,3705.0,36.66948113207548,1.909481132075472,0.3011573271369944,1.128951356435442,1.1232815301852959,0.4793783622235505,2.4273759713090257,0.3479862221184003
Rajasthan,2021,205773,859345,3.91,Rabi,22.085,30.667830188679243,14.979669811320756,44.91,3705.0,36.66948113207548,1.909481132075472,0.3011573271369944,1.128951356435442,1.1232815301852959,0.4793783622235505,2.4273759713090257,0.3479862221184003
Rajasthan,2021,205773,859345,2.47,Rabi,22.085,30.667830188679243,14.979669811320756,44.91,3705.0,36.66948113207548,1.909481132075472,0.3011573271369944,1.128951356435442,1.1232815301852959,0.4793783622235505,2.4273759713090257,0.3479862221184003
Rajasthan,2022,223676,997282,3.24,Kharif,30.00204918032787,34.67959016393443,25.66196721311476,576.47,2413.46,66.79262295081968,2.6465573770491804,0.3749043632084942,1.128951356435442,1.1232815301852959,0.4793783622235505,2.4273759713090257,0.3479862221184003
Rajasthan,2022,223676,997282,4.45,Kharif,30.00204918032787,34.67959016393443,25.66196721311476,576.47,2413.46,66.79262295081968,2.6465573770491804,0.3749043632084942,1.128951356435442,1.1232815301852959,0.4793783622235505,2.4273759713090257,0.3479862221184003
Rajasthan,2022,223676,997282,2.5,Kharif,30.00204918032787,34.67959016393443,25.66196721311476,576.47,2413.46,66.79262295081968,2.6465573770491804,0.3749043632084942,1.128951356435442,1.1232815301852959,0.4793783622235505,2.4273759713090257,0.3479862221184003
Rajasthan,2022,223676,997282,4.41,Kharif,30.00204918032787,34.67959016393443,25.66196721311476,576.47,2413.46,66.79262295081968,2.6465573770491804,0.3749043632084942,1.128951356435442,1.1232815301852959,0.4793783622235505,2.4273759713090257,0.3479862221184003
Rajasthan,2022,223676,997282,1.79,Kharif,30.00204918032787,34.67959016393443,25.66196721311476,576.47,2413.46,66.79262295081968,2.6465573770491804,0.3749043632084942,1.128951356435442,1.1232815301852959,0.4793783622235505,2.4273759713090257,0.3479862221184003
Rajasthan,2022,223676,997282,3.64,Kharif,30.00204918032787,34.67959016393443,25.66196721311476,576.47,2413.46,66.79262295081968,2.6465573770491804,0.3749043632084942,1.128951356435442,1.1232815301852959,0.4793783622235505,2.4273759713090257,0.3479862221184003
Rajasthan,2022,223676,997282,2.53,Kharif,30.00204918032787,34.67959016393443,25.66196721311476,576.47,2413.46,66.79262295081968,2.6465573770491804,0.3749043632084942,1.128951356435442,1.1232815301852959,0.4793783622235505,2.4273759713090257,0.3479862221184003
Rajasthan,2022,223676,997282,4.5,Kharif,30.00204918032787,34.67959016393443,25.66196721311476,576.47,2413.46,66.79262295081968,2.6465573770491804,0.3749043632084942,1.128951356435442,1.1232815301852959,0.4793783622235505,2.4273759713090257,0.3479862221184003
Rajasthan,2022,223676,997282,4.48,Kharif,30.00204918032787,34.67959016393443,25.66196721311476,576.47,2413.46,66.79262295081968,2.6465573770491804,0.3749043632084942,1.128951356435442,1.1232815301852959,0.4793783622235505,2.4273759713090257,0.3479862221184003
Rajasthan,2022,223676,997282,2.39,Kharif,30.00204918032787,34.67959016393443,25.66196721311476,576.47,2413.46,66.79262295081968,2.6465573770491804,0.3749043632084942,1.128951356435442,1.1232815301852959,0.4793783622235505,2.4273759713090257,0.3479862221184003
Rajasthan,2022,223676,997282,4.2,Kharif,30.00204918032787,34.67959016393443,25.66196721311476,576.47,2413.46,66.79262295081968,2.6465573770491804,0.3749043632084942,1.128951356435442,1.1232815301852959,0.4793783622235505,2.4273759713090257,0.3479862221184003
Rajasthan,2022,223676,997282,4.68,Kharif,30.00204918032787,34.67959016393443,25.66196721311476,576.47,2413.46,66.79262295081968,2.6465573770491804,0.3749043632084942,1.128951356435442,1.1232815301852959,0.4793783622235505,2.4273759713090257,0.3479862221184003
Rajasthan,2022,223676,997282,2.19,Kharif,30.00204918032787,34.67959016393443,25.66196721311476,576.47,2413.46,66.79262295081968,2.6465573770491804,0.3749043632084942,1.128951356435442,1.1232815301852959,0.4793783622235505,2.4273759713090257,0.3479862221184003
Rajasthan,2022,223676,997282,4.39,Kharif,30.00204918032787,34.67959016393443,25.66196721311476,576.47,2413.46,66.79262295081968,2.6465573770491804,0.3749043632084942,1.128951356435442,1.1232815301852959,0.4793783622235505,2.4273759713090257,0.3479862221184003
Rajasthan,2022,223676,997282,4.58,Kharif,30.00204918032787,34.67959016393443,25.66196721311476,576.47,2413.46,66.79262295081968,2.6465573770491804,0.3749043632084942,1.128951356435442,1.1232815301852959,0.4793783622235505,2.4273759713090257,0.3479862221184003
Rajasthan,2022,223676,997282,3.68,Kharif,30.00204918032787,34.67959016393443,25.66196721311476,576.47,2413.46,66.79262295081968,2.6465573770491804,0.3749043632084942,1.128951356435442,1.1232815301852959,0.4793783622235505,2.4273759713090257,0.3479862221184003
Rajasthan,2022,223676,997282,1.6,Kharif,30.00204918032787,34.67959016393443,25.66196721311476,576.47,2413.46,66.79262295081968,2.6465573770491804,0.3749043632084942,1.128951356435442,1.1232815301852959,0.4793783622235505,2.4273759713090257,0.3479862221184003
Rajasthan,2022,223676,997282,2.18,Kharif,30.00204918032787,34.67959016393443,25.66196721311476,576.47,2413.46,66.79262295081968,2.6465573770491804,0.3749043632084942,1.128951356435442,1.1232815301852959,0.4793783622235505,2.4273759713090257,0.3479862221184003
Rajasthan,2022,223676,997282,4.06,Kharif,30.00204918032787,34.67959016393443,25.66196721311476,576.47,2413.46,66.79262295081968,2.6465573770491804,0.3749043632084942,1.128951356435442,1.1232815301852959,0.4793783622235505,2.4273759713090257,0.3479862221184003
Rajasthan,2022,223676,997282,3.1,Kharif,30.00204918032787,34.67959016393443,25.66196721311476,576.47,2413.46,66.79262295081968,2.6465573770491804,0.3749043632084942,1.128951356435442,1.1232815301852959,0.4793783622235505,2.4273759713090257,0.3479862221184003
Rajasthan,2022,223676,997282,2.43,Kharif,30.00204918032787,34.67959016393443,25.66196721311476,576.47,2413.46,66.79262295081968,2.6465573770491804,0.3749043632084942,1.128951356435442,1.1232815301852959,0.4793783622235505,2.4273759713090257,0.3479862221184003
Rajasthan,2022,223676,997282,3.24,Rabi,22.415235849056604,31.198396226415092,15.14245283018868,61.4,3808.84,37.78702830188679,1.9423584905660376,0.30728017986563827,1.128951356435442,1.1232815301852959,0.4793783622235505,2.4273759713090257,0.3479862221184003
Rajasthan,2022,223676,997282,4.45,Rabi,22.415235849056604,31.198396226415092,15.14245283018868,61.4,3808.84,37.78702830188679,1.9423584905660376,0.30728017986563827,1.128951356435442,1.1232815301852959,0.4793783622235505,2.4273759713090257,0.3479862221184003
Rajasthan,2022,223676,997282,2.5,Rabi,22.415235849056604,31.198396226415092,15.14245283018868,61.4,3808.84,37.78702830188679,1.9423584905660376,0.30728017986563827,1.128951356435442,1.1232815301852959,0.4793783622235505,2.4273759713090257,0.3479862221184003
Rajasthan,2022,223676,997282,4.41,Rabi,22.415235849056604,31.198396226415092,15.14245283018868,61.4,3808.84,37.78702830188679,1.9423584905660376,0.30728017986563827,1.128951356435442,1.1232815301852959,0.4793783622235505,2.4273759713090257,0.3479862221184003
Rajasthan,2022,223676,997282,1.79,Rabi,22.415235849056604,31.198396226415092,15.14245283018868,61.4,3808.84,37.78702830188679,1.9423584905660376,0.30728017986563827,1.128951356435442,1.1232815301852959,0.4793783622235505,2.4273759713090257,0.3479862221184003
Rajasthan,2022,223676,997282,3.64,Rabi,22.415235849056604,31.198396226415092,15.14245283018868,61.4,3808.84,37.78702830188679,1.9423584905660376,0.30728017986563827,1.128951356435442,1.1232815301852959,0.4793783622235505,2.4273759713090257,0.3479862221184003
Rajasthan,2022,223676,997282,2.53,Rabi,22.415235849056604,31.198396226415092,15.14245283018868,61.4,3808.84,37.78702830188679,1.9423584905660376,0.30728017986563827,1.128951356435442,1.1232815301852959,0.4793783622235505,2.4273759713090257,0.3479862221184003
Rajasthan,2022,223676,997282,4.5,Rabi,22.415235849056604,31.198396226415092,15.14245283018868,61.4,3808.84,37.78702830188679,1.9423584905660376,0.30728017986563827,1.128951356435442,1.1232815301852959,0.4793783622235505,2.4273759713090257,0.3479862221184003
Rajasthan,2022,223676,997282,4.48,Rabi,22.415235849056604,31.198396226415092,15.14245283018868,61.4,3808.84,37.78702830188679,1.9423584905660376,0.30728017986563827,1.128951356435442,1.1232815301852959,0.4793783622235505,2.4273759713090257,0.3479862221184003
Rajasthan,2022,223676,997282,2.39,Rabi,22.415235849056604,31.198396226415092,15.14245283018868,61.4,3808.84,37.78702830188679,1.9423584905660376,0.30728017986563827,1.128951356435442,1.1232815301852959,0.4793783622235505,2.4273759713090257,0.3479862221184003
Rajasthan,2022,223676,997282,4.2,Rabi,22.415235849056604,31.198396226415092,15.14245283018868,61.4,3808.84,37.78702830188679,1.9423584905660376,0.30728017986563827,1.128951356435442,1.1232815301852959,0.4793783622235505,2.4273759713090257,0.3479862221184003
Rajasthan,2022,223676,997282,4.68,Rabi,22.415235849056604,31.198396226415092,15.14245283018868,61.4,3808.84,37.78702830188679,1.9423584905660376,0.30728017986563827,1.128951356435442,1.1232815301852959,0.4793783622235505,2.4273759713090257,0.3479862221184003
Rajasthan,2022,223676,997282,2.19,Rabi,22.415235849056604,31.198396226415092,15.14245283018868,61.4,3808.84,37.78702830188679,1.9423584905660376,0.30728017986563827,1.128951356435442,1.1232815301852959,0.4793783622235505,2.4273759713090257,0.3479862221184003
Rajasthan,2022,223676,997282,4.39,Rabi,22.415235849056604,31.198396226415092,15.14245283018868,61.4,3808.84,37.78702830188679,1.9423584905660376,0.30728017986563827,1.128951356435442,1.1232815301852959,0.4793783622235505,2.4273759713090257,0.3479862221184003
Rajasthan,2022,223676,997282,4.58,Rabi,22.415235849056604,31.198396226415092,15.14245283018868,61.4,3808.84,37.78702830188679,1.9423584905660376,0.30728017986563827,1.128951356435442,1.1232815301852959,0.4793783622235505,2.4273759713090257,0.3479862221184003
Rajasthan,2022,223676,997282,3.68,Rabi,22.415235849056604,31.198396226415092,15.14245283018868,61.4,3808.84,37.78702830188679,1.9423584905660376,0.30728017986563827,1.128951356435442,1.1232815301852959,0.4793783622235505,2.4273759713090257,0.3479862221184003
Rajasthan,2022,223676,997282,1.6,Rabi,22.415235849056604,31.198396226415092,15.14245283018868,61.4,3808.84,37.78702830188679,1.9423584905660376,0.30728017986563827,1.128951356435442,1.1232815301852959,0.4793783622235505,2.4273759713090257,0.3479862221184003
Rajasthan,2022,223676,997282,2.18,Rabi,22.415235849056604,31.198396226415092,15.14245283018868,61.4,3808.84,37.78702830188679,1.9423584905660376,0.30728017986563827,1.128951356435442,1.1232815301852959,0.4793783622235505,2.4273759713090257,0.3479862221184003
Rajasthan,2022,223676,997282,4.06,Rabi,22.415235849056604,31.198396226415092,15.14245283018868,61.4,3808.84,37.78702830188679,1.9423584905660376,0.30728017986563827,1.128951356435442,1.1232815301852959,0.4793783622235505,2.4273759713090257,0.3479862221184003
Rajasthan,2022,223676,997282,3.1,Rabi,22.415235849056604,31.198396226415092,15.14245283018868,61.4,3808.84,37.78702830188679,1.9423584905660376,0.30728017986563827,1.128951356435442,1.1232815301852959,0.4793783622235505,2.4273759713090257,0.3479862221184003
Rajasthan,2022,223676,997282,2.43,Rabi,22.415235849056604,31.198396226415092,15.14245283018868,61.4,3808.84,37.78702830188679,1.9423584905660376,0.30728017986563827,1.128951356435442,1.1232815301852959,0.4793783622235505,2.4273759713090257,0.3479862221184003
Rajasthan,2023,67093,152463,2.27,Kharif,29.34311475409836,34.28581967213115,24.908032786885247,539.3,2504.51,70.65180327868853,2.879016393442623,0.48054475432096955,1.128951356435442,1.1232815301852959,0.4793783622235505,2.4273759713090257,0.3479862221184003
Rajasthan,2023,67093,152463,2.27,Rabi,21.70716981132076,29.92764150943396,14.8075,154.23,3547.8,38.60707547169811,1.8066037735849056,0.48054475432096955,1.128951356435442,1.1232815301852959,0.4793783622235505,2.4273759713090257,0.3479862221184003
Uttar Pradesh,2011,293435,293435,3.9,Kharif,29.840819672131147,33.600573770491806,26.36565573770492,1114.29,2150.93,76.20573770491804,2.3195901639344263,0.5026192571951751,1.8787460287404114,1.922217625155151,0.9660736450144808,3.6441870086884567,0.4524084946821556
Uttar Pradesh,2011,293435,293435,3.77,Kharif,29.840819672131147,33.600573770491806,26.36565573770492,1114.29,2150.93,76.20573770491804,2.3195901639344263,0.5026192571951751,1.8787460287404114,1.922217625155151,0.9660736450144808,3.6441870086884567,0.4524084946821556
Uttar Pradesh,2011,293435,293435,2.64,Kharif,29.840819672131147,33.600573770491806,26.36565573770492,1114.29,2150.93,76.20573770491804,2.3195901639344263,0.5026192571951751,1.8787460287404114,1.922217625155151,0.9660736450144808,3.6441870086884567,0.4524084946821556
Uttar Pradesh,2011,293435,293435,3.36,Kharif,29.840819672131147,33.600573770491806,26.36565573770492,1114.29,2150.93,76.20573770491804,2.3195901639344263,0.5026192571951751,1.8787460287404114,1.922217625155151,0.9660736450144808,3.6441870086884567,0.4524084946821556
Uttar Pradesh,2011,293435,293435,2.87,Kharif,29.840819672131147,33.600573770491806,26.36565573770492,1114.29,2150.93,76.20573770491804,2.3195901639344263,0.5026192571951751,1.8787460287404114,1.922217625155151,0.9660736450144808,3.6441870086884567,0.4524084946821556
Uttar Pradesh,2011,293435,293435,3.16,Kharif,29.840819672131147,33.600573770491806,26.36565573770492,1114.29,2150.93,76.20573770491804,2.3195901639344263,0.5026192571951751,1.8787460287404114,1.922217625155151,0.9660736450144808,3.6441870086884567,0.4524084946821556
Uttar Pradesh,2011,293435,293435,3.85,Kharif,29.840819672131147,33.600573770491806,26.36565573770492,1114.29,2150.93,76.20573770491804,2.3195901639344263,0.5026192571951751,1.8787460287404114,1.922217625155151,0.9660736450144808,3.6441870086884567,0.4524084946821556
Uttar Pradesh,2011,293435,293435,2.89,Kharif,29.840819672131147,33.600573770491806,26.36565573770492,1114.29,2150.93,76.20573770491804,2.3195901639344263,0.5026192571951751,1.8787460287404114,1.922217625155151,0.9660736450144808,3.6441870086884567,0.4524084946821556
Uttar Pradesh,2011,293435,293435,4.24,Kharif,29.840819672131147,33.600573770491806,26.36565573770492,1114.29,2150.93,76.20573770491804,2.3195901639344263,0.5026192571951751,1.8787460287404114,1.922217625155151,0.9660736450144808,3.6441870086884567,0.4524084946821556
Uttar Pradesh,2011,293435,293435,3.07,Kharif,29.840819672131147,33.600573770491806,26.36565573770492,1114.29,2150.93,76.20573770491804,2.3195901639344263,0.5026192571951751,1.8787460287404114,1.922217625155151,0.9660736450144808,3.6441870086884567,0.4524084946821556
Uttar Pradesh,2011,293435,293435,3.25,Kharif,29.840819672131147,33.600573770491806,26.36565573770492,1114.29,2150.93,76.20573770491804,2.3195901639344263,0.5026192571951751,1.8787460287404114,1.922217625155151,0.9660736450144808,3.6441870086884567,0.4524084946821556
Uttar Pradesh,2011,293435,293435,2.88,Kharif,29.840819672131147,33.600573770491806,26.36565573770492,1114.29,2150.93,76.20573770491804,2.3195901639344263,0.5026192571951751,1.8787460287404114,1.922217625155151,0.9660736450144808,3.6441870086884567,0.4524084946821556
Uttar Pradesh,2011,293435,293435,2.09,Kharif,29.840819672131147,33.600573770491806,26.36565573770492,1114.29,2150.93,76.20573770491804,2.3195901639344263,0.5026192571951751,1.8787460287404114,1.922217625155151,0.9660736450144808,3.6441870086884567,0.4524084946821556
Uttar Pradesh,2011,293435,293435,3.51,Kharif,29.840819672131147,33.600573770491806,26.36565573770492,1114.29,2150.93,76.20573770491804,2.3195901639344263,0.5026192571951751,1.8787460287404114,1.922217625155151,0.9660736450144808,3.6441870086884567,0.4524084946821556
Uttar Pradesh,2011,293435,293435,3.15,Kharif,29.840819672131147,33.600573770491806,26.36565573770492,1114.29,2150.93,76.20573770491804,2.3195901639344263,0.5026192571951751,1.8787460287404114,1.922217625155151,0.9660736450144808,3.6441870086884567,0.4524084946821556
Uttar Pradesh,2011,293435,293435,3.2,Kharif,29.840819672131147,33.600573770491806,26.36565573770492,1114.29,2150.93,76.20573770491804,2.3195901639344263,0.5026192571951751,1.8787460287404114,1.922217625155151,0.9660736450144808,3.6441870086884567,0.4524084946821556
Uttar Pradesh,2011,293435,293435,3.47,Kharif,29.840819672131147,33.600573770491806,26.36565573770492,1114.29,2150.93,76.20573770491804,2.3195901639344263,0.5026192571951751,1.8787460287404114,1.922217625155151,0.9660736450144808,3.6441870086884567,0.4524084946821556
Uttar Pradesh,2011,293435,293435,4.22,Kharif,29.840819672131147,33.600573770491806,26.36565573770492,1114.29,2150.93,76.20573770491804,2.3195901639344263,0.5026192571951751,1.8787460287404114,1.922217625155151,0.9660736450144808,3.6441870086884567,0.4524084946821556
Uttar Pradesh,2011,293435,293435,2.54,Kharif,29.840819672131147,33.600573770491806,26.36565573770492,1114.29,2150.93,76.20573770491804,2.3195901639344263,0.5026192571951751,1.8787460287404114,1.922217625155151,0.9660736450144808,3.6441870086884567,0.4524084946821556
Uttar Pradesh,2011,293435,293435,2.5,Kharif,29.840819672131147,33.600573770491806,26.36565573770492,1114.29,2150.93,76.20573770491804,2.3195901639344263,0.5026192571951751,1.8787460287404114,1.922217625155151,0.9660736450144808,3.6441870086884567,0.4524084946821556
Uttar Pradesh,2011,293435,293435,3.08,Kharif,29.840819672131147,33.600573770491806,26.36565573770492,1114.29,2150.93,76.20573770491804,2.3195901639344263,0.5026192571951751,1.8787460287404114,1.922217625155151,0.9660736450144808,3.6441870086884567,0.4524084946821556
Uttar Pradesh,2011,293435,293435,3.9,Rabi,21.12198113207547,29.054481132075477,14.390943396226415,30.79,3429.54,50.27226415094339,1.524245283018868,0.4475610415378212,1.8787460287404114,1.922217625155151,0.9660736450144808,3.6441870086884567,0.4524084946821556
Uttar Pradesh,2011,293435,293435,3.77,Rabi,21.12198113207547,29.054481132075477,14.390943396226415,30.79,3429.54,50.27226415094339,1.524245283018868,0.4475610415378212,1.8787460287404114,1.922217625155151,0.9660736450144808,3.6441870086884567,0.4524084946821556
Uttar Pradesh,2011,293435,293435,2.64,Rabi,21.12198113207547,29.054481132075477,14.390943396226415,30.79,3429.54,50.27226415094339,1.524245283018868,0.4475610415378212,1.8787460287404114,1.922217625155151,0.9660736450144808,3.6441870086884567,0.4524084946821556
Uttar Pradesh,2011,293435,293435,3.36,Rabi,21.12198113207547,29.054481132075477,14.390943396226415,30.79,3429.54,50.27226415094339,1.524245283018868,0.4475610415378212,1.8787460287404114,1.922217625155151,0.9660736450144808,3.6441870086884567,0.4524084946821556
Uttar Pradesh,2011,293435,293435,2.87,Rabi,21.12198113207547,29.054481132075477,14.390943396226415,30.79,3429.54,50.27226415094339,1.524245283018868,0.4475610415378212,1.8787460287404114,1.922217625155151,0.9660736450144808,3.6441870086884567,0.4524084946821556
Uttar Pradesh,2011,293435,293435,3.16,Rabi,21.12198113207547,29.054481132075477,14.390943396226415,30.79,3429.54,50.27226415094339,1.524245283018868,0.4475610415378212,1.8787460287404114,1.922217625155151,0.9660736450144808,3.6441870086884567,0.4524084946821556
Uttar Pradesh,2011,293435,293435,3.85,Rabi,21.12198113207547,29.054481132075477,14.390943396226415,30.79,3429.54,50.27226415094339,1.524245283018868,0.4475610415378212,1.8787460287404114,1.922217625155151,0.9660736450144808,3.6441870086884567,0.4524084946821556
Uttar Pradesh,2011,293435,293435,2.89,Rabi,21.12198113207547,29.054481132075477,14.390943396226415,30.79,3429.54,50.27226415094339,1.524245283018868,0.4475610415378212,1.8787460287404114,1.922217625155151,0.9660736450144808,3.6441870086884567,0.4524084946821556
Uttar Pradesh,2011,293435,293435,4.24,Rabi,21.12198113207547,29.054481132075477,14.390943396226415,30.79,3429.54,50.27226415094339,1.524245283018868,0.4475610415378212,1.8787460287404114,1.922217625155151,0.9660736450144808,3.6441870086884567,0.4524084946821556
Uttar Pradesh,2011,293435,293435,3.07,Rabi,21.12198113207547,29.054481132075477,14.390943396226415,30.79,3429.54,50.27226415094339,1.524245283018868,0.4475610415378212,1.8787460287404114,1.922217625155151,0.9660736450144808,3.6441870086884567,0.4524084946821556
Uttar Pradesh,2011,293435,293435,3.25,Rabi,21.12198113207547,29.054481132075477,14.390943396226415,30.79,3429.54,50.27226415094339,1.524245283018868,0.4475610415378212,1.8787460287404114,1.922217625155151,0.9660736450144808,3.6441870086884567,0.4524084946821556
Uttar Pradesh,2011,293435,293435,2.88,Rabi,21.12198113207547,29.054481132075477,14.390943396226415,30.79,3429.54,50.27226415094339,1.524245283018868,0.4475610415378212,1.8787460287404114,1.922217625155151,0.9660736450144808,3.6441870086884567,0.4524084946821556
Uttar Pradesh,2011,293435,293435,2.09,Rabi,21.12198113207547,29.054481132075477,14.390943396226415,30.79,3429.54,50.27226415094339,1.524245283018868,0.4475610415378212,1.8787460287404114,1.922217625155151,0.9660736450144808,3.6441870086884567,0.4524084946821556
Uttar Pradesh,2011,293435,293435,3.51,Rabi,21.12198113207547,29.054481132075477,14.390943396226415,30.79,3429.54,50.27226415094339,1.524245283018868,0.4475610415378212,1.8787460287404114,1.922217625155151,0.9660736450144808,3.6441870086884567,0.4524084946821556
Uttar Pradesh,2011,293435,293435,3.15,Rabi,21.12198113207547,29.054481132075477,14.390943396226415,30.79,3429.54,50.27226415094339,1.524245283018868,0.4475610415378212,1.8787460287404114,1.922217625155151,0.9660736450144808,3.6441870086884567,0.4524084946821556
Uttar Pradesh,2011,293435,293435,3.2,Rabi,21.12198113207547,29.054481132075477,14.390943396226415,30.79,3429.54,50.27226415094339,1.524245283018868,0.4475610415378212,1.8787460287404114,1.922217625155151,0.9660736450144808,3.6441870086884567,0.4524084946821556
Uttar Pradesh,2011,293435,293435,3.47,Rabi,21.12198113207547,29.054481132075477,14.390943396226415,30.79,3429.54,50.27226415094339,1.524245283018868,0.4475610415378212,1.8787460287404114,1.922217625155151,0.9660736450144808,3.6441870086884567,0.4524084946821556
Uttar Pradesh,2011,293435,293435,4.22,Rabi,21.12198113207547,29.054481132075477,14.390943396226415,30.79,3429.54,50.27226415094339,1.524245283018868,0.4475610415378212,1.8787460287404114,1.922217625155151,0.9660736450144808,3.6441870086884567,0.4524084946821556
Uttar Pradesh,2011,293435,293435,2.54,Rabi,21.12198113207547,29.054481132075477,14.390943396226415,30.79,3429.54,50.27226415094339,1.524245283018868,0.4475610415378212,1.8787460287404114,1.922217625155151,0.9660736450144808,3.6441870086884567,0.4524084946821556
Uttar Pradesh,2011,293435,293435,2.5,Rabi,21.12198113207547,29.054481132075477,14.390943396226415,30.79,3429.54,50.27226415094339,1.524245283018868,0.4475610415378212,1.8787460287404114,1.922217625155151,0.9660736450144808,3.6441870086884567,0.4524084946821556
Uttar Pradesh,2011,293435,293435,3.08,Rabi,21.12198113207547,29.054481132075477,14.390943396226415,30.79,3429.54,50.27226415094339,1.524245283018868,0.4475610415378212,1.8787460287404114,1.922217625155151,0.9660736450144808,3.6441870086884567,0.4524084946821556
Uttar Pradesh,2012,235690,235690,3.83,Kharif,31.283688524590165,35.6955737704918,27.03377049180328,1021.84,2205.84,67.13377049180328,2.4396721311475407,0.4742983676958476,1.8787460287404114,1.922217625155151,0.9660736450144808,3.6441870086884567,0.4524084946821556
Uttar Pradesh,2012,235690,235690,3.47,Kharif,31.283688524590165,35.6955737704918,27.03377049180328,1021.84,2205.84,67.13377049180328,2.4396721311475407,0.4742983676958476,1.8787460287404114,1.922217625155151,0.9660736450144808,3.6441870086884567,0.4524084946821556
Uttar Pradesh,2012,235690,235690,2.49,Kharif,31.283688524590165,35.6955737704918,27.03377049180328,1021.84,2205.84,67.13377049180328,2.4396721311475407,0.4742983676958476,1.8787460287404114,1.922217625155151,0.9660736450144808,3.6441870086884567,0.4524084946821556
Uttar Pradesh,2012,235690,235690,3.34,Kharif,31.283688524590165,35.6955737704918,27.03377049180328,1021.84,2205.84,67.13377049180328,2.4396721311475407,0.4742983676958476,1.8787460287404114,1.922217625155151,0.9660736450144808,3.6441870086884567,0.4524084946821556
Uttar Pradesh,2012,235690,235690,3.06,Kharif,31.283688524590165,35.6955737704918,27.03377049180328,1021.84,2205.84,67.13377049180328,2.4396721311475407,0.4742983676958476,1.8787460287404114,1.922217625155151,0.9660736450144808,3.6441870086884567,0.4524084946821556
Uttar Pradesh,2012,235690,235690,3.21,Kharif,31.283688524590165,35.6955737704918,27.03377049180328,1021.84,2205.84,67.13377049180328,2.4396721311475407,0.4742983676958476,1.8787460287404114,1.922217625155151,0.9660736450144808,3.6441870086884567,0.4524084946821556
Uttar Pradesh,2012,235690,235690,3.63,Kharif,31.283688524590165,35.6955737704918,27.03377049180328,1021.84,2205.84,67.13377049180328,2.4396721311475407,0.4742983676958476,1.8787460287404114,1.922217625155151,0.9660736450144808,3.6441870086884567,0.4524084946821556
Uttar Pradesh,2012,235690,235690,2.94,Kharif,31.283688524590165,35.6955737704918,27.03377049180328,1021.84,2205.84,67.13377049180328,2.4396721311475407,0.4742983676958476,1.8787460287404114,1.922217625155151,0.9660736450144808,3.6441870086884567,0.4524084946821556
Uttar Pradesh,2012,235690,235690,4.45,Kharif,31.283688524590165,35.6955737704918,27.03377049180328,1021.84,2205.84,67.13377049180328,2.4396721311475407,0.4742983676958476,1.8787460287404114,1.922217625155151,0.9660736450144808,3.6441870086884567,0.4524084946821556
Uttar Pradesh,2012,235690,235690,2.84,Kharif,31.283688524590165,35.6955737704918,27.03377049180328,1021.84,2205.84,67.13377049180328,2.4396721311475407,0.4742983676958476,1.8787460287404114,1.922217625155151,0.9660736450144808,3.6441870086884567,0.4524084946821556
Uttar Pradesh,2012,235690,235690,3.38,Kharif,31.283688524590165,35.6955737704918,27.03377049180328,1021.84,2205.84,67.13377049180328,2.4396721311475407,0.4742983676958476,1.8787460287404114,1.922217625155151,0.9660736450144808,3.6441870086884567,0.4524084946821556
Uttar Pradesh,2012,235690,235690,2.72,Kharif,31.283688524590165,35.6955737704918,27.03377049180328,1021.84,2205.84,67.13377049180328,2.4396721311475407,0.4742983676958476,1.8787460287404114,1.922217625155151,0.9660736450144808,3.6441870086884567,0.4524084946821556
Uttar Pradesh,2012,235690,235690,2.23,Kharif,31.283688524590165,35.6955737704918,27.03377049180328,1021.84,2205.84,67.13377049180328,2.4396721311475407,0.4742983676958476,1.8787460287404114,1.922217625155151,0.9660736450144808,3.6441870086884567,0.4524084946821556
Uttar Pradesh,2012,235690,235690,3.72,Kharif,31.283688524590165,35.6955737704918,27.03377049180328,1021.84,2205.84,67.13377049180328,2.4396721311475407,0.4742983676958476,1.8787460287404114,1.922217625155151,0.9660736450144808,3.6441870086884567,0.4524084946821556
Uttar Pradesh,2012,235690,235690,3.07,Kharif,31.283688524590165,35.6955737704918,27.03377049180328,1021.84,2205.84,67.13377049180328,2.4396721311475407,0.4742983676958476,1.8787460287404114,1.922217625155151,0.9660736450144808,3.6441870086884567,0.4524084946821556
Uttar Pradesh,2012,235690,235690,2.91,Kharif,31.283688524590165,35.6955737704918,27.03377049180328,1021.84,2205.84,67.13377049180328,2.4396721311475407,0.4742983676958476,1.8787460287404114,1.922217625155151,0.9660736450144808,3.6441870086884567,0.4524084946821556
Uttar Pradesh,2012,235690,235690,3.19,Kharif,31.283688524590165,35.6955737704918,27.03377049180328,1021.84,2205.84,67.13377049180328,2.4396721311475407,0.4742983676958476,1.8787460287404114,1.922217625155151,0.9660736450144808,3.6441870086884567,0.4524084946821556
Uttar Pradesh,2012,235690,235690,3.32,Kharif,31.283688524590165,35.6955737704918,27.03377049180328,1021.84,2205.84,67.13377049180328,2.4396721311475407,0.4742983676958476,1.8787460287404114,1.922217625155151,0.9660736450144808,3.6441870086884567,0.4524084946821556
Uttar Pradesh,2012,235690,235690,4.03,Kharif,31.283688524590165,35.6955737704918,27.03377049180328,1021.84,2205.84,67.13377049180328,2.4396721311475407,0.4742983676958476,1.8787460287404114,1.922217625155151,0.9660736450144808,3.6441870086884567,0.4524084946821556
Uttar Pradesh,2012,235690,235690,2.99,Kharif,31.283688524590165,35.6955737704918,27.03377049180328,1021.84,2205.84,67.13377049180328,2.4396721311475407,0.4742983676958476,1.8787460287404114,1.922217625155151,0.9660736450144808,3.6441870086884567,0.4524084946821556
Uttar Pradesh,2012,235690,235690,2.41,Kharif,31.283688524590165,35.6955737704918,27.03377049180328,1021.84,2205.84,67.13377049180328,2.4396721311475407,0.4742983676958476,1.8787460287404114,1.922217625155151,0.9660736450144808,3.6441870086884567,0.4524084946821556
Uttar Pradesh,2012,235690,235690,3.11,Kharif,31.283688524590165,35.6955737704918,27.03377049180328,1021.84,2205.84,67.13377049180328,2.4396721311475407,0.4742983676958476,1.8787460287404114,1.922217625155151,0.9660736450144808,3.6441870086884567,0.4524084946821556
Uttar Pradesh,2012,235690,235690,3.83,Rabi,20.27150234741784,28.32685446009389,13.368075117370893,86.11,3518.25,51.027652582159625,1.791361502347418,0.4409644625884157,1.8787460287404114,1.922217625155151,0.9660736450144808,3.6441870086884567,0.4524084946821556
Uttar Pradesh,2012,235690,235690,3.47,Rabi,20.27150234741784,28.32685446009389,13.368075117370893,86.11,3518.25,51.027652582159625,1.791361502347418,0.4409644625884157,1.8787460287404114,1.922217625155151,0.9660736450144808,3.6441870086884567,0.4524084946821556
Uttar Pradesh,2012,235690,235690,2.49,Rabi,20.27150234741784,28.32685446009389,13.368075117370893,86.11,3518.25,51.027652582159625,1.791361502347418,0.4409644625884157,1.8787460287404114,1.922217625155151,0.9660736450144808,3.6441870086884567,0.4524084946821556
Uttar Pradesh,2012,235690,235690,3.34,Rabi,20.27150234741784,28.32685446009389,13.368075117370893,86.11,3518.25,51.027652582159625,1.791361502347418,0.4409644625884157,1.8787460287404114,1.922217625155151,0.9660736450144808,3.6441870086884567,0.4524084946821556
Uttar Pradesh,2012,235690,235690,3.06,Rabi,20.27150234741784,28.32685446009389,13.368075117370893,86.11,3518.25,51.027652582159625,1.791361502347418,0.4409644625884157,1.8787460287404114,1.922217625155151,0.9660736450144808,3.6441870086884567,0.4524084946821556
Uttar Pradesh,2012,235690,235690,3.21,Rabi,20.27150234741784,28.32685446009389,13.368075117370893,86.11,3518.25,51.027652582159625,1.791361502347418,0.4409644625884157,1.8787460287404114,1.922217625155151,0.9660736450144808,3.6441870086884567,0.4524084946821556
Uttar Pradesh,2012,235690,235690,3.63,Rabi,20.27150234741784,28.32685446009389,13.368075117370893,86.11,3518.25,51.027652582159625,1.791361502347418,0.4409644625884157,1.8787460287404114,1.922217625155151,0.9660736450144808,3.6441870086884567,0.4524084946821556
Uttar Pradesh,2012,235690,235690,2.94,Rabi,20.27150234741784,28.32685446009389,13.368075117370893,86.11,3518.25,51.027652582159625,1.791361502347418,0.4409644625884157,1.8787460287404114,1.922217625155151,0.9660736450144808,3.6441870086884567,0.4524084946821556
Uttar Pradesh,2012,235690,235690,4.45,Rabi,20.27150234741784,28.32685446009389,13.368075117370893,86.11,3518.25,51.027652582159625,1.791361502347418,0.4409644625884157,1.8787460287404114,1.922217625155151,0.9660736450144808,3.6441870086884567,0.4524084946821556
Uttar Pradesh,2012,235690,235690,2.84,Rabi,20.27150234741784,28.32685446009389,13.368075117370893,86.11,3518.25,51.027652582159625,1.791361502347418,0.4409644625884157,1.8787460287404114,1.922217625155151,0.9660736450144808,3.6441870086884567,0.4524084946821556
Uttar Pradesh,2012,235690,235690,3.38,Rabi,20.27150234741784,28.32685446009389,13.368075117370893,86.11,3518.25,51.027652582159625,1.791361502347418,0.4409644625884157,1.8787460287404114,1.922217625155151,0.9660736450144808,3.6441870086884567,0.4524084946821556
Uttar Pradesh,2012,235690,235690,2.72,Rabi,20.27150234741784,28.32685446009389,13.368075117370893,86.11,3518.25,51.027652582159625,1.791361502347418,0.4409644625884157,1.8787460287404114,1.922217625155151,0.9660736450144808,3.6441870086884567,0.4524084946821556
Uttar Pradesh,2012,235690,235690,2.23,Rabi,20.27150234741784,28.32685446009389,13.368075117370893,86.11,3518.25,51.027652582159625,1.791361502347418,0.4409644625884157,1.8787460287404114,1.922217625155151,0.9660736450144808,3.6441870086884567,0.4524084946821556
Uttar Pradesh,2012,235690,235690,3.72,Rabi,20.27150234741784,28.32685446009389,13.368075117370893,86.11,3518.25,51.027652582159625,1.791361502347418,0.4409644625884157,1.8787460287404114,1.922217625155151,0.9660736450144808,3.6441870086884567,0.4524084946821556
Uttar Pradesh,2012,235690,235690,3.07,Rabi,20.27150234741784,28.32685446009389,13.368075117370893,86.11,3518.25,51.027652582159625,1.791361502347418,0.4409644625884157,1.8787460287404114,1.922217625155151,0.9660736450144808,3.6441870086884567,0.4524084946821556
Uttar Pradesh,2012,235690,235690,2.91,Rabi,20.27150234741784,28.32685446009389,13.368075117370893,86.11,3518.25,51.027652582159625,1.791361502347418,0.4409644625884157,1.8787460287404114,1.922217625155151,0.9660736450144808,3.6441870086884567,0.4524084946821556
Uttar Pradesh,2012,235690,235690,3.19,Rabi,20.27150234741784,28.32685446009389,13.368075117370893,86.11,3518.25,51.027652582159625,1.791361502347418,0.4409644625884157,1.8787460287404114,1.922217625155151,0.9660736450144808,3.6441870086884567,0.4524084946821556
Uttar Pradesh,2012,235690,235690,3.32,Rabi,20.27150234741784,28.32685446009389,13.368075117370893,86.11,3518.25,51.027652582159625,1.791361502347418,0.4409644625884157,1.8787460287404114,1.922217625155151,0.9660736450144808,3.6441870086884567,0.4524084946821556
Uttar Pradesh,2012,235690,235690,4.03,Rabi,20.27150234741784,28.32685446009389,13.368075117370893,86.11,3518.25,51.027652582159625,1.791361502347418,0.4409644625884157,1.8787460287404114,1.922217625155151,0.9660736450144808,3.6441870086884567,0.4524084946821556
Uttar Pradesh,2012,235690,235690,2.99,Rabi,20.27150234741784,28.32685446009389,13.368075117370893,86.11,3518.25,51.027652582159625,1.791361502347418,0.4409644625884157,1.8787460287404114,1.922217625155151,0.9660736450144808,3.6441870086884567,0.4524084946821556
Uttar Pradesh,2012,235690,235690,2.41,Rabi,20.27150234741784,28.32685446009389,13.368075117370893,86.11,3518.25,51.027652582159625,1.791361502347418,0.4409644625884157,1.8787460287404114,1.922217625155151,0.9660736450144808,3.6441870086884567,0.4524084946821556
Uttar Pradesh,2012,235690,235690,3.11,Rabi,20.27150234741784,28.32685446009389,13.368075117370893,86.11,3518.25,51.027652582159625,1.791361502347418,0.4409644625884157,1.8787460287404114,1.922217625155151,0.9660736450144808,3.6441870086884567,0.4524084946821556
Uttar Pradesh,2013,245390,245390,3.71,Kharif,29.62532786885246,33.462786885245905,26.023196721311475,981.17,2168.28,77.60540983606558,2.1707377049180328,0.5140465066004847,1.8787460287404114,1.922217625155151,0.9660736450144808,3.6441870086884567,0.4524084946821556
Uttar Pradesh,2013,245390,245390,3.6,Kharif,29.62532786885246,33.462786885245905,26.023196721311475,981.17,2168.28,77.60540983606558,2.1707377049180328,0.5140465066004847,1.8787460287404114,1.922217625155151,0.9660736450144808,3.6441870086884567,0.4524084946821556
Uttar Pradesh,2013,245390,245390,2.44,Kharif,29.62532786885246,33.462786885245905,26.023196721311475,981.17,2168.28,77.60540983606558,2.1707377049180328,0.5140465066004847,1.8787460287404114,1.922217625155151,0.9660736450144808,3.6441870086884567,0.4524084946821556
Uttar Pradesh,2013,245390,245390,3.44,Kharif,29.62532786885246,33.462786885245905,26.023196721311475,981.17,2168.28,77.60540983606558,2.1707377049180328,0.5140465066004847,1.8787460287404114,1.922217625155151,0.9660736450144808,3.6441870086884567,0.4524084946821556
Uttar Pradesh,2013,245390,245390,2.38,Kharif,29.62532786885246,33.462786885245905,26.023196721311475,981.17,2168.28,77.60540983606558,2.1707377049180328,0.5140465066004847,1.8787460287404114,1.922217625155151,0.9660736450144808,3.6441870086884567,0.4524084946821556
Uttar Pradesh,2013,245390,245390,3.29,Kharif,29.62532786885246,33.462786885245905,26.023196721311475,981.17,2168.28,77.60540983606558,2.1707377049180328,0.5140465066004847,1.8787460287404114,1.922217625155151,0.9660736450144808,3.6441870086884567,0.4524084946821556
Uttar Pradesh,2013,245390,245390,3.81,Kharif,29.62532786885246,33.462786885245905,26.023196721311475,981.17,2168.28,77.60540983606558,2.1707377049180328,0.5140465066004847,1.8787460287404114,1.922217625155151,0.9660736450144808,3.6441870086884567,0.4524084946821556
Uttar Pradesh,2013,245390,245390,3.09,Kharif,29.62532786885246,33.462786885245905,26.023196721311475,981.17,2168.28,77.60540983606558,2.1707377049180328,0.5140465066004847,1.8787460287404114,1.922217625155151,0.9660736450144808,3.6441870086884567,0.4524084946821556
Uttar Pradesh,2013,245390,245390,4.5,Kharif,29.62532786885246,33.462786885245905,26.023196721311475,981.17,2168.28,77.60540983606558,2.1707377049180328,0.5140465066004847,1.8787460287404114,1.922217625155151,0.9660736450144808,3.6441870086884567,0.4524084946821556
Uttar Pradesh,2013,245390,245390,3.23,Kharif,29.62532786885246,33.462786885245905,26.023196721311475,981.17,2168.28,77.60540983606558,2.1707377049180328,0.5140465066004847,1.8787460287404114,1.922217625155151,0.9660736450144808,3.6441870086884567,0.4524084946821556
Uttar Pradesh,2013,245390,245390,2.87,Kharif,29.62532786885246,33.462786885245905,26.023196721311475,981.17,2168.28,77.60540983606558,2.1707377049180328,0.5140465066004847,1.8787460287404114,1.922217625155151,0.9660736450144808,3.6441870086884567,0.4524084946821556
Uttar Pradesh,2013,245390,245390,2.76,Kharif,29.62532786885246,33.462786885245905,26.023196721311475,981.17,2168.28,77.60540983606558,2.1707377049180328,0.5140465066004847,1.8787460287404114,1.922217625155151,0.9660736450144808,3.6441870086884567,0.4524084946821556
Uttar Pradesh,2013,245390,245390,1.9,Kharif,29.62532786885246,33.462786885245905,26.023196721311475,981.17,2168.28,77.60540983606558,2.1707377049180328,0.5140465066004847,1.8787460287404114,1.922217625155151,0.9660736450144808,3.6441870086884567,0.4524084946821556
Uttar Pradesh,2013,245390,245390,3.55,Kharif,29.62532786885246,33.462786885245905,26.023196721311475,981.17,2168.28,77.60540983606558,2.1707377049180328,0.5140465066004847,1.8787460287404114,1.922217625155151,0.9660736450144808,3.6441870086884567,0.4524084946821556
Uttar Pradesh,2013,245390,245390,3.15,Kharif,29.62532786885246,33.462786885245905,26.023196721311475,981.17,2168.28,77.60540983606558,2.1707377049180328,0.5140465066004847,1.8787460287404114,1.922217625155151,0.9660736450144808,3.6441870086884567,0.4524084946821556
Uttar Pradesh,2013,245390,245390,3.22,Kharif,29.62532786885246,33.462786885245905,26.023196721311475,981.17,2168.28,77.60540983606558,2.1707377049180328,0.5140465066004847,1.8787460287404114,1.922217625155151,0.9660736450144808,3.6441870086884567,0.4524084946821556
Uttar Pradesh,2013,245390,245390,3.3,Kharif,29.62532786885246,33.462786885245905,26.023196721311475,981.17,2168.28,77.60540983606558,2.1707377049180328,0.5140465066004847,1.8787460287404114,1.922217625155151,0.9660736450144808,3.6441870086884567,0.4524084946821556
Uttar Pradesh,2013,245390,245390,3.65,Kharif,29.62532786885246,33.462786885245905,26.023196721311475,981.17,2168.28,77.60540983606558,2.1707377049180328,0.5140465066004847,1.8787460287404114,1.922217625155151,0.9660736450144808,3.6441870086884567,0.4524084946821556
Uttar Pradesh,2013,245390,245390,4.12,Kharif,29.62532786885246,33.462786885245905,26.023196721311475,981.17,2168.28,77.60540983606558,2.1707377049180328,0.5140465066004847,1.8787460287404114,1.922217625155151,0.9660736450144808,3.6441870086884567,0.4524084946821556
Uttar Pradesh,2013,245390,245390,2.63,Kharif,29.62532786885246,33.462786885245905,26.023196721311475,981.17,2168.28,77.60540983606558,2.1707377049180328,0.5140465066004847,1.8787460287404114,1.922217625155151,0.9660736450144808,3.6441870086884567,0.4524084946821556
Uttar Pradesh,2013,245390,245390,1.96,Kharif,29.62532786885246,33.462786885245905,26.023196721311475,981.17,2168.28,77.60540983606558,2.1707377049180328,0.5140465066004847,1.8787460287404114,1.922217625155151,0.9660736450144808,3.6441870086884567,0.4524084946821556
Uttar Pradesh,2013,245390,245390,3.02,Kharif,29.62532786885246,33.462786885245905,26.023196721311475,981.17,2168.28,77.60540983606558,2.1707377049180328,0.5140465066004847,1.8787460287404114,1.922217625155151,0.9660736450144808,3.6441870086884567,0.4524084946821556
Uttar Pradesh,2013,245390,245390,3.71,Rabi,20.718301886792453,28.69481132075472,14.09943396226415,245.66,3332.21,54.68556603773585,1.871084905660377,0.47061152602756506,1.8787460287404114,1.922217625155151,0.9660736450144808,3.6441870086884567,0.4524084946821556
Uttar Pradesh,2013,245390,245390,3.6,Rabi,20.718301886792453,28.69481132075472,14.09943396226415,245.66,3332.21,54.68556603773585,1.871084905660377,0.47061152602756506,1.8787460287404114,1.922217625155151,0.9660736450144808,3.6441870086884567,0.4524084946821556
Uttar Pradesh,2013,245390,245390,2.44,Rabi,20.718301886792453,28.69481132075472,14.09943396226415,245.66,3332.21,54.68556603773585,1.871084905660377,0.47061152602756506,1.8787460287404114,1.922217625155151,0.9660736450144808,3.6441870086884567,0.4524084946821556
Uttar Pradesh,2013,245390,245390,3.44,Rabi,20.718301886792453,28.69481132075472,14.09943396226415,245.66,3332.21,54.68556603773585,1.871084905660377,0.47061152602756506,1.8787460287404114,1.922217625155151,0.9660736450144808,3.6441870086884567,0.4524084946821556
Uttar Pradesh,2013,245390,245390,2.38,Rabi,20.718301886792453,28.69481132075472,14.09943396226415,245.66,3332.21,54.68556603773585,1.871084905660377,0.47061152602756506,1.8787460287404114,1.922217625155151,0.9660736450144808,3.6441870086884567,0.4524084946821556
Uttar Pradesh,2013,245390,245390,3.29,Rabi,20.718301886792453,28.69481132075472,14.09943396226415,245.66,3332.21,54.68556603773585,1.871084905660377,0.47061152602756506,1.8787460287404114,1.922217625155151,0.9660736450144808,3.6441870086884567,0.4524084946821556
Uttar Pradesh,2013,245390,245390,3.81,Rabi,20.718301886792453,28.69481132075472,14.09943396226415,245.66,3332.21,54.68556603773585,1.871084905660377,0.47061152602756506,1.8787460287404114,1.922217625155151,0.9660736450144808,3.6441870086884567,0.4524084946821556
Uttar Pradesh,2013,245390,245390,3.09,Rabi,20.718301886792453,28.69481132075472,14.09943396226415,245.66,3332.21,54.68556603773585,1.871084905660377,0.47061152602756506,1.8787460287404114,1.922217625155151,0.9660736450144808,3.6441870086884567,0.4524084946821556
Uttar Pradesh,2013,245390,245390,4.5,Rabi,20.718301886792453,28.69481132075472,14.09943396226415,245.66,3332.21,54.68556603773585,1.871084905660377,0.47061152602756506,1.8787460287404114,1.922217625155151,0.9660736450144808,3.6441870086884567,0.4524084946821556
Uttar Pradesh,2013,245390,245390,3.23,Rabi,20.718301886792453,28.69481132075472,14.09943396226415,245.66,3332.21,54.68556603773585,1.871084905660377,0.47061152602756506,1.8787460287404114,1.922217625155151,0.9660736450144808,3.6441870086884567,0.4524084946821556
Uttar Pradesh,2013,245390,245390,2.87,Rabi,20.718301886792453,28.69481132075472,14.09943396226415,245.66,3332.21,54.68556603773585,1.871084905660377,0.47061152602756506,1.8787460287404114,1.922217625155151,0.9660736450144808,3.6441870086884567,0.4524084946821556
Uttar Pradesh,2013,245390,245390,2.76,Rabi,20.718301886792453,28.69481132075472,14.09943396226415,245.66,3332.21,54.68556603773585,1.871084905660377,0.47061152602756506,1.8787460287404114,1.922217625155151,0.9660736450144808,3.6441870086884567,0.4524084946821556
Uttar Pradesh,2013,245390,245390,1.9,Rabi,20.718301886792453,28.69481132075472,14.09943396226415,245.66,3332.21,54.68556603773585,1.871084905660377,0.47061152602756506,1.8787460287404114,1.922217625155151,0.9660736450144808,3.6441870086884567,0.4524084946821556
Uttar Pradesh,2013,245390,245390,3.55,Rabi,20.718301886792453,28.69481132075472,14.09943396226415,245.66,3332.21,54.68556603773585,1.871084905660377,0.47061152602756506,1.8787460287404114,1.922217625155151,0.9660736450144808,3.6441870086884567,0.4524084946821556
Uttar Pradesh,2013,245390,245390,3.15,Rabi,20.718301886792453,28.69481132075472,14.09943396226415,245.66,3332.21,54.68556603773585,1.871084905660377,0.47061152602756506,1.8787460287404114,1.922217625155151,0.9660736450144808,3.6441870086884567,0.4524084946821556
Uttar Pradesh,2013,245390,245390,3.22,Rabi,20.718301886792453,28.69481132075472,14.09943396226415,245.66,3332.21,54.68556603773585,1.871084905660377,0.47061152602756506,1.8787460287404114,1.922217625155151,0.9660736450144808,3.6441870086884567,0.4524084946821556
Uttar Pradesh,2013,245390,245390,3.3,Rabi,20.718301886792453,28.69481132075472,14.09943396226415,245.66,3332.21,54.68556603773585,1.871084905660377,0.47061152602756506,1.8787460287404114,1.922217625155151,0.9660736450144808,3.6441870086884567,0.4524084946821556
Uttar Pradesh,2013,245390,245390,3.65,Rabi,20.718301886792453,28.69481132075472,14.09943396226415,245.66,3332.21,54.68556603773585,1.871084905660377,0.47061152602756506,1.8787460287404114,1.922217625155151,0.9660736450144808,3.6441870086884567,0.4524084946821556
Uttar Pradesh,2013,245390,245390,4.12,Rabi,20.718301886792453,28.69481132075472,14.09943396226415,245.66,3332.21,54.68556603773585,1.871084905660377,0.47061152602756506,1.8787460287404114,1.922217625155151,0.9660736450144808,3.6441870086884567,0.4524084946821556
Uttar Pradesh,2013,245390,245390,2.63,Rabi,20.718301886792453,28.69481132075472,14.09943396226415,245.66,3332.21,54.68556603773585,1.871084905660377,0.47061152602756506,1.8787460287404114,1.922217625155151,0.9660736450144808,3.6441870086884567,0.4524084946821556
Uttar Pradesh,2013,245390,245390,1.96,Rabi,20.718301886792453,28.69481132075472,14.09943396226415,245.66,3332.21,54.68556603773585,1.871084905660377,0.47061152602756506,1.8787460287404114,1.922217625155151,0.9660736450144808,3.6441870086884567,0.4524084946821556
Uttar Pradesh,2013,245390,245390,3.02,Rabi,20.718301886792453,28.69481132075472,14.09943396226415,245.66,3332.21,54.68556603773585,1.871084905660377,0.47061152602756506,1.8787460287404114,1.922217625155151,0.9660736450144808,3.6441870086884567,0.4524084946821556
Uttar Pradesh,2014,255586,255586,2.41,Kharif,32.198934426229506,37.11131147540984,27.35344262295082,675.54,2375.84,60.76213114754098,2.0797540983606555,0.47494062549101845,1.8787460287404114,1.922217625155151,0.9660736450144808,3.6441870086884567,0.4524084946821556
Uttar Pradesh,2014,255586,255586,2.45,Kharif,32.198934426229506,37.11131147540984,27.35344262295082,675.54,2375.84,60.76213114754098,2.0797540983606555,0.47494062549101845,1.8787460287404114,1.922217625155151,0.9660736450144808,3.6441870086884567,0.4524084946821556
Uttar Pradesh,2014,255586,255586,1.36,Kharif,32.198934426229506,37.11131147540984,27.35344262295082,675.54,2375.84,60.76213114754098,2.0797540983606555,0.47494062549101845,1.8787460287404114,1.922217625155151,0.9660736450144808,3.6441870086884567,0.4524084946821556
Uttar Pradesh,2014,255586,255586,2.3,Kharif,32.198934426229506,37.11131147540984,27.35344262295082,675.54,2375.84,60.76213114754098,2.0797540983606555,0.47494062549101845,1.8787460287404114,1.922217625155151,0.9660736450144808,3.6441870086884567,0.4524084946821556
Uttar Pradesh,2014,255586,255586,1.82,Kharif,32.198934426229506,37.11131147540984,27.35344262295082,675.54,2375.84,60.76213114754098,2.0797540983606555,0.47494062549101845,1.8787460287404114,1.922217625155151,0.9660736450144808,3.6441870086884567,0.4524084946821556
Uttar Pradesh,2014,255586,255586,2.11,Kharif,32.198934426229506,37.11131147540984,27.35344262295082,675.54,2375.84,60.76213114754098,2.0797540983606555,0.47494062549101845,1.8787460287404114,1.922217625155151,0.9660736450144808,3.6441870086884567,0.4524084946821556
Uttar Pradesh,2014,255586,255586,2.26,Kharif,32.198934426229506,37.11131147540984,27.35344262295082,675.54,2375.84,60.76213114754098,2.0797540983606555,0.47494062549101845,1.8787460287404114,1.922217625155151,0.9660736450144808,3.6441870086884567,0.4524084946821556
Uttar Pradesh,2014,255586,255586,2.12,Kharif,32.198934426229506,37.11131147540984,27.35344262295082,675.54,2375.84,60.76213114754098,2.0797540983606555,0.47494062549101845,1.8787460287404114,1.922217625155151,0.9660736450144808,3.6441870086884567,0.4524084946821556
Uttar Pradesh,2014,255586,255586,3.39,Kharif,32.198934426229506,37.11131147540984,27.35344262295082,675.54,2375.84,60.76213114754098,2.0797540983606555,0.47494062549101845,1.8787460287404114,1.922217625155151,0.9660736450144808,3.6441870086884567,0.4524084946821556
Uttar Pradesh,2014,255586,255586,2.38,Kharif,32.198934426229506,37.11131147540984,27.35344262295082,675.54,2375.84,60.76213114754098,2.0797540983606555,0.47494062549101845,1.8787460287404114,1.922217625155151,0.9660736450144808,3.6441870086884567,0.4524084946821556
Uttar Pradesh,2014,255586,255586,2.27,Kharif,32.198934426229506,37.11131147540984,27.35344262295082,675.54,2375.84,60.76213114754098,2.0797540983606555,0.47494062549101845,1.8787460287404114,1.922217625155151,0.9660736450144808,3.6441870086884567,0.4524084946821556
Uttar Pradesh,2014,255586,255586,2.1,Kharif,32.198934426229506,37.11131147540984,27.35344262295082,675.54,2375.84,60.76213114754098,2.0797540983606555,0.47494062549101845,1.8787460287404114,1.922217625155151,0.9660736450144808,3.6441870086884567,0.4524084946821556
Uttar Pradesh,2014,255586,255586,0.91,Kharif,32.198934426229506,37.11131147540984,27.35344262295082,675.54,2375.84,60.76213114754098,2.0797540983606555,0.47494062549101845,1.8787460287404114,1.922217625155151,0.9660736450144808,3.6441870086884567,0.4524084946821556
Uttar Pradesh,2014,255586,255586,2.37,Kharif,32.198934426229506,37.11131147540984,27.35344262295082,675.54,2375.84,60.76213114754098,2.0797540983606555,0.47494062549101845,1.8787460287404114,1.922217625155151,0.9660736450144808,3.6441870086884567,0.4524084946821556
Uttar Pradesh,2014,255586,255586,1.86,Kharif,32.198934426229506,37.11131147540984,27.35344262295082,675.54,2375.84,60.76213114754098,2.0797540983606555,0.47494062549101845,1.8787460287404114,1.922217625155151,0.9660736450144808,3.6441870086884567,0.4524084946821556
Uttar Pradesh,2014,255586,255586,2.7,Kharif,32.198934426229506,37.11131147540984,27.35344262295082,675.54,2375.84,60.76213114754098,2.0797540983606555,0.47494062549101845,1.8787460287404114,1.922217625155151,0.9660736450144808,3.6441870086884567,0.4524084946821556
Uttar Pradesh,2014,255586,255586,2.73,Kharif,32.198934426229506,37.11131147540984,27.35344262295082,675.54,2375.84,60.76213114754098,2.0797540983606555,0.47494062549101845,1.8787460287404114,1.922217625155151,0.9660736450144808,3.6441870086884567,0.4524084946821556
Uttar Pradesh,2014,255586,255586,1.47,Kharif,32.198934426229506,37.11131147540984,27.35344262295082,675.54,2375.84,60.76213114754098,2.0797540983606555,0.47494062549101845,1.8787460287404114,1.922217625155151,0.9660736450144808,3.6441870086884567,0.4524084946821556
Uttar Pradesh,2014,255586,255586,1.12,Kharif,32.198934426229506,37.11131147540984,27.35344262295082,675.54,2375.84,60.76213114754098,2.0797540983606555,0.47494062549101845,1.8787460287404114,1.922217625155151,0.9660736450144808,3.6441870086884567,0.4524084946821556
Uttar Pradesh,2014,255586,255586,1.88,Kharif,32.198934426229506,37.11131147540984,27.35344262295082,675.54,2375.84,60.76213114754098,2.0797540983606555,0.47494062549101845,1.8787460287404114,1.922217625155151,0.9660736450144808,3.6441870086884567,0.4524084946821556
Uttar Pradesh,2014,255586,255586,2.41,Rabi,20.976462264150943,29.288726415094334,14.016084905660376,187.1,3282.99,46.61655660377358,1.9401415094339625,0.4797300940549194,1.8787460287404114,1.922217625155151,0.9660736450144808,3.6441870086884567,0.4524084946821556
Uttar Pradesh,2014,255586,255586,2.45,Rabi,20.976462264150943,29.288726415094334,14.016084905660376,187.1,3282.99,46.61655660377358,1.9401415094339625,0.4797300940549194,1.8787460287404114,1.922217625155151,0.9660736450144808,3.6441870086884567,0.4524084946821556
Uttar Pradesh,2014,255586,255586,1.36,Rabi,20.976462264150943,29.288726415094334,14.016084905660376,187.1,3282.99,46.61655660377358,1.9401415094339625,0.4797300940549194,1.8787460287404114,1.922217625155151,0.9660736450144808,3.6441870086884567,0.4524084946821556
Uttar Pradesh,2014,255586,255586,2.3,Rabi,20.976462264150943,29.288726415094334,14.016084905660376,187.1,3282.99,46.61655660377358,1.9401415094339625,0.4797300940549194,1.8787460287404114,1.922217625155151,0.9660736450144808,3.6441870086884567,0.4524084946821556
Uttar Pradesh,2014,255586,255586,1.82,Rabi,20.976462264150943,29.288726415094334,14.016084905660376,187.1,3282.99,46.61655660377358,1.9401415094339625,0.4797300940549194,1.8787460287404114,1.922217625155151,0.9660736450144808,3.6441870086884567,0.4524084946821556
Uttar Pradesh,2014,255586,255586,2.11,Rabi,20.976462264150943,29.288726415094334,14.016084905660376,187.1,3282.99,46.61655660377358,1.9401415094339625,0.4797300940549194,1.8787460287404114,1.922217625155151,0.9660736450144808,3.6441870086884567,0.4524084946821556
Uttar Pradesh,2014,255586,255586,2.26,Rabi,20.976462264150943,29.288726415094334,14.016084905660376,187.1,3282.99,46.61655660377358,1.9401415094339625,0.4797300940549194,1.8787460287404114,1.922217625155151,0.9660736450144808,3.6441870086884567,0.4524084946821556
Uttar Pradesh,2014,255586,255586,2.12,Rabi,20.976462264150943,29.288726415094334,14.016084905660376,187.1,3282.99,46.61655660377358,1.9401415094339625,0.4797300940549194,1.8787460287404114,1.922217625155151,0.9660736450144808,3.6441870086884567,0.4524084946821556
Uttar Pradesh,2014,255586,255586,3.39,Rabi,20.976462264150943,29.288726415094334,14.016084905660376,187.1,3282.99,46.61655660377358,1.9401415094339625,0.4797300940549194,1.8787460287404114,1.922217625155151,0.9660736450144808,3.6441870086884567,0.4524084946821556
Uttar Pradesh,2014,255586,255586,2.38,Rabi,20.976462264150943,29.288726415094334,14.016084905660376,187.1,3282.99,46.61655660377358,1.9401415094339625,0.4797300940549194,1.8787460287404114,1.922217625155151,0.9660736450144808,3.6441870086884567,0.4524084946821556
Uttar Pradesh,2014,255586,255586,2.27,Rabi,20.976462264150943,29.288726415094334,14.016084905660376,187.1,3282.99,46.61655660377358,1.9401415094339625,0.4797300940549194,1.8787460287404114,1.922217625155151,0.9660736450144808,3.6441870086884567,0.4524084946821556
Uttar Pradesh,2014,255586,255586,2.1,Rabi,20.976462264150943,29.288726415094334,14.016084905660376,187.1,3282.99,46.61655660377358,1.9401415094339625,0.4797300940549194,1.8787460287404114,1.922217625155151,0.9660736450144808,3.6441870086884567,0.4524084946821556
Uttar Pradesh,2014,255586,255586,0.91,Rabi,20.976462264150943,29.288726415094334,14.016084905660376,187.1,3282.99,46.61655660377358,1.9401415094339625,0.4797300940549194,1.8787460287404114,1.922217625155151,0.9660736450144808,3.6441870086884567,0.4524084946821556
Uttar Pradesh,2014,255586,255586,2.37,Rabi,20.976462264150943,29.288726415094334,14.016084905660376,187.1,3282.99,46.61655660377358,1.9401415094339625,0.4797300940549194,1.8787460287404114,1.922217625155151,0.9660736450144808,3.6441870086884567,0.4524084946821556
Uttar Pradesh,2014,255586,255586,1.86,Rabi,20.976462264150943,29.288726415094334,14.016084905660376,187.1,3282.99,46.61655660377358,1.9401415094339625,0.4797300940549194,1.8787460287404114,1.922217625155151,0.9660736450144808,3.6441870086884567,0.4524084946821556
Uttar Pradesh,2014,255586,255586,2.7,Rabi,20.976462264150943,29.288726415094334,14.016084905660376,187.1,3282.99,46.61655660377358,1.9401415094339625,0.4797300940549194,1.8787460287404114,1.922217625155151,0.9660736450144808,3.6441870086884567,0.4524084946821556
Uttar Pradesh,2014,255586,255586,2.73,Rabi,20.976462264150943,29.288726415094334,14.016084905660376,187.1,3282.99,46.61655660377358,1.9401415094339625,0.4797300940549194,1.8787460287404114,1.922217625155151,0.9660736450144808,3.6441870086884567,0.4524084946821556
Uttar Pradesh,2014,255586,255586,1.47,Rabi,20.976462264150943,29.288726415094334,14.016084905660376,187.1,3282.99,46.61655660377358,1.9401415094339625,0.4797300940549194,1.8787460287404114,1.922217625155151,0.9660736450144808,3.6441870086884567,0.4524084946821556
Uttar Pradesh,2014,255586,255586,1.12,Rabi,20.976462264150943,29.288726415094334,14.016084905660376,187.1,3282.99,46.61655660377358,1.9401415094339625,0.4797300940549194,1.8787460287404114,1.922217625155151,0.9660736450144808,3.6441870086884567,0.4524084946821556
Uttar Pradesh,2014,255586,255586,1.88,Rabi,20.976462264150943,29.288726415094334,14.016084905660376,187.1,3282.99,46.61655660377358,1.9401415094339625,0.4797300940549194,1.8787460287404114,1.922217625155151,0.9660736450144808,3.6441870086884567,0.4524084946821556
Uttar Pradesh,2015,251324,251324,3.23,Kharif,31.88188524590164,36.96950819672131,27.08737704918033,541.76,2478.75,60.19819672131148,2.2864754098360653,0.499800617228786,1.8787460287404114,1.922217625155151,0.9660736450144808,3.6441870086884567,0.4524084946821556
Uttar Pradesh,2015,251324,251324,3.28,Kharif,31.88188524590164,36.96950819672131,27.08737704918033,541.76,2478.75,60.19819672131148,2.2864754098360653,0.499800617228786,1.8787460287404114,1.922217625155151,0.9660736450144808,3.6441870086884567,0.4524084946821556
Uttar Pradesh,2015,251324,251324,1.91,Kharif,31.88188524590164,36.96950819672131,27.08737704918033,541.76,2478.75,60.19819672131148,2.2864754098360653,0.499800617228786,1.8787460287404114,1.922217625155151,0.9660736450144808,3.6441870086884567,0.4524084946821556
Uttar Pradesh,2015,251324,251324,3.18,Kharif,31.88188524590164,36.96950819672131,27.08737704918033,541.76,2478.75,60.19819672131148,2.2864754098360653,0.499800617228786,1.8787460287404114,1.922217625155151,0.9660736450144808,3.6441870086884567,0.4524084946821556
Uttar Pradesh,2015,251324,251324,2.38,Kharif,31.88188524590164,36.96950819672131,27.08737704918033,541.76,2478.75,60.19819672131148,2.2864754098360653,0.499800617228786,1.8787460287404114,1.922217625155151,0.9660736450144808,3.6441870086884567,0.4524084946821556
Uttar Pradesh,2015,251324,251324,2.96,Kharif,31.88188524590164,36.96950819672131,27.08737704918033,541.76,2478.75,60.19819672131148,2.2864754098360653,0.499800617228786,1.8787460287404114,1.922217625155151,0.9660736450144808,3.6441870086884567,0.4524084946821556
Uttar Pradesh,2015,251324,251324,3.08,Kharif,31.88188524590164,36.96950819672131,27.08737704918033,541.76,2478.75,60.19819672131148,2.2864754098360653,0.499800617228786,1.8787460287404114,1.922217625155151,0.9660736450144808,3.6441870086884567,0.4524084946821556
Uttar Pradesh,2015,251324,251324,2.73,Kharif,31.88188524590164,36.96950819672131,27.08737704918033,541.76,2478.75,60.19819672131148,2.2864754098360653,0.499800617228786,1.8787460287404114,1.922217625155151,0.9660736450144808,3.6441870086884567,0.4524084946821556
Uttar Pradesh,2015,251324,251324,4.14,Kharif,31.88188524590164,36.96950819672131,27.08737704918033,541.76,2478.75,60.19819672131148,2.2864754098360653,0.499800617228786,1.8787460287404114,1.922217625155151,0.9660736450144808,3.6441870086884567,0.4524084946821556
Uttar Pradesh,2015,251324,251324,2.66,Kharif,31.88188524590164,36.96950819672131,27.08737704918033,541.76,2478.75,60.19819672131148,2.2864754098360653,0.499800617228786,1.8787460287404114,1.922217625155151,0.9660736450144808,3.6441870086884567,0.4524084946821556
Uttar Pradesh,2015,251324,251324,2.71,Kharif,31.88188524590164,36.96950819672131,27.08737704918033,541.76,2478.75,60.19819672131148,2.2864754098360653,0.499800617228786,1.8787460287404114,1.922217625155151,0.9660736450144808,3.6441870086884567,0.4524084946821556
Uttar Pradesh,2015,251324,251324,2.39,Kharif,31.88188524590164,36.96950819672131,27.08737704918033,541.76,2478.75,60.19819672131148,2.2864754098360653,0.499800617228786,1.8787460287404114,1.922217625155151,0.9660736450144808,3.6441870086884567,0.4524084946821556
Uttar Pradesh,2015,251324,251324,1.2,Kharif,31.88188524590164,36.96950819672131,27.08737704918033,541.76,2478.75,60.19819672131148,2.2864754098360653,0.499800617228786,1.8787460287404114,1.922217625155151,0.9660736450144808,3.6441870086884567,0.4524084946821556
Uttar Pradesh,2015,251324,251324,2.97,Kharif,31.88188524590164,36.96950819672131,27.08737704918033,541.76,2478.75,60.19819672131148,2.2864754098360653,0.499800617228786,1.8787460287404114,1.922217625155151,0.9660736450144808,3.6441870086884567,0.4524084946821556
Uttar Pradesh,2015,251324,251324,2.93,Kharif,31.88188524590164,36.96950819672131,27.08737704918033,541.76,2478.75,60.19819672131148,2.2864754098360653,0.499800617228786,1.8787460287404114,1.922217625155151,0.9660736450144808,3.6441870086884567,0.4524084946821556
Uttar Pradesh,2015,251324,251324,2.62,Kharif,31.88188524590164,36.96950819672131,27.08737704918033,541.76,2478.75,60.19819672131148,2.2864754098360653,0.499800617228786,1.8787460287404114,1.922217625155151,0.9660736450144808,3.6441870086884567,0.4524084946821556
Uttar Pradesh,2015,251324,251324,3.1,Kharif,31.88188524590164,36.96950819672131,27.08737704918033,541.76,2478.75,60.19819672131148,2.2864754098360653,0.499800617228786,1.8787460287404114,1.922217625155151,0.9660736450144808,3.6441870086884567,0.4524084946821556
Uttar Pradesh,2015,251324,251324,2.83,Kharif,31.88188524590164,36.96950819672131,27.08737704918033,541.76,2478.75,60.19819672131148,2.2864754098360653,0.499800617228786,1.8787460287404114,1.922217625155151,0.9660736450144808,3.6441870086884567,0.4524084946821556
Uttar Pradesh,2015,251324,251324,3.87,Kharif,31.88188524590164,36.96950819672131,27.08737704918033,541.76,2478.75,60.19819672131148,2.2864754098360653,0.499800617228786,1.8787460287404114,1.922217625155151,0.9660736450144808,3.6441870086884567,0.4524084946821556
Uttar Pradesh,2015,251324,251324,1.92,Kharif,31.88188524590164,36.96950819672131,27.08737704918033,541.76,2478.75,60.19819672131148,2.2864754098360653,0.499800617228786,1.8787460287404114,1.922217625155151,0.9660736450144808,3.6441870086884567,0.4524084946821556
Uttar Pradesh,2015,251324,251324,1.19,Kharif,31.88188524590164,36.96950819672131,27.08737704918033,541.76,2478.75,60.19819672131148,2.2864754098360653,0.499800617228786,1.8787460287404114,1.922217625155151,0.9660736450144808,3.6441870086884567,0.4524084946821556
Uttar Pradesh,2015,251324,251324,3.23,Rabi,22.17816037735849,30.33216981132076,15.270990566037735,184.15,3216.9,42.3222641509434,1.7479716981132074,0.4580886467587489,1.8787460287404114,1.922217625155151,0.9660736450144808,3.6441870086884567,0.4524084946821556
Uttar Pradesh,2015,251324,251324,3.28,Rabi,22.17816037735849,30.33216981132076,15.270990566037735,184.15,3216.9,42.3222641509434,1.7479716981132074,0.4580886467587489,1.8787460287404114,1.922217625155151,0.9660736450144808,3.6441870086884567,0.4524084946821556
Uttar Pradesh,2015,251324,251324,1.91,Rabi,22.17816037735849,30.33216981132076,15.270990566037735,184.15,3216.9,42.3222641509434,1.7479716981132074,0.4580886467587489,1.8787460287404114,1.922217625155151,0.9660736450144808,3.6441870086884567,0.4524084946821556
Uttar Pradesh,2015,251324,251324,3.18,Rabi,22.17816037735849,30.33216981132076,15.270990566037735,184.15,3216.9,42.3222641509434,1.7479716981132074,0.4580886467587489,1.8787460287404114,1.922217625155151,0.9660736450144808,3.6441870086884567,0.4524084946821556
Uttar Pradesh,2015,251324,251324,2.38,Rabi,22.17816037735849,30.33216981132076,15.270990566037735,184.15,3216.9,42.3222641509434,1.7479716981132074,0.4580886467587489,1.8787460287404114,1.922217625155151,0.9660736450144808,3.6441870086884567,0.4524084946821556
Uttar Pradesh,2015,251324,251324,2.96,Rabi,22.17816037735849,30.33216981132076,15.270990566037735,184.15,3216.9,42.3222641509434,1.7479716981132074,0.4580886467587489,1.8787460287404114,1.922217625155151,0.9660736450144808,3.6441870086884567,0.4524084946821556
Uttar Pradesh,2015,251324,251324,3.08,Rabi,22.17816037735849,30.33216981132076,15.270990566037735,184.15,3216.9,42.3222641509434,1.7479716981132074,0.4580886467587489,1.8787460287404114,1.922217625155151,0.9660736450144808,3.6441870086884567,0.4524084946821556
Uttar Pradesh,2015,251324,251324,2.73,Rabi,22.17816037735849,30.33216981132076,15.270990566037735,184.15,3216.9,42.3222641509434,1.7479716981132074,0.4580886467587489,1.8787460287404114,1.922217625155151,0.9660736450144808,3.6441870086884567,0.4524084946821556
Uttar Pradesh,2015,251324,251324,4.14,Rabi,22.17816037735849,30.33216981132076,15.270990566037735,184.15,3216.9,42.3222641509434,1.7479716981132074,0.4580886467587489,1.8787460287404114,1.922217625155151,0.9660736450144808,3.6441870086884567,0.4524084946821556
Uttar Pradesh,2015,251324,251324,2.66,Rabi,22.17816037735849,30.33216981132076,15.270990566037735,184.15,3216.9,42.3222641509434,1.7479716981132074,0.4580886467587489,1.8787460287404114,1.922217625155151,0.9660736450144808,3.6441870086884567,0.4524084946821556
Uttar Pradesh,2015,251324,251324,2.71,Rabi,22.17816037735849,30.33216981132076,15.270990566037735,184.15,3216.9,42.3222641509434,1.7479716981132074,0.4580886467587489,1.8787460287404114,1.922217625155151,0.9660736450144808,3.6441870086884567,0.4524084946821556
Uttar Pradesh,2015,251324,251324,2.39,Rabi,22.17816037735849,30.33216981132076,15.270990566037735,184.15,3216.9,42.3222641509434,1.7479716981132074,0.4580886467587489,1.8787460287404114,1.922217625155151,0.9660736450144808,3.6441870086884567,0.4524084946821556
Uttar Pradesh,2015,251324,251324,1.2,Rabi,22.17816037735849,30.33216981132076,15.270990566037735,184.15,3216.9,42.3222641509434,1.7479716981132074,0.4580886467587489,1.8787460287404114,1.922217625155151,0.9660736450144808,3.6441870086884567,0.4524084946821556
Uttar Pradesh,2015,251324,251324,2.97,Rabi,22.17816037735849,30.33216981132076,15.270990566037735,184.15,3216.9,42.3222641509434,1.7479716981132074,0.4580886467587489,1.8787460287404114,1.922217625155151,0.9660736450144808,3.6441870086884567,0.4524084946821556
Uttar Pradesh,2015,251324,251324,2.93,Rabi,22.17816037735849,30.33216981132076,15.270990566037735,184.15,3216.9,42.3222641509434,1.7479716981132074,0.4580886467587489,1.8787460287404114,1.922217625155151,0.9660736450144808,3.6441870086884567,0.4524084946821556
Uttar Pradesh,2015,251324,251324,2.62,Rabi,22.17816037735849,30.33216981132076,15.270990566037735,184.15,3216.9,42.3222641509434,1.7479716981132074,0.4580886467587489,1.8787460287404114,1.922217625155151,0.9660736450144808,3.6441870086884567,0.4524084946821556
Uttar Pradesh,2015,251324,251324,3.1,Rabi,22.17816037735849,30.33216981132076,15.270990566037735,184.15,3216.9,42.3222641509434,1.7479716981132074,0.4580886467587489,1.8787460287404114,1.922217625155151,0.9660736450144808,3.6441870086884567,0.4524084946821556
Uttar Pradesh,2015,251324,251324,2.83,Rabi,22.17816037735849,30.33216981132076,15.270990566037735,184.15,3216.9,42.3222641509434,1.7479716981132074,0.4580886467587489,1.8787460287404114,1.922217625155151,0.9660736450144808,3.6441870086884567,0.4524084946821556
Uttar Pradesh,2015,251324,251324,3.87,Rabi,22.17816037735849,30.33216981132076,15.270990566037735,184.15,3216.9,42.3222641509434,1.7479716981132074,0.4580886467587489,1.8787460287404114,1.922217625155151,0.9660736450144808,3.6441870086884567,0.4524084946821556
Uttar Pradesh,2015,251324,251324,1.92,Rabi,22.17816037735849,30.33216981132076,15.270990566037735,184.15,3216.9,42.3222641509434,1.7479716981132074,0.4580886467587489,1.8787460287404114,1.922217625155151,0.9660736450144808,3.6441870086884567,0.4524084946821556
Uttar Pradesh,2015,251324,251324,1.19,Rabi,22.17816037735849,30.33216981132076,15.270990566037735,184.15,3216.9,42.3222641509434,1.7479716981132074,0.4580886467587489,1.8787460287404114,1.922217625155151,0.9660736450144808,3.6441870086884567,0.4524084946821556
Uttar Pradesh,2016,233621,233621,4.08,Kharif,30.28532786885246,34.147295081967215,26.704754098360656,896.1899999999999,2171.3,74.59319672131149,2.092377049180328,0.4953534476437307,1.8787460287404114,1.922217625155151,0.9660736450144808,3.6441870086884567,0.4524084946821556
Uttar Pradesh,2016,233621,233621,3.98,Kharif,30.28532786885246,34.147295081967215,26.704754098360656,896.1899999999999,2171.3,74.59319672131149,2.092377049180328,0.4953534476437307,1.8787460287404114,1.922217625155151,0.9660736450144808,3.6441870086884567,0.4524084946821556
Uttar Pradesh,2016,233621,233621,3.0,Kharif,30.28532786885246,34.147295081967215,26.704754098360656,896.1899999999999,2171.3,74.59319672131149,2.092377049180328,0.4953534476437307,1.8787460287404114,1.922217625155151,0.9660736450144808,3.6441870086884567,0.4524084946821556
Uttar Pradesh,2016,233621,233621,3.55,Kharif,30.28532786885246,34.147295081967215,26.704754098360656,896.1899999999999,2171.3,74.59319672131149,2.092377049180328,0.4953534476437307,1.8787460287404114,1.922217625155151,0.9660736450144808,3.6441870086884567,0.4524084946821556
Uttar Pradesh,2016,233621,233621,3.06,Kharif,30.28532786885246,34.147295081967215,26.704754098360656,896.1899999999999,2171.3,74.59319672131149,2.092377049180328,0.4953534476437307,1.8787460287404114,1.922217625155151,0.9660736450144808,3.6441870086884567,0.4524084946821556
Uttar Pradesh,2016,233621,233621,3.51,Kharif,30.28532786885246,34.147295081967215,26.704754098360656,896.1899999999999,2171.3,74.59319672131149,2.092377049180328,0.4953534476437307,1.8787460287404114,1.922217625155151,0.9660736450144808,3.6441870086884567,0.4524084946821556
Uttar Pradesh,2016,233621,233621,4.02,Kharif,30.28532786885246,34.147295081967215,26.704754098360656,896.1899999999999,2171.3,74.59319672131149,2.092377049180328,0.4953534476437307,1.8787460287404114,1.922217625155151,0.9660736450144808,3.6441870086884567,0.4524084946821556
Uttar Pradesh,2016,233621,233621,3.35,Kharif,30.28532786885246,34.147295081967215,26.704754098360656,896.1899999999999,2171.3,74.59319672131149,2.092377049180328,0.4953534476437307,1.8787460287404114,1.922217625155151,0.9660736450144808,3.6441870086884567,0.4524084946821556
Uttar Pradesh,2016,233621,233621,4.74,Kharif,30.28532786885246,34.147295081967215,26.704754098360656,896.1899999999999,2171.3,74.59319672131149,2.092377049180328,0.4953534476437307,1.8787460287404114,1.922217625155151,0.9660736450144808,3.6441870086884567,0.4524084946821556
Uttar Pradesh,2016,233621,233621,3.16,Kharif,30.28532786885246,34.147295081967215,26.704754098360656,896.1899999999999,2171.3,74.59319672131149,2.092377049180328,0.4953534476437307,1.8787460287404114,1.922217625155151,0.9660736450144808,3.6441870086884567,0.4524084946821556
Uttar Pradesh,2016,233621,233621,3.94,Kharif,30.28532786885246,34.147295081967215,26.704754098360656,896.1899999999999,2171.3,74.59319672131149,2.092377049180328,0.4953534476437307,1.8787460287404114,1.922217625155151,0.9660736450144808,3.6441870086884567,0.4524084946821556
Uttar Pradesh,2016,233621,233621,2.87,Kharif,30.28532786885246,34.147295081967215,26.704754098360656,896.1899999999999,2171.3,74.59319672131149,2.092377049180328,0.4953534476437307,1.8787460287404114,1.922217625155151,0.9660736450144808,3.6441870086884567,0.4524084946821556
Uttar Pradesh,2016,233621,233621,2.34,Kharif,30.28532786885246,34.147295081967215,26.704754098360656,896.1899999999999,2171.3,74.59319672131149,2.092377049180328,0.4953534476437307,1.8787460287404114,1.922217625155151,0.9660736450144808,3.6441870086884567,0.4524084946821556
Uttar Pradesh,2016,233621,233621,3.64,Kharif,30.28532786885246,34.147295081967215,26.704754098360656,896.1899999999999,2171.3,74.59319672131149,2.092377049180328,0.4953534476437307,1.8787460287404114,1.922217625155151,0.9660736450144808,3.6441870086884567,0.4524084946821556
Uttar Pradesh,2016,233621,233621,3.66,Kharif,30.28532786885246,34.147295081967215,26.704754098360656,896.1899999999999,2171.3,74.59319672131149,2.092377049180328,0.4953534476437307,1.8787460287404114,1.922217625155151,0.9660736450144808,3.6441870086884567,0.4524084946821556
Uttar Pradesh,2016,233621,233621,3.18,Kharif,30.28532786885246,34.147295081967215,26.704754098360656,896.1899999999999,2171.3,74.59319672131149,2.092377049180328,0.4953534476437307,1.8787460287404114,1.922217625155151,0.9660736450144808,3.6441870086884567,0.4524084946821556
Uttar Pradesh,2016,233621,233621,3.46,Kharif,30.28532786885246,34.147295081967215,26.704754098360656,896.1899999999999,2171.3,74.59319672131149,2.092377049180328,0.4953534476437307,1.8787460287404114,1.922217625155151,0.9660736450144808,3.6441870086884567,0.4524084946821556
Uttar Pradesh,2016,233621,233621,4.27,Kharif,30.28532786885246,34.147295081967215,26.704754098360656,896.1899999999999,2171.3,74.59319672131149,2.092377049180328,0.4953534476437307,1.8787460287404114,1.922217625155151,0.9660736450144808,3.6441870086884567,0.4524084946821556
Uttar Pradesh,2016,233621,233621,2.88,Kharif,30.28532786885246,34.147295081967215,26.704754098360656,896.1899999999999,2171.3,74.59319672131149,2.092377049180328,0.4953534476437307,1.8787460287404114,1.922217625155151,0.9660736450144808,3.6441870086884567,0.4524084946821556
Uttar Pradesh,2016,233621,233621,3.1,Kharif,30.28532786885246,34.147295081967215,26.704754098360656,896.1899999999999,2171.3,74.59319672131149,2.092377049180328,0.4953534476437307,1.8787460287404114,1.922217625155151,0.9660736450144808,3.6441870086884567,0.4524084946821556
Uttar Pradesh,2016,233621,233621,2.54,Kharif,30.28532786885246,34.147295081967215,26.704754098360656,896.1899999999999,2171.3,74.59319672131149,2.092377049180328,0.4953534476437307,1.8787460287404114,1.922217625155151,0.9660736450144808,3.6441870086884567,0.4524084946821556
Uttar Pradesh,2016,233621,233621,4.08,Rabi,22.862910798122066,31.357417840375582,15.729014084507044,74.06,3381.17,37.30596244131456,1.7559154929577463,0.43270089045145,1.8787460287404114,1.922217625155151,0.9660736450144808,3.6441870086884567,0.4524084946821556
Uttar Pradesh,2016,233621,233621,3.98,Rabi,22.862910798122066,31.357417840375582,15.729014084507044,74.06,3381.17,37.30596244131456,1.7559154929577463,0.43270089045145,1.8787460287404114,1.922217625155151,0.9660736450144808,3.6441870086884567,0.4524084946821556
Uttar Pradesh,2016,233621,233621,3.0,Rabi,22.862910798122066,31.357417840375582,15.729014084507044,74.06,3381.17,37.30596244131456,1.7559154929577463,0.43270089045145,1.8787460287404114,1.922217625155151,0.9660736450144808,3.6441870086884567,0.4524084946821556
Uttar Pradesh,2016,233621,233621,3.55,Rabi,22.862910798122066,31.357417840375582,15.729014084507044,74.06,3381.17,37.30596244131456,1.7559154929577463,0.43270089045145,1.8787460287404114,1.922217625155151,0.9660736450144808,3.6441870086884567,0.4524084946821556
Uttar Pradesh,2016,233621,233621,3.06,Rabi,22.862910798122066,31.357417840375582,15.729014084507044,74.06,3381.17,37.30596244131456,1.7559154929577463,0.43270089045145,1.8787460287404114,1.922217625155151,0.9660736450144808,3.6441870086884567,0.4524084946821556
Uttar Pradesh,2016,233621,233621,3.51,Rabi,22.862910798122066,31.357417840375582,15.729014084507044,74.06,3381.17,37.30596244131456,1.7559154929577463,0.43270089045145,1.8787460287404114,1.922217625155151,0.9660736450144808,3.6441870086884567,0.4524084946821556
Uttar Pradesh,2016,233621,233621,4.02,Rabi,22.862910798122066,31.357417840375582,15.729014084507044,74.06,3381.17,37.30596244131456,1.7559154929577463,0.43270089045145,1.8787460287404114,1.922217625155151,0.9660736450144808,3.6441870086884567,0.4524084946821556
Uttar Pradesh,2016,233621,233621,3.35,Rabi,22.862910798122066,31.357417840375582,15.729014084507044,74.06,3381.17,37.30596244131456,1.7559154929577463,0.43270089045145,1.8787460287404114,1.922217625155151,0.9660736450144808,3.6441870086884567,0.4524084946821556
Uttar Pradesh,2016,233621,233621,4.74,Rabi,22.862910798122066,31.357417840375582,15.729014084507044,74.06,3381.17,37.30596244131456,1.7559154929577463,0.43270089045145,1.8787460287404114,1.922217625155151,0.9660736450144808,3.6441870086884567,0.4524084946821556
Uttar Pradesh,2016,233621,233621,3.16,Rabi,22.862910798122066,31.357417840375582,15.729014084507044,74.06,3381.17,37.30596244131456,1.7559154929577463,0.43270089045145,1.8787460287404114,1.922217625155151,0.9660736450144808,3.6441870086884567,0.4524084946821556
Uttar Pradesh,2016,233621,233621,3.94,Rabi,22.862910798122066,31.357417840375582,15.729014084507044,74.06,3381.17,37.30596244131456,1.7559154929577463,0.43270089045145,1.8787460287404114,1.922217625155151,0.9660736450144808,3.6441870086884567,0.4524084946821556
Uttar Pradesh,2016,233621,233621,2.87,Rabi,22.862910798122066,31.357417840375582,15.729014084507044,74.06,3381.17,37.30596244131456,1.7559154929577463,0.43270089045145,1.8787460287404114,1.922217625155151,0.9660736450144808,3.6441870086884567,0.4524084946821556
Uttar Pradesh,2016,233621,233621,2.34,Rabi,22.862910798122066,31.357417840375582,15.729014084507044,74.06,3381.17,37.30596244131456,1.7559154929577463,0.43270089045145,1.8787460287404114,1.922217625155151,0.9660736450144808,3.6441870086884567,0.4524084946821556
Uttar Pradesh,2016,233621,233621,3.64,Rabi,22.862910798122066,31.357417840375582,15.729014084507044,74.06,3381.17,37.30596244131456,1.7559154929577463,0.43270089045145,1.8787460287404114,1.922217625155151,0.9660736450144808,3.6441870086884567,0.4524084946821556
Uttar Pradesh,2016,233621,233621,3.66,Rabi,22.862910798122066,31.357417840375582,15.729014084507044,74.06,3381.17,37.30596244131456,1.7559154929577463,0.43270089045145,1.8787460287404114,1.922217625155151,0.9660736450144808,3.6441870086884567,0.4524084946821556
Uttar Pradesh,2016,233621,233621,3.18,Rabi,22.862910798122066,31.357417840375582,15.729014084507044,74.06,3381.17,37.30596244131456,1.7559154929577463,0.43270089045145,1.8787460287404114,1.922217625155151,0.9660736450144808,3.6441870086884567,0.4524084946821556
Uttar Pradesh,2016,233621,233621,3.46,Rabi,22.862910798122066,31.357417840375582,15.729014084507044,74.06,3381.17,37.30596244131456,1.7559154929577463,0.43270089045145,1.8787460287404114,1.922217625155151,0.9660736450144808,3.6441870086884567,0.4524084946821556
Uttar Pradesh,2016,233621,233621,4.27,Rabi,22.862910798122066,31.357417840375582,15.729014084507044,74.06,3381.17,37.30596244131456,1.7559154929577463,0.43270089045145,1.8787460287404114,1.922217625155151,0.9660736450144808,3.6441870086884567,0.4524084946821556
Uttar Pradesh,2016,233621,233621,2.88,Rabi,22.862910798122066,31.357417840375582,15.729014084507044,74.06,3381.17,37.30596244131456,1.7559154929577463,0.43270089045145,1.8787460287404114,1.922217625155151,0.9660736450144808,3.6441870086884567,0.4524084946821556
Uttar Pradesh,2016,233621,233621,3.1,Rabi,22.862910798122066,31.357417840375582,15.729014084507044,74.06,3381.17,37.30596244131456,1.7559154929577463,0.43270089045145,1.8787460287404114,1.922217625155151,0.9660736450144808,3.6441870086884567,0.4524084946821556
Uttar Pradesh,2016,233621,233621,2.54,Rabi,22.862910798122066,31.357417840375582,15.729014084507044,74.06,3381.17,37.30596244131456,1.7559154929577463,0.43270089045145,1.8787460287404114,1.922217625155151,0.9660736450144808,3.6441870086884567,0.4524084946821556
Uttar Pradesh,2017,235094,235094,4.04,Kharif,30.463032786885247,34.486639344262294,26.68860655737705,1024.24,2109.23,72.92409836065573,2.070655737704918,0.505097446307308,1.8787460287404114,1.922217625155151,0.9660736450144808,3.6441870086884567,0.4524084946821556
Uttar Pradesh,2017,235094,235094,4.3,Kharif,30.463032786885247,34.486639344262294,26.68860655737705,1024.24,2109.23,72.92409836065573,2.070655737704918,0.505097446307308,1.8787460287404114,1.922217625155151,0.9660736450144808,3.6441870086884567,0.4524084946821556
Uttar Pradesh,2017,235094,235094,3.76,Kharif,30.463032786885247,34.486639344262294,26.68860655737705,1024.24,2109.23,72.92409836065573,2.070655737704918,0.505097446307308,1.8787460287404114,1.922217625155151,0.9660736450144808,3.6441870086884567,0.4524084946821556
Uttar Pradesh,2017,235094,235094,4.11,Kharif,30.463032786885247,34.486639344262294,26.68860655737705,1024.24,2109.23,72.92409836065573,2.070655737704918,0.505097446307308,1.8787460287404114,1.922217625155151,0.9660736450144808,3.6441870086884567,0.4524084946821556
Uttar Pradesh,2017,235094,235094,3.88,Kharif,30.463032786885247,34.486639344262294,26.68860655737705,1024.24,2109.23,72.92409836065573,2.070655737704918,0.505097446307308,1.8787460287404114,1.922217625155151,0.9660736450144808,3.6441870086884567,0.4524084946821556
Uttar Pradesh,2017,235094,235094,3.71,Kharif,30.463032786885247,34.486639344262294,26.68860655737705,1024.24,2109.23,72.92409836065573,2.070655737704918,0.505097446307308,1.8787460287404114,1.922217625155151,0.9660736450144808,3.6441870086884567,0.4524084946821556
Uttar Pradesh,2017,235094,235094,3.44,Kharif,30.463032786885247,34.486639344262294,26.68860655737705,1024.24,2109.23,72.92409836065573,2.070655737704918,0.505097446307308,1.8787460287404114,1.922217625155151,0.9660736450144808,3.6441870086884567,0.4524084946821556
Uttar Pradesh,2017,235094,235094,4.43,Kharif,30.463032786885247,34.486639344262294,26.68860655737705,1024.24,2109.23,72.92409836065573,2.070655737704918,0.505097446307308,1.8787460287404114,1.922217625155151,0.9660736450144808,3.6441870086884567,0.4524084946821556
Uttar Pradesh,2017,235094,235094,3.75,Kharif,30.463032786885247,34.486639344262294,26.68860655737705,1024.24,2109.23,72.92409836065573,2.070655737704918,0.505097446307308,1.8787460287404114,1.922217625155151,0.9660736450144808,3.6441870086884567,0.4524084946821556
Uttar Pradesh,2017,235094,235094,3.62,Kharif,30.463032786885247,34.486639344262294,26.68860655737705,1024.24,2109.23,72.92409836065573,2.070655737704918,0.505097446307308,1.8787460287404114,1.922217625155151,0.9660736450144808,3.6441870086884567,0.4524084946821556
Uttar Pradesh,2017,235094,235094,3.65,Kharif,30.463032786885247,34.486639344262294,26.68860655737705,1024.24,2109.23,72.92409836065573,2.070655737704918,0.505097446307308,1.8787460287404114,1.922217625155151,0.9660736450144808,3.6441870086884567,0.4524084946821556
Uttar Pradesh,2017,235094,235094,2.29,Kharif,30.463032786885247,34.486639344262294,26.68860655737705,1024.24,2109.23,72.92409836065573,2.070655737704918,0.505097446307308,1.8787460287404114,1.922217625155151,0.9660736450144808,3.6441870086884567,0.4524084946821556
Uttar Pradesh,2017,235094,235094,4.02,Kharif,30.463032786885247,34.486639344262294,26.68860655737705,1024.24,2109.23,72.92409836065573,2.070655737704918,0.505097446307308,1.8787460287404114,1.922217625155151,0.9660736450144808,3.6441870086884567,0.4524084946821556
Uttar Pradesh,2017,235094,235094,3.67,Kharif,30.463032786885247,34.486639344262294,26.68860655737705,1024.24,2109.23,72.92409836065573,2.070655737704918,0.505097446307308,1.8787460287404114,1.922217625155151,0.9660736450144808,3.6441870086884567,0.4524084946821556
Uttar Pradesh,2017,235094,235094,3.94,Kharif,30.463032786885247,34.486639344262294,26.68860655737705,1024.24,2109.23,72.92409836065573,2.070655737704918,0.505097446307308,1.8787460287404114,1.922217625155151,0.9660736450144808,3.6441870086884567,0.4524084946821556
Uttar Pradesh,2017,235094,235094,3.69,Kharif,30.463032786885247,34.486639344262294,26.68860655737705,1024.24,2109.23,72.92409836065573,2.070655737704918,0.505097446307308,1.8787460287404114,1.922217625155151,0.9660736450144808,3.6441870086884567,0.4524084946821556
Uttar Pradesh,2017,235094,235094,4.54,Kharif,30.463032786885247,34.486639344262294,26.68860655737705,1024.24,2109.23,72.92409836065573,2.070655737704918,0.505097446307308,1.8787460287404114,1.922217625155151,0.9660736450144808,3.6441870086884567,0.4524084946821556
Uttar Pradesh,2017,235094,235094,3.37,Kharif,30.463032786885247,34.486639344262294,26.68860655737705,1024.24,2109.23,72.92409836065573,2.070655737704918,0.505097446307308,1.8787460287404114,1.922217625155151,0.9660736450144808,3.6441870086884567,0.4524084946821556
Uttar Pradesh,2017,235094,235094,2.64,Kharif,30.463032786885247,34.486639344262294,26.68860655737705,1024.24,2109.23,72.92409836065573,2.070655737704918,0.505097446307308,1.8787460287404114,1.922217625155151,0.9660736450144808,3.6441870086884567,0.4524084946821556
Uttar Pradesh,2017,235094,235094,3.34,Kharif,30.463032786885247,34.486639344262294,26.68860655737705,1024.24,2109.23,72.92409836065573,2.070655737704918,0.505097446307308,1.8787460287404114,1.922217625155151,0.9660736450144808,3.6441870086884567,0.4524084946821556
Uttar Pradesh,2017,235094,235094,4.04,Rabi,22.38080188679245,30.556650943396228,15.29438679245283,50.62,3449.79,42.763773584905664,1.706933962264151,0.4664242067408474,1.8787460287404114,1.922217625155151,0.9660736450144808,3.6441870086884567,0.4524084946821556
Uttar Pradesh,2017,235094,235094,4.3,Rabi,22.38080188679245,30.556650943396228,15.29438679245283,50.62,3449.79,42.763773584905664,1.706933962264151,0.4664242067408474,1.8787460287404114,1.922217625155151,0.9660736450144808,3.6441870086884567,0.4524084946821556
Uttar Pradesh,2017,235094,235094,3.76,Rabi,22.38080188679245,30.556650943396228,15.29438679245283,50.62,3449.79,42.763773584905664,1.706933962264151,0.4664242067408474,1.8787460287404114,1.922217625155151,0.9660736450144808,3.6441870086884567,0.4524084946821556
Uttar Pradesh,2017,235094,235094,4.11,Rabi,22.38080188679245,30.556650943396228,15.29438679245283,50.62,3449.79,42.763773584905664,1.706933962264151,0.4664242067408474,1.8787460287404114,1.922217625155151,0.9660736450144808,3.6441870086884567,0.4524084946821556
Uttar Pradesh,2017,235094,235094,3.88,Rabi,22.38080188679245,30.556650943396228,15.29438679245283,50.62,3449.79,42.763773584905664,1.706933962264151,0.4664242067408474,1.8787460287404114,1.922217625155151,0.9660736450144808,3.6441870086884567,0.4524084946821556
Uttar Pradesh,2017,235094,235094,3.71,Rabi,22.38080188679245,30.556650943396228,15.29438679245283,50.62,3449.79,42.763773584905664,1.706933962264151,0.4664242067408474,1.8787460287404114,1.922217625155151,0.9660736450144808,3.6441870086884567,0.4524084946821556
Uttar Pradesh,2017,235094,235094,3.44,Rabi,22.38080188679245,30.556650943396228,15.29438679245283,50.62,3449.79,42.763773584905664,1.706933962264151,0.4664242067408474,1.8787460287404114,1.922217625155151,0.9660736450144808,3.6441870086884567,0.4524084946821556
Uttar Pradesh,2017,235094,235094,4.43,Rabi,22.38080188679245,30.556650943396228,15.29438679245283,50.62,3449.79,42.763773584905664,1.706933962264151,0.4664242067408474,1.8787460287404114,1.922217625155151,0.9660736450144808,3.6441870086884567,0.4524084946821556
Uttar Pradesh,2017,235094,235094,3.75,Rabi,22.38080188679245,30.556650943396228,15.29438679245283,50.62,3449.79,42.763773584905664,1.706933962264151,0.4664242067408474,1.8787460287404114,1.922217625155151,0.9660736450144808,3.6441870086884567,0.4524084946821556
Uttar Pradesh,2017,235094,235094,3.62,Rabi,22.38080188679245,30.556650943396228,15.29438679245283,50.62,3449.79,42.763773584905664,1.706933962264151,0.4664242067408474,1.8787460287404114,1.922217625155151,0.9660736450144808,3.6441870086884567,0.4524084946821556
Uttar Pradesh,2017,235094,235094,3.65,Rabi,22.38080188679245,30.556650943396228,15.29438679245283,50.62,3449.79,42.763773584905664,1.706933962264151,0.4664242067408474,1.8787460287404114,1.922217625155151,0.9660736450144808,3.6441870086884567,0.4524084946821556
Uttar Pradesh,2017,235094,235094,2.29,Rabi,22.38080188679245,30.556650943396228,15.29438679245283,50.62,3449.79,42.763773584905664,1.706933962264151,0.4664242067408474,1.8787460287404114,1.922217625155151,0.9660736450144808,3.6441870086884567,0.4524084946821556
Uttar Pradesh,2017,235094,235094,4.02,Rabi,22.38080188679245,30.556650943396228,15.29438679245283,50.62,3449.79,42.763773584905664,1.706933962264151,0.4664242067408474,1.8787460287404114,1.922217625155151,0.9660736450144808,3.6441870086884567,0.4524084946821556
Uttar Pradesh,2017,235094,235094,3.67,Rabi,22.38080188679245,30.556650943396228,15.29438679245283,50.62,3449.79,42.763773584905664,1.706933962264151,0.4664242067408474,1.8787460287404114,1.922217625155151,0.9660736450144808,3.6441870086884567,0.4524084946821556
Uttar Pradesh,2017,235094,235094,3.94,Rabi,22.38080188679245,30.556650943396228,15.29438679245283,50.62,3449.79,42.763773584905664,1.706933962264151,0.4664242067408474,1.8787460287404114,1.922217625155151,0.9660736450144808,3.6441870086884567,0.4524084946821556
Uttar Pradesh,2017,235094,235094,3.69,Rabi,22.38080188679245,30.556650943396228,15.29438679245283,50.62,3449.79,42.763773584905664,1.706933962264151,0.4664242067408474,1.8787460287404114,1.922217625155151,0.9660736450144808,3.6441870086884567,0.4524084946821556
Uttar Pradesh,2017,235094,235094,4.54,Rabi,22.38080188679245,30.556650943396228,15.29438679245283,50.62,3449.79,42.763773584905664,1.706933962264151,0.4664242067408474,1.8787460287404114,1.922217625155151,0.9660736450144808,3.6441870086884567,0.4524084946821556
Uttar Pradesh,2017,235094,235094,3.37,Rabi,22.38080188679245,30.556650943396228,15.29438679245283,50.62,3449.79,42.763773584905664,1.706933962264151,0.4664242067408474,1.8787460287404114,1.922217625155151,0.9660736450144808,3.6441870086884567,0.4524084946821556
Uttar Pradesh,2017,235094,235094,2.64,Rabi,22.38080188679245,30.556650943396228,15.29438679245283,50.62,3449.79,42.763773584905664,1.706933962264151,0.4664242067408474,1.8787460287404114,1.922217625155151,0.9660736450144808,3.6441870086884567,0.4524084946821556
Uttar Pradesh,2017,235094,235094,3.34,Rabi,22.38080188679245,30.556650943396228,15.29438679245283,50.62,3449.79,42.763773584905664,1.706933962264151,0.4664242067408474,1.8787460287404114,1.922217625155151,0.9660736450144808,3.6441870086884567,0.4524084946821556
Uttar Pradesh,2018,230824,230824,4.37,Kharif,30.582459016393443,34.56918032786885,26.89655737704918,1315.53,2001.62,73.19278688524591,2.4109016393442624,0.467604618820066,1.8787460287404114,1.922217625155151,0.9660736450144808,3.6441870086884567,0.4524084946821556
Uttar Pradesh,2018,230824,230824,4.27,Kharif,30.582459016393443,34.56918032786885,26.89655737704918,1315.53,2001.62,73.19278688524591,2.4109016393442624,0.467604618820066,1.8787460287404114,1.922217625155151,0.9660736450144808,3.6441870086884567,0.4524084946821556
Uttar Pradesh,2018,230824,230824,3.55,Kharif,30.582459016393443,34.56918032786885,26.89655737704918,1315.53,2001.62,73.19278688524591,2.4109016393442624,0.467604618820066,1.8787460287404114,1.922217625155151,0.9660736450144808,3.6441870086884567,0.4524084946821556
Uttar Pradesh,2018,230824,230824,4.1,Kharif,30.582459016393443,34.56918032786885,26.89655737704918,1315.53,2001.62,73.19278688524591,2.4109016393442624,0.467604618820066,1.8787460287404114,1.922217625155151,0.9660736450144808,3.6441870086884567,0.4524084946821556
Uttar Pradesh,2018,230824,230824,3.54,Kharif,30.582459016393443,34.56918032786885,26.89655737704918,1315.53,2001.62,73.19278688524591,2.4109016393442624,0.467604618820066,1.8787460287404114,1.922217625155151,0.9660736450144808,3.6441870086884567,0.4524084946821556
Uttar Pradesh,2018,230824,230824,3.81,Kharif,30.582459016393443,34.56918032786885,26.89655737704918,1315.53,2001.62,73.19278688524591,2.4109016393442624,0.467604618820066,1.8787460287404114,1.922217625155151,0.9660736450144808,3.6441870086884567,0.4524084946821556
Uttar Pradesh,2018,230824,230824,4.14,Kharif,30.582459016393443,34.56918032786885,26.89655737704918,1315.53,2001.62,73.19278688524591,2.4109016393442624,0.467604618820066,1.8787460287404114,1.922217625155151,0.9660736450144808,3.6441870086884567,0.4524084946821556
Uttar Pradesh,2018,230824,230824,3.69,Kharif,30.582459016393443,34.56918032786885,26.89655737704918,1315.53,2001.62,73.19278688524591,2.4109016393442624,0.467604618820066,1.8787460287404114,1.922217625155151,0.9660736450144808,3.6441870086884567,0.4524084946821556
Uttar Pradesh,2018,230824,230824,4.56,Kharif,30.582459016393443,34.56918032786885,26.89655737704918,1315.53,2001.62,73.19278688524591,2.4109016393442624,0.467604618820066,1.8787460287404114,1.922217625155151,0.9660736450144808,3.6441870086884567,0.4524084946821556
Uttar Pradesh,2018,230824,230824,3.79,Kharif,30.582459016393443,34.56918032786885,26.89655737704918,1315.53,2001.62,73.19278688524591,2.4109016393442624,0.467604618820066,1.8787460287404114,1.922217625155151,0.9660736450144808,3.6441870086884567,0.4524084946821556
Uttar Pradesh,2018,230824,230824,3.84,Kharif,30.582459016393443,34.56918032786885,26.89655737704918,1315.53,2001.62,73.19278688524591,2.4109016393442624,0.467604618820066,1.8787460287404114,1.922217625155151,0.9660736450144808,3.6441870086884567,0.4524084946821556
Uttar Pradesh,2018,230824,230824,3.5,Kharif,30.582459016393443,34.56918032786885,26.89655737704918,1315.53,2001.62,73.19278688524591,2.4109016393442624,0.467604618820066,1.8787460287404114,1.922217625155151,0.9660736450144808,3.6441870086884567,0.4524084946821556
Uttar Pradesh,2018,230824,230824,3.06,Kharif,30.582459016393443,34.56918032786885,26.89655737704918,1315.53,2001.62,73.19278688524591,2.4109016393442624,0.467604618820066,1.8787460287404114,1.922217625155151,0.9660736450144808,3.6441870086884567,0.4524084946821556
Uttar Pradesh,2018,230824,230824,3.95,Kharif,30.582459016393443,34.56918032786885,26.89655737704918,1315.53,2001.62,73.19278688524591,2.4109016393442624,0.467604618820066,1.8787460287404114,1.922217625155151,0.9660736450144808,3.6441870086884567,0.4524084946821556
Uttar Pradesh,2018,230824,230824,3.91,Kharif,30.582459016393443,34.56918032786885,26.89655737704918,1315.53,2001.62,73.19278688524591,2.4109016393442624,0.467604618820066,1.8787460287404114,1.922217625155151,0.9660736450144808,3.6441870086884567,0.4524084946821556
Uttar Pradesh,2018,230824,230824,3.76,Kharif,30.582459016393443,34.56918032786885,26.89655737704918,1315.53,2001.62,73.19278688524591,2.4109016393442624,0.467604618820066,1.8787460287404114,1.922217625155151,0.9660736450144808,3.6441870086884567,0.4524084946821556
Uttar Pradesh,2018,230824,230824,3.75,Kharif,30.582459016393443,34.56918032786885,26.89655737704918,1315.53,2001.62,73.19278688524591,2.4109016393442624,0.467604618820066,1.8787460287404114,1.922217625155151,0.9660736450144808,3.6441870086884567,0.4524084946821556
Uttar Pradesh,2018,230824,230824,3.89,Kharif,30.582459016393443,34.56918032786885,26.89655737704918,1315.53,2001.62,73.19278688524591,2.4109016393442624,0.467604618820066,1.8787460287404114,1.922217625155151,0.9660736450144808,3.6441870086884567,0.4524084946821556
Uttar Pradesh,2018,230824,230824,4.53,Kharif,30.582459016393443,34.56918032786885,26.89655737704918,1315.53,2001.62,73.19278688524591,2.4109016393442624,0.467604618820066,1.8787460287404114,1.922217625155151,0.9660736450144808,3.6441870086884567,0.4524084946821556
Uttar Pradesh,2018,230824,230824,2.71,Kharif,30.582459016393443,34.56918032786885,26.89655737704918,1315.53,2001.62,73.19278688524591,2.4109016393442624,0.467604618820066,1.8787460287404114,1.922217625155151,0.9660736450144808,3.6441870086884567,0.4524084946821556
Uttar Pradesh,2018,230824,230824,3.14,Kharif,30.582459016393443,34.56918032786885,26.89655737704918,1315.53,2001.62,73.19278688524591,2.4109016393442624,0.467604618820066,1.8787460287404114,1.922217625155151,0.9660736450144808,3.6441870086884567,0.4524084946821556
Uttar Pradesh,2018,230824,230824,4.37,Rabi,21.87891509433962,30.29589622641509,14.858349056603773,42.65,3475.93,44.040613207547175,1.742877358490566,0.44072799113538574,1.8787460287404114,1.922217625155151,0.9660736450144808,3.6441870086884567,0.4524084946821556
Uttar Pradesh,2018,230824,230824,4.27,Rabi,21.87891509433962,30.29589622641509,14.858349056603773,42.65,3475.93,44.040613207547175,1.742877358490566,0.44072799113538574,1.8787460287404114,1.922217625155151,0.9660736450144808,3.6441870086884567,0.4524084946821556
Uttar Pradesh,2018,230824,230824,3.55,Rabi,21.87891509433962,30.29589622641509,14.858349056603773,42.65,3475.93,44.040613207547175,1.742877358490566,0.44072799113538574,1.8787460287404114,1.922217625155151,0.9660736450144808,3.6441870086884567,0.4524084946821556
Uttar Pradesh,2018,230824,230824,4.1,Rabi,21.87891509433962,30.29589622641509,14.858349056603773,42.65,3475.93,44.040613207547175,1.742877358490566,0.44072799113538574,1.8787460287404114,1.922217625155151,0.9660736450144808,3.6441870086884567,0.4524084946821556
Uttar Pradesh,2018,230824,230824,3.54,Rabi,21.87891509433962,30.29589622641509,14.858349056603773,42.65,3475.93,44.040613207547175,1.742877358490566,0.44072799113538574,1.8787460287404114,1.922217625155151,0.9660736450144808,3.6441870086884567,0.4524084946821556
Uttar Pradesh,2018,230824,230824,3.81,Rabi,21.87891509433962,30.29589622641509,14.858349056603773,42.65,3475.93,44.040613207547175,1.742877358490566,0.44072799113538574,1.8787460287404114,1.922217625155151,0.9660736450144808,3.6441870086884567,0.4524084946821556
Uttar Pradesh,2018,230824,230824,4.14,Rabi,21.87891509433962,30.29589622641509,14.858349056603773,42.65,3475.93,44.040613207547175,1.742877358490566,0.44072799113538574,1.8787460287404114,1.922217625155151,0.9660736450144808,3.6441870086884567,0.4524084946821556
Uttar Pradesh,2018,230824,230824,3.69,Rabi,21.87891509433962,30.29589622641509,14.858349056603773,42.65,3475.93,44.040613207547175,1.742877358490566,0.44072799113538574,1.8787460287404114,1.922217625155151,0.9660736450144808,3.6441870086884567,0.4524084946821556
Uttar Pradesh,2018,230824,230824,4.56,Rabi,21.87891509433962,30.29589622641509,14.858349056603773,42.65,3475.93,44.040613207547175,1.742877358490566,0.44072799113538574,1.8787460287404114,1.922217625155151,0.9660736450144808,3.6441870086884567,0.4524084946821556
Uttar Pradesh,2018,230824,230824,3.79,Rabi,21.87891509433962,30.29589622641509,14.858349056603773,42.65,3475.93,44.040613207547175,1.742877358490566,0.44072799113538574,1.8787460287404114,1.922217625155151,0.9660736450144808,3.6441870086884567,0.4524084946821556
Uttar Pradesh,2018,230824,230824,3.84,Rabi,21.87891509433962,30.29589622641509,14.858349056603773,42.65,3475.93,44.040613207547175,1.742877358490566,0.44072799113538574,1.8787460287404114,1.922217625155151,0.9660736450144808,3.6441870086884567,0.4524084946821556
Uttar Pradesh,2018,230824,230824,3.5,Rabi,21.87891509433962,30.29589622641509,14.858349056603773,42.65,3475.93,44.040613207547175,1.742877358490566,0.44072799113538574,1.8787460287404114,1.922217625155151,0.9660736450144808,3.6441870086884567,0.4524084946821556
Uttar Pradesh,2018,230824,230824,3.06,Rabi,21.87891509433962,30.29589622641509,14.858349056603773,42.65,3475.93,44.040613207547175,1.742877358490566,0.44072799113538574,1.8787460287404114,1.922217625155151,0.9660736450144808,3.6441870086884567,0.4524084946821556
Uttar Pradesh,2018,230824,230824,3.95,Rabi,21.87891509433962,30.29589622641509,14.858349056603773,42.65,3475.93,44.040613207547175,1.742877358490566,0.44072799113538574,1.8787460287404114,1.922217625155151,0.9660736450144808,3.6441870086884567,0.4524084946821556
Uttar Pradesh,2018,230824,230824,3.91,Rabi,21.87891509433962,30.29589622641509,14.858349056603773,42.65,3475.93,44.040613207547175,1.742877358490566,0.44072799113538574,1.8787460287404114,1.922217625155151,0.9660736450144808,3.6441870086884567,0.4524084946821556
Uttar Pradesh,2018,230824,230824,3.76,Rabi,21.87891509433962,30.29589622641509,14.858349056603773,42.65,3475.93,44.040613207547175,1.742877358490566,0.44072799113538574,1.8787460287404114,1.922217625155151,0.9660736450144808,3.6441870086884567,0.4524084946821556
Uttar Pradesh,2018,230824,230824,3.75,Rabi,21.87891509433962,30.29589622641509,14.858349056603773,42.65,3475.93,44.040613207547175,1.742877358490566,0.44072799113538574,1.8787460287404114,1.922217625155151,0.9660736450144808,3.6441870086884567,0.4524084946821556
Uttar Pradesh,2018,230824,230824,3.89,Rabi,21.87891509433962,30.29589622641509,14.858349056603773,42.65,3475.93,44.040613207547175,1.742877358490566,0.44072799113538574,1.8787460287404114,1.922217625155151,0.9660736450144808,3.6441870086884567,0.4524084946821556
Uttar Pradesh,2018,230824,230824,4.53,Rabi,21.87891509433962,30.29589622641509,14.858349056603773,42.65,3475.93,44.040613207547175,1.742877358490566,0.44072799113538574,1.8787460287404114,1.922217625155151,0.9660736450144808,3.6441870086884567,0.4524084946821556
Uttar Pradesh,2018,230824,230824,2.71,Rabi,21.87891509433962,30.29589622641509,14.858349056603773,42.65,3475.93,44.040613207547175,1.742877358490566,0.44072799113538574,1.8787460287404114,1.922217625155151,0.9660736450144808,3.6441870086884567,0.4524084946821556
Uttar Pradesh,2018,230824,230824,3.14,Rabi,21.87891509433962,30.29589622641509,14.858349056603773,42.65,3475.93,44.040613207547175,1.742877358490566,0.44072799113538574,1.8787460287404114,1.922217625155151,0.9660736450144808,3.6441870086884567,0.4524084946821556
Uttar Pradesh,2019,250941,250941,4.04,Kharif,30.912704918032787,34.73754098360656,27.290491803278687,1171.93,2074.15,72.14844262295082,2.277131147540984,0.5121470347838329,1.8787460287404114,1.922217625155151,0.9660736450144808,3.6441870086884567,0.4524084946821556
Uttar Pradesh,2019,250941,250941,4.12,Kharif,30.912704918032787,34.73754098360656,27.290491803278687,1171.93,2074.15,72.14844262295082,2.277131147540984,0.5121470347838329,1.8787460287404114,1.922217625155151,0.9660736450144808,3.6441870086884567,0.4524084946821556
Uttar Pradesh,2019,250941,250941,2.82,Kharif,30.912704918032787,34.73754098360656,27.290491803278687,1171.93,2074.15,72.14844262295082,2.277131147540984,0.5121470347838329,1.8787460287404114,1.922217625155151,0.9660736450144808,3.6441870086884567,0.4524084946821556
Uttar Pradesh,2019,250941,250941,3.92,Kharif,30.912704918032787,34.73754098360656,27.290491803278687,1171.93,2074.15,72.14844262295082,2.277131147540984,0.5121470347838329,1.8787460287404114,1.922217625155151,0.9660736450144808,3.6441870086884567,0.4524084946821556
Uttar Pradesh,2019,250941,250941,3.09,Kharif,30.912704918032787,34.73754098360656,27.290491803278687,1171.93,2074.15,72.14844262295082,2.277131147540984,0.5121470347838329,1.8787460287404114,1.922217625155151,0.9660736450144808,3.6441870086884567,0.4524084946821556
Uttar Pradesh,2019,250941,250941,3.87,Kharif,30.912704918032787,34.73754098360656,27.290491803278687,1171.93,2074.15,72.14844262295082,2.277131147540984,0.5121470347838329,1.8787460287404114,1.922217625155151,0.9660736450144808,3.6441870086884567,0.4524084946821556
Uttar Pradesh,2019,250941,250941,3.88,Kharif,30.912704918032787,34.73754098360656,27.290491803278687,1171.93,2074.15,72.14844262295082,2.277131147540984,0.5121470347838329,1.8787460287404114,1.922217625155151,0.9660736450144808,3.6441870086884567,0.4524084946821556
Uttar Pradesh,2019,250941,250941,3.45,Kharif,30.912704918032787,34.73754098360656,27.290491803278687,1171.93,2074.15,72.14844262295082,2.277131147540984,0.5121470347838329,1.8787460287404114,1.922217625155151,0.9660736450144808,3.6441870086884567,0.4524084946821556
Uttar Pradesh,2019,250941,250941,4.52,Kharif,30.912704918032787,34.73754098360656,27.290491803278687,1171.93,2074.15,72.14844262295082,2.277131147540984,0.5121470347838329,1.8787460287404114,1.922217625155151,0.9660736450144808,3.6441870086884567,0.4524084946821556
Uttar Pradesh,2019,250941,250941,3.06,Kharif,30.912704918032787,34.73754098360656,27.290491803278687,1171.93,2074.15,72.14844262295082,2.277131147540984,0.5121470347838329,1.8787460287404114,1.922217625155151,0.9660736450144808,3.6441870086884567,0.4524084946821556
Uttar Pradesh,2019,250941,250941,3.81,Kharif,30.912704918032787,34.73754098360656,27.290491803278687,1171.93,2074.15,72.14844262295082,2.277131147540984,0.5121470347838329,1.8787460287404114,1.922217625155151,0.9660736450144808,3.6441870086884567,0.4524084946821556
Uttar Pradesh,2019,250941,250941,3.68,Kharif,30.912704918032787,34.73754098360656,27.290491803278687,1171.93,2074.15,72.14844262295082,2.277131147540984,0.5121470347838329,1.8787460287404114,1.922217625155151,0.9660736450144808,3.6441870086884567,0.4524084946821556
Uttar Pradesh,2019,250941,250941,2.85,Kharif,30.912704918032787,34.73754098360656,27.290491803278687,1171.93,2074.15,72.14844262295082,2.277131147540984,0.5121470347838329,1.8787460287404114,1.922217625155151,0.9660736450144808,3.6441870086884567,0.4524084946821556
Uttar Pradesh,2019,250941,250941,3.16,Kharif,30.912704918032787,34.73754098360656,27.290491803278687,1171.93,2074.15,72.14844262295082,2.277131147540984,0.5121470347838329,1.8787460287404114,1.922217625155151,0.9660736450144808,3.6441870086884567,0.4524084946821556
Uttar Pradesh,2019,250941,250941,3.07,Kharif,30.912704918032787,34.73754098360656,27.290491803278687,1171.93,2074.15,72.14844262295082,2.277131147540984,0.5121470347838329,1.8787460287404114,1.922217625155151,0.9660736450144808,3.6441870086884567,0.4524084946821556
Uttar Pradesh,2019,250941,250941,3.5,Kharif,30.912704918032787,34.73754098360656,27.290491803278687,1171.93,2074.15,72.14844262295082,2.277131147540984,0.5121470347838329,1.8787460287404114,1.922217625155151,0.9660736450144808,3.6441870086884567,0.4524084946821556
Uttar Pradesh,2019,250941,250941,4.08,Kharif,30.912704918032787,34.73754098360656,27.290491803278687,1171.93,2074.15,72.14844262295082,2.277131147540984,0.5121470347838329,1.8787460287404114,1.922217625155151,0.9660736450144808,3.6441870086884567,0.4524084946821556
Uttar Pradesh,2019,250941,250941,4.38,Kharif,30.912704918032787,34.73754098360656,27.290491803278687,1171.93,2074.15,72.14844262295082,2.277131147540984,0.5121470347838329,1.8787460287404114,1.922217625155151,0.9660736450144808,3.6441870086884567,0.4524084946821556
Uttar Pradesh,2019,250941,250941,3.41,Kharif,30.912704918032787,34.73754098360656,27.290491803278687,1171.93,2074.15,72.14844262295082,2.277131147540984,0.5121470347838329,1.8787460287404114,1.922217625155151,0.9660736450144808,3.6441870086884567,0.4524084946821556
Uttar Pradesh,2019,250941,250941,2.65,Kharif,30.912704918032787,34.73754098360656,27.290491803278687,1171.93,2074.15,72.14844262295082,2.277131147540984,0.5121470347838329,1.8787460287404114,1.922217625155151,0.9660736450144808,3.6441870086884567,0.4524084946821556
Uttar Pradesh,2019,250941,250941,3.33,Kharif,30.912704918032787,34.73754098360656,27.290491803278687,1171.93,2074.15,72.14844262295082,2.277131147540984,0.5121470347838329,1.8787460287404114,1.922217625155151,0.9660736450144808,3.6441870086884567,0.4524084946821556
Uttar Pradesh,2019,250941,250941,4.04,Rabi,20.656933962264148,27.92221698113208,14.400660377358491,125.58,3149.75,57.2161320754717,1.6765094339622642,0.48610309232334775,1.8787460287404114,1.922217625155151,0.9660736450144808,3.6441870086884567,0.4524084946821556
Uttar Pradesh,2019,250941,250941,4.12,Rabi,20.656933962264148,27.92221698113208,14.400660377358491,125.58,3149.75,57.2161320754717,1.6765094339622642,0.48610309232334775,1.8787460287404114,1.922217625155151,0.9660736450144808,3.6441870086884567,0.4524084946821556
Uttar Pradesh,2019,250941,250941,2.82,Rabi,20.656933962264148,27.92221698113208,14.400660377358491,125.58,3149.75,57.2161320754717,1.6765094339622642,0.48610309232334775,1.8787460287404114,1.922217625155151,0.9660736450144808,3.6441870086884567,0.4524084946821556
Uttar Pradesh,2019,250941,250941,3.92,Rabi,20.656933962264148,27.92221698113208,14.400660377358491,125.58,3149.75,57.2161320754717,1.6765094339622642,0.48610309232334775,1.8787460287404114,1.922217625155151,0.9660736450144808,3.6441870086884567,0.4524084946821556
Uttar Pradesh,2019,250941,250941,3.09,Rabi,20.656933962264148,27.92221698113208,14.400660377358491,125.58,3149.75,57.2161320754717,1.6765094339622642,0.48610309232334775,1.8787460287404114,1.922217625155151,0.9660736450144808,3.6441870086884567,0.4524084946821556
Uttar Pradesh,2019,250941,250941,3.87,Rabi,20.656933962264148,27.92221698113208,14.400660377358491,125.58,3149.75,57.2161320754717,1.6765094339622642,0.48610309232334775,1.8787460287404114,1.922217625155151,0.9660736450144808,3.6441870086884567,0.4524084946821556
Uttar Pradesh,2019,250941,250941,3.88,Rabi,20.656933962264148,27.92221698113208,14.400660377358491,125.58,3149.75,57.2161320754717,1.6765094339622642,0.48610309232334775,1.8787460287404114,1.922217625155151,0.9660736450144808,3.6441870086884567,0.4524084946821556
Uttar Pradesh,2019,250941,250941,3.45,Rabi,20.656933962264148,27.92221698113208,14.400660377358491,125.58,3149.75,57.2161320754717,1.6765094339622642,0.48610309232334775,1.8787460287404114,1.922217625155151,0.9660736450144808,3.6441870086884567,0.4524084946821556
Uttar Pradesh,2019,250941,250941,4.52,Rabi,20.656933962264148,27.92221698113208,14.400660377358491,125.58,3149.75,57.2161320754717,1.6765094339622642,0.48610309232334775,1.8787460287404114,1.922217625155151,0.9660736450144808,3.6441870086884567,0.4524084946821556
Uttar Pradesh,2019,250941,250941,3.06,Rabi,20.656933962264148,27.92221698113208,14.400660377358491,125.58,3149.75,57.2161320754717,1.6765094339622642,0.48610309232334775,1.8787460287404114,1.922217625155151,0.9660736450144808,3.6441870086884567,0.4524084946821556
Uttar Pradesh,2019,250941,250941,3.81,Rabi,20.656933962264148,27.92221698113208,14.400660377358491,125.58,3149.75,57.2161320754717,1.6765094339622642,0.48610309232334775,1.8787460287404114,1.922217625155151,0.9660736450144808,3.6441870086884567,0.4524084946821556
Uttar Pradesh,2019,250941,250941,3.68,Rabi,20.656933962264148,27.92221698113208,14.400660377358491,125.58,3149.75,57.2161320754717,1.6765094339622642,0.48610309232334775,1.8787460287404114,1.922217625155151,0.9660736450144808,3.6441870086884567,0.4524084946821556
Uttar Pradesh,2019,250941,250941,2.85,Rabi,20.656933962264148,27.92221698113208,14.400660377358491,125.58,3149.75,57.2161320754717,1.6765094339622642,0.48610309232334775,1.8787460287404114,1.922217625155151,0.9660736450144808,3.6441870086884567,0.4524084946821556
Uttar Pradesh,2019,250941,250941,3.16,Rabi,20.656933962264148,27.92221698113208,14.400660377358491,125.58,3149.75,57.2161320754717,1.6765094339622642,0.48610309232334775,1.8787460287404114,1.922217625155151,0.9660736450144808,3.6441870086884567,0.4524084946821556
Uttar Pradesh,2019,250941,250941,3.07,Rabi,20.656933962264148,27.92221698113208,14.400660377358491,125.58,3149.75,57.2161320754717,1.6765094339622642,0.48610309232334775,1.8787460287404114,1.922217625155151,0.9660736450144808,3.6441870086884567,0.4524084946821556
Uttar Pradesh,2019,250941,250941,3.5,Rabi,20.656933962264148,27.92221698113208,14.400660377358491,125.58,3149.75,57.2161320754717,1.6765094339622642,0.48610309232334775,1.8787460287404114,1.922217625155151,0.9660736450144808,3.6441870086884567,0.4524084946821556
Uttar Pradesh,2019,250941,250941,4.08,Rabi,20.656933962264148,27.92221698113208,14.400660377358491,125.58,3149.75,57.2161320754717,1.6765094339622642,0.48610309232334775,1.8787460287404114,1.922217625155151,0.9660736450144808,3.6441870086884567,0.4524084946821556
Uttar Pradesh,2019,250941,250941,4.38,Rabi,20.656933962264148,27.92221698113208,14.400660377358491,125.58,3149.75,57.2161320754717,1.6765094339622642,0.48610309232334775,1.8787460287404114,1.922217625155151,0.9660736450144808,3.6441870086884567,0.4524084946821556
Uttar Pradesh,2019,250941,250941,3.41,Rabi,20.656933962264148,27.92221698113208,14.400660377358491,125.58,3149.75,57.2161320754717,1.6765094339622642,0.48610309232334775,1.8787460287404114,1.922217625155151,0.9660736450144808,3.6441870086884567,0.4524084946821556
Uttar Pradesh,2019,250941,250941,2.65,Rabi,20.656933962264148,27.92221698113208,14.400660377358491,125.58,3149.75,57.2161320754717,1.6765094339622642,0.48610309232334775,1.8787460287404114,1.922217625155151,0.9660736450144808,3.6441870086884567,0.4524084946821556
Uttar Pradesh,2019,250941,250941,3.33,Rabi,20.656933962264148,27.92221698113208,14.400660377358491,125.58,3149.75,57.2161320754717,1.6765094339622642,0.48610309232334775,1.8787460287404114,1.922217625155151,0.9660736450144808,3.6441870086884567,0.4524084946821556
Uttar Pradesh,2020,240293,240293,4.26,Kharif,29.76967213114754,33.771147540983605,26.133852459016392,788.01,2086.3,76.60344262295082,2.1195081967213114,0.5354251451471856,1.8787460287404114,1.922217625155151,0.9660736450144808,3.6441870086884567,0.4524084946821556
Uttar Pradesh,2020,240293,240293,4.18,Kharif,29.76967213114754,33.771147540983605,26.133852459016392,788.01,2086.3,76.60344262295082,2.1195081967213114,0.5354251451471856,1.8787460287404114,1.922217625155151,0.9660736450144808,3.6441870086884567,0.4524084946821556
Uttar Pradesh,2020,240293,240293,3.59,Kharif,29.76967213114754,33.771147540983605,26.133852459016392,788.01,2086.3,76.60344262295082,2.1195081967213114,0.5354251451471856,1.8787460287404114,1.922217625155151,0.9660736450144808,3.6441870086884567,0.4524084946821556
Uttar Pradesh,2020,240293,240293,3.84,Kharif,29.76967213114754,33.771147540983605,26.133852459016392,788.01,2086.3,76.60344262295082,2.1195081967213114,0.5354251451471856,1.8787460287404114,1.922217625155151,0.9660736450144808,3.6441870086884567,0.4524084946821556
Uttar Pradesh,2020,240293,240293,3.88,Kharif,29.76967213114754,33.771147540983605,26.133852459016392,788.01,2086.3,76.60344262295082,2.1195081967213114,0.5354251451471856,1.8787460287404114,1.922217625155151,0.9660736450144808,3.6441870086884567,0.4524084946821556
Uttar Pradesh,2020,240293,240293,4.02,Kharif,29.76967213114754,33.771147540983605,26.133852459016392,788.01,2086.3,76.60344262295082,2.1195081967213114,0.5354251451471856,1.8787460287404114,1.922217625155151,0.9660736450144808,3.6441870086884567,0.4524084946821556
Uttar Pradesh,2020,240293,240293,4.15,Kharif,29.76967213114754,33.771147540983605,26.133852459016392,788.01,2086.3,76.60344262295082,2.1195081967213114,0.5354251451471856,1.8787460287404114,1.922217625155151,0.9660736450144808,3.6441870086884567,0.4524084946821556
Uttar Pradesh,2020,240293,240293,3.54,Kharif,29.76967213114754,33.771147540983605,26.133852459016392,788.01,2086.3,76.60344262295082,2.1195081967213114,0.5354251451471856,1.8787460287404114,1.922217625155151,0.9660736450144808,3.6441870086884567,0.4524084946821556
Uttar Pradesh,2020,240293,240293,4.57,Kharif,29.76967213114754,33.771147540983605,26.133852459016392,788.01,2086.3,76.60344262295082,2.1195081967213114,0.5354251451471856,1.8787460287404114,1.922217625155151,0.9660736450144808,3.6441870086884567,0.4524084946821556
Uttar Pradesh,2020,240293,240293,3.49,Kharif,29.76967213114754,33.771147540983605,26.133852459016392,788.01,2086.3,76.60344262295082,2.1195081967213114,0.5354251451471856,1.8787460287404114,1.922217625155151,0.9660736450144808,3.6441870086884567,0.4524084946821556
Uttar Pradesh,2020,240293,240293,3.77,Kharif,29.76967213114754,33.771147540983605,26.133852459016392,788.01,2086.3,76.60344262295082,2.1195081967213114,0.5354251451471856,1.8787460287404114,1.922217625155151,0.9660736450144808,3.6441870086884567,0.4524084946821556
Uttar Pradesh,2020,240293,240293,3.4,Kharif,29.76967213114754,33.771147540983605,26.133852459016392,788.01,2086.3,76.60344262295082,2.1195081967213114,0.5354251451471856,1.8787460287404114,1.922217625155151,0.9660736450144808,3.6441870086884567,0.4524084946821556
Uttar Pradesh,2020,240293,240293,2.81,Kharif,29.76967213114754,33.771147540983605,26.133852459016392,788.01,2086.3,76.60344262295082,2.1195081967213114,0.5354251451471856,1.8787460287404114,1.922217625155151,0.9660736450144808,3.6441870086884567,0.4524084946821556
Uttar Pradesh,2020,240293,240293,4.33,Kharif,29.76967213114754,33.771147540983605,26.133852459016392,788.01,2086.3,76.60344262295082,2.1195081967213114,0.5354251451471856,1.8787460287404114,1.922217625155151,0.9660736450144808,3.6441870086884567,0.4524084946821556
Uttar Pradesh,2020,240293,240293,3.87,Kharif,29.76967213114754,33.771147540983605,26.133852459016392,788.01,2086.3,76.60344262295082,2.1195081967213114,0.5354251451471856,1.8787460287404114,1.922217625155151,0.9660736450144808,3.6441870086884567,0.4524084946821556
Uttar Pradesh,2020,240293,240293,3.56,Kharif,29.76967213114754,33.771147540983605,26.133852459016392,788.01,2086.3,76.60344262295082,2.1195081967213114,0.5354251451471856,1.8787460287404114,1.922217625155151,0.9660736450144808,3.6441870086884567,0.4524084946821556
Uttar Pradesh,2020,240293,240293,3.81,Kharif,29.76967213114754,33.771147540983605,26.133852459016392,788.01,2086.3,76.60344262295082,2.1195081967213114,0.5354251451471856,1.8787460287404114,1.922217625155151,0.9660736450144808,3.6441870086884567,0.4524084946821556
Uttar Pradesh,2020,240293,240293,3.91,Kharif,29.76967213114754,33.771147540983605,26.133852459016392,788.01,2086.3,76.60344262295082,2.1195081967213114,0.5354251451471856,1.8787460287404114,1.922217625155151,0.9660736450144808,3.6441870086884567,0.4524084946821556
Uttar Pradesh,2020,240293,240293,4.4,Kharif,29.76967213114754,33.771147540983605,26.133852459016392,788.01,2086.3,76.60344262295082,2.1195081967213114,0.5354251451471856,1.8787460287404114,1.922217625155151,0.9660736450144808,3.6441870086884567,0.4524084946821556
Uttar Pradesh,2020,240293,240293,3.64,Kharif,29.76967213114754,33.771147540983605,26.133852459016392,788.01,2086.3,76.60344262295082,2.1195081967213114,0.5354251451471856,1.8787460287404114,1.922217625155151,0.9660736450144808,3.6441870086884567,0.4524084946821556
Uttar Pradesh,2020,240293,240293,3.31,Kharif,29.76967213114754,33.771147540983605,26.133852459016392,788.01,2086.3,76.60344262295082,2.1195081967213114,0.5354251451471856,1.8787460287404114,1.922217625155151,0.9660736450144808,3.6441870086884567,0.4524084946821556
Uttar Pradesh,2020,240293,240293,3.36,Kharif,29.76967213114754,33.771147540983605,26.133852459016392,788.01,2086.3,76.60344262295082,2.1195081967213114,0.5354251451471856,1.8787460287404114,1.922217625155151,0.9660736450144808,3.6441870086884567,0.4524084946821556
Uttar Pradesh,2020,240293,240293,4.26,Rabi,20.631408450704225,28.571596244131456,14.111361502347416,165.91,3262.51,52.72826291079813,1.7502816901408451,0.4878926245933734,1.8787460287404114,1.922217625155151,0.9660736450144808,3.6441870086884567,0.4524084946821556
Uttar Pradesh,2020,240293,240293,4.18,Rabi,20.631408450704225,28.571596244131456,14.111361502347416,165.91,3262.51,52.72826291079813,1.7502816901408451,0.4878926245933734,1.8787460287404114,1.922217625155151,0.9660736450144808,3.6441870086884567,0.4524084946821556
Uttar Pradesh,2020,240293,240293,3.59,Rabi,20.631408450704225,28.571596244131456,14.111361502347416,165.91,3262.51,52.72826291079813,1.7502816901408451,0.4878926245933734,1.8787460287404114,1.922217625155151,0.9660736450144808,3.6441870086884567,0.4524084946821556
Uttar Pradesh,2020,240293,240293,3.84,Rabi,20.631408450704225,28.571596244131456,14.111361502347416,165.91,3262.51,52.72826291079813,1.7502816901408451,0.4878926245933734,1.8787460287404114,1.922217625155151,0.9660736450144808,3.6441870086884567,0.4524084946821556
Uttar Pradesh,2020,240293,240293,3.88,Rabi,20.631408450704225,28.571596244131456,14.111361502347416,165.91,3262.51,52.72826291079813,1.7502816901408451,0.4878926245933734,1.8787460287404114,1.922217625155151,0.9660736450144808,3.6441870086884567,0.4524084946821556
Uttar Pradesh,2020,240293,240293,4.02,Rabi,20.631408450704225,28.571596244131456,14.111361502347416,165.91,3262.51,52.72826291079813,1.7502816901408451,0.4878926245933734,1.8787460287404114,1.922217625155151,0.9660736450144808,3.6441870086884567,0.4524084946821556
Uttar Pradesh,2020,240293,240293,4.15,Rabi,20.631408450704225,28.571596244131456,14.111361502347416,165.91,3262.51,52.72826291079813,1.7502816901408451,0.4878926245933734,1.8787460287404114,1.922217625155151,0.9660736450144808,3.6441870086884567,0.4524084946821556
Uttar Pradesh,2020,240293,240293,3.54,Rabi,20.631408450704225,28.571596244131456,14.111361502347416,165.91,3262.51,52.72826291079813,1.7502816901408451,0.4878926245933734,1.8787460287404114,1.922217625155151,0.9660736450144808,3.6441870086884567,0.4524084946821556
Uttar Pradesh,2020,240293,240293,4.57,Rabi,20.631408450704225,28.571596244131456,14.111361502347416,165.91,3262.51,52.72826291079813,1.7502816901408451,0.4878926245933734,1.8787460287404114,1.922217625155151,0.9660736450144808,3.6441870086884567,0.4524084946821556
Uttar Pradesh,2020,240293,240293,3.49,Rabi,20.631408450704225,28.571596244131456,14.111361502347416,165.91,3262.51,52.72826291079813,1.7502816901408451,0.4878926245933734,1.8787460287404114,1.922217625155151,0.9660736450144808,3.6441870086884567,0.4524084946821556
Uttar Pradesh,2020,240293,240293,3.77,Rabi,20.631408450704225,28.571596244131456,14.111361502347416,165.91,3262.51,52.72826291079813,1.7502816901408451,0.4878926245933734,1.8787460287404114,1.922217625155151,0.9660736450144808,3.6441870086884567,0.4524084946821556
Uttar Pradesh,2020,240293,240293,3.4,Rabi,20.631408450704225,28.571596244131456,14.111361502347416,165.91,3262.51,52.72826291079813,1.7502816901408451,0.4878926245933734,1.8787460287404114,1.922217625155151,0.9660736450144808,3.6441870086884567,0.4524084946821556
Uttar Pradesh,2020,240293,240293,2.81,Rabi,20.631408450704225,28.571596244131456,14.111361502347416,165.91,3262.51,52.72826291079813,1.7502816901408451,0.4878926245933734,1.8787460287404114,1.922217625155151,0.9660736450144808,3.6441870086884567,0.4524084946821556
Uttar Pradesh,2020,240293,240293,4.33,Rabi,20.631408450704225,28.571596244131456,14.111361502347416,165.91,3262.51,52.72826291079813,1.7502816901408451,0.4878926245933734,1.8787460287404114,1.922217625155151,0.9660736450144808,3.6441870086884567,0.4524084946821556
Uttar Pradesh,2020,240293,240293,3.87,Rabi,20.631408450704225,28.571596244131456,14.111361502347416,165.91,3262.51,52.72826291079813,1.7502816901408451,0.4878926245933734,1.8787460287404114,1.922217625155151,0.9660736450144808,3.6441870086884567,0.4524084946821556
Uttar Pradesh,2020,240293,240293,3.56,Rabi,20.631408450704225,28.571596244131456,14.111361502347416,165.91,3262.51,52.72826291079813,1.7502816901408451,0.4878926245933734,1.8787460287404114,1.922217625155151,0.9660736450144808,3.6441870086884567,0.4524084946821556
Uttar Pradesh,2020,240293,240293,3.81,Rabi,20.631408450704225,28.571596244131456,14.111361502347416,165.91,3262.51,52.72826291079813,1.7502816901408451,0.4878926245933734,1.8787460287404114,1.922217625155151,0.9660736450144808,3.6441870086884567,0.4524084946821556
Uttar Pradesh,2020,240293,240293,3.91,Rabi,20.631408450704225,28.571596244131456,14.111361502347416,165.91,3262.51,52.72826291079813,1.7502816901408451,0.4878926245933734,1.8787460287404114,1.922217625155151,0.9660736450144808,3.6441870086884567,0.4524084946821556
Uttar Pradesh,2020,240293,240293,4.4,Rabi,20.631408450704225,28.571596244131456,14.111361502347416,165.91,3262.51,52.72826291079813,1.7502816901408451,0.4878926245933734,1.8787460287404114,1.922217625155151,0.9660736450144808,3.6441870086884567,0.4524084946821556
Uttar Pradesh,2020,240293,240293,3.64,Rabi,20.631408450704225,28.571596244131456,14.111361502347416,165.91,3262.51,52.72826291079813,1.7502816901408451,0.4878926245933734,1.8787460287404114,1.922217625155151,0.9660736450144808,3.6441870086884567,0.4524084946821556
Uttar Pradesh,2020,240293,240293,3.31,Rabi,20.631408450704225,28.571596244131456,14.111361502347416,165.91,3262.51,52.72826291079813,1.7502816901408451,0.4878926245933734,1.8787460287404114,1.922217625155151,0.9660736450144808,3.6441870086884567,0.4524084946821556
Uttar Pradesh,2020,240293,240293,3.36,Rabi,20.631408450704225,28.571596244131456,14.111361502347416,165.91,3262.51,52.72826291079813,1.7502816901408451,0.4878926245933734,1.8787460287404114,1.922217625155151,0.9660736450144808,3.6441870086884567,0.4524084946821556
Uttar Pradesh,2021,244953,827717,4.05,Kharif,29.50303278688525,33.10106557377049,26.250737704918038,1037.59,2047.65,79.82639344262294,2.096311475409836,0.5364086335158995,1.8787460287404114,1.922217625155151,0.9660736450144808,3.6441870086884567,0.4524084946821556
Uttar Pradesh,2021,244953,827717,4.19,Kharif,29.50303278688525,33.10106557377049,26.250737704918038,1037.59,2047.65,79.82639344262294,2.096311475409836,0.5364086335158995,1.8787460287404114,1.922217625155151,0.9660736450144808,3.6441870086884567,0.4524084946821556
Uttar Pradesh,2021,244953,827717,2.87,Kharif,29.50303278688525,33.10106557377049,26.250737704918038,1037.59,2047.65,79.82639344262294,2.096311475409836,0.5364086335158995,1.8787460287404114,1.922217625155151,0.9660736450144808,3.6441870086884567,0.4524084946821556
Uttar Pradesh,2021,244953,827717,3.68,Kharif,29.50303278688525,33.10106557377049,26.250737704918038,1037.59,2047.65,79.82639344262294,2.096311475409836,0.5364086335158995,1.8787460287404114,1.922217625155151,0.9660736450144808,3.6441870086884567,0.4524084946821556
Uttar Pradesh,2021,244953,827717,3.22,Kharif,29.50303278688525,33.10106557377049,26.250737704918038,1037.59,2047.65,79.82639344262294,2.096311475409836,0.5364086335158995,1.8787460287404114,1.922217625155151,0.9660736450144808,3.6441870086884567,0.4524084946821556
Uttar Pradesh,2021,244953,827717,3.95,Kharif,29.50303278688525,33.10106557377049,26.250737704918038,1037.59,2047.65,79.82639344262294,2.096311475409836,0.5364086335158995,1.8787460287404114,1.922217625155151,0.9660736450144808,3.6441870086884567,0.4524084946821556
Uttar Pradesh,2021,244953,827717,3.97,Kharif,29.50303278688525,33.10106557377049,26.250737704918038,1037.59,2047.65,79.82639344262294,2.096311475409836,0.5364086335158995,1.8787460287404114,1.922217625155151,0.9660736450144808,3.6441870086884567,0.4524084946821556
Uttar Pradesh,2021,244953,827717,3.47,Kharif,29.50303278688525,33.10106557377049,26.250737704918038,1037.59,2047.65,79.82639344262294,2.096311475409836,0.5364086335158995,1.8787460287404114,1.922217625155151,0.9660736450144808,3.6441870086884567,0.4524084946821556
Uttar Pradesh,2021,244953,827717,4.55,Kharif,29.50303278688525,33.10106557377049,26.250737704918038,1037.59,2047.65,79.82639344262294,2.096311475409836,0.5364086335158995,1.8787460287404114,1.922217625155151,0.9660736450144808,3.6441870086884567,0.4524084946821556
Uttar Pradesh,2021,244953,827717,3.52,Kharif,29.50303278688525,33.10106557377049,26.250737704918038,1037.59,2047.65,79.82639344262294,2.096311475409836,0.5364086335158995,1.8787460287404114,1.922217625155151,0.9660736450144808,3.6441870086884567,0.4524084946821556
Uttar Pradesh,2021,244953,827717,3.77,Kharif,29.50303278688525,33.10106557377049,26.250737704918038,1037.59,2047.65,79.82639344262294,2.096311475409836,0.5364086335158995,1.8787460287404114,1.922217625155151,0.9660736450144808,3.6441870086884567,0.4524084946821556
Uttar Pradesh,2021,244953,827717,3.3,Kharif,29.50303278688525,33.10106557377049,26.250737704918038,1037.59,2047.65,79.82639344262294,2.096311475409836,0.5364086335158995,1.8787460287404114,1.922217625155151,0.9660736450144808,3.6441870086884567,0.4524084946821556
Uttar Pradesh,2021,244953,827717,3.02,Kharif,29.50303278688525,33.10106557377049,26.250737704918038,1037.59,2047.65,79.82639344262294,2.096311475409836,0.5364086335158995,1.8787460287404114,1.922217625155151,0.9660736450144808,3.6441870086884567,0.4524084946821556
Uttar Pradesh,2021,244953,827717,4.04,Kharif,29.50303278688525,33.10106557377049,26.250737704918038,1037.59,2047.65,79.82639344262294,2.096311475409836,0.5364086335158995,1.8787460287404114,1.922217625155151,0.9660736450144808,3.6441870086884567,0.4524084946821556
Uttar Pradesh,2021,244953,827717,3.91,Kharif,29.50303278688525,33.10106557377049,26.250737704918038,1037.59,2047.65,79.82639344262294,2.096311475409836,0.5364086335158995,1.8787460287404114,1.922217625155151,0.9660736450144808,3.6441870086884567,0.4524084946821556
Uttar Pradesh,2021,244953,827717,3.64,Kharif,29.50303278688525,33.10106557377049,26.250737704918038,1037.59,2047.65,79.82639344262294,2.096311475409836,0.5364086335158995,1.8787460287404114,1.922217625155151,0.9660736450144808,3.6441870086884567,0.4524084946821556
Uttar Pradesh,2021,244953,827717,3.75,Kharif,29.50303278688525,33.10106557377049,26.250737704918038,1037.59,2047.65,79.82639344262294,2.096311475409836,0.5364086335158995,1.8787460287404114,1.922217625155151,0.9660736450144808,3.6441870086884567,0.4524084946821556
Uttar Pradesh,2021,244953,827717,3.89,Kharif,29.50303278688525,33.10106557377049,26.250737704918038,1037.59,2047.65,79.82639344262294,2.096311475409836,0.5364086335158995,1.8787460287404114,1.922217625155151,0.9660736450144808,3.6441870086884567,0.4524084946821556
Uttar Pradesh,2021,244953,827717,4.44,Kharif,29.50303278688525,33.10106557377049,26.250737704918038,1037.59,2047.65,79.82639344262294,2.096311475409836,0.5364086335158995,1.8787460287404114,1.922217625155151,0.9660736450144808,3.6441870086884567,0.4524084946821556
Uttar Pradesh,2021,244953,827717,3.19,Kharif,29.50303278688525,33.10106557377049,26.250737704918038,1037.59,2047.65,79.82639344262294,2.096311475409836,0.5364086335158995,1.8787460287404114,1.922217625155151,0.9660736450144808,3.6441870086884567,0.4524084946821556
Uttar Pradesh,2021,244953,827717,3.48,Kharif,29.50303278688525,33.10106557377049,26.250737704918038,1037.59,2047.65,79.82639344262294,2.096311475409836,0.5364086335158995,1.8787460287404114,1.922217625155151,0.9660736450144808,3.6441870086884567,0.4524084946821556
Uttar Pradesh,2021,244953,827717,4.09,Kharif,29.50303278688525,33.10106557377049,26.250737704918038,1037.59,2047.65,79.82639344262294,2.096311475409836,0.5364086335158995,1.8787460287404114,1.922217625155151,0.9660736450144808,3.6441870086884567,0.4524084946821556
Uttar Pradesh,2021,244953,827717,4.05,Rabi,21.75509433962264,29.61245283018868,15.051084905660376,159.6,3333.54,47.56372641509434,1.835518867924528,0.4607682091191553,1.8787460287404114,1.922217625155151,0.9660736450144808,3.6441870086884567,0.4524084946821556
Uttar Pradesh,2021,244953,827717,4.19,Rabi,21.75509433962264,29.61245283018868,15.051084905660376,159.6,3333.54,47.56372641509434,1.835518867924528,0.4607682091191553,1.8787460287404114,1.922217625155151,0.9660736450144808,3.6441870086884567,0.4524084946821556
Uttar Pradesh,2021,244953,827717,2.87,Rabi,21.75509433962264,29.61245283018868,15.051084905660376,159.6,3333.54,47.56372641509434,1.835518867924528,0.4607682091191553,1.8787460287404114,1.922217625155151,0.9660736450144808,3.6441870086884567,0.4524084946821556
Uttar Pradesh,2021,244953,827717,3.68,Rabi,21.75509433962264,29.61245283018868,15.051084905660376,159.6,3333.54,47.56372641509434,1.835518867924528,0.4607682091191553,1.8787460287404114,1.922217625155151,0.9660736450144808,3.6441870086884567,0.4524084946821556
Uttar Pradesh,2021,244953,827717,3.22,Rabi,21.75509433962264,29.61245283018868,15.051084905660376,159.6,3333.54,47.56372641509434,1.835518867924528,0.4607682091191553,1.8787460287404114,1.922217625155151,0.9660736450144808,3.6441870086884567,0.4524084946821556
Uttar Pradesh,2021,244953,827717,3.95,Rabi,21.75509433962264,29.61245283018868,15.051084905660376,159.6,3333.54,47.56372641509434,1.835518867924528,0.4607682091191553,1.8787460287404114,1.922217625155151,0.9660736450144808,3.6441870086884567,0.4524084946821556
Uttar Pradesh,2021,244953,827717,3.97,Rabi,21.75509433962264,29.61245283018868,15.051084905660376,159.6,3333.54,47.56372641509434,1.835518867924528,0.4607682091191553,1.8787460287404114,1.922217625155151,0.9660736450144808,3.6441870086884567,0.4524084946821556
Uttar Pradesh,2021,244953,827717,3.47,Rabi,21.75509433962264,29.61245283018868,15.051084905660376,159.6,3333.54,47.56372641509434,1.835518867924528,0.4607682091191553,1.8787460287404114,1.922217625155151,0.9660736450144808,3.6441870086884567,0.4524084946821556
Uttar Pradesh,2021,244953,827717,4.55,Rabi,21.75509433962264,29.61245283018868,15.051084905660376,159.6,3333.54,47.56372641509434,1.835518867924528,0.4607682091191553,1.8787460287404114,1.922217625155151,0.9660736450144808,3.6441870086884567,0.4524084946821556
Uttar Pradesh,2021,244953,827717,3.52,Rabi,21.75509433962264,29.61245283018868,15.051084905660376,159.6,3333.54,47.56372641509434,1.835518867924528,0.4607682091191553,1.8787460287404114,1.922217625155151,0.9660736450144808,3.6441870086884567,0.4524084946821556
Uttar Pradesh,2021,244953,827717,3.77,Rabi,21.75509433962264,29.61245283018868,15.051084905660376,159.6,3333.54,47.56372641509434,1.835518867924528,0.4607682091191553,1.8787460287404114,1.922217625155151,0.9660736450144808,3.6441870086884567,0.4524084946821556
Uttar Pradesh,2021,244953,827717,3.3,Rabi,21.75509433962264,29.61245283018868,15.051084905660376,159.6,3333.54,47.56372641509434,1.835518867924528,0.4607682091191553,1.8787460287404114,1.922217625155151,0.9660736450144808,3.6441870086884567,0.4524084946821556
Uttar Pradesh,2021,244953,827717,3.02,Rabi,21.75509433962264,29.61245283018868,15.051084905660376,159.6,3333.54,47.56372641509434,1.835518867924528,0.4607682091191553,1.8787460287404114,1.922217625155151,0.9660736450144808,3.6441870086884567,0.4524084946821556
Uttar Pradesh,2021,244953,827717,4.04,Rabi,21.75509433962264,29.61245283018868,15.051084905660376,159.6,3333.54,47.56372641509434,1.835518867924528,0.4607682091191553,1.8787460287404114,1.922217625155151,0.9660736450144808,3.6441870086884567,0.4524084946821556
Uttar Pradesh,2021,244953,827717,3.91,Rabi,21.75509433962264,29.61245283018868,15.051084905660376,159.6,3333.54,47.56372641509434,1.835518867924528,0.4607682091191553,1.8787460287404114,1.922217625155151,0.9660736450144808,3.6441870086884567,0.4524084946821556
Uttar Pradesh,2021,244953,827717,3.64,Rabi,21.75509433962264,29.61245283018868,15.051084905660376,159.6,3333.54,47.56372641509434,1.835518867924528,0.4607682091191553,1.8787460287404114,1.922217625155151,0.9660736450144808,3.6441870086884567,0.4524084946821556
Uttar Pradesh,2021,244953,827717,3.75,Rabi,21.75509433962264,29.61245283018868,15.051084905660376,159.6,3333.54,47.56372641509434,1.835518867924528,0.4607682091191553,1.8787460287404114,1.922217625155151,0.9660736450144808,3.6441870086884567,0.4524084946821556
Uttar Pradesh,2021,244953,827717,3.89,Rabi,21.75509433962264,29.61245283018868,15.051084905660376,159.6,3333.54,47.56372641509434,1.835518867924528,0.4607682091191553,1.8787460287404114,1.922217625155151,0.9660736450144808,3.6441870086884567,0.4524084946821556
Uttar Pradesh,2021,244953,827717,4.44,Rabi,21.75509433962264,29.61245283018868,15.051084905660376,159.6,3333.54,47.56372641509434,1.835518867924528,0.4607682091191553,1.8787460287404114,1.922217625155151,0.9660736450144808,3.6441870086884567,0.4524084946821556
Uttar Pradesh,2021,244953,827717,3.19,Rabi,21.75509433962264,29.61245283018868,15.051084905660376,159.6,3333.54,47.56372641509434,1.835518867924528,0.4607682091191553,1.8787460287404114,1.922217625155151,0.9660736450144808,3.6441870086884567,0.4524084946821556
Uttar Pradesh,2021,244953,827717,3.48,Rabi,21.75509433962264,29.61245283018868,15.051084905660376,159.6,3333.54,47.56372641509434,1.835518867924528,0.4607682091191553,1.8787460287404114,1.922217625155151,0.9660736450144808,3.6441870086884567,0.4524084946821556
Uttar Pradesh,2021,244953,827717,4.09,Rabi,21.75509433962264,29.61245283018868,15.051084905660376,159.6,3333.54,47.56372641509434,1.835518867924528,0.4607682091191553,1.8787460287404114,1.922217625155151,0.9660736450144808,3.6441870086884567,0.4524084946821556
Uttar Pradesh,2022,244722,244722,4.22,Kharif,31.687131147540985,36.352377049180326,27.372049180327867,686.3100000000001,2178.66,63.88811475409836,2.593688524590164,0.5319823418824063,1.8787460287404114,1.922217625155151,0.9660736450144808,3.6441870086884567,0.4524084946821556
Uttar Pradesh,2022,244722,244722,4.2,Kharif,31.687131147540985,36.352377049180326,27.372049180327867,686.3100000000001,2178.66,63.88811475409836,2.593688524590164,0.5319823418824063,1.8787460287404114,1.922217625155151,0.9660736450144808,3.6441870086884567,0.4524084946821556
Uttar Pradesh,2022,244722,244722,2.3,Kharif,31.687131147540985,36.352377049180326,27.372049180327867,686.3100000000001,2178.66,63.88811475409836,2.593688524590164,0.5319823418824063,1.8787460287404114,1.922217625155151,0.9660736450144808,3.6441870086884567,0.4524084946821556
Uttar Pradesh,2022,244722,244722,3.4,Kharif,31.687131147540985,36.352377049180326,27.372049180327867,686.3100000000001,2178.66,63.88811475409836,2.593688524590164,0.5319823418824063,1.8787460287404114,1.922217625155151,0.9660736450144808,3.6441870086884567,0.4524084946821556
Uttar Pradesh,2022,244722,244722,2.95,Kharif,31.687131147540985,36.352377049180326,27.372049180327867,686.3100000000001,2178.66,63.88811475409836,2.593688524590164,0.5319823418824063,1.8787460287404114,1.922217625155151,0.9660736450144808,3.6441870086884567,0.4524084946821556
Uttar Pradesh,2022,244722,244722,4.11,Kharif,31.687131147540985,36.352377049180326,27.372049180327867,686.3100000000001,2178.66,63.88811475409836,2.593688524590164,0.5319823418824063,1.8787460287404114,1.922217625155151,0.9660736450144808,3.6441870086884567,0.4524084946821556
Uttar Pradesh,2022,244722,244722,4.17,Kharif,31.687131147540985,36.352377049180326,27.372049180327867,686.3100000000001,2178.66,63.88811475409836,2.593688524590164,0.5319823418824063,1.8787460287404114,1.922217625155151,0.9660736450144808,3.6441870086884567,0.4524084946821556
Uttar Pradesh,2022,244722,244722,3.59,Kharif,31.687131147540985,36.352377049180326,27.372049180327867,686.3100000000001,2178.66,63.88811475409836,2.593688524590164,0.5319823418824063,1.8787460287404114,1.922217625155151,0.9660736450144808,3.6441870086884567,0.4524084946821556
Uttar Pradesh,2022,244722,244722,4.54,Kharif,31.687131147540985,36.352377049180326,27.372049180327867,686.3100000000001,2178.66,63.88811475409836,2.593688524590164,0.5319823418824063,1.8787460287404114,1.922217625155151,0.9660736450144808,3.6441870086884567,0.4524084946821556
Uttar Pradesh,2022,244722,244722,3.24,Kharif,31.687131147540985,36.352377049180326,27.372049180327867,686.3100000000001,2178.66,63.88811475409836,2.593688524590164,0.5319823418824063,1.8787460287404114,1.922217625155151,0.9660736450144808,3.6441870086884567,0.4524084946821556
Uttar Pradesh,2022,244722,244722,3.48,Kharif,31.687131147540985,36.352377049180326,27.372049180327867,686.3100000000001,2178.66,63.88811475409836,2.593688524590164,0.5319823418824063,1.8787460287404114,1.922217625155151,0.9660736450144808,3.6441870086884567,0.4524084946821556
Uttar Pradesh,2022,244722,244722,3.05,Kharif,31.687131147540985,36.352377049180326,27.372049180327867,686.3100000000001,2178.66,63.88811475409836,2.593688524590164,0.5319823418824063,1.8787460287404114,1.922217625155151,0.9660736450144808,3.6441870086884567,0.4524084946821556
Uttar Pradesh,2022,244722,244722,3.28,Kharif,31.687131147540985,36.352377049180326,27.372049180327867,686.3100000000001,2178.66,63.88811475409836,2.593688524590164,0.5319823418824063,1.8787460287404114,1.922217625155151,0.9660736450144808,3.6441870086884567,0.4524084946821556
Uttar Pradesh,2022,244722,244722,3.79,Kharif,31.687131147540985,36.352377049180326,27.372049180327867,686.3100000000001,2178.66,63.88811475409836,2.593688524590164,0.5319823418824063,1.8787460287404114,1.922217625155151,0.9660736450144808,3.6441870086884567,0.4524084946821556
Uttar Pradesh,2022,244722,244722,4.07,Kharif,31.687131147540985,36.352377049180326,27.372049180327867,686.3100000000001,2178.66,63.88811475409836,2.593688524590164,0.5319823418824063,1.8787460287404114,1.922217625155151,0.9660736450144808,3.6441870086884567,0.4524084946821556
Uttar Pradesh,2022,244722,244722,3.42,Kharif,31.687131147540985,36.352377049180326,27.372049180327867,686.3100000000001,2178.66,63.88811475409836,2.593688524590164,0.5319823418824063,1.8787460287404114,1.922217625155151,0.9660736450144808,3.6441870086884567,0.4524084946821556
Uttar Pradesh,2022,244722,244722,4.24,Kharif,31.687131147540985,36.352377049180326,27.372049180327867,686.3100000000001,2178.66,63.88811475409836,2.593688524590164,0.5319823418824063,1.8787460287404114,1.922217625155151,0.9660736450144808,3.6441870086884567,0.4524084946821556
Uttar Pradesh,2022,244722,244722,4.29,Kharif,31.687131147540985,36.352377049180326,27.372049180327867,686.3100000000001,2178.66,63.88811475409836,2.593688524590164,0.5319823418824063,1.8787460287404114,1.922217625155151,0.9660736450144808,3.6441870086884567,0.4524084946821556
Uttar Pradesh,2022,244722,244722,3.18,Kharif,31.687131147540985,36.352377049180326,27.372049180327867,686.3100000000001,2178.66,63.88811475409836,2.593688524590164,0.5319823418824063,1.8787460287404114,1.922217625155151,0.9660736450144808,3.6441870086884567,0.4524084946821556
Uttar Pradesh,2022,244722,244722,3.14,Kharif,31.687131147540985,36.352377049180326,27.372049180327867,686.3100000000001,2178.66,63.88811475409836,2.593688524590164,0.5319823418824063,1.8787460287404114,1.922217625155151,0.9660736450144808,3.6441870086884567,0.4524084946821556
Uttar Pradesh,2022,244722,244722,3.35,Kharif,31.687131147540985,36.352377049180326,27.372049180327867,686.3100000000001,2178.66,63.88811475409836,2.593688524590164,0.5319823418824063,1.8787460287404114,1.922217625155151,0.9660736450144808,3.6441870086884567,0.4524084946821556
Uttar Pradesh,2022,244722,244722,4.22,Rabi,20.568537735849056,28.00462264150943,14.275471698113208,330.69,3359.42,61.42070754716981,1.717264150943396,0.4840219499131034,1.8787460287404114,1.922217625155151,0.9660736450144808,3.6441870086884567,0.4524084946821556
Uttar Pradesh,2022,244722,244722,4.2,Rabi,20.568537735849056,28.00462264150943,14.275471698113208,330.69,3359.42,61.42070754716981,1.717264150943396,0.4840219499131034,1.8787460287404114,1.922217625155151,0.9660736450144808,3.6441870086884567,0.4524084946821556
Uttar Pradesh,2022,244722,244722,2.3,Rabi,20.568537735849056,28.00462264150943,14.275471698113208,330.69,3359.42,61.42070754716981,1.717264150943396,0.4840219499131034,1.8787460287404114,1.922217625155151,0.9660736450144808,3.6441870086884567,0.4524084946821556
Uttar Pradesh,2022,244722,244722,3.4,Rabi,20.568537735849056,28.00462264150943,14.275471698113208,330.69,3359.42,61.42070754716981,1.717264150943396,0.4840219499131034,1.8787460287404114,1.922217625155151,0.9660736450144808,3.6441870086884567,0.4524084946821556
Uttar Pradesh,2022,244722,244722,2.95,Rabi,20.568537735849056,28.00462264150943,14.275471698113208,330.69,3359.42,61.42070754716981,1.717264150943396,0.4840219499131034,1.8787460287404114,1.922217625155151,0.9660736450144808,3.6441870086884567,0.4524084946821556
Uttar Pradesh,2022,244722,244722,4.11,Rabi,20.568537735849056,28.00462264150943,14.275471698113208,330.69,3359.42,61.42070754716981,1.717264150943396,0.4840219499131034,1.8787460287404114,1.922217625155151,0.9660736450144808,3.6441870086884567,0.4524084946821556
Uttar Pradesh,2022,244722,244722,4.17,Rabi,20.568537735849056,28.00462264150943,14.275471698113208,330.69,3359.42,61.42070754716981,1.717264150943396,0.4840219499131034,1.8787460287404114,1.922217625155151,0.9660736450144808,3.6441870086884567,0.4524084946821556
Uttar Pradesh,2022,244722,244722,3.59,Rabi,20.568537735849056,28.00462264150943,14.275471698113208,330.69,3359.42,61.42070754716981,1.717264150943396,0.4840219499131034,1.8787460287404114,1.922217625155151,0.9660736450144808,3.6441870086884567,0.4524084946821556
Uttar Pradesh,2022,244722,244722,4.54,Rabi,20.568537735849056,28.00462264150943,14.275471698113208,330.69,3359.42,61.42070754716981,1.717264150943396,0.4840219499131034,1.8787460287404114,1.922217625155151,0.9660736450144808,3.6441870086884567,0.4524084946821556
Uttar Pradesh,2022,244722,244722,3.24,Rabi,20.568537735849056,28.00462264150943,14.275471698113208,330.69,3359.42,61.42070754716981,1.717264150943396,0.4840219499131034,1.8787460287404114,1.922217625155151,0.9660736450144808,3.6441870086884567,0.4524084946821556
Uttar Pradesh,2022,244722,244722,3.48,Rabi,20.568537735849056,28.00462264150943,14.275471698113208,330.69,3359.42,61.42070754716981,1.717264150943396,0.4840219499131034,1.8787460287404114,1.922217625155151,0.9660736450144808,3.6441870086884567,0.4524084946821556
Uttar Pradesh,2022,244722,244722,3.05,Rabi,20.568537735849056,28.00462264150943,14.275471698113208,330.69,3359.42,61.42070754716981,1.717264150943396,0.4840219499131034,1.8787460287404114,1.922217625155151,0.9660736450144808,3.6441870086884567,0.4524084946821556
Uttar Pradesh,2022,244722,244722,3.28,Rabi,20.568537735849056,28.00462264150943,14.275471698113208,330.69,3359.42,61.42070754716981,1.717264150943396,0.4840219499131034,1.8787460287404114,1.922217625155151,0.9660736450144808,3.6441870086884567,0.4524084946821556
Uttar Pradesh,2022,244722,244722,3.79,Rabi,20.568537735849056,28.00462264150943,14.275471698113208,330.69,3359.42,61.42070754716981,1.717264150943396,0.4840219499131034,1.8787460287404114,1.922217625155151,0.9660736450144808,3.6441870086884567,0.4524084946821556
Uttar Pradesh,2022,244722,244722,4.07,Rabi,20.568537735849056,28.00462264150943,14.275471698113208,330.69,3359.42,61.42070754716981,1.717264150943396,0.4840219499131034,1.8787460287404114,1.922217625155151,0.9660736450144808,3.6441870086884567,0.4524084946821556
Uttar Pradesh,2022,244722,244722,3.42,Rabi,20.568537735849056,28.00462264150943,14.275471698113208,330.69,3359.42,61.42070754716981,1.717264150943396,0.4840219499131034,1.8787460287404114,1.922217625155151,0.9660736450144808,3.6441870086884567,0.4524084946821556
Uttar Pradesh,2022,244722,244722,4.24,Rabi,20.568537735849056,28.00462264150943,14.275471698113208,330.69,3359.42,61.42070754716981,1.717264150943396,0.4840219499131034,1.8787460287404114,1.922217625155151,0.9660736450144808,3.6441870086884567,0.4524084946821556
Uttar Pradesh,2022,244722,244722,4.29,Rabi,20.568537735849056,28.00462264150943,14.275471698113208,330.69,3359.42,61.42070754716981,1.717264150943396,0.4840219499131034,1.8787460287404114,1.922217625155151,0.9660736450144808,3.6441870086884567,0.4524084946821556
Uttar Pradesh,2022,244722,244722,3.18,Rabi,20.568537735849056,28.00462264150943,14.275471698113208,330.69,3359.42,61.42070754716981,1.717264150943396,0.4840219499131034,1.8787460287404114,1.922217625155151,0.9660736450144808,3.6441870086884567,0.4524084946821556
Uttar Pradesh,2022,244722,244722,3.14,Rabi,20.568537735849056,28.00462264150943,14.275471698113208,330.69,3359.42,61.42070754716981,1.717264150943396,0.4840219499131034,1.8787460287404114,1.922217625155151,0.9660736450144808,3.6441870086884567,0.4524084946821556
Uttar Pradesh,2022,244722,244722,3.35,Rabi,20.568537735849056,28.00462264150943,14.275471698113208,330.69,3359.42,61.42070754716981,1.717264150943396,0.4840219499131034,1.8787460287404114,1.922217625155151,0.9660736450144808,3.6441870086884567,0.4524084946821556
Uttar Pradesh,2023,172605,172605,3.68,Kharif,30.695819672131147,34.808524590163934,26.91639344262295,785.06,2161.25,71.73131147540983,2.367295081967213,0.48054475432096955,1.8787460287404114,1.922217625155151,0.9660736450144808,3.6441870086884567,0.4524084946821556
Uttar Pradesh,2023,172605,172605,3.68,Rabi,21.57495283018868,29.13797169811321,15.30617924528302,114.31,3180.49,51.71797169811321,1.5586320754716982,0.48054475432096955,1.8787460287404114,1.922217625155151,0.9660736450144808,3.6441870086884567,0.4524084946821556
