State,Year,Area (Hectare),Production (Tonnes),Yield (Tonne/Hectare),Season,T2M,T2M_MAX,T2M_MIN,PRECTOTCORR,ALLSKY_SFC_SW_DWN,RH2M,WS2M,NDVI,Mean_SOC,Median_SOC,Min_SOC,Max_SOC,Std_SOC
Chandigarh,2011,600,2725,4.54,,23.694183420971235,29.51765310856789,18.9218411691927,1201.8700000000001,2983.62,60.183681178472014,1.692107949273121,0.4441982086586769,2.126695009944596,2.0,2.0,6.25,0.38420373556564835
Chandigarh,2012,575,2590,4.5,,24.89852478257523,31.380070230123913,19.64338278303702,848.34,3038.98,49.88654891095205,1.8920655352882323,0.4186031611190077,2.126695009944596,2.0,2.0,6.25,0.38420373556564835
Chandigarh,2013,575,2600,4.52,,23.892186050108258,29.573591478502937,19.27427505412929,1397.1999999999998,2923.175,60.844548020414464,1.6937078564800494,0.467965538638313,2.126695009944596,2.0,2.0,6.25,0.38420373556564835
Chandigarh,2014,550,2500,4.55,,25.228413238478193,31.819818280235076,19.864024512836377,824.2,3016.335,49.182331812558004,1.9479140890813487,0.44225343940861145,2.126695009944596,2.0,2.0,6.25,0.38420373556564835
Chandigarh,2015,550,2530,4.6,,24.418909294772657,30.55876314568512,19.40536691927003,1119.63,2972.675,55.08322417259511,1.8127141973399319,0.462890475028917,2.126695009944596,2.0,2.0,6.25,0.38420373556564835
Chandigarh,2016,550,2585,4.7,,25.468814169168013,31.936868121296083,20.22539001770184,829.1800000000001,3053.5550000000003,49.15154140691141,1.753856692064958,0.4300203127591264,2.126695009944596,2.0,2.0,6.25,0.38420373556564835
Chandigarh,2017,546,2566,4.7,,24.517428085369623,30.706790906278997,19.530333281781626,1185.03,3023.6450000000004,55.16166176925456,1.771894911846582,0.43574697125028455,2.126695009944596,2.0,2.0,6.25,0.38420373556564835
Chandigarh,2018,546,2730,5.0,,23.99356093411692,29.86917916795546,19.244941617692547,1392.74,2970.235,59.373097742035256,1.815066888339004,0.4597922860172722,2.126695009944596,2.0,2.0,6.25,0.38420373556564835
Chandigarh,2019,546,2457,4.5,,24.16506224868543,29.97149319517476,19.369556526446026,1113.0,2855.6549999999997,59.382803897308996,1.714892901330034,0.4713069228379473,2.126695009944596,2.0,2.0,6.25,0.38420373556564835
Chandigarh,2020,547,2735,5.0,,23.77451108289079,29.85107173093204,18.90909201108289,1125.29,3017.245,59.78094108366043,1.7612847302393595,0.4786816968096348,2.126695009944596,2.0,2.0,6.25,0.38420373556564835
Chandigarh,2021,547,2735,5.0,,24.418658366841946,30.480325162387878,19.486135555211877,1150.42,2978.415,57.56654500463965,1.753538509124652,0.4654265015552471,2.126695009944596,2.0,2.0,6.25,0.38420373556564835
Chandigarh,2022,547,2735,5.0,,24.26927544076709,29.929738632848746,19.65294965975874,1385.66,2977.215,63.79073151871327,1.8063215279925764,0.4827778890772473,2.126695009944596,2.0,2.0,6.25,0.38420373556564835
Haryana,2011,87061,423000,4.86,,25.913869084441693,32.773472394061244,20.08710485617074,559.6,2859.2,52.292788818434886,1.8467209248376122,0.4714844586711453,1.6565648888347506,1.5994094488188977,0.9724409448818898,2.9783464566929134,0.4464617884996307
Haryana,2011,151368,650000,4.29,,25.913869084441693,32.773472394061244,20.08710485617074,559.6,2859.2,52.292788818434886,1.8467209248376122,0.4714844586711453,1.6565648888347506,1.5994094488188977,0.9724409448818898,2.9783464566929134,0.4464617884996307
Haryana,2011,30475,150000,4.92,,25.913869084441693,32.773472394061244,20.08710485617074,559.6,2859.2,52.292788818434886,1.8467209248376122,0.4714844586711453,1.6565648888347506,1.5994094488188977,0.9724409448818898,2.9783464566929134,0.4464617884996307
Haryana,2011,189331,1034000,5.46,,25.913869084441693,32.773472394061244,20.08710485617074,559.6,2859.2,52.292788818434886,1.8467209248376122,0.4714844586711453,1.6565648888347506,1.5994094488188977,0.9724409448818898,2.9783464566929134,0.4464617884996307
Haryana,2011,52388,258000,4.92,,25.913869084441693,32.773472394061244,20.08710485617074,559.6,2859.2,52.292788818434886,1.8467209248376122,0.4714844586711453,1.6565648888347506,1.5994094488188977,0.9724409448818898,2.9783464566929134,0.4464617884996307
Haryana,2011,237072,1208000,5.1,,25.913869084441693,32.773472394061244,20.08710485617074,559.6,2859.2,52.292788818434886,1.8467209248376122,0.4714844586711453,1.6565648888347506,1.5994094488188977,0.9724409448818898,2.9783464566929134,0.4464617884996307
Haryana,2011,98419,481000,4.89,,25.913869084441693,32.773472394061244,20.08710485617074,559.6,2859.2,52.292788818434886,1.8467209248376122,0.4714844586711453,1.6565648888347506,1.5994094488188977,0.9724409448818898,2.9783464566929134,0.4464617884996307
Haryana,2011,216610,1136000,5.24,,25.913869084441693,32.773472394061244,20.08710485617074,559.6,2859.2,52.292788818434886,1.8467209248376122,0.4714844586711453,1.6565648888347506,1.5994094488188977,0.9724409448818898,2.9783464566929134,0.4464617884996307
Haryana,2011,173134,943000,5.45,,25.913869084441693,32.773472394061244,20.08710485617074,559.6,2859.2,52.292788818434886,1.8467209248376122,0.4714844586711453,1.6565648888347506,1.5994094488188977,0.9724409448818898,2.9783464566929134,0.4464617884996307
Haryana,2011,171771,975000,5.68,,25.913869084441693,32.773472394061244,20.08710485617074,559.6,2859.2,52.292788818434886,1.8467209248376122,0.4714844586711453,1.6565648888347506,1.5994094488188977,0.9724409448818898,2.9783464566929134,0.4464617884996307
Haryana,2011,112004,609000,5.44,,25.913869084441693,32.773472394061244,20.08710485617074,559.6,2859.2,52.292788818434886,1.8467209248376122,0.4714844586711453,1.6565648888347506,1.5994094488188977,0.9724409448818898,2.9783464566929134,0.4464617884996307
Haryana,2011,41029,189000,4.61,,25.913869084441693,32.773472394061244,20.08710485617074,559.6,2859.2,52.292788818434886,1.8467209248376122,0.4714844586711453,1.6565648888347506,1.5994094488188977,0.9724409448818898,2.9783464566929134,0.4464617884996307
Haryana,2011,71378,312000,4.37,,25.913869084441693,32.773472394061244,20.08710485617074,559.6,2859.2,52.292788818434886,1.8467209248376122,0.4714844586711453,1.6565648888347506,1.5994094488188977,0.9724409448818898,2.9783464566929134,0.4464617884996307
Haryana,2011,99588,507000,5.09,,25.913869084441693,32.773472394061244,20.08710485617074,559.6,2859.2,52.292788818434886,1.8467209248376122,0.4714844586711453,1.6565648888347506,1.5994094488188977,0.9724409448818898,2.9783464566929134,0.4464617884996307
Haryana,2011,15987,57000,3.57,,25.913869084441693,32.773472394061244,20.08710485617074,559.6,2859.2,52.292788818434886,1.8467209248376122,0.4714844586711453,1.6565648888347506,1.5994094488188977,0.9724409448818898,2.9783464566929134,0.4464617884996307
Haryana,2011,86807,483000,5.56,,25.913869084441693,32.773472394061244,20.08710485617074,559.6,2859.2,52.292788818434886,1.8467209248376122,0.4714844586711453,1.6565648888347506,1.5994094488188977,0.9724409448818898,2.9783464566929134,0.4464617884996307
Haryana,2011,48291,240000,4.97,,25.913869084441693,32.773472394061244,20.08710485617074,559.6,2859.2,52.292788818434886,1.8467209248376122,0.4714844586711453,1.6565648888347506,1.5994094488188977,0.9724409448818898,2.9783464566929134,0.4464617884996307
Haryana,2011,102483,512000,5.0,,25.913869084441693,32.773472394061244,20.08710485617074,559.6,2859.2,52.292788818434886,1.8467209248376122,0.4714844586711453,1.6565648888347506,1.5994094488188977,0.9724409448818898,2.9783464566929134,0.4464617884996307
Haryana,2011,299053,1602000,5.36,,25.913869084441693,32.773472394061244,20.08710485617074,559.6,2859.2,52.292788818434886,1.8467209248376122,0.4714844586711453,1.6565648888347506,1.5994094488188977,0.9724409448818898,2.9783464566929134,0.4464617884996307
Haryana,2011,162264,894000,5.51,,25.913869084441693,32.773472394061244,20.08710485617074,559.6,2859.2,52.292788818434886,1.8467209248376122,0.4714844586711453,1.6565648888347506,1.5994094488188977,0.9724409448818898,2.9783464566929134,0.4464617884996307
Haryana,2011,84789,456000,5.38,,25.913869084441693,32.773472394061244,20.08710485617074,559.6,2859.2,52.292788818434886,1.8467209248376122,0.4714844586711453,1.6565648888347506,1.5994094488188977,0.9724409448818898,2.9783464566929134,0.4464617884996307
Haryana,2012,87168,366000,4.2,,26.38005098899408,33.63431713230201,20.11703590394828,458.52,2871.715,42.605182405910874,2.1733760486415763,0.4427784695895681,1.6565648888347506,1.5994094488188977,0.9724409448818898,2.9783464566929134,0.4464617884996307
Haryana,2012,162442,657000,4.04,,26.38005098899408,33.63431713230201,20.11703590394828,458.52,2871.715,42.605182405910874,2.1733760486415763,0.4427784695895681,1.6565648888347506,1.5994094488188977,0.9724409448818898,2.9783464566929134,0.4464617884996307
Haryana,2012,31055,141000,4.54,,26.38005098899408,33.63431713230201,20.11703590394828,458.52,2871.715,42.605182405910874,2.1733760486415763,0.4427784695895681,1.6565648888347506,1.5994094488188977,0.9724409448818898,2.9783464566929134,0.4464617884996307
Haryana,2012,188020,880000,4.68,,26.38005098899408,33.63431713230201,20.11703590394828,458.52,2871.715,42.605182405910874,2.1733760486415763,0.4427784695895681,1.6565648888347506,1.5994094488188977,0.9724409448818898,2.9783464566929134,0.4464617884996307
Haryana,2012,44667,205000,4.59,,26.38005098899408,33.63431713230201,20.11703590394828,458.52,2871.715,42.605182405910874,2.1733760486415763,0.4427784695895681,1.6565648888347506,1.5994094488188977,0.9724409448818898,2.9783464566929134,0.4464617884996307
Haryana,2012,231555,987000,4.26,,26.38005098899408,33.63431713230201,20.11703590394828,458.52,2871.715,42.605182405910874,2.1733760486415763,0.4427784695895681,1.6565648888347506,1.5994094488188977,0.9724409448818898,2.9783464566929134,0.4464617884996307
Haryana,2012,95856,377000,3.93,,26.38005098899408,33.63431713230201,20.11703590394828,458.52,2871.715,42.605182405910874,2.1733760486415763,0.4427784695895681,1.6565648888347506,1.5994094488188977,0.9724409448818898,2.9783464566929134,0.4464617884996307
Haryana,2012,215979,922000,4.27,,26.38005098899408,33.63431713230201,20.11703590394828,458.52,2871.715,42.605182405910874,2.1733760486415763,0.4427784695895681,1.6565648888347506,1.5994094488188977,0.9724409448818898,2.9783464566929134,0.4464617884996307
Haryana,2012,172302,806000,4.68,,26.38005098899408,33.63431713230201,20.11703590394828,458.52,2871.715,42.605182405910874,2.1733760486415763,0.4427784695895681,1.6565648888347506,1.5994094488188977,0.9724409448818898,2.9783464566929134,0.4464617884996307
Haryana,2012,172790,808000,4.68,,26.38005098899408,33.63431713230201,20.11703590394828,458.52,2871.715,42.605182405910874,2.1733760486415763,0.4427784695895681,1.6565648888347506,1.5994094488188977,0.9724409448818898,2.9783464566929134,0.4464617884996307
Haryana,2012,112658,526000,4.67,,26.38005098899408,33.63431713230201,20.11703590394828,458.52,2871.715,42.605182405910874,2.1733760486415763,0.4427784695895681,1.6565648888347506,1.5994094488188977,0.9724409448818898,2.9783464566929134,0.4464617884996307
Haryana,2012,42876,205000,4.78,,26.38005098899408,33.63431713230201,20.11703590394828,458.52,2871.715,42.605182405910874,2.1733760486415763,0.4427784695895681,1.6565648888347506,1.5994094488188977,0.9724409448818898,2.9783464566929134,0.4464617884996307
Haryana,2012,71677,296000,4.13,,26.38005098899408,33.63431713230201,20.11703590394828,458.52,2871.715,42.605182405910874,2.1733760486415763,0.4427784695895681,1.6565648888347506,1.5994094488188977,0.9724409448818898,2.9783464566929134,0.4464617884996307
Haryana,2012,96044,442000,4.6,,26.38005098899408,33.63431713230201,20.11703590394828,458.52,2871.715,42.605182405910874,2.1733760486415763,0.4427784695895681,1.6565648888347506,1.5994094488188977,0.9724409448818898,2.9783464566929134,0.4464617884996307
Haryana,2012,16823,59000,3.51,,26.38005098899408,33.63431713230201,20.11703590394828,458.52,2871.715,42.605182405910874,2.1733760486415763,0.4427784695895681,1.6565648888347506,1.5994094488188977,0.9724409448818898,2.9783464566929134,0.4464617884996307
Haryana,2012,85907,395000,4.6,,26.38005098899408,33.63431713230201,20.11703590394828,458.52,2871.715,42.605182405910874,2.1733760486415763,0.4427784695895681,1.6565648888347506,1.5994094488188977,0.9724409448818898,2.9783464566929134,0.4464617884996307
Haryana,2012,44652,222000,4.97,,26.38005098899408,33.63431713230201,20.11703590394828,458.52,2871.715,42.605182405910874,2.1733760486415763,0.4427784695895681,1.6565648888347506,1.5994094488188977,0.9724409448818898,2.9783464566929134,0.4464617884996307
Haryana,2012,104032,389000,3.74,,26.38005098899408,33.63431713230201,20.11703590394828,458.52,2871.715,42.605182405910874,2.1733760486415763,0.4427784695895681,1.6565648888347506,1.5994094488188977,0.9724409448818898,2.9783464566929134,0.4464617884996307
Haryana,2012,293495,1423000,4.85,,26.38005098899408,33.63431713230201,20.11703590394828,458.52,2871.715,42.605182405910874,2.1733760486415763,0.4427784695895681,1.6565648888347506,1.5994094488188977,0.9724409448818898,2.9783464566929134,0.4464617884996307
Haryana,2012,141805,642000,4.53,,26.38005098899408,33.63431713230201,20.11703590394828,458.52,2871.715,42.605182405910874,2.1733760486415763,0.4427784695895681,1.6565648888347506,1.5994094488188977,0.9724409448818898,2.9783464566929134,0.4464617884996307
Haryana,2012,85102,369000,4.34,,26.38005098899408,33.63431713230201,20.11703590394828,458.52,2871.715,42.605182405910874,2.1733760486415763,0.4427784695895681,1.6565648888347506,1.5994094488188977,0.9724409448818898,2.9783464566929134,0.4464617884996307
Haryana,2013,86000,398000,4.63,,25.62020646458398,32.39627435818126,19.666226028456542,762.22,2817.02,52.869027605938754,1.8696910763996288,0.47881288005499467,1.6565648888347506,1.5994094488188977,0.9724409448818898,2.9783464566929134,0.4464617884996307
Haryana,2013,167000,706000,4.23,,25.62020646458398,32.39627435818126,19.666226028456542,762.22,2817.02,52.869027605938754,1.8696910763996288,0.47881288005499467,1.6565648888347506,1.5994094488188977,0.9724409448818898,2.9783464566929134,0.4464617884996307
Haryana,2013,30000,140000,4.67,,25.62020646458398,32.39627435818126,19.666226028456542,762.22,2817.02,52.869027605938754,1.8696910763996288,0.47881288005499467,1.6565648888347506,1.5994094488188977,0.9724409448818898,2.9783464566929134,0.4464617884996307
Haryana,2013,189000,1005000,5.32,,25.62020646458398,32.39627435818126,19.666226028456542,762.22,2817.02,52.869027605938754,1.8696910763996288,0.47881288005499467,1.6565648888347506,1.5994094488188977,0.9724409448818898,2.9783464566929134,0.4464617884996307
Haryana,2013,48000,215000,4.48,,25.62020646458398,32.39627435818126,19.666226028456542,762.22,2817.02,52.869027605938754,1.8696910763996288,0.47881288005499467,1.6565648888347506,1.5994094488188977,0.9724409448818898,2.9783464566929134,0.4464617884996307
Haryana,2013,226000,1012000,4.48,,25.62020646458398,32.39627435818126,19.666226028456542,762.22,2817.02,52.869027605938754,1.8696910763996288,0.47881288005499467,1.6565648888347506,1.5994094488188977,0.9724409448818898,2.9783464566929134,0.4464617884996307
Haryana,2013,98000,442000,4.51,,25.62020646458398,32.39627435818126,19.666226028456542,762.22,2817.02,52.869027605938754,1.8696910763996288,0.47881288005499467,1.6565648888347506,1.5994094488188977,0.9724409448818898,2.9783464566929134,0.4464617884996307
Haryana,2013,217000,987000,4.55,,25.62020646458398,32.39627435818126,19.666226028456542,762.22,2817.02,52.869027605938754,1.8696910763996288,0.47881288005499467,1.6565648888347506,1.5994094488188977,0.9724409448818898,2.9783464566929134,0.4464617884996307
Haryana,2013,174000,838000,4.82,,25.62020646458398,32.39627435818126,19.666226028456542,762.22,2817.02,52.869027605938754,1.8696910763996288,0.47881288005499467,1.6565648888347506,1.5994094488188977,0.9724409448818898,2.9783464566929134,0.4464617884996307
Haryana,2013,172000,845000,4.91,,25.62020646458398,32.39627435818126,19.666226028456542,762.22,2817.02,52.869027605938754,1.8696910763996288,0.47881288005499467,1.6565648888347506,1.5994094488188977,0.9724409448818898,2.9783464566929134,0.4464617884996307
Haryana,2013,112000,546000,4.88,,25.62020646458398,32.39627435818126,19.666226028456542,762.22,2817.02,52.869027605938754,1.8696910763996288,0.47881288005499467,1.6565648888347506,1.5994094488188977,0.9724409448818898,2.9783464566929134,0.4464617884996307
Haryana,2013,46000,231000,5.02,,25.62020646458398,32.39627435818126,19.666226028456542,762.22,2817.02,52.869027605938754,1.8696910763996288,0.47881288005499467,1.6565648888347506,1.5994094488188977,0.9724409448818898,2.9783464566929134,0.4464617884996307
Haryana,2013,74000,318000,4.3,,25.62020646458398,32.39627435818126,19.666226028456542,762.22,2817.02,52.869027605938754,1.8696910763996288,0.47881288005499467,1.6565648888347506,1.5994094488188977,0.9724409448818898,2.9783464566929134,0.4464617884996307
Haryana,2013,97000,441000,4.55,,25.62020646458398,32.39627435818126,19.666226028456542,762.22,2817.02,52.869027605938754,1.8696910763996288,0.47881288005499467,1.6565648888347506,1.5994094488188977,0.9724409448818898,2.9783464566929134,0.4464617884996307
Haryana,2013,17000,59000,3.47,,25.62020646458398,32.39627435818126,19.666226028456542,762.22,2817.02,52.869027605938754,1.8696910763996288,0.47881288005499467,1.6565648888347506,1.5994094488188977,0.9724409448818898,2.9783464566929134,0.4464617884996307
Haryana,2013,86000,421000,4.9,,25.62020646458398,32.39627435818126,19.666226028456542,762.22,2817.02,52.869027605938754,1.8696910763996288,0.47881288005499467,1.6565648888347506,1.5994094488188977,0.9724409448818898,2.9783464566929134,0.4464617884996307
Haryana,2013,45000,222000,4.93,,25.62020646458398,32.39627435818126,19.666226028456542,762.22,2817.02,52.869027605938754,1.8696910763996288,0.47881288005499467,1.6565648888347506,1.5994094488188977,0.9724409448818898,2.9783464566929134,0.4464617884996307
Haryana,2013,102000,400000,3.92,,25.62020646458398,32.39627435818126,19.666226028456542,762.22,2817.02,52.869027605938754,1.8696910763996288,0.47881288005499467,1.6565648888347506,1.5994094488188977,0.9724409448818898,2.9783464566929134,0.4464617884996307
Haryana,2013,285000,1524000,5.35,,25.62020646458398,32.39627435818126,19.666226028456542,762.22,2817.02,52.869027605938754,1.8696910763996288,0.47881288005499467,1.6565648888347506,1.5994094488188977,0.9724409448818898,2.9783464566929134,0.4464617884996307
Haryana,2013,143000,665000,4.65,,25.62020646458398,32.39627435818126,19.666226028456542,762.22,2817.02,52.869027605938754,1.8696910763996288,0.47881288005499467,1.6565648888347506,1.5994094488188977,0.9724409448818898,2.9783464566929134,0.4464617884996307
Haryana,2013,85000,385000,4.53,,25.62020646458398,32.39627435818126,19.666226028456542,762.22,2817.02,52.869027605938754,1.8696910763996288,0.47881288005499467,1.6565648888347506,1.5994094488188977,0.9724409448818898,2.9783464566929134,0.4464617884996307
Haryana,2014,88000,322000,3.66,,26.867290442313642,34.123578332817814,20.480572997216207,341.65,2871.505,41.124635400556755,2.0488938292607486,0.45947055606014475,1.6565648888347506,1.5994094488188977,0.9724409448818898,2.9783464566929134,0.4464617884996307
Haryana,2014,219000,843000,3.85,,26.867290442313642,34.123578332817814,20.480572997216207,341.65,2871.505,41.124635400556755,2.0488938292607486,0.45947055606014475,1.6565648888347506,1.5994094488188977,0.9724409448818898,2.9783464566929134,0.4464617884996307
Haryana,2014,28000,93000,3.32,,26.867290442313642,34.123578332817814,20.480572997216207,341.65,2871.505,41.124635400556755,2.0488938292607486,0.45947055606014475,1.6565648888347506,1.5994094488188977,0.9724409448818898,2.9783464566929134,0.4464617884996307
Haryana,2014,190000,923000,4.86,,26.867290442313642,34.123578332817814,20.480572997216207,341.65,2871.505,41.124635400556755,2.0488938292607486,0.45947055606014475,1.6565648888347506,1.5994094488188977,0.9724409448818898,2.9783464566929134,0.4464617884996307
Haryana,2014,49000,155000,3.16,,26.867290442313642,34.123578332817814,20.480572997216207,341.65,2871.505,41.124635400556755,2.0488938292607486,0.45947055606014475,1.6565648888347506,1.5994094488188977,0.9724409448818898,2.9783464566929134,0.4464617884996307
Haryana,2014,230000,961000,4.18,,26.867290442313642,34.123578332817814,20.480572997216207,341.65,2871.505,41.124635400556755,2.0488938292607486,0.45947055606014475,1.6565648888347506,1.5994094488188977,0.9724409448818898,2.9783464566929134,0.4464617884996307
Haryana,2014,114000,421000,3.69,,26.867290442313642,34.123578332817814,20.480572997216207,341.65,2871.505,41.124635400556755,2.0488938292607486,0.45947055606014475,1.6565648888347506,1.5994094488188977,0.9724409448818898,2.9783464566929134,0.4464617884996307
Haryana,2014,219000,799000,3.65,,26.867290442313642,34.123578332817814,20.480572997216207,341.65,2871.505,41.124635400556755,2.0488938292607486,0.45947055606014475,1.6565648888347506,1.5994094488188977,0.9724409448818898,2.9783464566929134,0.4464617884996307
Haryana,2014,175000,744000,4.25,,26.867290442313642,34.123578332817814,20.480572997216207,341.65,2871.505,41.124635400556755,2.0488938292607486,0.45947055606014475,1.6565648888347506,1.5994094488188977,0.9724409448818898,2.9783464566929134,0.4464617884996307
Haryana,2014,174000,704000,4.05,,26.867290442313642,34.123578332817814,20.480572997216207,341.65,2871.505,41.124635400556755,2.0488938292607486,0.45947055606014475,1.6565648888347506,1.5994094488188977,0.9724409448818898,2.9783464566929134,0.4464617884996307
Haryana,2014,113000,459000,4.06,,26.867290442313642,34.123578332817814,20.480572997216207,341.65,2871.505,41.124635400556755,2.0488938292607486,0.45947055606014475,1.6565648888347506,1.5994094488188977,0.9724409448818898,2.9783464566929134,0.4464617884996307
Haryana,2014,49000,207000,4.22,,26.867290442313642,34.123578332817814,20.480572997216207,341.65,2871.505,41.124635400556755,2.0488938292607486,0.45947055606014475,1.6565648888347506,1.5994094488188977,0.9724409448818898,2.9783464566929134,0.4464617884996307
Haryana,2014,77000,247000,3.21,,26.867290442313642,34.123578332817814,20.480572997216207,341.65,2871.505,41.124635400556755,2.0488938292607486,0.45947055606014475,1.6565648888347506,1.5994094488188977,0.9724409448818898,2.9783464566929134,0.4464617884996307
Haryana,2014,105000,356000,3.39,,26.867290442313642,34.123578332817814,20.480572997216207,341.65,2871.505,41.124635400556755,2.0488938292607486,0.45947055606014475,1.6565648888347506,1.5994094488188977,0.9724409448818898,2.9783464566929134,0.4464617884996307
Haryana,2014,18000,53000,2.94,,26.867290442313642,34.123578332817814,20.480572997216207,341.65,2871.505,41.124635400556755,2.0488938292607486,0.45947055606014475,1.6565648888347506,1.5994094488188977,0.9724409448818898,2.9783464566929134,0.4464617884996307
Haryana,2014,84000,301000,3.58,,26.867290442313642,34.123578332817814,20.480572997216207,341.65,2871.505,41.124635400556755,2.0488938292607486,0.45947055606014475,1.6565648888347506,1.5994094488188977,0.9724409448818898,2.9783464566929134,0.4464617884996307
Haryana,2014,50000,181000,3.62,,26.867290442313642,34.123578332817814,20.480572997216207,341.65,2871.505,41.124635400556755,2.0488938292607486,0.45947055606014475,1.6565648888347506,1.5994094488188977,0.9724409448818898,2.9783464566929134,0.4464617884996307
Haryana,2014,107000,371000,3.47,,26.867290442313642,34.123578332817814,20.480572997216207,341.65,2871.505,41.124635400556755,2.0488938292607486,0.45947055606014475,1.6565648888347506,1.5994094488188977,0.9724409448818898,2.9783464566929134,0.4464617884996307
Haryana,2014,304000,1431000,4.71,,26.867290442313642,34.123578332817814,20.480572997216207,341.65,2871.505,41.124635400556755,2.0488938292607486,0.45947055606014475,1.6565648888347506,1.5994094488188977,0.9724409448818898,2.9783464566929134,0.4464617884996307
Haryana,2014,147000,548000,3.73,,26.867290442313642,34.123578332817814,20.480572997216207,341.65,2871.505,41.124635400556755,2.0488938292607486,0.45947055606014475,1.6565648888347506,1.5994094488188977,0.9724409448818898,2.9783464566929134,0.4464617884996307
Haryana,2014,88000,338000,3.84,,26.867290442313642,34.123578332817814,20.480572997216207,341.65,2871.505,41.124635400556755,2.0488938292607486,0.45947055606014475,1.6565648888347506,1.5994094488188977,0.9724409448818898,2.9783464566929134,0.4464617884996307
Haryana,2015,174000,797000,4.58,,25.965978580266004,33.034930791834206,19.746510207237858,626.3599999999999,2814.24,47.263690071141355,1.8716095731518716,0.47011229553416556,1.6565648888347506,1.5994094488188977,0.9724409448818898,2.9783464566929134,0.4464617884996307
Haryana,2015,181000,714000,3.94,,25.965978580266004,33.034930791834206,19.746510207237858,626.3599999999999,2814.24,47.263690071141355,1.8716095731518716,0.47011229553416556,1.6565648888347506,1.5994094488188977,0.9724409448818898,2.9783464566929134,0.4464617884996307
Haryana,2015,100000,399000,3.99,,25.965978580266004,33.034930791834206,19.746510207237858,626.3599999999999,2814.24,47.263690071141355,1.8716095731518716,0.47011229553416556,1.6565648888347506,1.5994094488188977,0.9724409448818898,2.9783464566929134,0.4464617884996307
Haryana,2015,189000,858000,4.54,,25.965978580266004,33.034930791834206,19.746510207237858,626.3599999999999,2814.24,47.263690071141355,1.8716095731518716,0.47011229553416556,1.6565648888347506,1.5994094488188977,0.9724409448818898,2.9783464566929134,0.4464617884996307
Haryana,2015,50000,215000,4.3,,25.965978580266004,33.034930791834206,19.746510207237858,626.3599999999999,2814.24,47.263690071141355,1.8716095731518716,0.47011229553416556,1.6565648888347506,1.5994094488188977,0.9724409448818898,2.9783464566929134,0.4464617884996307
Haryana,2015,226000,1050000,4.65,,25.965978580266004,33.034930791834206,19.746510207237858,626.3599999999999,2814.24,47.263690071141355,1.8716095731518716,0.47011229553416556,1.6565648888347506,1.5994094488188977,0.9724409448818898,2.9783464566929134,0.4464617884996307
Haryana,2015,111000,430000,3.87,,25.965978580266004,33.034930791834206,19.746510207237858,626.3599999999999,2814.24,47.263690071141355,1.8716095731518716,0.47011229553416556,1.6565648888347506,1.5994094488188977,0.9724409448818898,2.9783464566929134,0.4464617884996307
Haryana,2015,91000,408000,4.48,,25.965978580266004,33.034930791834206,19.746510207237858,626.3599999999999,2814.24,47.263690071141355,1.8716095731518716,0.47011229553416556,1.6565648888347506,1.5994094488188977,0.9724409448818898,2.9783464566929134,0.4464617884996307
Haryana,2015,113000,512000,4.53,,25.965978580266004,33.034930791834206,19.746510207237858,626.3599999999999,2814.24,47.263690071141355,1.8716095731518716,0.47011229553416556,1.6565648888347506,1.5994094488188977,0.9724409448818898,2.9783464566929134,0.4464617884996307
Haryana,2015,27000,93000,3.44,,25.965978580266004,33.034930791834206,19.746510207237858,626.3599999999999,2814.24,47.263690071141355,1.8716095731518716,0.47011229553416556,1.6565648888347506,1.5994094488188977,0.9724409448818898,2.9783464566929134,0.4464617884996307
Haryana,2015,84000,371000,4.42,,25.965978580266004,33.034930791834206,19.746510207237858,626.3599999999999,2814.24,47.263690071141355,1.8716095731518716,0.47011229553416556,1.6565648888347506,1.5994094488188977,0.9724409448818898,2.9783464566929134,0.4464617884996307
Haryana,2015,217000,946000,4.36,,25.965978580266004,33.034930791834206,19.746510207237858,626.3599999999999,2814.24,47.263690071141355,1.8716095731518716,0.47011229553416556,1.6565648888347506,1.5994094488188977,0.9724409448818898,2.9783464566929134,0.4464617884996307
Haryana,2015,80000,317000,3.96,,25.965978580266004,33.034930791834206,19.746510207237858,626.3599999999999,2814.24,47.263690071141355,1.8716095731518716,0.47011229553416556,1.6565648888347506,1.5994094488188977,0.9724409448818898,2.9783464566929134,0.4464617884996307
Haryana,2015,51000,226000,4.43,,25.965978580266004,33.034930791834206,19.746510207237858,626.3599999999999,2814.24,47.263690071141355,1.8716095731518716,0.47011229553416556,1.6565648888347506,1.5994094488188977,0.9724409448818898,2.9783464566929134,0.4464617884996307
Haryana,2015,88000,378000,4.3,,25.965978580266004,33.034930791834206,19.746510207237858,626.3599999999999,2814.24,47.263690071141355,1.8716095731518716,0.47011229553416556,1.6565648888347506,1.5994094488188977,0.9724409448818898,2.9783464566929134,0.4464617884996307
Haryana,2015,174000,858000,4.93,,25.965978580266004,33.034930791834206,19.746510207237858,626.3599999999999,2814.24,47.263690071141355,1.8716095731518716,0.47011229553416556,1.6565648888347506,1.5994094488188977,0.9724409448818898,2.9783464566929134,0.4464617884996307
Haryana,2015,51000,207000,4.06,,25.965978580266004,33.034930791834206,19.746510207237858,626.3599999999999,2814.24,47.263690071141355,1.8716095731518716,0.47011229553416556,1.6565648888347506,1.5994094488188977,0.9724409448818898,2.9783464566929134,0.4464617884996307
Haryana,2015,107000,418000,3.91,,25.965978580266004,33.034930791834206,19.746510207237858,626.3599999999999,2814.24,47.263690071141355,1.8716095731518716,0.47011229553416556,1.6565648888347506,1.5994094488188977,0.9724409448818898,2.9783464566929134,0.4464617884996307
Haryana,2015,301000,1456000,4.84,,25.965978580266004,33.034930791834206,19.746510207237858,626.3599999999999,2814.24,47.263690071141355,1.8716095731518716,0.47011229553416556,1.6565648888347506,1.5994094488188977,0.9724409448818898,2.9783464566929134,0.4464617884996307
Haryana,2015,143000,637000,4.45,,25.965978580266004,33.034930791834206,19.746510207237858,626.3599999999999,2814.24,47.263690071141355,1.8716095731518716,0.47011229553416556,1.6565648888347506,1.5994094488188977,0.9724409448818898,2.9783464566929134,0.4464617884996307
Haryana,2015,18000,60000,3.33,,25.965978580266004,33.034930791834206,19.746510207237858,626.3599999999999,2814.24,47.263690071141355,1.8716095731518716,0.47011229553416556,1.6565648888347506,1.5994094488188977,0.9724409448818898,2.9783464566929134,0.4464617884996307
Haryana,2016,87000,392000,4.51,,26.899467405526053,33.991438466866775,20.649648656969138,509.66,2848.685,43.087280458708534,1.7320303240206265,0.47168680960692155,1.6565648888347506,1.5994094488188977,0.9724409448818898,2.9783464566929134,0.4464617884996307
Haryana,2016,180000,778000,4.32,,26.899467405526053,33.991438466866775,20.649648656969138,509.66,2848.685,43.087280458708534,1.7320303240206265,0.47168680960692155,1.6565648888347506,1.5994094488188977,0.9724409448818898,2.9783464566929134,0.4464617884996307
Haryana,2016,30000,141000,4.7,,26.899467405526053,33.991438466866775,20.649648656969138,509.66,2848.685,43.087280458708534,1.7320303240206265,0.47168680960692155,1.6565648888347506,1.5994094488188977,0.9724409448818898,2.9783464566929134,0.4464617884996307
Haryana,2016,189000,995000,5.26,,26.899467405526053,33.991438466866775,20.649648656969138,509.66,2848.685,43.087280458708534,1.7320303240206265,0.47168680960692155,1.6565648888347506,1.5994094488188977,0.9724409448818898,2.9783464566929134,0.4464617884996307
Haryana,2016,48000,224000,4.67,,26.899467405526053,33.991438466866775,20.649648656969138,509.66,2848.685,43.087280458708534,1.7320303240206265,0.47168680960692155,1.6565648888347506,1.5994094488188977,0.9724409448818898,2.9783464566929134,0.4464617884996307
Haryana,2016,226000,1075000,4.76,,26.899467405526053,33.991438466866775,20.649648656969138,509.66,2848.685,43.087280458708534,1.7320303240206265,0.47168680960692155,1.6565648888347506,1.5994094488188977,0.9724409448818898,2.9783464566929134,0.4464617884996307
Haryana,2016,93000,473000,5.09,,26.899467405526053,33.991438466866775,20.649648656969138,509.66,2848.685,43.087280458708534,1.7320303240206265,0.47168680960692155,1.6565648888347506,1.5994094488188977,0.9724409448818898,2.9783464566929134,0.4464617884996307
Haryana,2016,194000,944000,4.87,,26.899467405526053,33.991438466866775,20.649648656969138,509.66,2848.685,43.087280458708534,1.7320303240206265,0.47168680960692155,1.6565648888347506,1.5994094488188977,0.9724409448818898,2.9783464566929134,0.4464617884996307
Haryana,2016,173000,861000,4.98,,26.899467405526053,33.991438466866775,20.649648656969138,509.66,2848.685,43.087280458708534,1.7320303240206265,0.47168680960692155,1.6565648888347506,1.5994094488188977,0.9724409448818898,2.9783464566929134,0.4464617884996307
Haryana,2016,197000,1027000,5.21,,26.899467405526053,33.991438466866775,20.649648656969138,509.66,2848.685,43.087280458708534,1.7320303240206265,0.47168680960692155,1.6565648888347506,1.5994094488188977,0.9724409448818898,2.9783464566929134,0.4464617884996307
Haryana,2016,106000,506000,4.77,,26.899467405526053,33.991438466866775,20.649648656969138,509.66,2848.685,43.087280458708534,1.7320303240206265,0.47168680960692155,1.6565648888347506,1.5994094488188977,0.9724409448818898,2.9783464566929134,0.4464617884996307
Haryana,2016,50000,236000,4.72,,26.899467405526053,33.991438466866775,20.649648656969138,509.66,2848.685,43.087280458708534,1.7320303240206265,0.47168680960692155,1.6565648888347506,1.5994094488188977,0.9724409448818898,2.9783464566929134,0.4464617884996307
Haryana,2016,81000,338000,4.17,,26.899467405526053,33.991438466866775,20.649648656969138,509.66,2848.685,43.087280458708534,1.7320303240206265,0.47168680960692155,1.6565648888347506,1.5994094488188977,0.9724409448818898,2.9783464566929134,0.4464617884996307
Haryana,2016,97000,424000,4.37,,26.899467405526053,33.991438466866775,20.649648656969138,509.66,2848.685,43.087280458708534,1.7320303240206265,0.47168680960692155,1.6565648888347506,1.5994094488188977,0.9724409448818898,2.9783464566929134,0.4464617884996307
Haryana,2016,18000,69000,3.83,,26.899467405526053,33.991438466866775,20.649648656969138,509.66,2848.685,43.087280458708534,1.7320303240206265,0.47168680960692155,1.6565648888347506,1.5994094488188977,0.9724409448818898,2.9783464566929134,0.4464617884996307
Haryana,2016,82000,419000,5.11,,26.899467405526053,33.991438466866775,20.649648656969138,509.66,2848.685,43.087280458708534,1.7320303240206265,0.47168680960692155,1.6565648888347506,1.5994094488188977,0.9724409448818898,2.9783464566929134,0.4464617884996307
Haryana,2016,48000,241000,5.02,,26.899467405526053,33.991438466866775,20.649648656969138,509.66,2848.685,43.087280458708534,1.7320303240206265,0.47168680960692155,1.6565648888347506,1.5994094488188977,0.9724409448818898,2.9783464566929134,0.4464617884996307
Haryana,2016,105100,483000,4.6,,26.899467405526053,33.991438466866775,20.649648656969138,509.66,2848.685,43.087280458708534,1.7320303240206265,0.47168680960692155,1.6565648888347506,1.5994094488188977,0.9724409448818898,2.9783464566929134,0.4464617884996307
Haryana,2016,304500,1544000,5.07,,26.899467405526053,33.991438466866775,20.649648656969138,509.66,2848.685,43.087280458708534,1.7320303240206265,0.47168680960692155,1.6565648888347506,1.5994094488188977,0.9724409448818898,2.9783464566929134,0.4464617884996307
Haryana,2016,144500,741000,5.13,,26.899467405526053,33.991438466866775,20.649648656969138,509.66,2848.685,43.087280458708534,1.7320303240206265,0.47168680960692155,1.6565648888347506,1.5994094488188977,0.9724409448818898,2.9783464566929134,0.4464617884996307
Haryana,2016,89000,399000,4.48,,26.899467405526053,33.991438466866775,20.649648656969138,509.66,2848.685,43.087280458708534,1.7320303240206265,0.47168680960692155,1.6565648888347506,1.5994094488188977,0.9724409448818898,2.9783464566929134,0.4464617884996307
Haryana,2017,87200,405600,4.65,,26.47510825858336,33.780692081657904,20.220937983297244,508.93000000000006,2867.1000000000004,44.57417684812867,1.895803046705846,0.4755850215957396,1.6565648888347506,1.5994094488188977,0.9724409448818898,2.9783464566929134,0.4464617884996307
Haryana,2017,117400,507700,4.32,,26.47510825858336,33.780692081657904,20.220937983297244,508.93000000000006,2867.1000000000004,44.57417684812867,1.895803046705846,0.4755850215957396,1.6565648888347506,1.5994094488188977,0.9724409448818898,2.9783464566929134,0.4464617884996307
Haryana,2017,54800,225600,4.12,,26.47510825858336,33.780692081657904,20.220937983297244,508.93000000000006,2867.1000000000004,44.57417684812867,1.895803046705846,0.4755850215957396,1.6565648888347506,1.5994094488188977,0.9724409448818898,2.9783464566929134,0.4464617884996307
Haryana,2017,30000,133600,4.45,,26.47510825858336,33.780692081657904,20.220937983297244,508.93000000000006,2867.1000000000004,44.57417684812867,1.895803046705846,0.4755850215957396,1.6565648888347506,1.5994094488188977,0.9724409448818898,2.9783464566929134,0.4464617884996307
Haryana,2017,188200,1013200,5.38,,26.47510825858336,33.780692081657904,20.220937983297244,508.93000000000006,2867.1000000000004,44.57417684812867,1.895803046705846,0.4755850215957396,1.6565648888347506,1.5994094488188977,0.9724409448818898,2.9783464566929134,0.4464617884996307
Haryana,2017,43000,211000,4.91,,26.47510825858336,33.780692081657904,20.220937983297244,508.93000000000006,2867.1000000000004,44.57417684812867,1.895803046705846,0.4755850215957396,1.6565648888347506,1.5994094488188977,0.9724409448818898,2.9783464566929134,0.4464617884996307
Haryana,2017,223900,1100400,4.91,,26.47510825858336,33.780692081657904,20.220937983297244,508.93000000000006,2867.1000000000004,44.57417684812867,1.895803046705846,0.4755850215957396,1.6565648888347506,1.5994094488188977,0.9724409448818898,2.9783464566929134,0.4464617884996307
Haryana,2017,106200,494300,4.65,,26.47510825858336,33.780692081657904,20.220937983297244,508.93000000000006,2867.1000000000004,44.57417684812867,1.895803046705846,0.4755850215957396,1.6565648888347506,1.5994094488188977,0.9724409448818898,2.9783464566929134,0.4464617884996307
Haryana,2017,216300,1091600,5.05,,26.47510825858336,33.780692081657904,20.220937983297244,508.93000000000006,2867.1000000000004,44.57417684812867,1.895803046705846,0.4755850215957396,1.6565648888347506,1.5994094488188977,0.9724409448818898,2.9783464566929134,0.4464617884996307
Haryana,2017,173600,838900,4.83,,26.47510825858336,33.780692081657904,20.220937983297244,508.93000000000006,2867.1000000000004,44.57417684812867,1.895803046705846,0.4755850215957396,1.6565648888347506,1.5994094488188977,0.9724409448818898,2.9783464566929134,0.4464617884996307
Haryana,2017,176000,866500,4.92,,26.47510825858336,33.780692081657904,20.220937983297244,508.93000000000006,2867.1000000000004,44.57417684812867,1.895803046705846,0.4755850215957396,1.6565648888347506,1.5994094488188977,0.9724409448818898,2.9783464566929134,0.4464617884996307
Haryana,2017,112600,542900,4.82,,26.47510825858336,33.780692081657904,20.220937983297244,508.93000000000006,2867.1000000000004,44.57417684812867,1.895803046705846,0.4755850215957396,1.6565648888347506,1.5994094488188977,0.9724409448818898,2.9783464566929134,0.4464617884996307
Haryana,2017,49100,209500,4.27,,26.47510825858336,33.780692081657904,20.220937983297244,508.93000000000006,2867.1000000000004,44.57417684812867,1.895803046705846,0.4755850215957396,1.6565648888347506,1.5994094488188977,0.9724409448818898,2.9783464566929134,0.4464617884996307
Haryana,2017,77100,332800,4.32,,26.47510825858336,33.780692081657904,20.220937983297244,508.93000000000006,2867.1000000000004,44.57417684812867,1.895803046705846,0.4755850215957396,1.6565648888347506,1.5994094488188977,0.9724409448818898,2.9783464566929134,0.4464617884996307
Haryana,2017,93600,425800,4.55,,26.47510825858336,33.780692081657904,20.220937983297244,508.93000000000006,2867.1000000000004,44.57417684812867,1.895803046705846,0.4755850215957396,1.6565648888347506,1.5994094488188977,0.9724409448818898,2.9783464566929134,0.4464617884996307
Haryana,2017,18000,67300,3.74,,26.47510825858336,33.780692081657904,20.220937983297244,508.93000000000006,2867.1000000000004,44.57417684812867,1.895803046705846,0.4755850215957396,1.6565648888347506,1.5994094488188977,0.9724409448818898,2.9783464566929134,0.4464617884996307
Haryana,2017,84300,437100,5.19,,26.47510825858336,33.780692081657904,20.220937983297244,508.93000000000006,2867.1000000000004,44.57417684812867,1.895803046705846,0.4755850215957396,1.6565648888347506,1.5994094488188977,0.9724409448818898,2.9783464566929134,0.4464617884996307
Haryana,2017,46100,225800,4.9,,26.47510825858336,33.780692081657904,20.220937983297244,508.93000000000006,2867.1000000000004,44.57417684812867,1.895803046705846,0.4755850215957396,1.6565648888347506,1.5994094488188977,0.9724409448818898,2.9783464566929134,0.4464617884996307
Haryana,2017,104400,483000,4.63,,26.47510825858336,33.780692081657904,20.220937983297244,508.93000000000006,2867.1000000000004,44.57417684812867,1.895803046705846,0.4755850215957396,1.6565648888347506,1.5994094488188977,0.9724409448818898,2.9783464566929134,0.4464617884996307
Haryana,2017,295300,1494700,5.06,,26.47510825858336,33.780692081657904,20.220937983297244,508.93000000000006,2867.1000000000004,44.57417684812867,1.895803046705846,0.4755850215957396,1.6565648888347506,1.5994094488188977,0.9724409448818898,2.9783464566929134,0.4464617884996307
Haryana,2017,144400,732100,5.07,,26.47510825858336,33.780692081657904,20.220937983297244,508.93000000000006,2867.1000000000004,44.57417684812867,1.895803046705846,0.4755850215957396,1.6565648888347506,1.5994094488188977,0.9724409448818898,2.9783464566929134,0.4464617884996307
Haryana,2017,89000,425700,4.78,,26.47510825858336,33.780692081657904,20.220937983297244,508.93000000000006,2867.1000000000004,44.57417684812867,1.895803046705846,0.4755850215957396,1.6565648888347506,1.5994094488188977,0.9724409448818898,2.9783464566929134,0.4464617884996307
Haryana,2018,88000,418000,4.75,,26.19285145375812,33.276092251778536,20.138432570368078,601.34,2805.7200000000003,48.19228773584906,1.8138377667800807,0.4844384299172412,1.6565648888347506,1.5994094488188977,0.9724409448818898,2.9783464566929134,0.4464617884996307
Haryana,2018,113000,500000,4.42,,26.19285145375812,33.276092251778536,20.138432570368078,601.34,2805.7200000000003,48.19228773584906,1.8138377667800807,0.4844384299172412,1.6565648888347506,1.5994094488188977,0.9724409448818898,2.9783464566929134,0.4464617884996307
Haryana,2018,54600,273000,5.0,,26.19285145375812,33.276092251778536,20.138432570368078,601.34,2805.7200000000003,48.19228773584906,1.8138377667800807,0.4844384299172412,1.6565648888347506,1.5994094488188977,0.9724409448818898,2.9783464566929134,0.4464617884996307
Haryana,2018,29600,152000,5.14,,26.19285145375812,33.276092251778536,20.138432570368078,601.34,2805.7200000000003,48.19228773584906,1.8138377667800807,0.4844384299172412,1.6565648888347506,1.5994094488188977,0.9724409448818898,2.9783464566929134,0.4464617884996307
Haryana,2018,187200,1008000,5.38,,26.19285145375812,33.276092251778536,20.138432570368078,601.34,2805.7200000000003,48.19228773584906,1.8138377667800807,0.4844384299172412,1.6565648888347506,1.5994094488188977,0.9724409448818898,2.9783464566929134,0.4464617884996307
Haryana,2018,43000,213000,4.95,,26.19285145375812,33.276092251778536,20.138432570368078,601.34,2805.7200000000003,48.19228773584906,1.8138377667800807,0.4844384299172412,1.6565648888347506,1.5994094488188977,0.9724409448818898,2.9783464566929134,0.4464617884996307
Haryana,2018,221100,1096000,4.96,,26.19285145375812,33.276092251778536,20.138432570368078,601.34,2805.7200000000003,48.19228773584906,1.8138377667800807,0.4844384299172412,1.6565648888347506,1.5994094488188977,0.9724409448818898,2.9783464566929134,0.4464617884996307
Haryana,2018,105200,501000,4.76,,26.19285145375812,33.276092251778536,20.138432570368078,601.34,2805.7200000000003,48.19228773584906,1.8138377667800807,0.4844384299172412,1.6565648888347506,1.5994094488188977,0.9724409448818898,2.9783464566929134,0.4464617884996307
Haryana,2018,215000,1127000,5.24,,26.19285145375812,33.276092251778536,20.138432570368078,601.34,2805.7200000000003,48.19228773584906,1.8138377667800807,0.4844384299172412,1.6565648888347506,1.5994094488188977,0.9724409448818898,2.9783464566929134,0.4464617884996307
Haryana,2018,215000,1057000,4.92,,26.19285145375812,33.276092251778536,20.138432570368078,601.34,2805.7200000000003,48.19228773584906,1.8138377667800807,0.4844384299172412,1.6565648888347506,1.5994094488188977,0.9724409448818898,2.9783464566929134,0.4464617884996307
Haryana,2018,178500,1007000,5.64,,26.19285145375812,33.276092251778536,20.138432570368078,601.34,2805.7200000000003,48.19228773584906,1.8138377667800807,0.4844384299172412,1.6565648888347506,1.5994094488188977,0.9724409448818898,2.9783464566929134,0.4464617884996307
Haryana,2018,113000,560000,4.96,,26.19285145375812,33.276092251778536,20.138432570368078,601.34,2805.7200000000003,48.19228773584906,1.8138377667800807,0.4844384299172412,1.6565648888347506,1.5994094488188977,0.9724409448818898,2.9783464566929134,0.4464617884996307
Haryana,2018,44300,210000,4.74,,26.19285145375812,33.276092251778536,20.138432570368078,601.34,2805.7200000000003,48.19228773584906,1.8138377667800807,0.4844384299172412,1.6565648888347506,1.5994094488188977,0.9724409448818898,2.9783464566929134,0.4464617884996307
Haryana,2018,76400,347000,4.54,,26.19285145375812,33.276092251778536,20.138432570368078,601.34,2805.7200000000003,48.19228773584906,1.8138377667800807,0.4844384299172412,1.6565648888347506,1.5994094488188977,0.9724409448818898,2.9783464566929134,0.4464617884996307
Haryana,2018,95000,402000,4.23,,26.19285145375812,33.276092251778536,20.138432570368078,601.34,2805.7200000000003,48.19228773584906,1.8138377667800807,0.4844384299172412,1.6565648888347506,1.5994094488188977,0.9724409448818898,2.9783464566929134,0.4464617884996307
Haryana,2018,18000,71000,3.94,,26.19285145375812,33.276092251778536,20.138432570368078,601.34,2805.7200000000003,48.19228773584906,1.8138377667800807,0.4844384299172412,1.6565648888347506,1.5994094488188977,0.9724409448818898,2.9783464566929134,0.4464617884996307
Haryana,2018,83000,433000,5.22,,26.19285145375812,33.276092251778536,20.138432570368078,601.34,2805.7200000000003,48.19228773584906,1.8138377667800807,0.4844384299172412,1.6565648888347506,1.5994094488188977,0.9724409448818898,2.9783464566929134,0.4464617884996307
Haryana,2018,41000,203000,4.95,,26.19285145375812,33.276092251778536,20.138432570368078,601.34,2805.7200000000003,48.19228773584906,1.8138377667800807,0.4844384299172412,1.6565648888347506,1.5994094488188977,0.9724409448818898,2.9783464566929134,0.4464617884996307
Haryana,2018,104200,476000,4.57,,26.19285145375812,33.276092251778536,20.138432570368078,601.34,2805.7200000000003,48.19228773584906,1.8138377667800807,0.4844384299172412,1.6565648888347506,1.5994094488188977,0.9724409448818898,2.9783464566929134,0.4464617884996307
Haryana,2018,293100,1484000,5.06,,26.19285145375812,33.276092251778536,20.138432570368078,601.34,2805.7200000000003,48.19228773584906,1.8138377667800807,0.4844384299172412,1.6565648888347506,1.5994094488188977,0.9724409448818898,2.9783464566929134,0.4464617884996307
Haryana,2018,144100,645000,4.48,,26.19285145375812,33.276092251778536,20.138432570368078,601.34,2805.7200000000003,48.19228773584906,1.8138377667800807,0.4844384299172412,1.6565648888347506,1.5994094488188977,0.9724409448818898,2.9783464566929134,0.4464617884996307
Haryana,2018,90800,390000,4.3,,26.19285145375812,33.276092251778536,20.138432570368078,601.34,2805.7200000000003,48.19228773584906,1.8138377667800807,0.4844384299172412,1.6565648888347506,1.5994094488188977,0.9724409448818898,2.9783464566929134,0.4464617884996307
Haryana,2019,90900,380100,4.18,,26.28615024744819,33.08171783173523,20.41793419424683,517.6600000000001,2729.8199999999997,51.1073646767708,1.8318844726260437,0.5020975626478992,1.6565648888347506,1.5994094488188977,0.9724409448818898,2.9783464566929134,0.4464617884996307
Haryana,2019,107400,449600,4.19,,26.28615024744819,33.08171783173523,20.41793419424683,517.6600000000001,2729.8199999999997,51.1073646767708,1.8318844726260437,0.5020975626478992,1.6565648888347506,1.5994094488188977,0.9724409448818898,2.9783464566929134,0.4464617884996307
Haryana,2019,50100,228900,4.57,,26.28615024744819,33.08171783173523,20.41793419424683,517.6600000000001,2729.8199999999997,51.1073646767708,1.8318844726260437,0.5020975626478992,1.6565648888347506,1.5994094488188977,0.9724409448818898,2.9783464566929134,0.4464617884996307
Haryana,2019,30700,128800,4.2,,26.28615024744819,33.08171783173523,20.41793419424683,517.6600000000001,2729.8199999999997,51.1073646767708,1.8318844726260437,0.5020975626478992,1.6565648888347506,1.5994094488188977,0.9724409448818898,2.9783464566929134,0.4464617884996307
Haryana,2019,191900,931500,4.85,,26.28615024744819,33.08171783173523,20.41793419424683,517.6600000000001,2729.8199999999997,51.1073646767708,1.8318844726260437,0.5020975626478992,1.6565648888347506,1.5994094488188977,0.9724409448818898,2.9783464566929134,0.4464617884996307
Haryana,2019,40600,205600,5.06,,26.28615024744819,33.08171783173523,20.41793419424683,517.6600000000001,2729.8199999999997,51.1073646767708,1.8318844726260437,0.5020975626478992,1.6565648888347506,1.5994094488188977,0.9724409448818898,2.9783464566929134,0.4464617884996307
Haryana,2019,224300,1022800,4.56,,26.28615024744819,33.08171783173523,20.41793419424683,517.6600000000001,2729.8199999999997,51.1073646767708,1.8318844726260437,0.5020975626478992,1.6565648888347506,1.5994094488188977,0.9724409448818898,2.9783464566929134,0.4464617884996307
Haryana,2019,106600,512600,4.81,,26.28615024744819,33.08171783173523,20.41793419424683,517.6600000000001,2729.8199999999997,51.1073646767708,1.8318844726260437,0.5020975626478992,1.6565648888347506,1.5994094488188977,0.9724409448818898,2.9783464566929134,0.4464617884996307
Haryana,2019,214400,1030600,4.81,,26.28615024744819,33.08171783173523,20.41793419424683,517.6600000000001,2729.8199999999997,51.1073646767708,1.8318844726260437,0.5020975626478992,1.6565648888347506,1.5994094488188977,0.9724409448818898,2.9783464566929134,0.4464617884996307
Haryana,2019,182200,839000,4.6,,26.28615024744819,33.08171783173523,20.41793419424683,517.6600000000001,2729.8199999999997,51.1073646767708,1.8318844726260437,0.5020975626478992,1.6565648888347506,1.5994094488188977,0.9724409448818898,2.9783464566929134,0.4464617884996307
Haryana,2019,178400,864500,4.85,,26.28615024744819,33.08171783173523,20.41793419424683,517.6600000000001,2729.8199999999997,51.1073646767708,1.8318844726260437,0.5020975626478992,1.6565648888347506,1.5994094488188977,0.9724409448818898,2.9783464566929134,0.4464617884996307
Haryana,2019,110400,520200,4.71,,26.28615024744819,33.08171783173523,20.41793419424683,517.6600000000001,2729.8199999999997,51.1073646767708,1.8318844726260437,0.5020975626478992,1.6565648888347506,1.5994094488188977,0.9724409448818898,2.9783464566929134,0.4464617884996307
Haryana,2019,36600,163800,4.48,,26.28615024744819,33.08171783173523,20.41793419424683,517.6600000000001,2729.8199999999997,51.1073646767708,1.8318844726260437,0.5020975626478992,1.6565648888347506,1.5994094488188977,0.9724409448818898,2.9783464566929134,0.4464617884996307
Haryana,2019,78700,362300,4.6,,26.28615024744819,33.08171783173523,20.41793419424683,517.6600000000001,2729.8199999999997,51.1073646767708,1.8318844726260437,0.5020975626478992,1.6565648888347506,1.5994094488188977,0.9724409448818898,2.9783464566929134,0.4464617884996307
Haryana,2019,100700,487100,4.84,,26.28615024744819,33.08171783173523,20.41793419424683,517.6600000000001,2729.8199999999997,51.1073646767708,1.8318844726260437,0.5020975626478992,1.6565648888347506,1.5994094488188977,0.9724409448818898,2.9783464566929134,0.4464617884996307
Haryana,2019,18800,78400,4.17,,26.28615024744819,33.08171783173523,20.41793419424683,517.6600000000001,2729.8199999999997,51.1073646767708,1.8318844726260437,0.5020975626478992,1.6565648888347506,1.5994094488188977,0.9724409448818898,2.9783464566929134,0.4464617884996307
Haryana,2019,89800,426200,4.75,,26.28615024744819,33.08171783173523,20.41793419424683,517.6600000000001,2729.8199999999997,51.1073646767708,1.8318844726260437,0.5020975626478992,1.6565648888347506,1.5994094488188977,0.9724409448818898,2.9783464566929134,0.4464617884996307
Haryana,2019,37700,166100,4.41,,26.28615024744819,33.08171783173523,20.41793419424683,517.6600000000001,2729.8199999999997,51.1073646767708,1.8318844726260437,0.5020975626478992,1.6565648888347506,1.5994094488188977,0.9724409448818898,2.9783464566929134,0.4464617884996307
Haryana,2019,106800,461300,4.32,,26.28615024744819,33.08171783173523,20.41793419424683,517.6600000000001,2729.8199999999997,51.1073646767708,1.8318844726260437,0.5020975626478992,1.6565648888347506,1.5994094488188977,0.9724409448818898,2.9783464566929134,0.4464617884996307
Haryana,2019,296900,1443800,4.86,,26.28615024744819,33.08171783173523,20.41793419424683,517.6600000000001,2729.8199999999997,51.1073646767708,1.8318844726260437,0.5020975626478992,1.6565648888347506,1.5994094488188977,0.9724409448818898,2.9783464566929134,0.4464617884996307
Haryana,2019,146400,716200,4.89,,26.28615024744819,33.08171783173523,20.41793419424683,517.6600000000001,2729.8199999999997,51.1073646767708,1.8318844726260437,0.5020975626478992,1.6565648888347506,1.5994094488188977,0.9724409448818898,2.9783464566929134,0.4464617884996307
Haryana,2019,93500,457500,4.89,,26.28615024744819,33.08171783173523,20.41793419424683,517.6600000000001,2729.8199999999997,51.1073646767708,1.8318844726260437,0.5020975626478992,1.6565648888347506,1.5994094488188977,0.9724409448818898,2.9783464566929134,0.4464617884996307
Haryana,2020,93890,475080,5.06,,25.73733702763026,32.43490283229431,20.022733587316246,696.96,2833.6,53.841783267913485,1.7512781882552144,0.49072280638734433,1.6565648888347506,1.5994094488188977,0.9724409448818898,2.9783464566929134,0.4464617884996307
Haryana,2020,116330,493120,4.24,,25.73733702763026,32.43490283229431,20.022733587316246,696.96,2833.6,53.841783267913485,1.7512781882552144,0.49072280638734433,1.6565648888347506,1.5994094488188977,0.9724409448818898,2.9783464566929134,0.4464617884996307
Haryana,2020,5090,25390,4.99,,25.73733702763026,32.43490283229431,20.022733587316246,696.96,2833.6,53.841783267913485,1.7512781882552144,0.49072280638734433,1.6565648888347506,1.5994094488188977,0.9724409448818898,2.9783464566929134,0.4464617884996307
Haryana,2020,30660,103320,3.37,,25.73733702763026,32.43490283229431,20.022733587316246,696.96,2833.6,53.841783267913485,1.7512781882552144,0.49072280638734433,1.6565648888347506,1.5994094488188977,0.9724409448818898,2.9783464566929134,0.4464617884996307
Haryana,2020,189790,955970,5.04,,25.73733702763026,32.43490283229431,20.022733587316246,696.96,2833.6,53.841783267913485,1.7512781882552144,0.49072280638734433,1.6565648888347506,1.5994094488188977,0.9724409448818898,2.9783464566929134,0.4464617884996307
Haryana,2020,41830,198320,4.74,,25.73733702763026,32.43490283229431,20.022733587316246,696.96,2833.6,53.841783267913485,1.7512781882552144,0.49072280638734433,1.6565648888347506,1.5994094488188977,0.9724409448818898,2.9783464566929134,0.4464617884996307
Haryana,2020,231250,1149780,4.97,,25.73733702763026,32.43490283229431,20.022733587316246,696.96,2833.6,53.841783267913485,1.7512781882552144,0.49072280638734433,1.6565648888347506,1.5994094488188977,0.9724409448818898,2.9783464566929134,0.4464617884996307
Haryana,2020,102140,462800,4.53,,25.73733702763026,32.43490283229431,20.022733587316246,696.96,2833.6,53.841783267913485,1.7512781882552144,0.49072280638734433,1.6565648888347506,1.5994094488188977,0.9724409448818898,2.9783464566929134,0.4464617884996307
Haryana,2020,215600,1080370,5.01,,25.73733702763026,32.43490283229431,20.022733587316246,696.96,2833.6,53.841783267913485,1.7512781882552144,0.49072280638734433,1.6565648888347506,1.5994094488188977,0.9724409448818898,2.9783464566929134,0.4464617884996307
Haryana,2020,182000,900720,4.95,,25.73733702763026,32.43490283229431,20.022733587316246,696.96,2833.6,53.841783267913485,1.7512781882552144,0.49072280638734433,1.6565648888347506,1.5994094488188977,0.9724409448818898,2.9783464566929134,0.4464617884996307
Haryana,2020,186700,967300,5.18,,25.73733702763026,32.43490283229431,20.022733587316246,696.96,2833.6,53.841783267913485,1.7512781882552144,0.49072280638734433,1.6565648888347506,1.5994094488188977,0.9724409448818898,2.9783464566929134,0.4464617884996307
Haryana,2020,111280,573540,5.15,,25.73733702763026,32.43490283229431,20.022733587316246,696.96,2833.6,53.841783267913485,1.7512781882552144,0.49072280638734433,1.6565648888347506,1.5994094488188977,0.9724409448818898,2.9783464566929134,0.4464617884996307
Haryana,2020,34630,167640,4.84,,25.73733702763026,32.43490283229431,20.022733587316246,696.96,2833.6,53.841783267913485,1.7512781882552144,0.49072280638734433,1.6565648888347506,1.5994094488188977,0.9724409448818898,2.9783464566929134,0.4464617884996307
Haryana,2020,73760,311560,4.22,,25.73733702763026,32.43490283229431,20.022733587316246,696.96,2833.6,53.841783267913485,1.7512781882552144,0.49072280638734433,1.6565648888347506,1.5994094488188977,0.9724409448818898,2.9783464566929134,0.4464617884996307
Haryana,2020,10060,44720,4.45,,25.73733702763026,32.43490283229431,20.022733587316246,696.96,2833.6,53.841783267913485,1.7512781882552144,0.49072280638734433,1.6565648888347506,1.5994094488188977,0.9724409448818898,2.9783464566929134,0.4464617884996307
Haryana,2020,20360,73210,3.6,,25.73733702763026,32.43490283229431,20.022733587316246,696.96,2833.6,53.841783267913485,1.7512781882552144,0.49072280638734433,1.6565648888347506,1.5994094488188977,0.9724409448818898,2.9783464566929134,0.4464617884996307
Haryana,2020,94630,467090,4.94,,25.73733702763026,32.43490283229431,20.022733587316246,696.96,2833.6,53.841783267913485,1.7512781882552144,0.49072280638734433,1.6565648888347506,1.5994094488188977,0.9724409448818898,2.9783464566929134,0.4464617884996307
Haryana,2020,37480,176080,4.7,,25.73733702763026,32.43490283229431,20.022733587316246,696.96,2833.6,53.841783267913485,1.7512781882552144,0.49072280638734433,1.6565648888347506,1.5994094488188977,0.9724409448818898,2.9783464566929134,0.4464617884996307
Haryana,2020,42790,205050,4.79,,25.73733702763026,32.43490283229431,20.022733587316246,696.96,2833.6,53.841783267913485,1.7512781882552144,0.49072280638734433,1.6565648888347506,1.5994094488188977,0.9724409448818898,2.9783464566929134,0.4464617884996307
Haryana,2020,293660,1362290,4.64,,25.73733702763026,32.43490283229431,20.022733587316246,696.96,2833.6,53.841783267913485,1.7512781882552144,0.49072280638734433,1.6565648888347506,1.5994094488188977,0.9724409448818898,2.9783464566929134,0.4464617884996307
Haryana,2020,143560,720530,5.02,,25.73733702763026,32.43490283229431,20.022733587316246,696.96,2833.6,53.841783267913485,1.7512781882552144,0.49072280638734433,1.6565648888347506,1.5994094488188977,0.9724409448818898,2.9783464566929134,0.4464617884996307
Haryana,2020,96520,492350,5.1,,25.73733702763026,32.43490283229431,20.022733587316246,696.96,2833.6,53.841783267913485,1.7512781882552144,0.49072280638734433,1.6565648888347506,1.5994094488188977,0.9724409448818898,2.9783464566929134,0.4464617884996307
Haryana,2021,87884,360940,4.11,,25.55285802660068,32.06425417568821,19.87343411691927,901.45,2795.845,56.07280544386019,1.7657740488710174,0.4838503921628867,1.6565648888347506,1.5994094488188977,0.9724409448818898,2.9783464566929134,0.4464617884996307
Haryana,2021,86914,371210,4.27,,25.55285802660068,32.06425417568821,19.87343411691927,901.45,2795.845,56.07280544386019,1.7657740488710174,0.4838503921628867,1.6565648888347506,1.5994094488188977,0.9724409448818898,2.9783464566929134,0.4464617884996307
Haryana,2021,33188,136870,4.12,,25.55285802660068,32.06425417568821,19.87343411691927,901.45,2795.845,56.07280544386019,1.7657740488710174,0.4838503921628867,1.6565648888347506,1.5994094488188977,0.9724409448818898,2.9783464566929134,0.4464617884996307
Haryana,2021,28646,112180,3.92,,25.55285802660068,32.06425417568821,19.87343411691927,901.45,2795.845,56.07280544386019,1.7657740488710174,0.4838503921628867,1.6565648888347506,1.5994094488188977,0.9724409448818898,2.9783464566929134,0.4464617884996307
Haryana,2021,184207,859330,4.67,,25.55285802660068,32.06425417568821,19.87343411691927,901.45,2795.845,56.07280544386019,1.7657740488710174,0.4838503921628867,1.6565648888347506,1.5994094488188977,0.9724409448818898,2.9783464566929134,0.4464617884996307
Haryana,2021,36086,168630,4.67,,25.55285802660068,32.06425417568821,19.87343411691927,901.45,2795.845,56.07280544386019,1.7657740488710174,0.4838503921628867,1.6565648888347506,1.5994094488188977,0.9724409448818898,2.9783464566929134,0.4464617884996307
Haryana,2021,206860,960660,4.64,,25.55285802660068,32.06425417568821,19.87343411691927,901.45,2795.845,56.07280544386019,1.7657740488710174,0.4838503921628867,1.6565648888347506,1.5994094488188977,0.9724409448818898,2.9783464566929134,0.4464617884996307
Haryana,2021,80310,353360,4.4,,25.55285802660068,32.06425417568821,19.87343411691927,901.45,2795.845,56.07280544386019,1.7657740488710174,0.4838503921628867,1.6565648888347506,1.5994094488188977,0.9724409448818898,2.9783464566929134,0.4464617884996307
Haryana,2021,205354,956950,4.66,,25.55285802660068,32.06425417568821,19.87343411691927,901.45,2795.845,56.07280544386019,1.7657740488710174,0.4838503921628867,1.6565648888347506,1.5994094488188977,0.9724409448818898,2.9783464566929134,0.4464617884996307
Haryana,2021,176551,816200,4.62,,25.55285802660068,32.06425417568821,19.87343411691927,901.45,2795.845,56.07280544386019,1.7657740488710174,0.4838503921628867,1.6565648888347506,1.5994094488188977,0.9724409448818898,2.9783464566929134,0.4464617884996307
Haryana,2021,176594,901510,5.1,,25.55285802660068,32.06425417568821,19.87343411691927,901.45,2795.845,56.07280544386019,1.7657740488710174,0.4838503921628867,1.6565648888347506,1.5994094488188977,0.9724409448818898,2.9783464566929134,0.4464617884996307
Haryana,2021,104134,443190,4.26,,25.55285802660068,32.06425417568821,19.87343411691927,901.45,2795.845,56.07280544386019,1.7657740488710174,0.4838503921628867,1.6565648888347506,1.5994094488188977,0.9724409448818898,2.9783464566929134,0.4464617884996307
Haryana,2021,25905,120380,4.65,,25.55285802660068,32.06425417568821,19.87343411691927,901.45,2795.845,56.07280544386019,1.7657740488710174,0.4838503921628867,1.6565648888347506,1.5994094488188977,0.9724409448818898,2.9783464566929134,0.4464617884996307
Haryana,2021,62170,264970,4.26,,25.55285802660068,32.06425417568821,19.87343411691927,901.45,2795.845,56.07280544386019,1.7657740488710174,0.4838503921628867,1.6565648888347506,1.5994094488188977,0.9724409448818898,2.9783464566929134,0.4464617884996307
Haryana,2021,94678,439400,4.64,,25.55285802660068,32.06425417568821,19.87343411691927,901.45,2795.845,56.07280544386019,1.7657740488710174,0.4838503921628867,1.6565648888347506,1.5994094488188977,0.9724409448818898,2.9783464566929134,0.4464617884996307
Haryana,2021,19266,72670,3.77,,25.55285802660068,32.06425417568821,19.87343411691927,901.45,2795.845,56.07280544386019,1.7657740488710174,0.4838503921628867,1.6565648888347506,1.5994094488188977,0.9724409448818898,2.9783464566929134,0.4464617884996307
Haryana,2021,83977,388980,4.63,,25.55285802660068,32.06425417568821,19.87343411691927,901.45,2795.845,56.07280544386019,1.7657740488710174,0.4838503921628867,1.6565648888347506,1.5994094488188977,0.9724409448818898,2.9783464566929134,0.4464617884996307
Haryana,2021,27921,127850,4.58,,25.55285802660068,32.06425417568821,19.87343411691927,901.45,2795.845,56.07280544386019,1.7657740488710174,0.4838503921628867,1.6565648888347506,1.5994094488188977,0.9724409448818898,2.9783464566929134,0.4464617884996307
Haryana,2021,100983,441600,4.37,,25.55285802660068,32.06425417568821,19.87343411691927,901.45,2795.845,56.07280544386019,1.7657740488710174,0.4838503921628867,1.6565648888347506,1.5994094488188977,0.9724409448818898,2.9783464566929134,0.4464617884996307
Haryana,2021,257738,1106470,4.29,,25.55285802660068,32.06425417568821,19.87343411691927,901.45,2795.845,56.07280544386019,1.7657740488710174,0.4838503921628867,1.6565648888347506,1.5994094488188977,0.9724409448818898,2.9783464566929134,0.4464617884996307
Haryana,2021,136834,645860,4.72,,25.55285802660068,32.06425417568821,19.87343411691927,901.45,2795.845,56.07280544386019,1.7657740488710174,0.4838503921628867,1.6565648888347506,1.5994094488188977,0.9724409448818898,2.9783464566929134,0.4464617884996307
Haryana,2022,88860,412220,4.64,,25.94083127126508,32.62298832353851,20.245590395917105,833.89,2798.8,56.87461916176925,1.9006565109805136,0.4965786731778234,1.6565648888347506,1.5994094488188977,0.9724409448818898,2.9783464566929134,0.4464617884996307
Haryana,2022,90640,371410,4.1,,25.94083127126508,32.62298832353851,20.245590395917105,833.89,2798.8,56.87461916176925,1.9006565109805136,0.4965786731778234,1.6565648888347506,1.5994094488188977,0.9724409448818898,2.9783464566929134,0.4464617884996307
Haryana,2022,37690,137940,3.66,,25.94083127126508,32.62298832353851,20.245590395917105,833.89,2798.8,56.87461916176925,1.9006565109805136,0.4965786731778234,1.6565648888347506,1.5994094488188977,0.9724409448818898,2.9783464566929134,0.4464617884996307
Haryana,2022,28440,117700,4.14,,25.94083127126508,32.62298832353851,20.245590395917105,833.89,2798.8,56.87461916176925,1.9006565109805136,0.4965786731778234,1.6565648888347506,1.5994094488188977,0.9724409448818898,2.9783464566929134,0.4464617884996307
Haryana,2022,182260,936570,5.14,,25.94083127126508,32.62298832353851,20.245590395917105,833.89,2798.8,56.87461916176925,1.9006565109805136,0.4965786731778234,1.6565648888347506,1.5994094488188977,0.9724409448818898,2.9783464566929134,0.4464617884996307
Haryana,2022,33640,151340,4.5,,25.94083127126508,32.62298832353851,20.245590395917105,833.89,2798.8,56.87461916176925,1.9006565109805136,0.4965786731778234,1.6565648888347506,1.5994094488188977,0.9724409448818898,2.9783464566929134,0.4464617884996307
Haryana,2022,208130,1038630,4.99,,25.94083127126508,32.62298832353851,20.245590395917105,833.89,2798.8,56.87461916176925,1.9006565109805136,0.4965786731778234,1.6565648888347506,1.5994094488188977,0.9724409448818898,2.9783464566929134,0.4464617884996307
Haryana,2022,94710,412490,4.36,,25.94083127126508,32.62298832353851,20.245590395917105,833.89,2798.8,56.87461916176925,1.9006565109805136,0.4965786731778234,1.6565648888347506,1.5994094488188977,0.9724409448818898,2.9783464566929134,0.4464617884996307
Haryana,2022,202120,984620,4.87,,25.94083127126508,32.62298832353851,20.245590395917105,833.89,2798.8,56.87461916176925,1.9006565109805136,0.4965786731778234,1.6565648888347506,1.5994094488188977,0.9724409448818898,2.9783464566929134,0.4464617884996307
Haryana,2022,180060,847540,4.71,,25.94083127126508,32.62298832353851,20.245590395917105,833.89,2798.8,56.87461916176925,1.9006565109805136,0.4965786731778234,1.6565648888347506,1.5994094488188977,0.9724409448818898,2.9783464566929134,0.4464617884996307
Haryana,2022,186280,1003050,5.38,,25.94083127126508,32.62298832353851,20.245590395917105,833.89,2798.8,56.87461916176925,1.9006565109805136,0.4965786731778234,1.6565648888347506,1.5994094488188977,0.9724409448818898,2.9783464566929134,0.4464617884996307
Haryana,2022,105750,505730,4.78,,25.94083127126508,32.62298832353851,20.245590395917105,833.89,2798.8,56.87461916176925,1.9006565109805136,0.4965786731778234,1.6565648888347506,1.5994094488188977,0.9724409448818898,2.9783464566929134,0.4464617884996307
Haryana,2022,30080,133200,4.43,,25.94083127126508,32.62298832353851,20.245590395917105,833.89,2798.8,56.87461916176925,1.9006565109805136,0.4965786731778234,1.6565648888347506,1.5994094488188977,0.9724409448818898,2.9783464566929134,0.4464617884996307
Haryana,2022,68630,267460,3.9,,25.94083127126508,32.62298832353851,20.245590395917105,833.89,2798.8,56.87461916176925,1.9006565109805136,0.4965786731778234,1.6565648888347506,1.5994094488188977,0.9724409448818898,2.9783464566929134,0.4464617884996307
Haryana,2022,97690,413960,4.24,,25.94083127126508,32.62298832353851,20.245590395917105,833.89,2798.8,56.87461916176925,1.9006565109805136,0.4965786731778234,1.6565648888347506,1.5994094488188977,0.9724409448818898,2.9783464566929134,0.4464617884996307
Haryana,2022,19380,74260,3.83,,25.94083127126508,32.62298832353851,20.245590395917105,833.89,2798.8,56.87461916176925,1.9006565109805136,0.4965786731778234,1.6565648888347506,1.5994094488188977,0.9724409448818898,2.9783464566929134,0.4464617884996307
Haryana,2022,83820,374960,4.47,,25.94083127126508,32.62298832353851,20.245590395917105,833.89,2798.8,56.87461916176925,1.9006565109805136,0.4965786731778234,1.6565648888347506,1.5994094488188977,0.9724409448818898,2.9783464566929134,0.4464617884996307
Haryana,2022,33490,139090,4.15,,25.94083127126508,32.62298832353851,20.245590395917105,833.89,2798.8,56.87461916176925,1.9006565109805136,0.4965786731778234,1.6565648888347506,1.5994094488188977,0.9724409448818898,2.9783464566929134,0.4464617884996307
Haryana,2022,103170,430240,4.17,,25.94083127126508,32.62298832353851,20.245590395917105,833.89,2798.8,56.87461916176925,1.9006565109805136,0.4965786731778234,1.6565648888347506,1.5994094488188977,0.9724409448818898,2.9783464566929134,0.4464617884996307
Haryana,2022,269930,1204660,4.46,,25.94083127126508,32.62298832353851,20.245590395917105,833.89,2798.8,56.87461916176925,1.9006565109805136,0.4965786731778234,1.6565648888347506,1.5994094488188977,0.9724409448818898,2.9783464566929134,0.4464617884996307
Haryana,2022,139000,629690,4.53,,25.94083127126508,32.62298832353851,20.245590395917105,833.89,2798.8,56.87461916176925,1.9006565109805136,0.4965786731778234,1.6565648888347506,1.5994094488188977,0.9724409448818898,2.9783464566929134,0.4464617884996307
Haryana,2022,94499,426190,4.51,,25.94083127126508,32.62298832353851,20.245590395917105,833.89,2798.8,56.87461916176925,1.9006565109805136,0.4965786731778234,1.6565648888347506,1.5994094488188977,0.9724409448818898,2.9783464566929134,0.4464617884996307
Haryana,2023,92840,477490,5.14,,25.900349907206927,32.87562751314569,20.17473476647077,589.48,2792.135,55.01661691927003,1.849055057222394,,1.6565648888347506,1.5994094488188977,0.9724409448818898,2.9783464566929134,0.4464617884996307
Punjab,2011,190000,945000,4.97,,25.609000541292918,32.18297169811321,19.915108645221153,669.47,2729.46,51.62547517785339,1.5263025827404886,0.53629587110599,2.240065060082642,2.183876811594203,1.1431159420289856,4.423913043478261,0.5966397479586178
Punjab,2011,115000,615000,5.35,,25.609000541292918,32.18297169811321,19.915108645221153,669.47,2729.46,51.62547517785339,1.5263025827404886,0.53629587110599,2.240065060082642,2.183876811594203,1.1431159420289856,4.423913043478261,0.5966397479586178
Punjab,2011,252000,1260000,5.0,,25.609000541292918,32.18297169811321,19.915108645221153,669.47,2729.46,51.62547517785339,1.5263025827404886,0.53629587110599,2.240065060082642,2.183876811594203,1.1431159420289856,4.423913043478261,0.5966397479586178
Punjab,2011,117000,616000,5.26,,25.609000541292918,32.18297169811321,19.915108645221153,669.47,2729.46,51.62547517785339,1.5263025827404886,0.53629587110599,2.240065060082642,2.183876811594203,1.1431159420289856,4.423913043478261,0.5966397479586178
Punjab,2011,85000,449000,5.28,,25.609000541292918,32.18297169811321,19.915108645221153,669.47,2729.46,51.62547517785339,1.5263025827404886,0.53629587110599,2.240065060082642,2.183876811594203,1.1431159420289856,4.423913043478261,0.5966397479586178
Punjab,2011,394000,1969000,5.0,,25.609000541292918,32.18297169811321,19.915108645221153,669.47,2729.46,51.62547517785339,1.5263025827404886,0.53629587110599,2.240065060082642,2.183876811594203,1.1431159420289856,4.423913043478261,0.5966397479586178
Punjab,2011,231000,1098000,4.75,,25.609000541292918,32.18297169811321,19.915108645221153,669.47,2729.46,51.62547517785339,1.5263025827404886,0.53629587110599,2.240065060082642,2.183876811594203,1.1431159420289856,4.423913043478261,0.5966397479586178
Punjab,2011,154000,694000,4.51,,25.609000541292918,32.18297169811321,19.915108645221153,669.47,2729.46,51.62547517785339,1.5263025827404886,0.53629587110599,2.240065060082642,2.183876811594203,1.1431159420289856,4.423913043478261,0.5966397479586178
Punjab,2011,171000,866000,5.06,,25.609000541292918,32.18297169811321,19.915108645221153,669.47,2729.46,51.62547517785339,1.5263025827404886,0.53629587110599,2.240065060082642,2.183876811594203,1.1431159420289856,4.423913043478261,0.5966397479586178
Punjab,2011,110000,542000,4.93,,25.609000541292918,32.18297169811321,19.915108645221153,669.47,2729.46,51.62547517785339,1.5263025827404886,0.53629587110599,2.240065060082642,2.183876811594203,1.1431159420289856,4.423913043478261,0.5966397479586178
Punjab,2011,257000,1381000,5.37,,25.609000541292918,32.18297169811321,19.915108645221153,669.47,2729.46,51.62547517785339,1.5263025827404886,0.53629587110599,2.240065060082642,2.183876811594203,1.1431159420289856,4.423913043478261,0.5966397479586178
Punjab,2011,170000,841000,4.95,,25.609000541292918,32.18297169811321,19.915108645221153,669.47,2729.46,51.62547517785339,1.5263025827404886,0.53629587110599,2.240065060082642,2.183876811594203,1.1431159420289856,4.423913043478261,0.5966397479586178
Punjab,2011,176000,961000,5.46,,25.609000541292918,32.18297169811321,19.915108645221153,669.47,2729.46,51.62547517785339,1.5263025827404886,0.53629587110599,2.240065060082642,2.183876811594203,1.1431159420289856,4.423913043478261,0.5966397479586178
Punjab,2011,206000,1036000,5.03,,25.609000541292918,32.18297169811321,19.915108645221153,669.47,2729.46,51.62547517785339,1.5263025827404886,0.53629587110599,2.240065060082642,2.183876811594203,1.1431159420289856,4.423913043478261,0.5966397479586178
Punjab,2011,75000,387000,5.16,,25.609000541292918,32.18297169811321,19.915108645221153,669.47,2729.46,51.62547517785339,1.5263025827404886,0.53629587110599,2.240065060082642,2.183876811594203,1.1431159420289856,4.423913043478261,0.5966397479586178
Punjab,2011,237000,1297000,5.47,,25.609000541292918,32.18297169811321,19.915108645221153,669.47,2729.46,51.62547517785339,1.5263025827404886,0.53629587110599,2.240065060082642,2.183876811594203,1.1431159420289856,4.423913043478261,0.5966397479586178
Punjab,2011,64000,297000,4.64,,25.609000541292918,32.18297169811321,19.915108645221153,669.47,2729.46,51.62547517785339,1.5263025827404886,0.53629587110599,2.240065060082642,2.183876811594203,1.1431159420289856,4.423913043478261,0.5966397479586178
Punjab,2011,52000,249000,4.79,,25.609000541292918,32.18297169811321,19.915108645221153,669.47,2729.46,51.62547517785339,1.5263025827404886,0.53629587110599,2.240065060082642,2.183876811594203,1.1431159420289856,4.423913043478261,0.5966397479586178
Punjab,2011,287000,1577000,5.49,,25.609000541292918,32.18297169811321,19.915108645221153,669.47,2729.46,51.62547517785339,1.5263025827404886,0.53629587110599,2.240065060082642,2.183876811594203,1.1431159420289856,4.423913043478261,0.5966397479586178
Punjab,2011,185000,902000,4.88,,25.609000541292918,32.18297169811321,19.915108645221153,669.47,2729.46,51.62547517785339,1.5263025827404886,0.53629587110599,2.240065060082642,2.183876811594203,1.1431159420289856,4.423913043478261,0.5966397479586178
Punjab,2012,190000,884000,4.65,,26.313482836912186,33.63758042792273,20.184782382821517,460.20000000000005,2836.315,42.791838297544835,1.7698570384052952,0.5169258554794499,2.240065060082642,2.183876811594203,1.1431159420289856,4.423913043478261,0.5966397479586178
Punjab,2012,114000,567000,4.97,,26.313482836912186,33.63758042792273,20.184782382821517,460.20000000000005,2836.315,42.791838297544835,1.7698570384052952,0.5169258554794499,2.240065060082642,2.183876811594203,1.1431159420289856,4.423913043478261,0.5966397479586178
Punjab,2012,254000,1216000,4.79,,26.313482836912186,33.63758042792273,20.184782382821517,460.20000000000005,2836.315,42.791838297544835,1.7698570384052952,0.5169258554794499,2.240065060082642,2.183876811594203,1.1431159420289856,4.423913043478261,0.5966397479586178
Punjab,2012,117000,553000,4.73,,26.313482836912186,33.63758042792273,20.184782382821517,460.20000000000005,2836.315,42.791838297544835,1.7698570384052952,0.5169258554794499,2.240065060082642,2.183876811594203,1.1431159420289856,4.423913043478261,0.5966397479586178
Punjab,2012,85000,440000,5.18,,26.313482836912186,33.63758042792273,20.184782382821517,460.20000000000005,2836.315,42.791838297544835,1.7698570384052952,0.5169258554794499,2.240065060082642,2.183876811594203,1.1431159420289856,4.423913043478261,0.5966397479586178
Punjab,2012,208000,972000,4.67,,26.313482836912186,33.63758042792273,20.184782382821517,460.20000000000005,2836.315,42.791838297544835,1.7698570384052952,0.5169258554794499,2.240065060082642,2.183876811594203,1.1431159420289856,4.423913043478261,0.5966397479586178
Punjab,2012,185000,911000,4.92,,26.313482836912186,33.63758042792273,20.184782382821517,460.20000000000005,2836.315,42.791838297544835,1.7698570384052952,0.5169258554794499,2.240065060082642,2.183876811594203,1.1431159420289856,4.423913043478261,0.5966397479586178
Punjab,2012,184000,825000,4.48,,26.313482836912186,33.63758042792273,20.184782382821517,460.20000000000005,2836.315,42.791838297544835,1.7698570384052952,0.5169258554794499,2.240065060082642,2.183876811594203,1.1431159420289856,4.423913043478261,0.5966397479586178
Punjab,2012,149000,629000,4.22,,26.313482836912186,33.63758042792273,20.184782382821517,460.20000000000005,2836.315,42.791838297544835,1.7698570384052952,0.5169258554794499,2.240065060082642,2.183876811594203,1.1431159420289856,4.423913043478261,0.5966397479586178
Punjab,2012,169000,773000,4.57,,26.313482836912186,33.63758042792273,20.184782382821517,460.20000000000005,2836.315,42.791838297544835,1.7698570384052952,0.5169258554794499,2.240065060082642,2.183876811594203,1.1431159420289856,4.423913043478261,0.5966397479586178
Punjab,2012,110000,510000,4.64,,26.313482836912186,33.63758042792273,20.184782382821517,460.20000000000005,2836.315,42.791838297544835,1.7698570384052952,0.5169258554794499,2.240065060082642,2.183876811594203,1.1431159420289856,4.423913043478261,0.5966397479586178
Punjab,2012,256000,1242000,4.85,,26.313482836912186,33.63758042792273,20.184782382821517,460.20000000000005,2836.315,42.791838297544835,1.7698570384052952,0.5169258554794499,2.240065060082642,2.183876811594203,1.1431159420289856,4.423913043478261,0.5966397479586178
Punjab,2012,171000,759000,4.44,,26.313482836912186,33.63758042792273,20.184782382821517,460.20000000000005,2836.315,42.791838297544835,1.7698570384052952,0.5169258554794499,2.240065060082642,2.183876811594203,1.1431159420289856,4.423913043478261,0.5966397479586178
Punjab,2012,176000,871000,4.95,,26.313482836912186,33.63758042792273,20.184782382821517,460.20000000000005,2836.315,42.791838297544835,1.7698570384052952,0.5169258554794499,2.240065060082642,2.183876811594203,1.1431159420289856,4.423913043478261,0.5966397479586178
Punjab,2012,209000,996000,4.77,,26.313482836912186,33.63758042792273,20.184782382821517,460.20000000000005,2836.315,42.791838297544835,1.7698570384052952,0.5169258554794499,2.240065060082642,2.183876811594203,1.1431159420289856,4.423913043478261,0.5966397479586178
Punjab,2012,80000,382000,4.78,,26.313482836912186,33.63758042792273,20.184782382821517,460.20000000000005,2836.315,42.791838297544835,1.7698570384052952,0.5169258554794499,2.240065060082642,2.183876811594203,1.1431159420289856,4.423913043478261,0.5966397479586178
Punjab,2012,42000,173000,4.12,,26.313482836912186,33.63758042792273,20.184782382821517,460.20000000000005,2836.315,42.791838297544835,1.7698570384052952,0.5169258554794499,2.240065060082642,2.183876811594203,1.1431159420289856,4.423913043478261,0.5966397479586178
Punjab,2012,234000,1123000,4.8,,26.313482836912186,33.63758042792273,20.184782382821517,460.20000000000005,2836.315,42.791838297544835,1.7698570384052952,0.5169258554794499,2.240065060082642,2.183876811594203,1.1431159420289856,4.423913043478261,0.5966397479586178
Punjab,2012,63000,284000,4.51,,26.313482836912186,33.63758042792273,20.184782382821517,460.20000000000005,2836.315,42.791838297544835,1.7698570384052952,0.5169258554794499,2.240065060082642,2.183876811594203,1.1431159420289856,4.423913043478261,0.5966397479586178
Punjab,2012,54000,233000,4.31,,26.313482836912186,33.63758042792273,20.184782382821517,460.20000000000005,2836.315,42.791838297544835,1.7698570384052952,0.5169258554794499,2.240065060082642,2.183876811594203,1.1431159420289856,4.423913043478261,0.5966397479586178
Punjab,2012,285000,1473000,5.17,,26.313482836912186,33.63758042792273,20.184782382821517,460.20000000000005,2836.315,42.791838297544835,1.7698570384052952,0.5169258554794499,2.240065060082642,2.183876811594203,1.1431159420289856,4.423913043478261,0.5966397479586178
Punjab,2012,182000,798000,4.38,,26.313482836912186,33.63758042792273,20.184782382821517,460.20000000000005,2836.315,42.791838297544835,1.7698570384052952,0.5169258554794499,2.240065060082642,2.183876811594203,1.1431159420289856,4.423913043478261,0.5966397479586178
Punjab,2013,188000,934000,4.97,,25.604242189916487,32.46383892669347,19.78527721930096,777.5799999999999,2700.715,51.821249226724404,1.598360655737705,0.5430083669885948,2.240065060082642,2.183876811594203,1.1431159420289856,4.423913043478261,0.5966397479586178
Punjab,2013,114000,596000,5.23,,25.604242189916487,32.46383892669347,19.78527721930096,777.5799999999999,2700.715,51.821249226724404,1.598360655737705,0.5430083669885948,2.240065060082642,2.183876811594203,1.1431159420289856,4.423913043478261,0.5966397479586178
Punjab,2013,254000,1259000,4.96,,25.604242189916487,32.46383892669347,19.78527721930096,777.5799999999999,2700.715,51.821249226724404,1.598360655737705,0.5430083669885948,2.240065060082642,2.183876811594203,1.1431159420289856,4.423913043478261,0.5966397479586178
Punjab,2013,116000,601000,5.18,,25.604242189916487,32.46383892669347,19.78527721930096,777.5799999999999,2700.715,51.821249226724404,1.598360655737705,0.5430083669885948,2.240065060082642,2.183876811594203,1.1431159420289856,4.423913043478261,0.5966397479586178
Punjab,2013,84000,427000,5.08,,25.604242189916487,32.46383892669347,19.78527721930096,777.5799999999999,2700.715,51.821249226724404,1.598360655737705,0.5430083669885948,2.240065060082642,2.183876811594203,1.1431159420289856,4.423913043478261,0.5966397479586178
Punjab,2013,211000,1039000,4.92,,25.604242189916487,32.46383892669347,19.78527721930096,777.5799999999999,2700.715,51.821249226724404,1.598360655737705,0.5430083669885948,2.240065060082642,2.183876811594203,1.1431159420289856,4.423913043478261,0.5966397479586178
Punjab,2013,189000,1001000,5.3,,25.604242189916487,32.46383892669347,19.78527721930096,777.5799999999999,2700.715,51.821249226724404,1.598360655737705,0.5430083669885948,2.240065060082642,2.183876811594203,1.1431159420289856,4.423913043478261,0.5966397479586178
Punjab,2013,184000,822000,4.47,,25.604242189916487,32.46383892669347,19.78527721930096,777.5799999999999,2700.715,51.821249226724404,1.598360655737705,0.5430083669885948,2.240065060082642,2.183876811594203,1.1431159420289856,4.423913043478261,0.5966397479586178
Punjab,2013,148000,671000,4.53,,25.604242189916487,32.46383892669347,19.78527721930096,777.5799999999999,2700.715,51.821249226724404,1.598360655737705,0.5430083669885948,2.240065060082642,2.183876811594203,1.1431159420289856,4.423913043478261,0.5966397479586178
Punjab,2013,169000,837000,4.95,,25.604242189916487,32.46383892669347,19.78527721930096,777.5799999999999,2700.715,51.821249226724404,1.598360655737705,0.5430083669885948,2.240065060082642,2.183876811594203,1.1431159420289856,4.423913043478261,0.5966397479586178
Punjab,2013,111000,548000,4.94,,25.604242189916487,32.46383892669347,19.78527721930096,777.5799999999999,2700.715,51.821249226724404,1.598360655737705,0.5430083669885948,2.240065060082642,2.183876811594203,1.1431159420289856,4.423913043478261,0.5966397479586178
Punjab,2013,254000,1327000,5.22,,25.604242189916487,32.46383892669347,19.78527721930096,777.5799999999999,2700.715,51.821249226724404,1.598360655737705,0.5430083669885948,2.240065060082642,2.183876811594203,1.1431159420289856,4.423913043478261,0.5966397479586178
Punjab,2013,170000,854000,5.02,,25.604242189916487,32.46383892669347,19.78527721930096,777.5799999999999,2700.715,51.821249226724404,1.598360655737705,0.5430083669885948,2.240065060082642,2.183876811594203,1.1431159420289856,4.423913043478261,0.5966397479586178
Punjab,2013,176000,922000,5.24,,25.604242189916487,32.46383892669347,19.78527721930096,777.5799999999999,2700.715,51.821249226724404,1.598360655737705,0.5430083669885948,2.240065060082642,2.183876811594203,1.1431159420289856,4.423913043478261,0.5966397479586178
Punjab,2013,209000,1058000,5.06,,25.604242189916487,32.46383892669347,19.78527721930096,777.5799999999999,2700.715,51.821249226724404,1.598360655737705,0.5430083669885948,2.240065060082642,2.183876811594203,1.1431159420289856,4.423913043478261,0.5966397479586178
Punjab,2013,75000,371000,4.95,,25.604242189916487,32.46383892669347,19.78527721930096,777.5799999999999,2700.715,51.821249226724404,1.598360655737705,0.5430083669885948,2.240065060082642,2.183876811594203,1.1431159420289856,4.423913043478261,0.5966397479586178
Punjab,2013,42000,167000,3.98,,25.604242189916487,32.46383892669347,19.78527721930096,777.5799999999999,2700.715,51.821249226724404,1.598360655737705,0.5430083669885948,2.240065060082642,2.183876811594203,1.1431159420289856,4.423913043478261,0.5966397479586178
Punjab,2013,232000,1153000,4.97,,25.604242189916487,32.46383892669347,19.78527721930096,777.5799999999999,2700.715,51.821249226724404,1.598360655737705,0.5430083669885948,2.240065060082642,2.183876811594203,1.1431159420289856,4.423913043478261,0.5966397479586178
Punjab,2013,67000,307000,4.58,,25.604242189916487,32.46383892669347,19.78527721930096,777.5799999999999,2700.715,51.821249226724404,1.598360655737705,0.5430083669885948,2.240065060082642,2.183876811594203,1.1431159420289856,4.423913043478261,0.5966397479586178
Punjab,2013,51000,228000,4.47,,25.604242189916487,32.46383892669347,19.78527721930096,777.5799999999999,2700.715,51.821249226724404,1.598360655737705,0.5430083669885948,2.240065060082642,2.183876811594203,1.1431159420289856,4.423913043478261,0.5966397479586178
Punjab,2013,285000,1567000,5.5,,25.604242189916487,32.46383892669347,19.78527721930096,777.5799999999999,2700.715,51.821249226724404,1.598360655737705,0.5430083669885948,2.240065060082642,2.183876811594203,1.1431159420289856,4.423913043478261,0.5966397479586178
Punjab,2013,183000,931000,5.09,,25.604242189916487,32.46383892669347,19.78527721930096,777.5799999999999,2700.715,51.821249226724404,1.598360655737705,0.5430083669885948,2.240065060082642,2.183876811594203,1.1431159420289856,4.423913043478261,0.5966397479586178
Punjab,2014,188000,736000,3.91,,26.07838346736777,33.17693048252397,20.00429902567275,637.51,2781.455,45.863599597896695,1.6960040983606557,0.5303675959733543,2.240065060082642,2.183876811594203,1.1431159420289856,4.423913043478261,0.5966397479586178
Punjab,2014,114000,527000,4.62,,26.07838346736777,33.17693048252397,20.00429902567275,637.51,2781.455,45.863599597896695,1.6960040983606557,0.5303675959733543,2.240065060082642,2.183876811594203,1.1431159420289856,4.423913043478261,0.5966397479586178
Punjab,2014,254000,1218000,4.8,,26.07838346736777,33.17693048252397,20.00429902567275,637.51,2781.455,45.863599597896695,1.6960040983606557,0.5303675959733543,2.240065060082642,2.183876811594203,1.1431159420289856,4.423913043478261,0.5966397479586178
Punjab,2014,116000,558000,4.81,,26.07838346736777,33.17693048252397,20.00429902567275,637.51,2781.455,45.863599597896695,1.6960040983606557,0.5303675959733543,2.240065060082642,2.183876811594203,1.1431159420289856,4.423913043478261,0.5966397479586178
Punjab,2014,84000,340000,4.05,,26.07838346736777,33.17693048252397,20.00429902567275,637.51,2781.455,45.863599597896695,1.6960040983606557,0.5303675959733543,2.240065060082642,2.183876811594203,1.1431159420289856,4.423913043478261,0.5966397479586178
Punjab,2014,206000,913000,4.43,,26.07838346736777,33.17693048252397,20.00429902567275,637.51,2781.455,45.863599597896695,1.6960040983606557,0.5303675959733543,2.240065060082642,2.183876811594203,1.1431159420289856,4.423913043478261,0.5966397479586178
Punjab,2014,188000,877000,4.66,,26.07838346736777,33.17693048252397,20.00429902567275,637.51,2781.455,45.863599597896695,1.6960040983606557,0.5303675959733543,2.240065060082642,2.183876811594203,1.1431159420289856,4.423913043478261,0.5966397479586178
Punjab,2014,187000,627000,3.35,,26.07838346736777,33.17693048252397,20.00429902567275,637.51,2781.455,45.863599597896695,1.6960040983606557,0.5303675959733543,2.240065060082642,2.183876811594203,1.1431159420289856,4.423913043478261,0.5966397479586178
Punjab,2014,150000,540000,3.6,,26.07838346736777,33.17693048252397,20.00429902567275,637.51,2781.455,45.863599597896695,1.6960040983606557,0.5303675959733543,2.240065060082642,2.183876811594203,1.1431159420289856,4.423913043478261,0.5966397479586178
Punjab,2014,167000,685000,4.1,,26.07838346736777,33.17693048252397,20.00429902567275,637.51,2781.455,45.863599597896695,1.6960040983606557,0.5303675959733543,2.240065060082642,2.183876811594203,1.1431159420289856,4.423913043478261,0.5966397479586178
Punjab,2014,110000,429000,3.9,,26.07838346736777,33.17693048252397,20.00429902567275,637.51,2781.455,45.863599597896695,1.6960040983606557,0.5303675959733543,2.240065060082642,2.183876811594203,1.1431159420289856,4.423913043478261,0.5966397479586178
Punjab,2014,253000,1129000,4.46,,26.07838346736777,33.17693048252397,20.00429902567275,637.51,2781.455,45.863599597896695,1.6960040983606557,0.5303675959733543,2.240065060082642,2.183876811594203,1.1431159420289856,4.423913043478261,0.5966397479586178
Punjab,2014,166000,742000,4.47,,26.07838346736777,33.17693048252397,20.00429902567275,637.51,2781.455,45.863599597896695,1.6960040983606557,0.5303675959733543,2.240065060082642,2.183876811594203,1.1431159420289856,4.423913043478261,0.5966397479586178
Punjab,2014,175000,794000,4.54,,26.07838346736777,33.17693048252397,20.00429902567275,637.51,2781.455,45.863599597896695,1.6960040983606557,0.5303675959733543,2.240065060082642,2.183876811594203,1.1431159420289856,4.423913043478261,0.5966397479586178
Punjab,2014,208000,907000,4.36,,26.07838346736777,33.17693048252397,20.00429902567275,637.51,2781.455,45.863599597896695,1.6960040983606557,0.5303675959733543,2.240065060082642,2.183876811594203,1.1431159420289856,4.423913043478261,0.5966397479586178
Punjab,2014,76000,282000,3.71,,26.07838346736777,33.17693048252397,20.00429902567275,637.51,2781.455,45.863599597896695,1.6960040983606557,0.5303675959733543,2.240065060082642,2.183876811594203,1.1431159420289856,4.423913043478261,0.5966397479586178
Punjab,2014,42000,115000,2.74,,26.07838346736777,33.17693048252397,20.00429902567275,637.51,2781.455,45.863599597896695,1.6960040983606557,0.5303675959733543,2.240065060082642,2.183876811594203,1.1431159420289856,4.423913043478261,0.5966397479586178
Punjab,2014,233000,1024000,4.39,,26.07838346736777,33.17693048252397,20.00429902567275,637.51,2781.455,45.863599597896695,1.6960040983606557,0.5303675959733543,2.240065060082642,2.183876811594203,1.1431159420289856,4.423913043478261,0.5966397479586178
Punjab,2014,66000,266000,4.03,,26.07838346736777,33.17693048252397,20.00429902567275,637.51,2781.455,45.863599597896695,1.6960040983606557,0.5303675959733543,2.240065060082642,2.183876811594203,1.1431159420289856,4.423913043478261,0.5966397479586178
Punjab,2014,50000,198000,3.96,,26.07838346736777,33.17693048252397,20.00429902567275,637.51,2781.455,45.863599597896695,1.6960040983606557,0.5303675959733543,2.240065060082642,2.183876811594203,1.1431159420289856,4.423913043478261,0.5966397479586178
Punjab,2014,284000,1366000,4.81,,26.07838346736777,33.17693048252397,20.00429902567275,637.51,2781.455,45.863599597896695,1.6960040983606557,0.5303675959733543,2.240065060082642,2.183876811594203,1.1431159420289856,4.423913043478261,0.5966397479586178
Punjab,2014,188000,777000,4.13,,26.07838346736777,33.17693048252397,20.00429902567275,637.51,2781.455,45.863599597896695,1.6960040983606557,0.5303675959733543,2.240065060082642,2.183876811594203,1.1431159420289856,4.423913043478261,0.5966397479586178
Punjab,2015,188000,842000,4.48,,25.57952520878441,32.50286382616765,19.60442429631921,803.95,2708.61,50.18860501082586,1.6466710485617073,0.546958041767069,2.240065060082642,2.183876811594203,1.1431159420289856,4.423913043478261,0.5966397479586178
Punjab,2015,115000,565000,4.91,,25.57952520878441,32.50286382616765,19.60442429631921,803.95,2708.61,50.18860501082586,1.6466710485617073,0.546958041767069,2.240065060082642,2.183876811594203,1.1431159420289856,4.423913043478261,0.5966397479586178
Punjab,2015,253000,1184000,4.68,,25.57952520878441,32.50286382616765,19.60442429631921,803.95,2708.61,50.18860501082586,1.6466710485617073,0.546958041767069,2.240065060082642,2.183876811594203,1.1431159420289856,4.423913043478261,0.5966397479586178
Punjab,2015,117000,550000,4.7,,25.57952520878441,32.50286382616765,19.60442429631921,803.95,2708.61,50.18860501082586,1.6466710485617073,0.546958041767069,2.240065060082642,2.183876811594203,1.1431159420289856,4.423913043478261,0.5966397479586178
Punjab,2015,84000,394000,4.69,,25.57952520878441,32.50286382616765,19.60442429631921,803.95,2708.61,50.18860501082586,1.6466710485617073,0.546958041767069,2.240065060082642,2.183876811594203,1.1431159420289856,4.423913043478261,0.5966397479586178
Punjab,2015,209000,939000,4.49,,25.57952520878441,32.50286382616765,19.60442429631921,803.95,2708.61,50.18860501082586,1.6466710485617073,0.546958041767069,2.240065060082642,2.183876811594203,1.1431159420289856,4.423913043478261,0.5966397479586178
Punjab,2015,188000,862000,4.59,,25.57952520878441,32.50286382616765,19.60442429631921,803.95,2708.61,50.18860501082586,1.6466710485617073,0.546958041767069,2.240065060082642,2.183876811594203,1.1431159420289856,4.423913043478261,0.5966397479586178
Punjab,2015,184000,856000,4.65,,25.57952520878441,32.50286382616765,19.60442429631921,803.95,2708.61,50.18860501082586,1.6466710485617073,0.546958041767069,2.240065060082642,2.183876811594203,1.1431159420289856,4.423913043478261,0.5966397479586178
Punjab,2015,145000,591000,4.08,,25.57952520878441,32.50286382616765,19.60442429631921,803.95,2708.61,50.18860501082586,1.6466710485617073,0.546958041767069,2.240065060082642,2.183876811594203,1.1431159420289856,4.423913043478261,0.5966397479586178
Punjab,2015,171000,762000,4.46,,25.57952520878441,32.50286382616765,19.60442429631921,803.95,2708.61,50.18860501082586,1.6466710485617073,0.546958041767069,2.240065060082642,2.183876811594203,1.1431159420289856,4.423913043478261,0.5966397479586178
Punjab,2015,110000,469000,4.26,,25.57952520878441,32.50286382616765,19.60442429631921,803.95,2708.61,50.18860501082586,1.6466710485617073,0.546958041767069,2.240065060082642,2.183876811594203,1.1431159420289856,4.423913043478261,0.5966397479586178
Punjab,2015,251000,1172000,4.67,,25.57952520878441,32.50286382616765,19.60442429631921,803.95,2708.61,50.18860501082586,1.6466710485617073,0.546958041767069,2.240065060082642,2.183876811594203,1.1431159420289856,4.423913043478261,0.5966397479586178
Punjab,2015,170000,789000,4.64,,25.57952520878441,32.50286382616765,19.60442429631921,803.95,2708.61,50.18860501082586,1.6466710485617073,0.546958041767069,2.240065060082642,2.183876811594203,1.1431159420289856,4.423913043478261,0.5966397479586178
Punjab,2015,175000,805000,4.6,,25.57952520878441,32.50286382616765,19.60442429631921,803.95,2708.61,50.18860501082586,1.6466710485617073,0.546958041767069,2.240065060082642,2.183876811594203,1.1431159420289856,4.423913043478261,0.5966397479586178
Punjab,2015,209000,969000,4.64,,25.57952520878441,32.50286382616765,19.60442429631921,803.95,2708.61,50.18860501082586,1.6466710485617073,0.546958041767069,2.240065060082642,2.183876811594203,1.1431159420289856,4.423913043478261,0.5966397479586178
Punjab,2015,78000,368000,4.72,,25.57952520878441,32.50286382616765,19.60442429631921,803.95,2708.61,50.18860501082586,1.6466710485617073,0.546958041767069,2.240065060082642,2.183876811594203,1.1431159420289856,4.423913043478261,0.5966397479586178
Punjab,2015,41000,166000,4.05,,25.57952520878441,32.50286382616765,19.60442429631921,803.95,2708.61,50.18860501082586,1.6466710485617073,0.546958041767069,2.240065060082642,2.183876811594203,1.1431159420289856,4.423913043478261,0.5966397479586178
Punjab,2015,234000,1073000,4.59,,25.57952520878441,32.50286382616765,19.60442429631921,803.95,2708.61,50.18860501082586,1.6466710485617073,0.546958041767069,2.240065060082642,2.183876811594203,1.1431159420289856,4.423913043478261,0.5966397479586178
Punjab,2015,64000,274000,4.28,,25.57952520878441,32.50286382616765,19.60442429631921,803.95,2708.61,50.18860501082586,1.6466710485617073,0.546958041767069,2.240065060082642,2.183876811594203,1.1431159420289856,4.423913043478261,0.5966397479586178
Punjab,2015,50000,232000,4.64,,25.57952520878441,32.50286382616765,19.60442429631921,803.95,2708.61,50.18860501082586,1.6466710485617073,0.546958041767069,2.240065060082642,2.183876811594203,1.1431159420289856,4.423913043478261,0.5966397479586178
Punjab,2015,286000,1373000,4.8,,25.57952520878441,32.50286382616765,19.60442429631921,803.95,2708.61,50.18860501082586,1.6466710485617073,0.546958041767069,2.240065060082642,2.183876811594203,1.1431159420289856,4.423913043478261,0.5966397479586178
Punjab,2016,188000,930000,4.95,,26.795186638959443,33.96813284076041,20.57888401446933,573.0699999999999,2791.3199999999997,43.531410567228505,1.5896363426460403,0.5396905941430288,2.240065060082642,2.183876811594203,1.1431159420289856,4.423913043478261,0.5966397479586178
Punjab,2016,114000,626000,5.49,,26.795186638959443,33.96813284076041,20.57888401446933,573.0699999999999,2791.3199999999997,43.531410567228505,1.5896363426460403,0.5396905941430288,2.240065060082642,2.183876811594203,1.1431159420289856,4.423913043478261,0.5966397479586178
Punjab,2016,252000,1335000,5.3,,26.795186638959443,33.96813284076041,20.57888401446933,573.0699999999999,2791.3199999999997,43.531410567228505,1.5896363426460403,0.5396905941430288,2.240065060082642,2.183876811594203,1.1431159420289856,4.423913043478261,0.5966397479586178
Punjab,2016,117000,609000,5.21,,26.795186638959443,33.96813284076041,20.57888401446933,573.0699999999999,2791.3199999999997,43.531410567228505,1.5896363426460403,0.5396905941430288,2.240065060082642,2.183876811594203,1.1431159420289856,4.423913043478261,0.5966397479586178
Punjab,2016,84000,436000,5.19,,26.795186638959443,33.96813284076041,20.57888401446933,573.0699999999999,2791.3199999999997,43.531410567228505,1.5896363426460403,0.5396905941430288,2.240065060082642,2.183876811594203,1.1431159420289856,4.423913043478261,0.5966397479586178
Punjab,2016,207000,1023000,4.94,,26.795186638959443,33.96813284076041,20.57888401446933,573.0699999999999,2791.3199999999997,43.531410567228505,1.5896363426460403,0.5396905941430288,2.240065060082642,2.183876811594203,1.1431159420289856,4.423913043478261,0.5966397479586178
Punjab,2016,184000,959000,5.21,,26.795186638959443,33.96813284076041,20.57888401446933,573.0699999999999,2791.3199999999997,43.531410567228505,1.5896363426460403,0.5396905941430288,2.240065060082642,2.183876811594203,1.1431159420289856,4.423913043478261,0.5966397479586178
Punjab,2016,184000,848000,4.61,,26.795186638959443,33.96813284076041,20.57888401446933,573.0699999999999,2791.3199999999997,43.531410567228505,1.5896363426460403,0.5396905941430288,2.240065060082642,2.183876811594203,1.1431159420289856,4.423913043478261,0.5966397479586178
Punjab,2016,147000,606000,4.12,,26.795186638959443,33.96813284076041,20.57888401446933,573.0699999999999,2791.3199999999997,43.531410567228505,1.5896363426460403,0.5396905941430288,2.240065060082642,2.183876811594203,1.1431159420289856,4.423913043478261,0.5966397479586178
Punjab,2016,167000,809000,4.84,,26.795186638959443,33.96813284076041,20.57888401446933,573.0699999999999,2791.3199999999997,43.531410567228505,1.5896363426460403,0.5396905941430288,2.240065060082642,2.183876811594203,1.1431159420289856,4.423913043478261,0.5966397479586178
Punjab,2016,106000,522000,4.92,,26.795186638959443,33.96813284076041,20.57888401446933,573.0699999999999,2791.3199999999997,43.531410567228505,1.5896363426460403,0.5396905941430288,2.240065060082642,2.183876811594203,1.1431159420289856,4.423913043478261,0.5966397479586178
Punjab,2016,250000,1273000,5.09,,26.795186638959443,33.96813284076041,20.57888401446933,573.0699999999999,2791.3199999999997,43.531410567228505,1.5896363426460403,0.5396905941430288,2.240065060082642,2.183876811594203,1.1431159420289856,4.423913043478261,0.5966397479586178
Punjab,2016,171000,876000,5.12,,26.795186638959443,33.96813284076041,20.57888401446933,573.0699999999999,2791.3199999999997,43.531410567228505,1.5896363426460403,0.5396905941430288,2.240065060082642,2.183876811594203,1.1431159420289856,4.423913043478261,0.5966397479586178
Punjab,2016,174000,918000,5.28,,26.795186638959443,33.96813284076041,20.57888401446933,573.0699999999999,2791.3199999999997,43.531410567228505,1.5896363426460403,0.5396905941430288,2.240065060082642,2.183876811594203,1.1431159420289856,4.423913043478261,0.5966397479586178
Punjab,2016,213000,1093000,5.13,,26.795186638959443,33.96813284076041,20.57888401446933,573.0699999999999,2791.3199999999997,43.531410567228505,1.5896363426460403,0.5396905941430288,2.240065060082642,2.183876811594203,1.1431159420289856,4.423913043478261,0.5966397479586178
Punjab,2016,76000,374000,4.92,,26.795186638959443,33.96813284076041,20.57888401446933,573.0699999999999,2791.3199999999997,43.531410567228505,1.5896363426460403,0.5396905941430288,2.240065060082642,2.183876811594203,1.1431159420289856,4.423913043478261,0.5966397479586178
Punjab,2016,41000,168000,4.1,,26.795186638959443,33.96813284076041,20.57888401446933,573.0699999999999,2791.3199999999997,43.531410567228505,1.5896363426460403,0.5396905941430288,2.240065060082642,2.183876811594203,1.1431159420289856,4.423913043478261,0.5966397479586178
Punjab,2016,231000,1193000,5.16,,26.795186638959443,33.96813284076041,20.57888401446933,573.0699999999999,2791.3199999999997,43.531410567228505,1.5896363426460403,0.5396905941430288,2.240065060082642,2.183876811594203,1.1431159420289856,4.423913043478261,0.5966397479586178
Punjab,2016,68000,328000,4.82,,26.795186638959443,33.96813284076041,20.57888401446933,573.0699999999999,2791.3199999999997,43.531410567228505,1.5896363426460403,0.5396905941430288,2.240065060082642,2.183876811594203,1.1431159420289856,4.423913043478261,0.5966397479586178
Punjab,2016,50000,235000,4.7,,26.795186638959443,33.96813284076041,20.57888401446933,573.0699999999999,2791.3199999999997,43.531410567228505,1.5896363426460403,0.5396905941430288,2.240065060082642,2.183876811594203,1.1431159420289856,4.423913043478261,0.5966397479586178
Punjab,2016,286000,1589000,5.56,,26.795186638959443,33.96813284076041,20.57888401446933,573.0699999999999,2791.3199999999997,43.531410567228505,1.5896363426460403,0.5396905941430288,2.240065060082642,2.183876811594203,1.1431159420289856,4.423913043478261,0.5966397479586178
Punjab,2016,186000,842000,4.53,,26.795186638959443,33.96813284076041,20.57888401446933,573.0699999999999,2791.3199999999997,43.531410567228505,1.5896363426460403,0.5396905941430288,2.240065060082642,2.183876811594203,1.1431159420289856,4.423913043478261,0.5966397479586178
Punjab,2017,189000,920000,4.87,,25.94066347046087,32.96656665635632,19.928636328487475,759.57,2789.74,48.297479894834524,1.5665651098051345,0.5348143256120321,2.240065060082642,2.183876811594203,1.1431159420289856,4.423913043478261,0.5966397479586178
Punjab,2017,114000,609000,5.34,,25.94066347046087,32.96656665635632,19.928636328487475,759.57,2789.74,48.297479894834524,1.5665651098051345,0.5348143256120321,2.240065060082642,2.183876811594203,1.1431159420289856,4.423913043478261,0.5966397479586178
Punjab,2017,254000,1345000,5.3,,25.94066347046087,32.96656665635632,19.928636328487475,759.57,2789.74,48.297479894834524,1.5665651098051345,0.5348143256120321,2.240065060082642,2.183876811594203,1.1431159420289856,4.423913043478261,0.5966397479586178
Punjab,2017,116000,619000,5.34,,25.94066347046087,32.96656665635632,19.928636328487475,759.57,2789.74,48.297479894834524,1.5665651098051345,0.5348143256120321,2.240065060082642,2.183876811594203,1.1431159420289856,4.423913043478261,0.5966397479586178
Punjab,2017,85000,454000,5.34,,25.94066347046087,32.96656665635632,19.928636328487475,759.57,2789.74,48.297479894834524,1.5665651098051345,0.5348143256120321,2.240065060082642,2.183876811594203,1.1431159420289856,4.423913043478261,0.5966397479586178
Punjab,2017,210000,1007000,4.8,,25.94066347046087,32.96656665635632,19.928636328487475,759.57,2789.74,48.297479894834524,1.5665651098051345,0.5348143256120321,2.240065060082642,2.183876811594203,1.1431159420289856,4.423913043478261,0.5966397479586178
Punjab,2017,187000,977000,5.22,,25.94066347046087,32.96656665635632,19.928636328487475,759.57,2789.74,48.297479894834524,1.5665651098051345,0.5348143256120321,2.240065060082642,2.183876811594203,1.1431159420289856,4.423913043478261,0.5966397479586178
Punjab,2017,185000,876000,4.74,,25.94066347046087,32.96656665635632,19.928636328487475,759.57,2789.74,48.297479894834524,1.5665651098051345,0.5348143256120321,2.240065060082642,2.183876811594203,1.1431159420289856,4.423913043478261,0.5966397479586178
Punjab,2017,143000,620000,4.34,,25.94066347046087,32.96656665635632,19.928636328487475,759.57,2789.74,48.297479894834524,1.5665651098051345,0.5348143256120321,2.240065060082642,2.183876811594203,1.1431159420289856,4.423913043478261,0.5966397479586178
Punjab,2017,170000,861000,5.06,,25.94066347046087,32.96656665635632,19.928636328487475,759.57,2789.74,48.297479894834524,1.5665651098051345,0.5348143256120321,2.240065060082642,2.183876811594203,1.1431159420289856,4.423913043478261,0.5966397479586178
Punjab,2017,108000,523000,4.84,,25.94066347046087,32.96656665635632,19.928636328487475,759.57,2789.74,48.297479894834524,1.5665651098051345,0.5348143256120321,2.240065060082642,2.183876811594203,1.1431159420289856,4.423913043478261,0.5966397479586178
Punjab,2017,252000,1296000,5.14,,25.94066347046087,32.96656665635632,19.928636328487475,759.57,2789.74,48.297479894834524,1.5665651098051345,0.5348143256120321,2.240065060082642,2.183876811594203,1.1431159420289856,4.423913043478261,0.5966397479586178
Punjab,2017,172000,890000,5.17,,25.94066347046087,32.96656665635632,19.928636328487475,759.57,2789.74,48.297479894834524,1.5665651098051345,0.5348143256120321,2.240065060082642,2.183876811594203,1.1431159420289856,4.423913043478261,0.5966397479586178
Punjab,2017,175000,908000,5.19,,25.94066347046087,32.96656665635632,19.928636328487475,759.57,2789.74,48.297479894834524,1.5665651098051345,0.5348143256120321,2.240065060082642,2.183876811594203,1.1431159420289856,4.423913043478261,0.5966397479586178
Punjab,2017,211000,1108000,5.25,,25.94066347046087,32.96656665635632,19.928636328487475,759.57,2789.74,48.297479894834524,1.5665651098051345,0.5348143256120321,2.240065060082642,2.183876811594203,1.1431159420289856,4.423913043478261,0.5966397479586178
Punjab,2017,77000,385000,5.0,,25.94066347046087,32.96656665635632,19.928636328487475,759.57,2789.74,48.297479894834524,1.5665651098051345,0.5348143256120321,2.240065060082642,2.183876811594203,1.1431159420289856,4.423913043478261,0.5966397479586178
Punjab,2017,41000,165000,4.02,,25.94066347046087,32.96656665635632,19.928636328487475,759.57,2789.74,48.297479894834524,1.5665651098051345,0.5348143256120321,2.240065060082642,2.183876811594203,1.1431159420289856,4.423913043478261,0.5966397479586178
Punjab,2017,232000,1223000,5.27,,25.94066347046087,32.96656665635632,19.928636328487475,759.57,2789.74,48.297479894834524,1.5665651098051345,0.5348143256120321,2.240065060082642,2.183876811594203,1.1431159420289856,4.423913043478261,0.5966397479586178
Punjab,2017,67000,326000,4.87,,25.94066347046087,32.96656665635632,19.928636328487475,759.57,2789.74,48.297479894834524,1.5665651098051345,0.5348143256120321,2.240065060082642,2.183876811594203,1.1431159420289856,4.423913043478261,0.5966397479586178
Punjab,2017,50000,248000,4.96,,25.94066347046087,32.96656665635632,19.928636328487475,759.57,2789.74,48.297479894834524,1.5665651098051345,0.5348143256120321,2.240065060082642,2.183876811594203,1.1431159420289856,4.423913043478261,0.5966397479586178
Punjab,2017,288000,1599000,5.55,,25.94066347046087,32.96656665635632,19.928636328487475,759.57,2789.74,48.297479894834524,1.5665651098051345,0.5348143256120321,2.240065060082642,2.183876811594203,1.1431159420289856,4.423913043478261,0.5966397479586178
Punjab,2017,185000,886000,4.79,,25.94066347046087,32.96656665635632,19.928636328487475,759.57,2789.74,48.297479894834524,1.5665651098051345,0.5348143256120321,2.240065060082642,2.183876811594203,1.1431159420289856,4.423913043478261,0.5966397479586178
Punjab,2018,189000,910000,4.81,,25.510137643055984,32.22652915248995,19.697701438292608,931.99,2779.91,52.31536111970306,1.6040987472935355,0.5382128303607083,2.240065060082642,2.183876811594203,1.1431159420289856,4.423913043478261,0.5966397479586178
Punjab,2018,115000,641000,5.57,,25.510137643055984,32.22652915248995,19.697701438292608,931.99,2779.91,52.31536111970306,1.6040987472935355,0.5382128303607083,2.240065060082642,2.183876811594203,1.1431159420289856,4.423913043478261,0.5966397479586178
Punjab,2018,255000,1428000,5.6,,25.510137643055984,32.22652915248995,19.697701438292608,931.99,2779.91,52.31536111970306,1.6040987472935355,0.5382128303607083,2.240065060082642,2.183876811594203,1.1431159420289856,4.423913043478261,0.5966397479586178
Punjab,2018,116000,620000,5.34,,25.510137643055984,32.22652915248995,19.697701438292608,931.99,2779.91,52.31536111970306,1.6040987472935355,0.5382128303607083,2.240065060082642,2.183876811594203,1.1431159420289856,4.423913043478261,0.5966397479586178
Punjab,2018,85000,440000,5.18,,25.510137643055984,32.22652915248995,19.697701438292608,931.99,2779.91,52.31536111970306,1.6040987472935355,0.5382128303607083,2.240065060082642,2.183876811594203,1.1431159420289856,4.423913043478261,0.5966397479586178
Punjab,2018,208000,1052000,5.06,,25.510137643055984,32.22652915248995,19.697701438292608,931.99,2779.91,52.31536111970306,1.6040987472935355,0.5382128303607083,2.240065060082642,2.183876811594203,1.1431159420289856,4.423913043478261,0.5966397479586178
Punjab,2018,187000,1010000,5.4,,25.510137643055984,32.22652915248995,19.697701438292608,931.99,2779.91,52.31536111970306,1.6040987472935355,0.5382128303607083,2.240065060082642,2.183876811594203,1.1431159420289856,4.423913043478261,0.5966397479586178
Punjab,2018,184000,868000,4.72,,25.510137643055984,32.22652915248995,19.697701438292608,931.99,2779.91,52.31536111970306,1.6040987472935355,0.5382128303607083,2.240065060082642,2.183876811594203,1.1431159420289856,4.423913043478261,0.5966397479586178
Punjab,2018,144000,611000,4.24,,25.510137643055984,32.22652915248995,19.697701438292608,931.99,2779.91,52.31536111970306,1.6040987472935355,0.5382128303607083,2.240065060082642,2.183876811594203,1.1431159420289856,4.423913043478261,0.5966397479586178
Punjab,2018,170000,845000,4.97,,25.510137643055984,32.22652915248995,19.697701438292608,931.99,2779.91,52.31536111970306,1.6040987472935355,0.5382128303607083,2.240065060082642,2.183876811594203,1.1431159420289856,4.423913043478261,0.5966397479586178
Punjab,2018,109000,516000,4.73,,25.510137643055984,32.22652915248995,19.697701438292608,931.99,2779.91,52.31536111970306,1.6040987472935355,0.5382128303607083,2.240065060082642,2.183876811594203,1.1431159420289856,4.423913043478261,0.5966397479586178
Punjab,2018,251000,1288000,5.13,,25.510137643055984,32.22652915248995,19.697701438292608,931.99,2779.91,52.31536111970306,1.6040987472935355,0.5382128303607083,2.240065060082642,2.183876811594203,1.1431159420289856,4.423913043478261,0.5966397479586178
Punjab,2018,171000,932000,5.45,,25.510137643055984,32.22652915248995,19.697701438292608,931.99,2779.91,52.31536111970306,1.6040987472935355,0.5382128303607083,2.240065060082642,2.183876811594203,1.1431159420289856,4.423913043478261,0.5966397479586178
Punjab,2018,175000,941000,5.38,,25.510137643055984,32.22652915248995,19.697701438292608,931.99,2779.91,52.31536111970306,1.6040987472935355,0.5382128303607083,2.240065060082642,2.183876811594203,1.1431159420289856,4.423913043478261,0.5966397479586178
Punjab,2018,214000,1192000,5.57,,25.510137643055984,32.22652915248995,19.697701438292608,931.99,2779.91,52.31536111970306,1.6040987472935355,0.5382128303607083,2.240065060082642,2.183876811594203,1.1431159420289856,4.423913043478261,0.5966397479586178
Punjab,2018,77000,385000,5.0,,25.510137643055984,32.22652915248995,19.697701438292608,931.99,2779.91,52.31536111970306,1.6040987472935355,0.5382128303607083,2.240065060082642,2.183876811594203,1.1431159420289856,4.423913043478261,0.5966397479586178
Punjab,2018,41000,163000,3.98,,25.510137643055984,32.22652915248995,19.697701438292608,931.99,2779.91,52.31536111970306,1.6040987472935355,0.5382128303607083,2.240065060082642,2.183876811594203,1.1431159420289856,4.423913043478261,0.5966397479586178
Punjab,2018,233000,1275000,5.47,,25.510137643055984,32.22652915248995,19.697701438292608,931.99,2779.91,52.31536111970306,1.6040987472935355,0.5382128303607083,2.240065060082642,2.183876811594203,1.1431159420289856,4.423913043478261,0.5966397479586178
Punjab,2018,69000,315000,4.57,,25.510137643055984,32.22652915248995,19.697701438292608,931.99,2779.91,52.31536111970306,1.6040987472935355,0.5382128303607083,2.240065060082642,2.183876811594203,1.1431159420289856,4.423913043478261,0.5966397479586178
Punjab,2018,50000,232000,4.64,,25.510137643055984,32.22652915248995,19.697701438292608,931.99,2779.91,52.31536111970306,1.6040987472935355,0.5382128303607083,2.240065060082642,2.183876811594203,1.1431159420289856,4.423913043478261,0.5966397479586178
Punjab,2018,290000,1682000,5.8,,25.510137643055984,32.22652915248995,19.697701438292608,931.99,2779.91,52.31536111970306,1.6040987472935355,0.5382128303607083,2.240065060082642,2.183876811594203,1.1431159420289856,4.423913043478261,0.5966397479586178
Punjab,2018,186000,871000,4.68,,25.510137643055984,32.22652915248995,19.697701438292608,931.99,2779.91,52.31536111970306,1.6040987472935355,0.5382128303607083,2.240065060082642,2.183876811594203,1.1431159420289856,4.423913043478261,0.5966397479586178
Punjab,2019,188000,852000,4.53,,25.189499690689765,31.429114599443242,19.67960137643056,939.61,2663.175,56.78502590473245,1.5019328023507579,0.5691531040699689,2.240065060082642,2.183876811594203,1.1431159420289856,4.423913043478261,0.5966397479586178
Punjab,2019,114000,599000,5.25,,25.189499690689765,31.429114599443242,19.67960137643056,939.61,2663.175,56.78502590473245,1.5019328023507579,0.5691531040699689,2.240065060082642,2.183876811594203,1.1431159420289856,4.423913043478261,0.5966397479586178
Punjab,2019,256000,1387000,5.42,,25.189499690689765,31.429114599443242,19.67960137643056,939.61,2663.175,56.78502590473245,1.5019328023507579,0.5691531040699689,2.240065060082642,2.183876811594203,1.1431159420289856,4.423913043478261,0.5966397479586178
Punjab,2019,116000,646000,5.57,,25.189499690689765,31.429114599443242,19.67960137643056,939.61,2663.175,56.78502590473245,1.5019328023507579,0.5691531040699689,2.240065060082642,2.183876811594203,1.1431159420289856,4.423913043478261,0.5966397479586178
Punjab,2019,85000,374000,4.4,,25.189499690689765,31.429114599443242,19.67960137643056,939.61,2663.175,56.78502590473245,1.5019328023507579,0.5691531040699689,2.240065060082642,2.183876811594203,1.1431159420289856,4.423913043478261,0.5966397479586178
Punjab,2019,206000,1016000,4.93,,25.189499690689765,31.429114599443242,19.67960137643056,939.61,2663.175,56.78502590473245,1.5019328023507579,0.5691531040699689,2.240065060082642,2.183876811594203,1.1431159420289856,4.423913043478261,0.5966397479586178
Punjab,2019,187000,957000,5.12,,25.189499690689765,31.429114599443242,19.67960137643056,939.61,2663.175,56.78502590473245,1.5019328023507579,0.5691531040699689,2.240065060082642,2.183876811594203,1.1431159420289856,4.423913043478261,0.5966397479586178
Punjab,2019,185000,772000,4.17,,25.189499690689765,31.429114599443242,19.67960137643056,939.61,2663.175,56.78502590473245,1.5019328023507579,0.5691531040699689,2.240065060082642,2.183876811594203,1.1431159420289856,4.423913043478261,0.5966397479586178
Punjab,2019,142000,609000,4.29,,25.189499690689765,31.429114599443242,19.67960137643056,939.61,2663.175,56.78502590473245,1.5019328023507579,0.5691531040699689,2.240065060082642,2.183876811594203,1.1431159420289856,4.423913043478261,0.5966397479586178
Punjab,2019,173000,870000,5.03,,25.189499690689765,31.429114599443242,19.67960137643056,939.61,2663.175,56.78502590473245,1.5019328023507579,0.5691531040699689,2.240065060082642,2.183876811594203,1.1431159420289856,4.423913043478261,0.5966397479586178
Punjab,2019,109000,507000,4.65,,25.189499690689765,31.429114599443242,19.67960137643056,939.61,2663.175,56.78502590473245,1.5019328023507579,0.5691531040699689,2.240065060082642,2.183876811594203,1.1431159420289856,4.423913043478261,0.5966397479586178
Punjab,2019,250000,1275000,5.1,,25.189499690689765,31.429114599443242,19.67960137643056,939.61,2663.175,56.78502590473245,1.5019328023507579,0.5691531040699689,2.240065060082642,2.183876811594203,1.1431159420289856,4.423913043478261,0.5966397479586178
Punjab,2019,171000,922000,5.39,,25.189499690689765,31.429114599443242,19.67960137643056,939.61,2663.175,56.78502590473245,1.5019328023507579,0.5691531040699689,2.240065060082642,2.183876811594203,1.1431159420289856,4.423913043478261,0.5966397479586178
Punjab,2019,176000,942000,5.35,,25.189499690689765,31.429114599443242,19.67960137643056,939.61,2663.175,56.78502590473245,1.5019328023507579,0.5691531040699689,2.240065060082642,2.183876811594203,1.1431159420289856,4.423913043478261,0.5966397479586178
Punjab,2019,214000,1168000,5.46,,25.189499690689765,31.429114599443242,19.67960137643056,939.61,2663.175,56.78502590473245,1.5019328023507579,0.5691531040699689,2.240065060082642,2.183876811594203,1.1431159420289856,4.423913043478261,0.5966397479586178
Punjab,2019,77000,391000,5.08,,25.189499690689765,31.429114599443242,19.67960137643056,939.61,2663.175,56.78502590473245,1.5019328023507579,0.5691531040699689,2.240065060082642,2.183876811594203,1.1431159420289856,4.423913043478261,0.5966397479586178
Punjab,2019,40000,158000,3.95,,25.189499690689765,31.429114599443242,19.67960137643056,939.61,2663.175,56.78502590473245,1.5019328023507579,0.5691531040699689,2.240065060082642,2.183876811594203,1.1431159420289856,4.423913043478261,0.5966397479586178
Punjab,2019,234000,1116000,4.77,,25.189499690689765,31.429114599443242,19.67960137643056,939.61,2663.175,56.78502590473245,1.5019328023507579,0.5691531040699689,2.240065060082642,2.183876811594203,1.1431159420289856,4.423913043478261,0.5966397479586178
Punjab,2019,69000,299000,4.33,,25.189499690689765,31.429114599443242,19.67960137643056,939.61,2663.175,56.78502590473245,1.5019328023507579,0.5691531040699689,2.240065060082642,2.183876811594203,1.1431159420289856,4.423913043478261,0.5966397479586178
Punjab,2019,50000,226000,4.52,,25.189499690689765,31.429114599443242,19.67960137643056,939.61,2663.175,56.78502590473245,1.5019328023507579,0.5691531040699689,2.240065060082642,2.183876811594203,1.1431159420289856,4.423913043478261,0.5966397479586178
Punjab,2019,291000,1678000,5.77,,25.189499690689765,31.429114599443242,19.67960137643056,939.61,2663.175,56.78502590473245,1.5019328023507579,0.5691531040699689,2.240065060082642,2.183876811594203,1.1431159420289856,4.423913043478261,0.5966397479586178
Punjab,2019,187000,916000,4.9,,25.189499690689765,31.429114599443242,19.67960137643056,939.61,2663.175,56.78502590473245,1.5019328023507579,0.5691531040699689,2.240065060082642,2.183876811594203,1.1431159420289856,4.423913043478261,0.5966397479586178
Punjab,2020,189000,900000,4.76,,25.077206187947354,31.682555799276535,19.573630031555453,757.6400000000001,2801.13,56.50801623951358,1.5864103748172094,0.5601456780626801,2.240065060082642,2.183876811594203,1.1431159420289856,4.423913043478261,0.5966397479586178
Punjab,2020,113700,546000,4.8,,25.077206187947354,31.682555799276535,19.573630031555453,757.6400000000001,2801.13,56.50801623951358,1.5864103748172094,0.5601456780626801,2.240065060082642,2.183876811594203,1.1431159420289856,4.423913043478261,0.5966397479586178
Punjab,2020,255600,1266000,4.95,,25.077206187947354,31.682555799276535,19.573630031555453,757.6400000000001,2801.13,56.50801623951358,1.5864103748172094,0.5601456780626801,2.240065060082642,2.183876811594203,1.1431159420289856,4.423913043478261,0.5966397479586178
Punjab,2020,116000,588000,5.07,,25.077206187947354,31.682555799276535,19.573630031555453,757.6400000000001,2801.13,56.50801623951358,1.5864103748172094,0.5601456780626801,2.240065060082642,2.183876811594203,1.1431159420289856,4.423913043478261,0.5966397479586178
Punjab,2020,85100,422000,4.96,,25.077206187947354,31.682555799276535,19.573630031555453,757.6400000000001,2801.13,56.50801623951358,1.5864103748172094,0.5601456780626801,2.240065060082642,2.183876811594203,1.1431159420289856,4.423913043478261,0.5966397479586178
Punjab,2020,207500,984000,4.74,,25.077206187947354,31.682555799276535,19.573630031555453,757.6400000000001,2801.13,56.50801623951358,1.5864103748172094,0.5601456780626801,2.240065060082642,2.183876811594203,1.1431159420289856,4.423913043478261,0.5966397479586178
Punjab,2020,196100,967000,4.93,,25.077206187947354,31.682555799276535,19.573630031555453,757.6400000000001,2801.13,56.50801623951358,1.5864103748172094,0.5601456780626801,2.240065060082642,2.183876811594203,1.1431159420289856,4.423913043478261,0.5966397479586178
Punjab,2020,185600,840000,4.53,,25.077206187947354,31.682555799276535,19.573630031555453,757.6400000000001,2801.13,56.50801623951358,1.5864103748172094,0.5601456780626801,2.240065060082642,2.183876811594203,1.1431159420289856,4.423913043478261,0.5966397479586178
Punjab,2020,141900,588000,4.14,,25.077206187947354,31.682555799276535,19.573630031555453,757.6400000000001,2801.13,56.50801623951358,1.5864103748172094,0.5601456780626801,2.240065060082642,2.183876811594203,1.1431159420289856,4.423913043478261,0.5966397479586178
Punjab,2020,172400,845000,4.9,,25.077206187947354,31.682555799276535,19.573630031555453,757.6400000000001,2801.13,56.50801623951358,1.5864103748172094,0.5601456780626801,2.240065060082642,2.183876811594203,1.1431159420289856,4.423913043478261,0.5966397479586178
Punjab,2020,105200,486000,4.62,,25.077206187947354,31.682555799276535,19.573630031555453,757.6400000000001,2801.13,56.50801623951358,1.5864103748172094,0.5601456780626801,2.240065060082642,2.183876811594203,1.1431159420289856,4.423913043478261,0.5966397479586178
Punjab,2020,249700,1241000,4.97,,25.077206187947354,31.682555799276535,19.573630031555453,757.6400000000001,2801.13,56.50801623951358,1.5864103748172094,0.5601456780626801,2.240065060082642,2.183876811594203,1.1431159420289856,4.423913043478261,0.5966397479586178
Punjab,2020,171600,852000,4.97,,25.077206187947354,31.682555799276535,19.573630031555453,757.6400000000001,2801.13,56.50801623951358,1.5864103748172094,0.5601456780626801,2.240065060082642,2.183876811594203,1.1431159420289856,4.423913043478261,0.5966397479586178
Punjab,2020,177000,911000,5.15,,25.077206187947354,31.682555799276535,19.573630031555453,757.6400000000001,2801.13,56.50801623951358,1.5864103748172094,0.5601456780626801,2.240065060082642,2.183876811594203,1.1431159420289856,4.423913043478261,0.5966397479586178
Punjab,2020,215200,1087000,5.05,,25.077206187947354,31.682555799276535,19.573630031555453,757.6400000000001,2801.13,56.50801623951358,1.5864103748172094,0.5601456780626801,2.240065060082642,2.183876811594203,1.1431159420289856,4.423913043478261,0.5966397479586178
Punjab,2020,77700,384000,4.94,,25.077206187947354,31.682555799276535,19.573630031555453,757.6400000000001,2801.13,56.50801623951358,1.5864103748172094,0.5601456780626801,2.240065060082642,2.183876811594203,1.1431159420289856,4.423913043478261,0.5966397479586178
Punjab,2020,42000,182000,4.33,,25.077206187947354,31.682555799276535,19.573630031555453,757.6400000000001,2801.13,56.50801623951358,1.5864103748172094,0.5601456780626801,2.240065060082642,2.183876811594203,1.1431159420289856,4.423913043478261,0.5966397479586178
Punjab,2020,233700,1162000,4.97,,25.077206187947354,31.682555799276535,19.573630031555453,757.6400000000001,2801.13,56.50801623951358,1.5864103748172094,0.5601456780626801,2.240065060082642,2.183876811594203,1.1431159420289856,4.423913043478261,0.5966397479586178
Punjab,2020,68700,310000,4.51,,25.077206187947354,31.682555799276535,19.573630031555453,757.6400000000001,2801.13,56.50801623951358,1.5864103748172094,0.5601456780626801,2.240065060082642,2.183876811594203,1.1431159420289856,4.423913043478261,0.5966397479586178
Punjab,2020,48500,212000,4.37,,25.077206187947354,31.682555799276535,19.573630031555453,757.6400000000001,2801.13,56.50801623951358,1.5864103748172094,0.5601456780626801,2.240065060082642,2.183876811594203,1.1431159420289856,4.423913043478261,0.5966397479586178
Punjab,2020,291000,1532000,5.26,,25.077206187947354,31.682555799276535,19.573630031555453,757.6400000000001,2801.13,56.50801623951358,1.5864103748172094,0.5601456780626801,2.240065060082642,2.183876811594203,1.1431159420289856,4.423913043478261,0.5966397479586178
Punjab,2020,188000,855000,4.55,,25.077206187947354,31.682555799276535,19.573630031555453,757.6400000000001,2801.13,56.50801623951358,1.5864103748172094,0.5601456780626801,2.240065060082642,2.183876811594203,1.1431159420289856,4.423913043478261,0.5966397479586178
Punjab,2021,189300,843000,4.45,,25.78382694092174,32.667900943396226,19.999256108877205,768.3100000000001,2740.965,53.20550842870399,1.603169270027838,0.5399062134184066,2.240065060082642,2.183876811594203,1.1431159420289856,4.423913043478261,0.5966397479586178
Punjab,2021,114800,525000,4.57,,25.78382694092174,32.667900943396226,19.999256108877205,768.3100000000001,2740.965,53.20550842870399,1.603169270027838,0.5399062134184066,2.240065060082642,2.183876811594203,1.1431159420289856,4.423913043478261,0.5966397479586178
Punjab,2021,260700,1149000,4.41,,25.78382694092174,32.667900943396226,19.999256108877205,768.3100000000001,2740.965,53.20550842870399,1.603169270027838,0.5399062134184066,2.240065060082642,2.183876811594203,1.1431159420289856,4.423913043478261,0.5966397479586178
Punjab,2021,115500,529000,4.58,,25.78382694092174,32.667900943396226,19.999256108877205,768.3100000000001,2740.965,53.20550842870399,1.603169270027838,0.5399062134184066,2.240065060082642,2.183876811594203,1.1431159420289856,4.423913043478261,0.5966397479586178
Punjab,2021,85300,290000,3.4,,25.78382694092174,32.667900943396226,19.999256108877205,768.3100000000001,2740.965,53.20550842870399,1.603169270027838,0.5399062134184066,2.240065060082642,2.183876811594203,1.1431159420289856,4.423913043478261,0.5966397479586178
Punjab,2021,204100,873000,4.28,,25.78382694092174,32.667900943396226,19.999256108877205,768.3100000000001,2740.965,53.20550842870399,1.603169270027838,0.5399062134184066,2.240065060082642,2.183876811594203,1.1431159420289856,4.423913043478261,0.5966397479586178
Punjab,2021,187800,821000,4.37,,25.78382694092174,32.667900943396226,19.999256108877205,768.3100000000001,2740.965,53.20550842870399,1.603169270027838,0.5399062134184066,2.240065060082642,2.183876811594203,1.1431159420289856,4.423913043478261,0.5966397479586178
Punjab,2021,184100,777000,4.22,,25.78382694092174,32.667900943396226,19.999256108877205,768.3100000000001,2740.965,53.20550842870399,1.603169270027838,0.5399062134184066,2.240065060082642,2.183876811594203,1.1431159420289856,4.423913043478261,0.5966397479586178
Punjab,2021,142200,515000,3.62,,25.78382694092174,32.667900943396226,19.999256108877205,768.3100000000001,2740.965,53.20550842870399,1.603169270027838,0.5399062134184066,2.240065060082642,2.183876811594203,1.1431159420289856,4.423913043478261,0.5966397479586178
Punjab,2021,173300,732000,4.22,,25.78382694092174,32.667900943396226,19.999256108877205,768.3100000000001,2740.965,53.20550842870399,1.603169270027838,0.5399062134184066,2.240065060082642,2.183876811594203,1.1431159420289856,4.423913043478261,0.5966397479586178
Punjab,2021,110000,439000,3.99,,25.78382694092174,32.667900943396226,19.999256108877205,768.3100000000001,2740.965,53.20550842870399,1.603169270027838,0.5399062134184066,2.240065060082642,2.183876811594203,1.1431159420289856,4.423913043478261,0.5966397479586178
Punjab,2021,244200,1044000,4.28,,25.78382694092174,32.667900943396226,19.999256108877205,768.3100000000001,2740.965,53.20550842870399,1.603169270027838,0.5399062134184066,2.240065060082642,2.183876811594203,1.1431159420289856,4.423913043478261,0.5966397479586178
Punjab,2021,52400,227000,4.33,,25.78382694092174,32.667900943396226,19.999256108877205,768.3100000000001,2740.965,53.20550842870399,1.603169270027838,0.5399062134184066,2.240065060082642,2.183876811594203,1.1431159420289856,4.423913043478261,0.5966397479586178
Punjab,2021,172500,768000,4.45,,25.78382694092174,32.667900943396226,19.999256108877205,768.3100000000001,2740.965,53.20550842870399,1.603169270027838,0.5399062134184066,2.240065060082642,2.183876811594203,1.1431159420289856,4.423913043478261,0.5966397479586178
Punjab,2021,177900,778000,4.37,,25.78382694092174,32.667900943396226,19.999256108877205,768.3100000000001,2740.965,53.20550842870399,1.603169270027838,0.5399062134184066,2.240065060082642,2.183876811594203,1.1431159420289856,4.423913043478261,0.5966397479586178
Punjab,2021,219200,992000,4.53,,25.78382694092174,32.667900943396226,19.999256108877205,768.3100000000001,2740.965,53.20550842870399,1.603169270027838,0.5399062134184066,2.240065060082642,2.183876811594203,1.1431159420289856,4.423913043478261,0.5966397479586178
Punjab,2021,77300,299000,3.87,,25.78382694092174,32.667900943396226,19.999256108877205,768.3100000000001,2740.965,53.20550842870399,1.603169270027838,0.5399062134184066,2.240065060082642,2.183876811594203,1.1431159420289856,4.423913043478261,0.5966397479586178
Punjab,2021,39400,144000,3.65,,25.78382694092174,32.667900943396226,19.999256108877205,768.3100000000001,2740.965,53.20550842870399,1.603169270027838,0.5399062134184066,2.240065060082642,2.183876811594203,1.1431159420289856,4.423913043478261,0.5966397479586178
Punjab,2021,233500,907000,3.88,,25.78382694092174,32.667900943396226,19.999256108877205,768.3100000000001,2740.965,53.20550842870399,1.603169270027838,0.5399062134184066,2.240065060082642,2.183876811594203,1.1431159420289856,4.423913043478261,0.5966397479586178
Punjab,2021,68600,248000,3.62,,25.78382694092174,32.667900943396226,19.999256108877205,768.3100000000001,2740.965,53.20550842870399,1.603169270027838,0.5399062134184066,2.240065060082642,2.183876811594203,1.1431159420289856,4.423913043478261,0.5966397479586178
Punjab,2021,50100,186000,3.71,,25.78382694092174,32.667900943396226,19.999256108877205,768.3100000000001,2740.965,53.20550842870399,1.603169270027838,0.5399062134184066,2.240065060082642,2.183876811594203,1.1431159420289856,4.423913043478261,0.5966397479586178
Punjab,2021,238800,989000,4.14,,25.78382694092174,32.667900943396226,19.999256108877205,768.3100000000001,2740.965,53.20550842870399,1.603169270027838,0.5399062134184066,2.240065060082642,2.183876811594203,1.1431159420289856,4.423913043478261,0.5966397479586178
Punjab,2021,187000,880000,4.71,,25.78382694092174,32.667900943396226,19.999256108877205,768.3100000000001,2740.965,53.20550842870399,1.603169270027838,0.5399062134184066,2.240065060082642,2.183876811594203,1.1431159420289856,4.423913043478261,0.5966397479586178
Punjab,2022,189100,905400,4.79,,25.44788006495515,31.796043148778224,20.09046628518404,964.47,2754.89,59.68750309310238,1.561832276523353,0.5582923028319793,2.240065060082642,2.183876811594203,1.1431159420289856,4.423913043478261,0.5966397479586178
Punjab,2022,113400,574100,5.06,,25.44788006495515,31.796043148778224,20.09046628518404,964.47,2754.89,59.68750309310238,1.561832276523353,0.5582923028319793,2.240065060082642,2.183876811594203,1.1431159420289856,4.423913043478261,0.5966397479586178
Punjab,2022,254000,1257300,4.95,,25.44788006495515,31.796043148778224,20.09046628518404,964.47,2754.89,59.68750309310238,1.561832276523353,0.5582923028319793,2.240065060082642,2.183876811594203,1.1431159420289856,4.423913043478261,0.5966397479586178
Punjab,2022,115300,504500,4.38,,25.44788006495515,31.796043148778224,20.09046628518404,964.47,2754.89,59.68750309310238,1.561832276523353,0.5582923028319793,2.240065060082642,2.183876811594203,1.1431159420289856,4.423913043478261,0.5966397479586178
Punjab,2022,84500,404700,4.79,,25.44788006495515,31.796043148778224,20.09046628518404,964.47,2754.89,59.68750309310238,1.561832276523353,0.5582923028319793,2.240065060082642,2.183876811594203,1.1431159420289856,4.423913043478261,0.5966397479586178
Punjab,2022,200000,925000,4.63,,25.44788006495515,31.796043148778224,20.09046628518404,964.47,2754.89,59.68750309310238,1.561832276523353,0.5582923028319793,2.240065060082642,2.183876811594203,1.1431159420289856,4.423913043478261,0.5966397479586178
Punjab,2022,188700,906000,4.8,,25.44788006495515,31.796043148778224,20.09046628518404,964.47,2754.89,59.68750309310238,1.561832276523353,0.5582923028319793,2.240065060082642,2.183876811594203,1.1431159420289856,4.423913043478261,0.5966397479586178
Punjab,2022,185100,820400,4.43,,25.44788006495515,31.796043148778224,20.09046628518404,964.47,2754.89,59.68750309310238,1.561832276523353,0.5582923028319793,2.240065060082642,2.183876811594203,1.1431159420289856,4.423913043478261,0.5966397479586178
Punjab,2022,141700,570800,4.03,,25.44788006495515,31.796043148778224,20.09046628518404,964.47,2754.89,59.68750309310238,1.561832276523353,0.5582923028319793,2.240065060082642,2.183876811594203,1.1431159420289856,4.423913043478261,0.5966397479586178
Punjab,2022,173400,754300,4.35,,25.44788006495515,31.796043148778224,20.09046628518404,964.47,2754.89,59.68750309310238,1.561832276523353,0.5582923028319793,2.240065060082642,2.183876811594203,1.1431159420289856,4.423913043478261,0.5966397479586178
Punjab,2022,108600,484300,4.46,,25.44788006495515,31.796043148778224,20.09046628518404,964.47,2754.89,59.68750309310238,1.561832276523353,0.5582923028319793,2.240065060082642,2.183876811594203,1.1431159420289856,4.423913043478261,0.5966397479586178
Punjab,2022,244700,1123400,4.59,,25.44788006495515,31.796043148778224,20.09046628518404,964.47,2754.89,59.68750309310238,1.561832276523353,0.5582923028319793,2.240065060082642,2.183876811594203,1.1431159420289856,4.423913043478261,0.5966397479586178
Punjab,2022,52100,258500,4.96,,25.44788006495515,31.796043148778224,20.09046628518404,964.47,2754.89,59.68750309310238,1.561832276523353,0.5582923028319793,2.240065060082642,2.183876811594203,1.1431159420289856,4.423913043478261,0.5966397479586178
Punjab,2022,170800,854200,5.0,,25.44788006495515,31.796043148778224,20.09046628518404,964.47,2754.89,59.68750309310238,1.561832276523353,0.5582923028319793,2.240065060082642,2.183876811594203,1.1431159420289856,4.423913043478261,0.5966397479586178
Punjab,2022,178100,846300,4.75,,25.44788006495515,31.796043148778224,20.09046628518404,964.47,2754.89,59.68750309310238,1.561832276523353,0.5582923028319793,2.240065060082642,2.183876811594203,1.1431159420289856,4.423913043478261,0.5966397479586178
Punjab,2022,217100,1019100,4.69,,25.44788006495515,31.796043148778224,20.09046628518404,964.47,2754.89,59.68750309310238,1.561832276523353,0.5582923028319793,2.240065060082642,2.183876811594203,1.1431159420289856,4.423913043478261,0.5966397479586178
Punjab,2022,78100,386300,4.95,,25.44788006495515,31.796043148778224,20.09046628518404,964.47,2754.89,59.68750309310238,1.561832276523353,0.5582923028319793,2.240065060082642,2.183876811594203,1.1431159420289856,4.423913043478261,0.5966397479586178
Punjab,2022,40100,160300,4.0,,25.44788006495515,31.796043148778224,20.09046628518404,964.47,2754.89,59.68750309310238,1.561832276523353,0.5582923028319793,2.240065060082642,2.183876811594203,1.1431159420289856,4.423913043478261,0.5966397479586178
Punjab,2022,233300,1145100,4.91,,25.44788006495515,31.796043148778224,20.09046628518404,964.47,2754.89,59.68750309310238,1.561832276523353,0.5582923028319793,2.240065060082642,2.183876811594203,1.1431159420289856,4.423913043478261,0.5966397479586178
Punjab,2022,67900,306300,4.51,,25.44788006495515,31.796043148778224,20.09046628518404,964.47,2754.89,59.68750309310238,1.561832276523353,0.5582923028319793,2.240065060082642,2.183876811594203,1.1431159420289856,4.423913043478261,0.5966397479586178
Punjab,2022,53000,217000,4.09,,25.44788006495515,31.796043148778224,20.09046628518404,964.47,2754.89,59.68750309310238,1.561832276523353,0.5582923028319793,2.240065060082642,2.183876811594203,1.1431159420289856,4.423913043478261,0.5966397479586178
Punjab,2022,238700,1257700,5.27,,25.44788006495515,31.796043148778224,20.09046628518404,964.47,2754.89,59.68750309310238,1.561832276523353,0.5582923028319793,2.240065060082642,2.183876811594203,1.1431159420289856,4.423913043478261,0.5966397479586178
Punjab,2022,185500,796000,4.29,,25.44788006495515,31.796043148778224,20.09046628518404,964.47,2754.89,59.68750309310238,1.561832276523353,0.5582923028319793,2.240065060082642,2.183876811594203,1.1431159420289856,4.423913043478261,0.5966397479586178
Punjab,2023,189800,886400,4.67,,24.543016161459946,30.531371404268484,19.53826167646149,1315.75,2692.045,63.645181333127134,1.4169347355397464,,2.240065060082642,2.183876811594203,1.1431159420289856,4.423913043478261,0.5966397479586178
Rajasthan,2011,46550,146725,3.15,,25.910716439839156,32.68925494896381,20.020645298484382,531.27,3189.8,49.13743581812558,2.319229044231364,0.316361840332662,1.128951356435442,1.1232815301852959,0.4793783622235505,2.4273759713090257,0.34798622211840036
Rajasthan,2011,185167,727380,3.93,,25.910716439839156,32.68925494896381,20.020645298484382,531.27,3189.8,49.13743581812558,2.319229044231364,0.316361840332662,1.128951356435442,1.1232815301852959,0.4793783622235505,2.4273759713090257,0.34798622211840036
Rajasthan,2011,87177,203751,2.34,,25.910716439839156,32.68925494896381,20.020645298484382,531.27,3189.8,49.13743581812558,2.319229044231364,0.316361840332662,1.128951356435442,1.1232815301852959,0.4793783622235505,2.4273759713090257,0.34798622211840036
Rajasthan,2011,142589,543296,3.81,,25.910716439839156,32.68925494896381,20.020645298484382,531.27,3189.8,49.13743581812558,2.319229044231364,0.316361840332662,1.128951356435442,1.1232815301852959,0.4793783622235505,2.4273759713090257,0.34798622211840036
Rajasthan,2011,11659,14405,1.24,,25.910716439839156,32.68925494896381,20.020645298484382,531.27,3189.8,49.13743581812558,2.319229044231364,0.316361840332662,1.128951356435442,1.1232815301852959,0.4793783622235505,2.4273759713090257,0.34798622211840036
Rajasthan,2011,155304,668993,4.31,,25.910716439839156,32.68925494896381,20.020645298484382,531.27,3189.8,49.13743581812558,2.319229044231364,0.316361840332662,1.128951356435442,1.1232815301852959,0.4793783622235505,2.4273759713090257,0.34798622211840036
Rajasthan,2011,109581,318262,2.9,,25.910716439839156,32.68925494896381,20.020645298484382,531.27,3189.8,49.13743581812558,2.319229044231364,0.316361840332662,1.128951356435442,1.1232815301852959,0.4793783622235505,2.4273759713090257,0.34798622211840036
Rajasthan,2011,84175,209882,2.49,,25.910716439839156,32.68925494896381,20.020645298484382,531.27,3189.8,49.13743581812558,2.319229044231364,0.316361840332662,1.128951356435442,1.1232815301852959,0.4793783622235505,2.4273759713090257,0.34798622211840036
Rajasthan,2011,155833,707009,4.54,,25.910716439839156,32.68925494896381,20.020645298484382,531.27,3189.8,49.13743581812558,2.319229044231364,0.316361840332662,1.128951356435442,1.1232815301852959,0.4793783622235505,2.4273759713090257,0.34798622211840036
Rajasthan,2011,110075,410185,3.73,,25.910716439839156,32.68925494896381,20.020645298484382,531.27,3189.8,49.13743581812558,2.319229044231364,0.316361840332662,1.128951356435442,1.1232815301852959,0.4793783622235505,2.4273759713090257,0.34798622211840036
Rajasthan,2011,24469,26110,1.07,,25.910716439839156,32.68925494896381,20.020645298484382,531.27,3189.8,49.13743581812558,2.319229044231364,0.316361840332662,1.128951356435442,1.1232815301852959,0.4793783622235505,2.4273759713090257,0.34798622211840036
Rajasthan,2011,87883,331343,3.77,,25.910716439839156,32.68925494896381,20.020645298484382,531.27,3189.8,49.13743581812558,2.319229044231364,0.316361840332662,1.128951356435442,1.1232815301852959,0.4793783622235505,2.4273759713090257,0.34798622211840036
Rajasthan,2011,58477,246225,4.21,,25.910716439839156,32.68925494896381,20.020645298484382,531.27,3189.8,49.13743581812558,2.319229044231364,0.316361840332662,1.128951356435442,1.1232815301852959,0.4793783622235505,2.4273759713090257,0.34798622211840036
Rajasthan,2011,45085,90785,2.01,,25.910716439839156,32.68925494896381,20.020645298484382,531.27,3189.8,49.13743581812558,2.319229044231364,0.316361840332662,1.128951356435442,1.1232815301852959,0.4793783622235505,2.4273759713090257,0.34798622211840036
Rajasthan,2011,252690,1001106,3.96,,25.910716439839156,32.68925494896381,20.020645298484382,531.27,3189.8,49.13743581812558,2.319229044231364,0.316361840332662,1.128951356435442,1.1232815301852959,0.4793783622235505,2.4273759713090257,0.34798622211840036
Rajasthan,2011,247880,896383,3.62,,25.910716439839156,32.68925494896381,20.020645298484382,531.27,3189.8,49.13743581812558,2.319229044231364,0.316361840332662,1.128951356435442,1.1232815301852959,0.4793783622235505,2.4273759713090257,0.34798622211840036
Rajasthan,2011,148076,461366,3.12,,25.910716439839156,32.68925494896381,20.020645298484382,531.27,3189.8,49.13743581812558,2.319229044231364,0.316361840332662,1.128951356435442,1.1232815301852959,0.4793783622235505,2.4273759713090257,0.34798622211840036
Rajasthan,2011,14076,18403,1.31,,25.910716439839156,32.68925494896381,20.020645298484382,531.27,3189.8,49.13743581812558,2.319229044231364,0.316361840332662,1.128951356435442,1.1232815301852959,0.4793783622235505,2.4273759713090257,0.34798622211840036
Rajasthan,2011,29980,54290,1.81,,25.910716439839156,32.68925494896381,20.020645298484382,531.27,3189.8,49.13743581812558,2.319229044231364,0.316361840332662,1.128951356435442,1.1232815301852959,0.4793783622235505,2.4273759713090257,0.34798622211840036
Rajasthan,2011,87563,330747,3.78,,25.910716439839156,32.68925494896381,20.020645298484382,531.27,3189.8,49.13743581812558,2.319229044231364,0.316361840332662,1.128951356435442,1.1232815301852959,0.4793783622235505,2.4273759713090257,0.34798622211840036
Rajasthan,2011,73708,250190,3.39,,25.910716439839156,32.68925494896381,20.020645298484382,531.27,3189.8,49.13743581812558,2.319229044231364,0.316361840332662,1.128951356435442,1.1232815301852959,0.4793783622235505,2.4273759713090257,0.34798622211840036
Rajasthan,2011,50154,136352,2.72,,25.910716439839156,32.68925494896381,20.020645298484382,531.27,3189.8,49.13743581812558,2.319229044231364,0.316361840332662,1.128951356435442,1.1232815301852959,0.4793783622235505,2.4273759713090257,0.34798622211840036
Rajasthan,2012,66027,219014,3.32,,25.70518990995151,32.521488878626954,19.700341337643348,525.69,3165.785,44.19697240821981,2.355629569768337,0.2897970729396192,1.128951356435442,1.1232815301852959,0.4793783622235505,2.4273759713090257,0.34798622211840036
Rajasthan,2012,204967,837412,4.09,,25.70518990995151,32.521488878626954,19.700341337643348,525.69,3165.785,44.19697240821981,2.355629569768337,0.2897970729396192,1.128951356435442,1.1232815301852959,0.4793783622235505,2.4273759713090257,0.34798622211840036
Rajasthan,2012,87975,186789,2.12,,25.70518990995151,32.521488878626954,19.700341337643348,525.69,3165.785,44.19697240821981,2.355629569768337,0.2897970729396192,1.128951356435442,1.1232815301852959,0.4793783622235505,2.4273759713090257,0.34798622211840036
Rajasthan,2012,167037,730536,4.37,,25.70518990995151,32.521488878626954,19.700341337643348,525.69,3165.785,44.19697240821981,2.355629569768337,0.2897970729396192,1.128951356435442,1.1232815301852959,0.4793783622235505,2.4273759713090257,0.34798622211840036
Rajasthan,2012,12613,17137,1.36,,25.70518990995151,32.521488878626954,19.700341337643348,525.69,3165.785,44.19697240821981,2.355629569768337,0.2897970729396192,1.128951356435442,1.1232815301852959,0.4793783622235505,2.4273759713090257,0.34798622211840036
Rajasthan,2012,134784,588118,4.36,,25.70518990995151,32.521488878626954,19.700341337643348,525.69,3165.785,44.19697240821981,2.355629569768337,0.2897970729396192,1.128951356435442,1.1232815301852959,0.4793783622235505,2.4273759713090257,0.34798622211840036
Rajasthan,2012,121786,413835,3.4,,25.70518990995151,32.521488878626954,19.700341337643348,525.69,3165.785,44.19697240821981,2.355629569768337,0.2897970729396192,1.128951356435442,1.1232815301852959,0.4793783622235505,2.4273759713090257,0.34798622211840036
Rajasthan,2012,94731,230363,2.43,,25.70518990995151,32.521488878626954,19.700341337643348,525.69,3165.785,44.19697240821981,2.355629569768337,0.2897970729396192,1.128951356435442,1.1232815301852959,0.4793783622235505,2.4273759713090257,0.34798622211840036
Rajasthan,2012,154109,678060,4.4,,25.70518990995151,32.521488878626954,19.700341337643348,525.69,3165.785,44.19697240821981,2.355629569768337,0.2897970729396192,1.128951356435442,1.1232815301852959,0.4793783622235505,2.4273759713090257,0.34798622211840036
Rajasthan,2012,111860,468988,4.19,,25.70518990995151,32.521488878626954,19.700341337643348,525.69,3165.785,44.19697240821981,2.355629569768337,0.2897970729396192,1.128951356435442,1.1232815301852959,0.4793783622235505,2.4273759713090257,0.34798622211840036
Rajasthan,2012,29668,62135,2.09,,25.70518990995151,32.521488878626954,19.700341337643348,525.69,3165.785,44.19697240821981,2.355629569768337,0.2897970729396192,1.128951356435442,1.1232815301852959,0.4793783622235505,2.4273759713090257,0.34798622211840036
Rajasthan,2012,91312,338857,3.71,,25.70518990995151,32.521488878626954,19.700341337643348,525.69,3165.785,44.19697240821981,2.355629569768337,0.2897970729396192,1.128951356435442,1.1232815301852959,0.4793783622235505,2.4273759713090257,0.34798622211840036
Rajasthan,2012,59520,243792,4.1,,25.70518990995151,32.521488878626954,19.700341337643348,525.69,3165.785,44.19697240821981,2.355629569768337,0.2897970729396192,1.128951356435442,1.1232815301852959,0.4793783622235505,2.4273759713090257,0.34798622211840036
Rajasthan,2012,45749,78533,1.72,,25.70518990995151,32.521488878626954,19.700341337643348,525.69,3165.785,44.19697240821981,2.355629569768337,0.2897970729396192,1.128951356435442,1.1232815301852959,0.4793783622235505,2.4273759713090257,0.34798622211840036
Rajasthan,2012,243122,937270,3.86,,25.70518990995151,32.521488878626954,19.700341337643348,525.69,3165.785,44.19697240821981,2.355629569768337,0.2897970729396192,1.128951356435442,1.1232815301852959,0.4793783622235505,2.4273759713090257,0.34798622211840036
Rajasthan,2012,234125,884340,3.78,,25.70518990995151,32.521488878626954,19.700341337643348,525.69,3165.785,44.19697240821981,2.355629569768337,0.2897970729396192,1.128951356435442,1.1232815301852959,0.4793783622235505,2.4273759713090257,0.34798622211840036
Rajasthan,2012,151092,510277,3.38,,25.70518990995151,32.521488878626954,19.700341337643348,525.69,3165.785,44.19697240821981,2.355629569768337,0.2897970729396192,1.128951356435442,1.1232815301852959,0.4793783622235505,2.4273759713090257,0.34798622211840036
Rajasthan,2012,13424,17467,1.3,,25.70518990995151,32.521488878626954,19.700341337643348,525.69,3165.785,44.19697240821981,2.355629569768337,0.2897970729396192,1.128951356435442,1.1232815301852959,0.4793783622235505,2.4273759713090257,0.34798622211840036
Rajasthan,2012,28379,50464,1.78,,25.70518990995151,32.521488878626954,19.700341337643348,525.69,3165.785,44.19697240821981,2.355629569768337,0.2897970729396192,1.128951356435442,1.1232815301852959,0.4793783622235505,2.4273759713090257,0.34798622211840036
Rajasthan,2012,86055,279018,3.24,,25.70518990995151,32.521488878626954,19.700341337643348,525.69,3165.785,44.19697240821981,2.355629569768337,0.2897970729396192,1.128951356435442,1.1232815301852959,0.4793783622235505,2.4273759713090257,0.34798622211840036
Rajasthan,2012,84439,315480,3.74,,25.70518990995151,32.521488878626954,19.700341337643348,525.69,3165.785,44.19697240821981,2.355629569768337,0.2897970729396192,1.128951356435442,1.1232815301852959,0.4793783622235505,2.4273759713090257,0.34798622211840036
Rajasthan,2012,60974,133164,2.18,,25.70518990995151,32.521488878626954,19.700341337643348,525.69,3165.785,44.19697240821981,2.355629569768337,0.2897970729396192,1.128951356435442,1.1232815301852959,0.4793783622235505,2.4273759713090257,0.34798622211840036
Rajasthan,2013,56000,193073,3.45,,25.591902644602534,32.31066463037426,19.773333977729664,572.02,3199.54,50.0431251933189,2.2046071759975256,0.3126532098311303,1.128951356435442,1.1232815301852959,0.4793783622235505,2.4273759713090257,0.34798622211840036
Rajasthan,2013,208206,825344,3.96,,25.591902644602534,32.31066463037426,19.773333977729664,572.02,3199.54,50.0431251933189,2.2046071759975256,0.3126532098311303,1.128951356435442,1.1232815301852959,0.4793783622235505,2.4273759713090257,0.34798622211840036
Rajasthan,2013,89620,202260,2.26,,25.591902644602534,32.31066463037426,19.773333977729664,572.02,3199.54,50.0431251933189,2.2046071759975256,0.3126532098311303,1.128951356435442,1.1232815301852959,0.4793783622235505,2.4273759713090257,0.34798622211840036
Rajasthan,2013,162852,551485,3.39,,25.591902644602534,32.31066463037426,19.773333977729664,572.02,3199.54,50.0431251933189,2.2046071759975256,0.3126532098311303,1.128951356435442,1.1232815301852959,0.4793783622235505,2.4273759713090257,0.34798622211840036
Rajasthan,2013,14020,20346,1.45,,25.591902644602534,32.31066463037426,19.773333977729664,572.02,3199.54,50.0431251933189,2.2046071759975256,0.3126532098311303,1.128951356435442,1.1232815301852959,0.4793783622235505,2.4273759713090257,0.34798622211840036
Rajasthan,2013,155130,668117,4.31,,25.591902644602534,32.31066463037426,19.773333977729664,572.02,3199.54,50.0431251933189,2.2046071759975256,0.3126532098311303,1.128951356435442,1.1232815301852959,0.4793783622235505,2.4273759713090257,0.34798622211840036
Rajasthan,2013,124466,448391,3.6,,25.591902644602534,32.31066463037426,19.773333977729664,572.02,3199.54,50.0431251933189,2.2046071759975256,0.3126532098311303,1.128951356435442,1.1232815301852959,0.4793783622235505,2.4273759713090257,0.34798622211840036
Rajasthan,2013,116365,287266,2.47,,25.591902644602534,32.31066463037426,19.773333977729664,572.02,3199.54,50.0431251933189,2.2046071759975256,0.3126532098311303,1.128951356435442,1.1232815301852959,0.4793783622235505,2.4273759713090257,0.34798622211840036
Rajasthan,2013,160285,607915,3.79,,25.591902644602534,32.31066463037426,19.773333977729664,572.02,3199.54,50.0431251933189,2.2046071759975256,0.3126532098311303,1.128951356435442,1.1232815301852959,0.4793783622235505,2.4273759713090257,0.34798622211840036
Rajasthan,2013,123946,499258,4.03,,25.591902644602534,32.31066463037426,19.773333977729664,572.02,3199.54,50.0431251933189,2.2046071759975256,0.3126532098311303,1.128951356435442,1.1232815301852959,0.4793783622235505,2.4273759713090257,0.34798622211840036
Rajasthan,2013,33368,69914,2.1,,25.591902644602534,32.31066463037426,19.773333977729664,572.02,3199.54,50.0431251933189,2.2046071759975256,0.3126532098311303,1.128951356435442,1.1232815301852959,0.4793783622235505,2.4273759713090257,0.34798622211840036
Rajasthan,2013,95716,355461,3.71,,25.591902644602534,32.31066463037426,19.773333977729664,572.02,3199.54,50.0431251933189,2.2046071759975256,0.3126532098311303,1.128951356435442,1.1232815301852959,0.4793783622235505,2.4273759713090257,0.34798622211840036
Rajasthan,2013,61419,242823,3.95,,25.591902644602534,32.31066463037426,19.773333977729664,572.02,3199.54,50.0431251933189,2.2046071759975256,0.3126532098311303,1.128951356435442,1.1232815301852959,0.4793783622235505,2.4273759713090257,0.34798622211840036
Rajasthan,2013,47474,90477,1.91,,25.591902644602534,32.31066463037426,19.773333977729664,572.02,3199.54,50.0431251933189,2.2046071759975256,0.3126532098311303,1.128951356435442,1.1232815301852959,0.4793783622235505,2.4273759713090257,0.34798622211840036
Rajasthan,2013,262808,1095610,4.17,,25.591902644602534,32.31066463037426,19.773333977729664,572.02,3199.54,50.0431251933189,2.2046071759975256,0.3126532098311303,1.128951356435442,1.1232815301852959,0.4793783622235505,2.4273759713090257,0.34798622211840036
Rajasthan,2013,247706,885386,3.57,,25.591902644602534,32.31066463037426,19.773333977729664,572.02,3199.54,50.0431251933189,2.2046071759975256,0.3126532098311303,1.128951356435442,1.1232815301852959,0.4793783622235505,2.4273759713090257,0.34798622211840036
Rajasthan,2013,153563,473829,3.09,,25.591902644602534,32.31066463037426,19.773333977729664,572.02,3199.54,50.0431251933189,2.2046071759975256,0.3126532098311303,1.128951356435442,1.1232815301852959,0.4793783622235505,2.4273759713090257,0.34798622211840036
Rajasthan,2013,13709,18128,1.32,,25.591902644602534,32.31066463037426,19.773333977729664,572.02,3199.54,50.0431251933189,2.2046071759975256,0.3126532098311303,1.128951356435442,1.1232815301852959,0.4793783622235505,2.4273759713090257,0.34798622211840036
Rajasthan,2013,35013,77088,2.2,,25.591902644602534,32.31066463037426,19.773333977729664,572.02,3199.54,50.0431251933189,2.2046071759975256,0.3126532098311303,1.128951356435442,1.1232815301852959,0.4793783622235505,2.4273759713090257,0.34798622211840036
Rajasthan,2013,106834,329955,3.09,,25.591902644602534,32.31066463037426,19.773333977729664,572.02,3199.54,50.0431251933189,2.2046071759975256,0.3126532098311303,1.128951356435442,1.1232815301852959,0.4793783622235505,2.4273759713090257,0.34798622211840036
Rajasthan,2013,86716,346467,4.0,,25.591902644602534,32.31066463037426,19.773333977729664,572.02,3199.54,50.0431251933189,2.2046071759975256,0.3126532098311303,1.128951356435442,1.1232815301852959,0.4793783622235505,2.4273759713090257,0.34798622211840036
Rajasthan,2013,67879,152460,2.25,,25.591902644602534,32.31066463037426,19.773333977729664,572.02,3199.54,50.0431251933189,2.2046071759975256,0.3126532098311303,1.128951356435442,1.1232815301852959,0.4793783622235505,2.4273759713090257,0.34798622211840036
Rajasthan,2014,62442,131969,2.11,,26.14554245283019,33.22533405505722,19.935063795236623,423.70000000000005,3233.44,44.65637179090628,2.5353564800494897,0.2977392518332649,1.128951356435442,1.1232815301852959,0.4793783622235505,2.4273759713090257,0.34798622211840036
Rajasthan,2014,219063,757957,3.46,,26.14554245283019,33.22533405505722,19.935063795236623,423.70000000000005,3233.44,44.65637179090628,2.5353564800494897,0.2977392518332649,1.128951356435442,1.1232815301852959,0.4793783622235505,2.4273759713090257,0.34798622211840036
Rajasthan,2014,88181,195462,2.22,,26.14554245283019,33.22533405505722,19.935063795236623,423.70000000000005,3233.44,44.65637179090628,2.5353564800494897,0.2977392518332649,1.128951356435442,1.1232815301852959,0.4793783622235505,2.4273759713090257,0.34798622211840036
Rajasthan,2014,174319,667888,3.83,,26.14554245283019,33.22533405505722,19.935063795236623,423.70000000000005,3233.44,44.65637179090628,2.5353564800494897,0.2977392518332649,1.128951356435442,1.1232815301852959,0.4793783622235505,2.4273759713090257,0.34798622211840036
Rajasthan,2014,13525,14091,1.04,,26.14554245283019,33.22533405505722,19.935063795236623,423.70000000000005,3233.44,44.65637179090628,2.5353564800494897,0.2977392518332649,1.128951356435442,1.1232815301852959,0.4793783622235505,2.4273759713090257,0.34798622211840036
Rajasthan,2014,165751,604169,3.65,,26.14554245283019,33.22533405505722,19.935063795236623,423.70000000000005,3233.44,44.65637179090628,2.5353564800494897,0.2977392518332649,1.128951356435442,1.1232815301852959,0.4793783622235505,2.4273759713090257,0.34798622211840036
Rajasthan,2014,137224,281870,2.05,,26.14554245283019,33.22533405505722,19.935063795236623,423.70000000000005,3233.44,44.65637179090628,2.5353564800494897,0.2977392518332649,1.128951356435442,1.1232815301852959,0.4793783622235505,2.4273759713090257,0.34798622211840036
Rajasthan,2014,120347,242416,2.01,,26.14554245283019,33.22533405505722,19.935063795236623,423.70000000000005,3233.44,44.65637179090628,2.5353564800494897,0.2977392518332649,1.128951356435442,1.1232815301852959,0.4793783622235505,2.4273759713090257,0.34798622211840036
Rajasthan,2014,172991,368763,2.13,,26.14554245283019,33.22533405505722,19.935063795236623,423.70000000000005,3233.44,44.65637179090628,2.5353564800494897,0.2977392518332649,1.128951356435442,1.1232815301852959,0.4793783622235505,2.4273759713090257,0.34798622211840036
Rajasthan,2014,144749,412372,2.85,,26.14554245283019,33.22533405505722,19.935063795236623,423.70000000000005,3233.44,44.65637179090628,2.5353564800494897,0.2977392518332649,1.128951356435442,1.1232815301852959,0.4793783622235505,2.4273759713090257,0.34798622211840036
Rajasthan,2014,32072,51944,1.62,,26.14554245283019,33.22533405505722,19.935063795236623,423.70000000000005,3233.44,44.65637179090628,2.5353564800494897,0.2977392518332649,1.128951356435442,1.1232815301852959,0.4793783622235505,2.4273759713090257,0.34798622211840036
Rajasthan,2014,103644,373078,3.6,,26.14554245283019,33.22533405505722,19.935063795236623,423.70000000000005,3233.44,44.65637179090628,2.5353564800494897,0.2977392518332649,1.128951356435442,1.1232815301852959,0.4793783622235505,2.4273759713090257,0.34798622211840036
Rajasthan,2014,67979,232097,3.41,,26.14554245283019,33.22533405505722,19.935063795236623,423.70000000000005,3233.44,44.65637179090628,2.5353564800494897,0.2977392518332649,1.128951356435442,1.1232815301852959,0.4793783622235505,2.4273759713090257,0.34798622211840036
Rajasthan,2014,46208,86772,1.88,,26.14554245283019,33.22533405505722,19.935063795236623,423.70000000000005,3233.44,44.65637179090628,2.5353564800494897,0.2977392518332649,1.128951356435442,1.1232815301852959,0.4793783622235505,2.4273759713090257,0.34798622211840036
Rajasthan,2014,256659,937036,3.65,,26.14554245283019,33.22533405505722,19.935063795236623,423.70000000000005,3233.44,44.65637179090628,2.5353564800494897,0.2977392518332649,1.128951356435442,1.1232815301852959,0.4793783622235505,2.4273759713090257,0.34798622211840036
Rajasthan,2014,255214,887259,3.48,,26.14554245283019,33.22533405505722,19.935063795236623,423.70000000000005,3233.44,44.65637179090628,2.5353564800494897,0.2977392518332649,1.128951356435442,1.1232815301852959,0.4793783622235505,2.4273759713090257,0.34798622211840036
Rajasthan,2014,157649,502927,3.19,,26.14554245283019,33.22533405505722,19.935063795236623,423.70000000000005,3233.44,44.65637179090628,2.5353564800494897,0.2977392518332649,1.128951356435442,1.1232815301852959,0.4793783622235505,2.4273759713090257,0.34798622211840036
Rajasthan,2014,10318,10022,0.97,,26.14554245283019,33.22533405505722,19.935063795236623,423.70000000000005,3233.44,44.65637179090628,2.5353564800494897,0.2977392518332649,1.128951356435442,1.1232815301852959,0.4793783622235505,2.4273759713090257,0.34798622211840036
Rajasthan,2014,32667,62247,1.91,,26.14554245283019,33.22533405505722,19.935063795236623,423.70000000000005,3233.44,44.65637179090628,2.5353564800494897,0.2977392518332649,1.128951356435442,1.1232815301852959,0.4793783622235505,2.4273759713090257,0.34798622211840036
Rajasthan,2014,112534,352790,3.13,,26.14554245283019,33.22533405505722,19.935063795236623,423.70000000000005,3233.44,44.65637179090628,2.5353564800494897,0.2977392518332649,1.128951356435442,1.1232815301852959,0.4793783622235505,2.4273759713090257,0.34798622211840036
Rajasthan,2014,88802,358018,4.03,,26.14554245283019,33.22533405505722,19.935063795236623,423.70000000000005,3233.44,44.65637179090628,2.5353564800494897,0.2977392518332649,1.128951356435442,1.1232815301852959,0.4793783622235505,2.4273759713090257,0.34798622211840036
Rajasthan,2014,67781,130806,1.93,,26.14554245283019,33.22533405505722,19.935063795236623,423.70000000000005,3233.44,44.65637179090628,2.5353564800494897,0.2977392518332649,1.128951356435442,1.1232815301852959,0.4793783622235505,2.4273759713090257,0.34798622211840036
Rajasthan,2015,42294,116787,2.76,,26.02779345808846,33.22416447571914,19.696763454995363,432.55,3165.815,45.40437751314569,2.3456313795236623,0.3021282107516032,1.128951356435442,1.1232815301852959,0.4793783622235505,2.4273759713090257,0.34798622211840036
Rajasthan,2015,213011,776427,3.65,,26.02779345808846,33.22416447571914,19.696763454995363,432.55,3165.815,45.40437751314569,2.3456313795236623,0.3021282107516032,1.128951356435442,1.1232815301852959,0.4793783622235505,2.4273759713090257,0.34798622211840036
Rajasthan,2015,84533,170917,2.02,,26.02779345808846,33.22416447571914,19.696763454995363,432.55,3165.815,45.40437751314569,2.3456313795236623,0.3021282107516032,1.128951356435442,1.1232815301852959,0.4793783622235505,2.4273759713090257,0.34798622211840036
Rajasthan,2015,159434,670807,4.21,,26.02779345808846,33.22416447571914,19.696763454995363,432.55,3165.815,45.40437751314569,2.3456313795236623,0.3021282107516032,1.128951356435442,1.1232815301852959,0.4793783622235505,2.4273759713090257,0.34798622211840036
Rajasthan,2015,14642,20510,1.4,,26.02779345808846,33.22416447571914,19.696763454995363,432.55,3165.815,45.40437751314569,2.3456313795236623,0.3021282107516032,1.128951356435442,1.1232815301852959,0.4793783622235505,2.4273759713090257,0.34798622211840036
Rajasthan,2015,160073,610124,3.81,,26.02779345808846,33.22416447571914,19.696763454995363,432.55,3165.815,45.40437751314569,2.3456313795236623,0.3021282107516032,1.128951356435442,1.1232815301852959,0.4793783622235505,2.4273759713090257,0.34798622211840036
Rajasthan,2015,89640,274281,3.06,,26.02779345808846,33.22416447571914,19.696763454995363,432.55,3165.815,45.40437751314569,2.3456313795236623,0.3021282107516032,1.128951356435442,1.1232815301852959,0.4793783622235505,2.4273759713090257,0.34798622211840036
Rajasthan,2015,114460,282005,2.46,,26.02779345808846,33.22416447571914,19.696763454995363,432.55,3165.815,45.40437751314569,2.3456313795236623,0.3021282107516032,1.128951356435442,1.1232815301852959,0.4793783622235505,2.4273759713090257,0.34798622211840036
Rajasthan,2015,154914,646200,4.17,,26.02779345808846,33.22416447571914,19.696763454995363,432.55,3165.815,45.40437751314569,2.3456313795236623,0.3021282107516032,1.128951356435442,1.1232815301852959,0.4793783622235505,2.4273759713090257,0.34798622211840036
Rajasthan,2015,128116,446022,3.48,,26.02779345808846,33.22416447571914,19.696763454995363,432.55,3165.815,45.40437751314569,2.3456313795236623,0.3021282107516032,1.128951356435442,1.1232815301852959,0.4793783622235505,2.4273759713090257,0.34798622211840036
Rajasthan,2015,32861,74161,2.26,,26.02779345808846,33.22416447571914,19.696763454995363,432.55,3165.815,45.40437751314569,2.3456313795236623,0.3021282107516032,1.128951356435442,1.1232815301852959,0.4793783622235505,2.4273759713090257,0.34798622211840036
Rajasthan,2015,99613,379886,3.81,,26.02779345808846,33.22416447571914,19.696763454995363,432.55,3165.815,45.40437751314569,2.3456313795236623,0.3021282107516032,1.128951356435442,1.1232815301852959,0.4793783622235505,2.4273759713090257,0.34798622211840036
Rajasthan,2015,64066,218346,3.41,,26.02779345808846,33.22416447571914,19.696763454995363,432.55,3165.815,45.40437751314569,2.3456313795236623,0.3021282107516032,1.128951356435442,1.1232815301852959,0.4793783622235505,2.4273759713090257,0.34798622211840036
Rajasthan,2015,43949,79296,1.8,,26.02779345808846,33.22416447571914,19.696763454995363,432.55,3165.815,45.40437751314569,2.3456313795236623,0.3021282107516032,1.128951356435442,1.1232815301852959,0.4793783622235505,2.4273759713090257,0.34798622211840036
Rajasthan,2015,274584,1037621,3.78,,26.02779345808846,33.22416447571914,19.696763454995363,432.55,3165.815,45.40437751314569,2.3456313795236623,0.3021282107516032,1.128951356435442,1.1232815301852959,0.4793783622235505,2.4273759713090257,0.34798622211840036
Rajasthan,2015,243714,973765,4.0,,26.02779345808846,33.22416447571914,19.696763454995363,432.55,3165.815,45.40437751314569,2.3456313795236623,0.3021282107516032,1.128951356435442,1.1232815301852959,0.4793783622235505,2.4273759713090257,0.34798622211840036
Rajasthan,2015,150350,477120,3.17,,26.02779345808846,33.22416447571914,19.696763454995363,432.55,3165.815,45.40437751314569,2.3456313795236623,0.3021282107516032,1.128951356435442,1.1232815301852959,0.4793783622235505,2.4273759713090257,0.34798622211840036
Rajasthan,2015,12514,17427,1.39,,26.02779345808846,33.22416447571914,19.696763454995363,432.55,3165.815,45.40437751314569,2.3456313795236623,0.3021282107516032,1.128951356435442,1.1232815301852959,0.4793783622235505,2.4273759713090257,0.34798622211840036
Rajasthan,2015,41041,82562,2.01,,26.02779345808846,33.22416447571914,19.696763454995363,432.55,3165.815,45.40437751314569,2.3456313795236623,0.3021282107516032,1.128951356435442,1.1232815301852959,0.4793783622235505,2.4273759713090257,0.34798622211840036
Rajasthan,2015,102108,354563,3.47,,26.02779345808846,33.22416447571914,19.696763454995363,432.55,3165.815,45.40437751314569,2.3456313795236623,0.3021282107516032,1.128951356435442,1.1232815301852959,0.4793783622235505,2.4273759713090257,0.34798622211840036
Rajasthan,2015,88335,311096,3.52,,26.02779345808846,33.22416447571914,19.696763454995363,432.55,3165.815,45.40437751314569,2.3456313795236623,0.3021282107516032,1.128951356435442,1.1232815301852959,0.4793783622235505,2.4273759713090257,0.34798622211840036
Rajasthan,2016,55466,185014,3.34,,26.60371045947818,33.734870892018776,20.446419418148235,503.54,3214.24,45.48507619487417,2.2890079273454935,0.30204276164514143,1.128951356435442,1.1232815301852959,0.4793783622235505,2.4273759713090257,0.34798622211840036
Rajasthan,2016,215678,941457,4.37,,26.60371045947818,33.734870892018776,20.446419418148235,503.54,3214.24,45.48507619487417,2.2890079273454935,0.30204276164514143,1.128951356435442,1.1232815301852959,0.4793783622235505,2.4273759713090257,0.34798622211840036
Rajasthan,2016,82693,168950,2.04,,26.60371045947818,33.734870892018776,20.446419418148235,503.54,3214.24,45.48507619487417,2.2890079273454935,0.30204276164514143,1.128951356435442,1.1232815301852959,0.4793783622235505,2.4273759713090257,0.34798622211840036
Rajasthan,2016,163267,740053,4.53,,26.60371045947818,33.734870892018776,20.446419418148235,503.54,3214.24,45.48507619487417,2.2890079273454935,0.30204276164514143,1.128951356435442,1.1232815301852959,0.4793783622235505,2.4273759713090257,0.34798622211840036
Rajasthan,2016,17612,21638,1.23,,26.60371045947818,33.734870892018776,20.446419418148235,503.54,3214.24,45.48507619487417,2.2890079273454935,0.30204276164514143,1.128951356435442,1.1232815301852959,0.4793783622235505,2.4273759713090257,0.34798622211840036
Rajasthan,2016,160510,713881,4.45,,26.60371045947818,33.734870892018776,20.446419418148235,503.54,3214.24,45.48507619487417,2.2890079273454935,0.30204276164514143,1.128951356435442,1.1232815301852959,0.4793783622235505,2.4273759713090257,0.34798622211840036
Rajasthan,2016,139795,503063,3.6,,26.60371045947818,33.734870892018776,20.446419418148235,503.54,3214.24,45.48507619487417,2.2890079273454935,0.30204276164514143,1.128951356435442,1.1232815301852959,0.4793783622235505,2.4273759713090257,0.34798622211840036
Rajasthan,2016,113183,282654,2.5,,26.60371045947818,33.734870892018776,20.446419418148235,503.54,3214.24,45.48507619487417,2.2890079273454935,0.30204276164514143,1.128951356435442,1.1232815301852959,0.4793783622235505,2.4273759713090257,0.34798622211840036
Rajasthan,2016,162248,705978,4.35,,26.60371045947818,33.734870892018776,20.446419418148235,503.54,3214.24,45.48507619487417,2.2890079273454935,0.30204276164514143,1.128951356435442,1.1232815301852959,0.4793783622235505,2.4273759713090257,0.34798622211840036
Rajasthan,2016,157881,637030,4.03,,26.60371045947818,33.734870892018776,20.446419418148235,503.54,3214.24,45.48507619487417,2.2890079273454935,0.30204276164514143,1.128951356435442,1.1232815301852959,0.4793783622235505,2.4273759713090257,0.34798622211840036
Rajasthan,2016,35143,71736,2.04,,26.60371045947818,33.734870892018776,20.446419418148235,503.54,3214.24,45.48507619487417,2.2890079273454935,0.30204276164514143,1.128951356435442,1.1232815301852959,0.4793783622235505,2.4273759713090257,0.34798622211840036
Rajasthan,2016,102485,418634,4.08,,26.60371045947818,33.734870892018776,20.446419418148235,503.54,3214.24,45.48507619487417,2.2890079273454935,0.30204276164514143,1.128951356435442,1.1232815301852959,0.4793783622235505,2.4273759713090257,0.34798622211840036
Rajasthan,2016,65844,300340,4.56,,26.60371045947818,33.734870892018776,20.446419418148235,503.54,3214.24,45.48507619487417,2.2890079273454935,0.30204276164514143,1.128951356435442,1.1232815301852959,0.4793783622235505,2.4273759713090257,0.34798622211840036
Rajasthan,2016,46988,97791,2.08,,26.60371045947818,33.734870892018776,20.446419418148235,503.54,3214.24,45.48507619487417,2.2890079273454935,0.30204276164514143,1.128951356435442,1.1232815301852959,0.4793783622235505,2.4273759713090257,0.34798622211840036
Rajasthan,2016,248342,984304,3.96,,26.60371045947818,33.734870892018776,20.446419418148235,503.54,3214.24,45.48507619487417,2.2890079273454935,0.30204276164514143,1.128951356435442,1.1232815301852959,0.4793783622235505,2.4273759713090257,0.34798622211840036
Rajasthan,2016,240237,969073,4.03,,26.60371045947818,33.734870892018776,20.446419418148235,503.54,3214.24,45.48507619487417,2.2890079273454935,0.30204276164514143,1.128951356435442,1.1232815301852959,0.4793783622235505,2.4273759713090257,0.34798622211840036
Rajasthan,2016,157232,569358,3.62,,26.60371045947818,33.734870892018776,20.446419418148235,503.54,3214.24,45.48507619487417,2.2890079273454935,0.30204276164514143,1.128951356435442,1.1232815301852959,0.4793783622235505,2.4273759713090257,0.34798622211840036
Rajasthan,2016,9989,13824,1.38,,26.60371045947818,33.734870892018776,20.446419418148235,503.54,3214.24,45.48507619487417,2.2890079273454935,0.30204276164514143,1.128951356435442,1.1232815301852959,0.4793783622235505,2.4273759713090257,0.34798622211840036
Rajasthan,2016,52182,101978,1.95,,26.60371045947818,33.734870892018776,20.446419418148235,503.54,3214.24,45.48507619487417,2.2890079273454935,0.30204276164514143,1.128951356435442,1.1232815301852959,0.4793783622235505,2.4273759713090257,0.34798622211840036
Rajasthan,2016,109041,417546,3.83,,26.60371045947818,33.734870892018776,20.446419418148235,503.54,3214.24,45.48507619487417,2.2890079273454935,0.30204276164514143,1.128951356435442,1.1232815301852959,0.4793783622235505,2.4273759713090257,0.34798622211840036
Rajasthan,2016,86553,350085,4.04,,26.60371045947818,33.734870892018776,20.446419418148235,503.54,3214.24,45.48507619487417,2.2890079273454935,0.30204276164514143,1.128951356435442,1.1232815301852959,0.4793783622235505,2.4273759713090257,0.34798622211840036
Rajasthan,2016,69216,136221,1.97,,26.60371045947818,33.734870892018776,20.446419418148235,503.54,3214.24,45.48507619487417,2.2890079273454935,0.30204276164514143,1.128951356435442,1.1232815301852959,0.4793783622235505,2.4273759713090257,0.34798622211840036
Rajasthan,2017,40328,128011,3.17,,26.285088540055675,33.511450278379215,20.087605938756575,389.32,3157.21,44.02686514073616,2.333336297556449,0.3088881773194786,1.128951356435442,1.1232815301852959,0.4793783622235505,2.4273759713090257,0.34798622211840036
Rajasthan,2017,203829,875183,4.29,,26.285088540055675,33.511450278379215,20.087605938756575,389.32,3157.21,44.02686514073616,2.333336297556449,0.3088881773194786,1.128951356435442,1.1232815301852959,0.4793783622235505,2.4273759713090257,0.34798622211840036
Rajasthan,2017,87368,205912,2.36,,26.285088540055675,33.511450278379215,20.087605938756575,389.32,3157.21,44.02686514073616,2.333336297556449,0.3088881773194786,1.128951356435442,1.1232815301852959,0.4793783622235505,2.4273759713090257,0.34798622211840036
Rajasthan,2017,115747,535052,4.62,,26.285088540055675,33.511450278379215,20.087605938756575,389.32,3157.21,44.02686514073616,2.333336297556449,0.3088881773194786,1.128951356435442,1.1232815301852959,0.4793783622235505,2.4273759713090257,0.34798622211840036
Rajasthan,2017,14541,21974,1.51,,26.285088540055675,33.511450278379215,20.087605938756575,389.32,3157.21,44.02686514073616,2.333336297556449,0.3088881773194786,1.128951356435442,1.1232815301852959,0.4793783622235505,2.4273759713090257,0.34798622211840036
Rajasthan,2017,156374,661118,4.23,,26.285088540055675,33.511450278379215,20.087605938756575,389.32,3157.21,44.02686514073616,2.333336297556449,0.3088881773194786,1.128951356435442,1.1232815301852959,0.4793783622235505,2.4273759713090257,0.34798622211840036
Rajasthan,2017,102802,341133,3.32,,26.285088540055675,33.511450278379215,20.087605938756575,389.32,3157.21,44.02686514073616,2.333336297556449,0.3088881773194786,1.128951356435442,1.1232815301852959,0.4793783622235505,2.4273759713090257,0.34798622211840036
Rajasthan,2017,108299,271413,2.51,,26.285088540055675,33.511450278379215,20.087605938756575,389.32,3157.21,44.02686514073616,2.333336297556449,0.3088881773194786,1.128951356435442,1.1232815301852959,0.4793783622235505,2.4273759713090257,0.34798622211840036
Rajasthan,2017,146747,605429,4.13,,26.285088540055675,33.511450278379215,20.087605938756575,389.32,3157.21,44.02686514073616,2.333336297556449,0.3088881773194786,1.128951356435442,1.1232815301852959,0.4793783622235505,2.4273759713090257,0.34798622211840036
Rajasthan,2017,153587,625979,4.08,,26.285088540055675,33.511450278379215,20.087605938756575,389.32,3157.21,44.02686514073616,2.333336297556449,0.3088881773194786,1.128951356435442,1.1232815301852959,0.4793783622235505,2.4273759713090257,0.34798622211840036
Rajasthan,2017,33489,73283,2.19,,26.285088540055675,33.511450278379215,20.087605938756575,389.32,3157.21,44.02686514073616,2.333336297556449,0.3088881773194786,1.128951356435442,1.1232815301852959,0.4793783622235505,2.4273759713090257,0.34798622211840036
Rajasthan,2017,90546,390089,4.31,,26.285088540055675,33.511450278379215,20.087605938756575,389.32,3157.21,44.02686514073616,2.333336297556449,0.3088881773194786,1.128951356435442,1.1232815301852959,0.4793783622235505,2.4273759713090257,0.34798622211840036
Rajasthan,2017,61287,262663,4.29,,26.285088540055675,33.511450278379215,20.087605938756575,389.32,3157.21,44.02686514073616,2.333336297556449,0.3088881773194786,1.128951356435442,1.1232815301852959,0.4793783622235505,2.4273759713090257,0.34798622211840036
Rajasthan,2017,47729,110597,2.32,,26.285088540055675,33.511450278379215,20.087605938756575,389.32,3157.21,44.02686514073616,2.333336297556449,0.3088881773194786,1.128951356435442,1.1232815301852959,0.4793783622235505,2.4273759713090257,0.34798622211840036
Rajasthan,2017,262110,1059309,4.04,,26.285088540055675,33.511450278379215,20.087605938756575,389.32,3157.21,44.02686514073616,2.333336297556449,0.3088881773194786,1.128951356435442,1.1232815301852959,0.4793783622235505,2.4273759713090257,0.34798622211840036
Rajasthan,2017,244534,1079259,4.41,,26.285088540055675,33.511450278379215,20.087605938756575,389.32,3157.21,44.02686514073616,2.333336297556449,0.3088881773194786,1.128951356435442,1.1232815301852959,0.4793783622235505,2.4273759713090257,0.34798622211840036
Rajasthan,2017,140904,512683,3.64,,26.285088540055675,33.511450278379215,20.087605938756575,389.32,3157.21,44.02686514073616,2.333336297556449,0.3088881773194786,1.128951356435442,1.1232815301852959,0.4793783622235505,2.4273759713090257,0.34798622211840036
Rajasthan,2017,8983,16116,1.79,,26.285088540055675,33.511450278379215,20.087605938756575,389.32,3157.21,44.02686514073616,2.333336297556449,0.3088881773194786,1.128951356435442,1.1232815301852959,0.4793783622235505,2.4273759713090257,0.34798622211840036
Rajasthan,2017,46938,100703,2.15,,26.285088540055675,33.511450278379215,20.087605938756575,389.32,3157.21,44.02686514073616,2.333336297556449,0.3088881773194786,1.128951356435442,1.1232815301852959,0.4793783622235505,2.4273759713090257,0.34798622211840036
Rajasthan,2017,102202,413256,4.04,,26.285088540055675,33.511450278379215,20.087605938756575,389.32,3157.21,44.02686514073616,2.333336297556449,0.3088881773194786,1.128951356435442,1.1232815301852959,0.4793783622235505,2.4273759713090257,0.34798622211840036
Rajasthan,2017,85956,340008,3.96,,26.285088540055675,33.511450278379215,20.087605938756575,389.32,3157.21,44.02686514073616,2.333336297556449,0.3088881773194786,1.128951356435442,1.1232815301852959,0.4793783622235505,2.4273759713090257,0.34798622211840036
Rajasthan,2017,77939,180677,2.32,,26.285088540055675,33.511450278379215,20.087605938756575,389.32,3157.21,44.02686514073616,2.333336297556449,0.3088881773194786,1.128951356435442,1.1232815301852959,0.4793783622235505,2.4273759713090257,0.34798622211840036
Rajasthan,2018,34787,120782,3.47,,26.432992963192085,33.62548445716053,20.221693086916176,392.46999999999997,3101.7200000000003,42.232131534178784,2.4180764769563874,0.29323183197849656,1.128951356435442,1.1232815301852959,0.4793783622235505,2.4273759713090257,0.34798622211840036
Rajasthan,2018,192419,883624,4.59,,26.432992963192085,33.62548445716053,20.221693086916176,392.46999999999997,3101.7200000000003,42.232131534178784,2.4180764769563874,0.29323183197849656,1.128951356435442,1.1232815301852959,0.4793783622235505,2.4273759713090257,0.34798622211840036
Rajasthan,2018,101344,259066,2.56,,26.432992963192085,33.62548445716053,20.221693086916176,392.46999999999997,3101.7200000000003,42.232131534178784,2.4180764769563874,0.29323183197849656,1.128951356435442,1.1232815301852959,0.4793783622235505,2.4273759713090257,0.34798622211840036
Rajasthan,2018,145939,724978,4.97,,26.432992963192085,33.62548445716053,20.221693086916176,392.46999999999997,3101.7200000000003,42.232131534178784,2.4180764769563874,0.29323183197849656,1.128951356435442,1.1232815301852959,0.4793783622235505,2.4273759713090257,0.34798622211840036
Rajasthan,2018,16188,27939,1.73,,26.432992963192085,33.62548445716053,20.221693086916176,392.46999999999997,3101.7200000000003,42.232131534178784,2.4180764769563874,0.29323183197849656,1.128951356435442,1.1232815301852959,0.4793783622235505,2.4273759713090257,0.34798622211840036
Rajasthan,2018,142726,675635,4.73,,26.432992963192085,33.62548445716053,20.221693086916176,392.46999999999997,3101.7200000000003,42.232131534178784,2.4180764769563874,0.29323183197849656,1.128951356435442,1.1232815301852959,0.4793783622235505,2.4273759713090257,0.34798622211840036
Rajasthan,2018,91237,340531,3.73,,26.432992963192085,33.62548445716053,20.221693086916176,392.46999999999997,3101.7200000000003,42.232131534178784,2.4180764769563874,0.29323183197849656,1.128951356435442,1.1232815301852959,0.4793783622235505,2.4273759713090257,0.34798622211840036
Rajasthan,2018,105603,287989,2.73,,26.432992963192085,33.62548445716053,20.221693086916176,392.46999999999997,3101.7200000000003,42.232131534178784,2.4180764769563874,0.29323183197849656,1.128951356435442,1.1232815301852959,0.4793783622235505,2.4273759713090257,0.34798622211840036
Rajasthan,2018,147557,658540,4.46,,26.432992963192085,33.62548445716053,20.221693086916176,392.46999999999997,3101.7200000000003,42.232131534178784,2.4180764769563874,0.29323183197849656,1.128951356435442,1.1232815301852959,0.4793783622235505,2.4273759713090257,0.34798622211840036
Rajasthan,2018,136383,596674,4.37,,26.432992963192085,33.62548445716053,20.221693086916176,392.46999999999997,3101.7200000000003,42.232131534178784,2.4180764769563874,0.29323183197849656,1.128951356435442,1.1232815301852959,0.4793783622235505,2.4273759713090257,0.34798622211840036
Rajasthan,2018,33554,77768,2.32,,26.432992963192085,33.62548445716053,20.221693086916176,392.46999999999997,3101.7200000000003,42.232131534178784,2.4180764769563874,0.29323183197849656,1.128951356435442,1.1232815301852959,0.4793783622235505,2.4273759713090257,0.34798622211840036
Rajasthan,2018,85773,371052,4.33,,26.432992963192085,33.62548445716053,20.221693086916176,392.46999999999997,3101.7200000000003,42.232131534178784,2.4180764769563874,0.29323183197849656,1.128951356435442,1.1232815301852959,0.4793783622235505,2.4273759713090257,0.34798622211840036
Rajasthan,2018,61259,271830,4.44,,26.432992963192085,33.62548445716053,20.221693086916176,392.46999999999997,3101.7200000000003,42.232131534178784,2.4180764769563874,0.29323183197849656,1.128951356435442,1.1232815301852959,0.4793783622235505,2.4273759713090257,0.34798622211840036
Rajasthan,2018,47295,101283,2.14,,26.432992963192085,33.62548445716053,20.221693086916176,392.46999999999997,3101.7200000000003,42.232131534178784,2.4180764769563874,0.29323183197849656,1.128951356435442,1.1232815301852959,0.4793783622235505,2.4273759713090257,0.34798622211840036
Rajasthan,2018,261633,1094919,4.18,,26.432992963192085,33.62548445716053,20.221693086916176,392.46999999999997,3101.7200000000003,42.232131534178784,2.4180764769563874,0.29323183197849656,1.128951356435442,1.1232815301852959,0.4793783622235505,2.4273759713090257,0.34798622211840036
Rajasthan,2018,245123,1195063,4.88,,26.432992963192085,33.62548445716053,20.221693086916176,392.46999999999997,3101.7200000000003,42.232131534178784,2.4180764769563874,0.29323183197849656,1.128951356435442,1.1232815301852959,0.4793783622235505,2.4273759713090257,0.34798622211840036
Rajasthan,2018,139519,530407,3.8,,26.432992963192085,33.62548445716053,20.221693086916176,392.46999999999997,3101.7200000000003,42.232131534178784,2.4180764769563874,0.29323183197849656,1.128951356435442,1.1232815301852959,0.4793783622235505,2.4273759713090257,0.34798622211840036
Rajasthan,2018,7882,14209,1.8,,26.432992963192085,33.62548445716053,20.221693086916176,392.46999999999997,3101.7200000000003,42.232131534178784,2.4180764769563874,0.29323183197849656,1.128951356435442,1.1232815301852959,0.4793783622235505,2.4273759713090257,0.34798622211840036
Rajasthan,2018,42824,101948,2.38,,26.432992963192085,33.62548445716053,20.221693086916176,392.46999999999997,3101.7200000000003,42.232131534178784,2.4180764769563874,0.29323183197849656,1.128951356435442,1.1232815301852959,0.4793783622235505,2.4273759713090257,0.34798622211840036
Rajasthan,2018,105638,426073,4.03,,26.432992963192085,33.62548445716053,20.221693086916176,392.46999999999997,3101.7200000000003,42.232131534178784,2.4180764769563874,0.29323183197849656,1.128951356435442,1.1232815301852959,0.4793783622235505,2.4273759713090257,0.34798622211840036
Rajasthan,2018,77477,323290,4.17,,26.432992963192085,33.62548445716053,20.221693086916176,392.46999999999997,3101.7200000000003,42.232131534178784,2.4180764769563874,0.29323183197849656,1.128951356435442,1.1232815301852959,0.4793783622235505,2.4273759713090257,0.34798622211840036
Rajasthan,2018,66071,150969,2.28,,26.432992963192085,33.62548445716053,20.221693086916176,392.46999999999997,3101.7200000000003,42.232131534178784,2.4180764769563874,0.29323183197849656,1.128951356435442,1.1232815301852959,0.4793783622235505,2.4273759713090257,0.34798622211840036
Rajasthan,2019,76722,274738,3.58,,25.992749381379525,32.349364367460566,20.37407632230127,636.34,3021.335,51.66655621713579,2.1719146303742654,0.318588942119894,1.128951356435442,1.1232815301852959,0.4793783622235505,2.4273759713090257,0.34798622211840036
Rajasthan,2019,182010,797360,4.38,,25.992749381379525,32.349364367460566,20.37407632230127,636.34,3021.335,51.66655621713579,2.1719146303742654,0.318588942119894,1.128951356435442,1.1232815301852959,0.4793783622235505,2.4273759713090257,0.34798622211840036
Rajasthan,2019,110182,291466,2.65,,25.992749381379525,32.349364367460566,20.37407632230127,636.34,3021.335,51.66655621713579,2.1719146303742654,0.318588942119894,1.128951356435442,1.1232815301852959,0.4793783622235505,2.4273759713090257,0.34798622211840036
Rajasthan,2019,181699,883589,4.86,,25.992749381379525,32.349364367460566,20.37407632230127,636.34,3021.335,51.66655621713579,2.1719146303742654,0.318588942119894,1.128951356435442,1.1232815301852959,0.4793783622235505,2.4273759713090257,0.34798622211840036
Rajasthan,2019,17323,31228,1.8,,25.992749381379525,32.349364367460566,20.37407632230127,636.34,3021.335,51.66655621713579,2.1719146303742654,0.318588942119894,1.128951356435442,1.1232815301852959,0.4793783622235505,2.4273759713090257,0.34798622211840036
Rajasthan,2019,123361,528584,4.28,,25.992749381379525,32.349364367460566,20.37407632230127,636.34,3021.335,51.66655621713579,2.1719146303742654,0.318588942119894,1.128951356435442,1.1232815301852959,0.4793783622235505,2.4273759713090257,0.34798622211840036
Rajasthan,2019,146052,597234,4.09,,25.992749381379525,32.349364367460566,20.37407632230127,636.34,3021.335,51.66655621713579,2.1719146303742654,0.318588942119894,1.128951356435442,1.1232815301852959,0.4793783622235505,2.4273759713090257,0.34798622211840036
Rajasthan,2019,124394,355090,2.85,,25.992749381379525,32.349364367460566,20.37407632230127,636.34,3021.335,51.66655621713579,2.1719146303742654,0.318588942119894,1.128951356435442,1.1232815301852959,0.4793783622235505,2.4273759713090257,0.34798622211840036
Rajasthan,2019,174545,823931,4.72,,25.992749381379525,32.349364367460566,20.37407632230127,636.34,3021.335,51.66655621713579,2.1719146303742654,0.318588942119894,1.128951356435442,1.1232815301852959,0.4793783622235505,2.4273759713090257,0.34798622211840036
Rajasthan,2019,182665,854175,4.68,,25.992749381379525,32.349364367460566,20.37407632230127,636.34,3021.335,51.66655621713579,2.1719146303742654,0.318588942119894,1.128951356435442,1.1232815301852959,0.4793783622235505,2.4273759713090257,0.34798622211840036
Rajasthan,2019,42456,92912,2.19,,25.992749381379525,32.349364367460566,20.37407632230127,636.34,3021.335,51.66655621713579,2.1719146303742654,0.318588942119894,1.128951356435442,1.1232815301852959,0.4793783622235505,2.4273759713090257,0.34798622211840036
Rajasthan,2019,84836,334490,3.94,,25.992749381379525,32.349364367460566,20.37407632230127,636.34,3021.335,51.66655621713579,2.1719146303742654,0.318588942119894,1.128951356435442,1.1232815301852959,0.4793783622235505,2.4273759713090257,0.34798622211840036
Rajasthan,2019,60729,269776,4.44,,25.992749381379525,32.349364367460566,20.37407632230127,636.34,3021.335,51.66655621713579,2.1719146303742654,0.318588942119894,1.128951356435442,1.1232815301852959,0.4793783622235505,2.4273759713090257,0.34798622211840036
Rajasthan,2019,61184,145496,2.38,,25.992749381379525,32.349364367460566,20.37407632230127,636.34,3021.335,51.66655621713579,2.1719146303742654,0.318588942119894,1.128951356435442,1.1232815301852959,0.4793783622235505,2.4273759713090257,0.34798622211840036
Rajasthan,2019,285384,1329576,4.66,,25.992749381379525,32.349364367460566,20.37407632230127,636.34,3021.335,51.66655621713579,2.1719146303742654,0.318588942119894,1.128951356435442,1.1232815301852959,0.4793783622235505,2.4273759713090257,0.34798622211840036
Rajasthan,2019,263748,1233787,4.68,,25.992749381379525,32.349364367460566,20.37407632230127,636.34,3021.335,51.66655621713579,2.1719146303742654,0.318588942119894,1.128951356435442,1.1232815301852959,0.4793783622235505,2.4273759713090257,0.34798622211840036
Rajasthan,2019,144542,561003,3.88,,25.992749381379525,32.349364367460566,20.37407632230127,636.34,3021.335,51.66655621713579,2.1719146303742654,0.318588942119894,1.128951356435442,1.1232815301852959,0.4793783622235505,2.4273759713090257,0.34798622211840036
Rajasthan,2019,9466,14697,1.55,,25.992749381379525,32.349364367460566,20.37407632230127,636.34,3021.335,51.66655621713579,2.1719146303742654,0.318588942119894,1.128951356435442,1.1232815301852959,0.4793783622235505,2.4273759713090257,0.34798622211840036
Rajasthan,2019,52807,117562,2.23,,25.992749381379525,32.349364367460566,20.37407632230127,636.34,3021.335,51.66655621713579,2.1719146303742654,0.318588942119894,1.128951356435442,1.1232815301852959,0.4793783622235505,2.4273759713090257,0.34798622211840036
Rajasthan,2019,156254,652482,4.18,,25.992749381379525,32.349364367460566,20.37407632230127,636.34,3021.335,51.66655621713579,2.1719146303742654,0.318588942119894,1.128951356435442,1.1232815301852959,0.4793783622235505,2.4273759713090257,0.34798622211840036
Rajasthan,2019,74982,305253,4.07,,25.992749381379525,32.349364367460566,20.37407632230127,636.34,3021.335,51.66655621713579,2.1719146303742654,0.318588942119894,1.128951356435442,1.1232815301852959,0.4793783622235505,2.4273759713090257,0.34798622211840036
Rajasthan,2019,63675,149730,2.35,,25.992749381379525,32.349364367460566,20.37407632230127,636.34,3021.335,51.66655621713579,2.1719146303742654,0.318588942119894,1.128951356435442,1.1232815301852959,0.4793783622235505,2.4273759713090257,0.34798622211840036
Rajasthan,2020,49918,174907,3.5,,26.222323558839374,33.12829600554144,20.133137266220274,424.16,3082.9300000000003,48.59421919495113,2.1833291002847686,0.3237398952193903,1.128951356435442,1.1232815301852959,0.4793783622235505,2.4273759713090257,0.34798622211840036
Rajasthan,2020,201390,977129,4.85,,26.222323558839374,33.12829600554144,20.133137266220274,424.16,3082.9300000000003,48.59421919495113,2.1833291002847686,0.3237398952193903,1.128951356435442,1.1232815301852959,0.4793783622235505,2.4273759713090257,0.34798622211840036
Rajasthan,2020,111783,296882,2.66,,26.222323558839374,33.12829600554144,20.133137266220274,424.16,3082.9300000000003,48.59421919495113,2.1833291002847686,0.3237398952193903,1.128951356435442,1.1232815301852959,0.4793783622235505,2.4273759713090257,0.34798622211840036
Rajasthan,2020,153218,686769,4.48,,26.222323558839374,33.12829600554144,20.133137266220274,424.16,3082.9300000000003,48.59421919495113,2.1833291002847686,0.3237398952193903,1.128951356435442,1.1232815301852959,0.4793783622235505,2.4273759713090257,0.34798622211840036
Rajasthan,2020,14237,22538,1.58,,26.222323558839374,33.12829600554144,20.133137266220274,424.16,3082.9300000000003,48.59421919495113,2.1833291002847686,0.3237398952193903,1.128951356435442,1.1232815301852959,0.4793783622235505,2.4273759713090257,0.34798622211840036
Rajasthan,2020,134130,631782,4.71,,26.222323558839374,33.12829600554144,20.133137266220274,424.16,3082.9300000000003,48.59421919495113,2.1833291002847686,0.3237398952193903,1.128951356435442,1.1232815301852959,0.4793783622235505,2.4273759713090257,0.34798622211840036
Rajasthan,2020,127868,529587,4.14,,26.222323558839374,33.12829600554144,20.133137266220274,424.16,3082.9300000000003,48.59421919495113,2.1833291002847686,0.3237398952193903,1.128951356435442,1.1232815301852959,0.4793783622235505,2.4273759713090257,0.34798622211840036
Rajasthan,2020,114379,292603,2.56,,26.222323558839374,33.12829600554144,20.133137266220274,424.16,3082.9300000000003,48.59421919495113,2.1833291002847686,0.3237398952193903,1.128951356435442,1.1232815301852959,0.4793783622235505,2.4273759713090257,0.34798622211840036
Rajasthan,2020,157202,731862,4.66,,26.222323558839374,33.12829600554144,20.133137266220274,424.16,3082.9300000000003,48.59421919495113,2.1833291002847686,0.3237398952193903,1.128951356435442,1.1232815301852959,0.4793783622235505,2.4273759713090257,0.34798622211840036
Rajasthan,2020,148391,657947,4.43,,26.222323558839374,33.12829600554144,20.133137266220274,424.16,3082.9300000000003,48.59421919495113,2.1833291002847686,0.3237398952193903,1.128951356435442,1.1232815301852959,0.4793783622235505,2.4273759713090257,0.34798622211840036
Rajasthan,2020,37809,80490,2.13,,26.222323558839374,33.12829600554144,20.133137266220274,424.16,3082.9300000000003,48.59421919495113,2.1833291002847686,0.3237398952193903,1.128951356435442,1.1232815301852959,0.4793783622235505,2.4273759713090257,0.34798622211840036
Rajasthan,2020,92650,401721,4.34,,26.222323558839374,33.12829600554144,20.133137266220274,424.16,3082.9300000000003,48.59421919495113,2.1833291002847686,0.3237398952193903,1.128951356435442,1.1232815301852959,0.4793783622235505,2.4273759713090257,0.34798622211840036
Rajasthan,2020,57673,265871,4.61,,26.222323558839374,33.12829600554144,20.133137266220274,424.16,3082.9300000000003,48.59421919495113,2.1833291002847686,0.3237398952193903,1.128951356435442,1.1232815301852959,0.4793783622235505,2.4273759713090257,0.34798622211840036
Rajasthan,2020,57948,131088,2.26,,26.222323558839374,33.12829600554144,20.133137266220274,424.16,3082.9300000000003,48.59421919495113,2.1833291002847686,0.3237398952193903,1.128951356435442,1.1232815301852959,0.4793783622235505,2.4273759713090257,0.34798622211840036
Rajasthan,2020,265812,1167584,4.39,,26.222323558839374,33.12829600554144,20.133137266220274,424.16,3082.9300000000003,48.59421919495113,2.1833291002847686,0.3237398952193903,1.128951356435442,1.1232815301852959,0.4793783622235505,2.4273759713090257,0.34798622211840036
Rajasthan,2020,247470,1065445,4.31,,26.222323558839374,33.12829600554144,20.133137266220274,424.16,3082.9300000000003,48.59421919495113,2.1833291002847686,0.3237398952193903,1.128951356435442,1.1232815301852959,0.4793783622235505,2.4273759713090257,0.34798622211840036
Rajasthan,2020,145817,559695,3.84,,26.222323558839374,33.12829600554144,20.133137266220274,424.16,3082.9300000000003,48.59421919495113,2.1833291002847686,0.3237398952193903,1.128951356435442,1.1232815301852959,0.4793783622235505,2.4273759713090257,0.34798622211840036
Rajasthan,2020,7859,7521,0.96,,26.222323558839374,33.12829600554144,20.133137266220274,424.16,3082.9300000000003,48.59421919495113,2.1833291002847686,0.3237398952193903,1.128951356435442,1.1232815301852959,0.4793783622235505,2.4273759713090257,0.34798622211840036
Rajasthan,2020,47158,110312,2.34,,26.222323558839374,33.12829600554144,20.133137266220274,424.16,3082.9300000000003,48.59421919495113,2.1833291002847686,0.3237398952193903,1.128951356435442,1.1232815301852959,0.4793783622235505,2.4273759713090257,0.34798622211840036
Rajasthan,2020,120032,513457,4.28,,26.222323558839374,33.12829600554144,20.133137266220274,424.16,3082.9300000000003,48.59421919495113,2.1833291002847686,0.3237398952193903,1.128951356435442,1.1232815301852959,0.4793783622235505,2.4273759713090257,0.34798622211840036
Rajasthan,2020,74756,284517,3.81,,26.222323558839374,33.12829600554144,20.133137266220274,424.16,3082.9300000000003,48.59421919495113,2.1833291002847686,0.3237398952193903,1.128951356435442,1.1232815301852959,0.4793783622235505,2.4273759713090257,0.34798622211840036
Rajasthan,2020,75032,203217,2.71,,26.222323558839374,33.12829600554144,20.133137266220274,424.16,3082.9300000000003,48.59421919495113,2.1833291002847686,0.3237398952193903,1.128951356435442,1.1232815301852959,0.4793783622235505,2.4273759713090257,0.34798622211840036
Rajasthan,2021,46763,155101,3.32,,26.688196721311478,33.45014460253634,20.81950703680792,481.18999999999994,3072.225,48.70810122177544,2.387363516857408,0.3199669428702627,1.128951356435442,1.1232815301852959,0.4793783622235505,2.4273759713090257,0.34798622211840036
Rajasthan,2021,144470,699995,4.85,,26.688196721311478,33.45014460253634,20.81950703680792,481.18999999999994,3072.225,48.70810122177544,2.387363516857408,0.3199669428702627,1.128951356435442,1.1232815301852959,0.4793783622235505,2.4273759713090257,0.34798622211840036
Rajasthan,2021,124214,326052,2.62,,26.688196721311478,33.45014460253634,20.81950703680792,481.18999999999994,3072.225,48.70810122177544,2.387363516857408,0.3199669428702627,1.128951356435442,1.1232815301852959,0.4793783622235505,2.4273759713090257,0.34798622211840036
Rajasthan,2021,124484,591306,4.75,,26.688196721311478,33.45014460253634,20.81950703680792,481.18999999999994,3072.225,48.70810122177544,2.387363516857408,0.3199669428702627,1.128951356435442,1.1232815301852959,0.4793783622235505,2.4273759713090257,0.34798622211840036
Rajasthan,2021,11610,17766,1.53,,26.688196721311478,33.45014460253634,20.81950703680792,481.18999999999994,3072.225,48.70810122177544,2.387363516857408,0.3199669428702627,1.128951356435442,1.1232815301852959,0.4793783622235505,2.4273759713090257,0.34798622211840036
Rajasthan,2021,90585,418130,4.62,,26.688196721311478,33.45014460253634,20.81950703680792,481.18999999999994,3072.225,48.70810122177544,2.387363516857408,0.3199669428702627,1.128951356435442,1.1232815301852959,0.4793783622235505,2.4273759713090257,0.34798622211840036
Rajasthan,2021,123985,491265,3.96,,26.688196721311478,33.45014460253634,20.81950703680792,481.18999999999994,3072.225,48.70810122177544,2.387363516857408,0.3199669428702627,1.128951356435442,1.1232815301852959,0.4793783622235505,2.4273759713090257,0.34798622211840036
Rajasthan,2021,103903,280645,2.7,,26.688196721311478,33.45014460253634,20.81950703680792,481.18999999999994,3072.225,48.70810122177544,2.387363516857408,0.3199669428702627,1.128951356435442,1.1232815301852959,0.4793783622235505,2.4273759713090257,0.34798622211840036
Rajasthan,2021,149985,694044,4.63,,26.688196721311478,33.45014460253634,20.81950703680792,481.18999999999994,3072.225,48.70810122177544,2.387363516857408,0.3199669428702627,1.128951356435442,1.1232815301852959,0.4793783622235505,2.4273759713090257,0.34798622211840036
Rajasthan,2021,137587,632656,4.6,,26.688196721311478,33.45014460253634,20.81950703680792,481.18999999999994,3072.225,48.70810122177544,2.387363516857408,0.3199669428702627,1.128951356435442,1.1232815301852959,0.4793783622235505,2.4273759713090257,0.34798622211840036
Rajasthan,2021,36656,92175,2.51,,26.688196721311478,33.45014460253634,20.81950703680792,481.18999999999994,3072.225,48.70810122177544,2.387363516857408,0.3199669428702627,1.128951356435442,1.1232815301852959,0.4793783622235505,2.4273759713090257,0.34798622211840036
Rajasthan,2021,68201,310543,4.55,,26.688196721311478,33.45014460253634,20.81950703680792,481.18999999999994,3072.225,48.70810122177544,2.387363516857408,0.3199669428702627,1.128951356435442,1.1232815301852959,0.4793783622235505,2.4273759713090257,0.34798622211840036
Rajasthan,2021,42664,201978,4.73,,26.688196721311478,33.45014460253634,20.81950703680792,481.18999999999994,3072.225,48.70810122177544,2.387363516857408,0.3199669428702627,1.128951356435442,1.1232815301852959,0.4793783622235505,2.4273759713090257,0.34798622211840036
Rajasthan,2021,66396,151554,2.28,,26.688196721311478,33.45014460253634,20.81950703680792,481.18999999999994,3072.225,48.70810122177544,2.387363516857408,0.3199669428702627,1.128951356435442,1.1232815301852959,0.4793783622235505,2.4273759713090257,0.34798622211840036
Rajasthan,2021,199197,859345,4.31,,26.688196721311478,33.45014460253634,20.81950703680792,481.18999999999994,3072.225,48.70810122177544,2.387363516857408,0.3199669428702627,1.128951356435442,1.1232815301852959,0.4793783622235505,2.4273759713090257,0.34798622211840036
Rajasthan,2021,205773,854844,4.15,,26.688196721311478,33.45014460253634,20.81950703680792,481.18999999999994,3072.225,48.70810122177544,2.387363516857408,0.3199669428702627,1.128951356435442,1.1232815301852959,0.4793783622235505,2.4273759713090257,0.34798622211840036
Rajasthan,2021,136277,529647,3.89,,26.688196721311478,33.45014460253634,20.81950703680792,481.18999999999994,3072.225,48.70810122177544,2.387363516857408,0.3199669428702627,1.128951356435442,1.1232815301852959,0.4793783622235505,2.4273759713090257,0.34798622211840036
Rajasthan,2021,7574,11002,1.45,,26.688196721311478,33.45014460253634,20.81950703680792,481.18999999999994,3072.225,48.70810122177544,2.387363516857408,0.3199669428702627,1.128951356435442,1.1232815301852959,0.4793783622235505,2.4273759713090257,0.34798622211840036
Rajasthan,2021,34484,83615,2.42,,26.688196721311478,33.45014460253634,20.81950703680792,481.18999999999994,3072.225,48.70810122177544,2.387363516857408,0.3199669428702627,1.128951356435442,1.1232815301852959,0.4793783622235505,2.4273759713090257,0.34798622211840036
Rajasthan,2021,137321,602774,4.39,,26.688196721311478,33.45014460253634,20.81950703680792,481.18999999999994,3072.225,48.70810122177544,2.387363516857408,0.3199669428702627,1.128951356435442,1.1232815301852959,0.4793783622235505,2.4273759713090257,0.34798622211840036
Rajasthan,2021,74091,289537,3.91,,26.688196721311478,33.45014460253634,20.81950703680792,481.18999999999994,3072.225,48.70810122177544,2.387363516857408,0.3199669428702627,1.128951356435442,1.1232815301852959,0.4793783622235505,2.4273759713090257,0.34798622211840036
Rajasthan,2021,83065,204936,2.47,,26.688196721311478,33.45014460253634,20.81950703680792,481.18999999999994,3072.225,48.70810122177544,2.387363516857408,0.3199669428702627,1.128951356435442,1.1232815301852959,0.4793783622235505,2.4273759713090257,0.34798622211840036
Rajasthan,2022,51606,167178,3.24,,26.208642514692237,32.93899319517476,20.40221002165172,637.87,3111.15,52.289825626353235,2.294457933807609,0.3410922715370662,1.128951356435442,1.1232815301852959,0.4793783622235505,2.4273759713090257,0.34798622211840036
Rajasthan,2022,144670,644161,4.45,,26.208642514692237,32.93899319517476,20.40221002165172,637.87,3111.15,52.289825626353235,2.294457933807609,0.3410922715370662,1.128951356435442,1.1232815301852959,0.4793783622235505,2.4273759713090257,0.34798622211840036
Rajasthan,2022,127197,317647,2.5,,26.208642514692237,32.93899319517476,20.40221002165172,637.87,3111.15,52.289825626353235,2.294457933807609,0.3410922715370662,1.128951356435442,1.1232815301852959,0.4793783622235505,2.4273759713090257,0.34798622211840036
Rajasthan,2022,129772,572105,4.41,,26.208642514692237,32.93899319517476,20.40221002165172,637.87,3111.15,52.289825626353235,2.294457933807609,0.3410922715370662,1.128951356435442,1.1232815301852959,0.4793783622235505,2.4273759713090257,0.34798622211840036
Rajasthan,2022,10289,18420,1.79,,26.208642514692237,32.93899319517476,20.40221002165172,637.87,3111.15,52.289825626353235,2.294457933807609,0.3410922715370662,1.128951356435442,1.1232815301852959,0.4793783622235505,2.4273759713090257,0.34798622211840036
Rajasthan,2022,105426,469133,4.45,,26.208642514692237,32.93899319517476,20.40221002165172,637.87,3111.15,52.289825626353235,2.294457933807609,0.3410922715370662,1.128951356435442,1.1232815301852959,0.4793783622235505,2.4273759713090257,0.34798622211840036
Rajasthan,2022,133078,484305,3.64,,26.208642514692237,32.93899319517476,20.40221002165172,637.87,3111.15,52.289825626353235,2.294457933807609,0.3410922715370662,1.128951356435442,1.1232815301852959,0.4793783622235505,2.4273759713090257,0.34798622211840036
Rajasthan,2022,108866,275023,2.53,,26.208642514692237,32.93899319517476,20.40221002165172,637.87,3111.15,52.289825626353235,2.294457933807609,0.3410922715370662,1.128951356435442,1.1232815301852959,0.4793783622235505,2.4273759713090257,0.34798622211840036
Rajasthan,2022,150764,678852,4.5,,26.208642514692237,32.93899319517476,20.40221002165172,637.87,3111.15,52.289825626353235,2.294457933807609,0.3410922715370662,1.128951356435442,1.1232815301852959,0.4793783622235505,2.4273759713090257,0.34798622211840036
Rajasthan,2022,158802,711720,4.48,,26.208642514692237,32.93899319517476,20.40221002165172,637.87,3111.15,52.289825626353235,2.294457933807609,0.3410922715370662,1.128951356435442,1.1232815301852959,0.4793783622235505,2.4273759713090257,0.34798622211840036
Rajasthan,2022,35451,84565,2.39,,26.208642514692237,32.93899319517476,20.40221002165172,637.87,3111.15,52.289825626353235,2.294457933807609,0.3410922715370662,1.128951356435442,1.1232815301852959,0.4793783622235505,2.4273759713090257,0.34798622211840036
Rajasthan,2022,71390,300084,4.2,,26.208642514692237,32.93899319517476,20.40221002165172,637.87,3111.15,52.289825626353235,2.294457933807609,0.3410922715370662,1.128951356435442,1.1232815301852959,0.4793783622235505,2.4273759713090257,0.34798622211840036
Rajasthan,2022,50868,238019,4.68,,26.208642514692237,32.93899319517476,20.40221002165172,637.87,3111.15,52.289825626353235,2.294457933807609,0.3410922715370662,1.128951356435442,1.1232815301852959,0.4793783622235505,2.4273759713090257,0.34798622211840036
Rajasthan,2022,70298,154016,2.19,,26.208642514692237,32.93899319517476,20.40221002165172,637.87,3111.15,52.289825626353235,2.294457933807609,0.3410922715370662,1.128951356435442,1.1232815301852959,0.4793783622235505,2.4273759713090257,0.34798622211840036
Rajasthan,2022,223676,982937,4.39,,26.208642514692237,32.93899319517476,20.40221002165172,637.87,3111.15,52.289825626353235,2.294457933807609,0.3410922715370662,1.128951356435442,1.1232815301852959,0.4793783622235505,2.4273759713090257,0.34798622211840036
Rajasthan,2022,217746,997282,4.58,,26.208642514692237,32.93899319517476,20.40221002165172,637.87,3111.15,52.289825626353235,2.294457933807609,0.3410922715370662,1.128951356435442,1.1232815301852959,0.4793783622235505,2.4273759713090257,0.34798622211840036
Rajasthan,2022,121365,446401,3.68,,26.208642514692237,32.93899319517476,20.40221002165172,637.87,3111.15,52.289825626353235,2.294457933807609,0.3410922715370662,1.128951356435442,1.1232815301852959,0.4793783622235505,2.4273759713090257,0.34798622211840036
Rajasthan,2022,7282,11654,1.6,,26.208642514692237,32.93899319517476,20.40221002165172,637.87,3111.15,52.289825626353235,2.294457933807609,0.3410922715370662,1.128951356435442,1.1232815301852959,0.4793783622235505,2.4273759713090257,0.34798622211840036
Rajasthan,2022,35456,77142,2.18,,26.208642514692237,32.93899319517476,20.40221002165172,637.87,3111.15,52.289825626353235,2.294457933807609,0.3410922715370662,1.128951356435442,1.1232815301852959,0.4793783622235505,2.4273759713090257,0.34798622211840036
Rajasthan,2022,131075,532303,4.06,,26.208642514692237,32.93899319517476,20.40221002165172,637.87,3111.15,52.289825626353235,2.294457933807609,0.3410922715370662,1.128951356435442,1.1232815301852959,0.4793783622235505,2.4273759713090257,0.34798622211840036
Rajasthan,2022,63822,198052,3.1,,26.208642514692237,32.93899319517476,20.40221002165172,637.87,3111.15,52.289825626353235,2.294457933807609,0.3410922715370662,1.128951356435442,1.1232815301852959,0.4793783622235505,2.4273759713090257,0.34798622211840036
Rajasthan,2022,67736,164739,2.43,,26.208642514692237,32.93899319517476,20.40221002165172,637.87,3111.15,52.289825626353235,2.294457933807609,0.3410922715370662,1.128951356435442,1.1232815301852959,0.4793783622235505,2.4273759713090257,0.34798622211840036
Rajasthan,2023,67093,152463,2.27,,25.52514228270956,32.106730590782554,19.857766393442624,693.53,3026.155,54.62943937519332,2.3428100835137644,,1.128951356435442,1.1232815301852959,0.4793783622235505,2.4273759713090257,0.34798622211840036
Uttar Pradesh,2011,134825,134825,3.9,,25.481400402103308,31.32752745128364,20.378299566965666,1145.08,2790.2349999999997,63.23900092793072,1.9219177234766471,0.4750901493664982,1.8787460287404114,1.922217625155151,0.9660736450144808,3.6441870086884567,0.45240849468215566
Uttar Pradesh,2011,217820,217820,3.77,,25.481400402103308,31.32752745128364,20.378299566965666,1145.08,2790.2349999999997,63.23900092793072,1.9219177234766471,0.4750901493664982,1.8787460287404114,1.922217625155151,0.9660736450144808,3.6441870086884567,0.45240849468215566
Uttar Pradesh,2011,216174,216174,2.64,,25.481400402103308,31.32752745128364,20.378299566965666,1145.08,2790.2349999999997,63.23900092793072,1.9219177234766471,0.4750901493664982,1.8787460287404114,1.922217625155151,0.9660736450144808,3.6441870086884567,0.45240849468215566
Uttar Pradesh,2011,118006,118006,3.36,,25.481400402103308,31.32752745128364,20.378299566965666,1145.08,2790.2349999999997,63.23900092793072,1.9219177234766471,0.4750901493664982,1.8787460287404114,1.922217625155151,0.9660736450144808,3.6441870086884567,0.45240849468215566
Uttar Pradesh,2011,125328,125328,2.87,,25.481400402103308,31.32752745128364,20.378299566965666,1145.08,2790.2349999999997,63.23900092793072,1.9219177234766471,0.4750901493664982,1.8787460287404114,1.922217625155151,0.9660736450144808,3.6441870086884567,0.45240849468215566
Uttar Pradesh,2011,91042,91042,3.16,,25.481400402103308,31.32752745128364,20.378299566965666,1145.08,2790.2349999999997,63.23900092793072,1.9219177234766471,0.4750901493664982,1.8787460287404114,1.922217625155151,0.9660736450144808,3.6441870086884567,0.45240849468215566
Uttar Pradesh,2011,101534,101534,3.85,,25.481400402103308,31.32752745128364,20.378299566965666,1145.08,2790.2349999999997,63.23900092793072,1.9219177234766471,0.4750901493664982,1.8787460287404114,1.922217625155151,0.9660736450144808,3.6441870086884567,0.45240849468215566
Uttar Pradesh,2011,230874,230874,2.89,,25.481400402103308,31.32752745128364,20.378299566965666,1145.08,2790.2349999999997,63.23900092793072,1.9219177234766471,0.4750901493664982,1.8787460287404114,1.922217625155151,0.9660736450144808,3.6441870086884567,0.45240849468215566
Uttar Pradesh,2011,54923,54923,4.24,,25.481400402103308,31.32752745128364,20.378299566965666,1145.08,2790.2349999999997,63.23900092793072,1.9219177234766471,0.4750901493664982,1.8787460287404114,1.922217625155151,0.9660736450144808,3.6441870086884567,0.45240849468215566
Uttar Pradesh,2011,152855,152855,3.07,,25.481400402103308,31.32752745128364,20.378299566965666,1145.08,2790.2349999999997,63.23900092793072,1.9219177234766471,0.4750901493664982,1.8787460287404114,1.922217625155151,0.9660736450144808,3.6441870086884567,0.45240849468215566
Uttar Pradesh,2011,139319,139319,3.25,,25.481400402103308,31.32752745128364,20.378299566965666,1145.08,2790.2349999999997,63.23900092793072,1.9219177234766471,0.4750901493664982,1.8787460287404114,1.922217625155151,0.9660736450144808,3.6441870086884567,0.45240849468215566
Uttar Pradesh,2011,83270,83270,2.88,,25.481400402103308,31.32752745128364,20.378299566965666,1145.08,2790.2349999999997,63.23900092793072,1.9219177234766471,0.4750901493664982,1.8787460287404114,1.922217625155151,0.9660736450144808,3.6441870086884567,0.45240849468215566
Uttar Pradesh,2011,151114,151114,2.09,,25.481400402103308,31.32752745128364,20.378299566965666,1145.08,2790.2349999999997,63.23900092793072,1.9219177234766471,0.4750901493664982,1.8787460287404114,1.922217625155151,0.9660736450144808,3.6441870086884567,0.45240849468215566
Uttar Pradesh,2011,161038,161038,3.51,,25.481400402103308,31.32752745128364,20.378299566965666,1145.08,2790.2349999999997,63.23900092793072,1.9219177234766471,0.4750901493664982,1.8787460287404114,1.922217625155151,0.9660736450144808,3.6441870086884567,0.45240849468215566
Uttar Pradesh,2011,199705,199705,3.25,,25.481400402103308,31.32752745128364,20.378299566965666,1145.08,2790.2349999999997,63.23900092793072,1.9219177234766471,0.4750901493664982,1.8787460287404114,1.922217625155151,0.9660736450144808,3.6441870086884567,0.45240849468215566
Uttar Pradesh,2011,116212,116212,3.15,,25.481400402103308,31.32752745128364,20.378299566965666,1145.08,2790.2349999999997,63.23900092793072,1.9219177234766471,0.4750901493664982,1.8787460287404114,1.922217625155151,0.9660736450144808,3.6441870086884567,0.45240849468215566
Uttar Pradesh,2011,109325,109325,3.2,,25.481400402103308,31.32752745128364,20.378299566965666,1145.08,2790.2349999999997,63.23900092793072,1.9219177234766471,0.4750901493664982,1.8787460287404114,1.922217625155151,0.9660736450144808,3.6441870086884567,0.45240849468215566
Uttar Pradesh,2011,293435,293435,3.47,,25.481400402103308,31.32752745128364,20.378299566965666,1145.08,2790.2349999999997,63.23900092793072,1.9219177234766471,0.4750901493664982,1.8787460287404114,1.922217625155151,0.9660736450144808,3.6441870086884567,0.45240849468215566
Uttar Pradesh,2011,197682,197682,4.22,,25.481400402103308,31.32752745128364,20.378299566965666,1145.08,2790.2349999999997,63.23900092793072,1.9219177234766471,0.4750901493664982,1.8787460287404114,1.922217625155151,0.9660736450144808,3.6441870086884567,0.45240849468215566
Uttar Pradesh,2011,92874,92874,2.54,,25.481400402103308,31.32752745128364,20.378299566965666,1145.08,2790.2349999999997,63.23900092793072,1.9219177234766471,0.4750901493664982,1.8787460287404114,1.922217625155151,0.9660736450144808,3.6441870086884567,0.45240849468215566
Uttar Pradesh,2011,48561,48561,2.5,,25.481400402103308,31.32752745128364,20.378299566965666,1145.08,2790.2349999999997,63.23900092793072,1.9219177234766471,0.4750901493664982,1.8787460287404114,1.922217625155151,0.9660736450144808,3.6441870086884567,0.45240849468215566
Uttar Pradesh,2011,148224,148224,3.08,,25.481400402103308,31.32752745128364,20.378299566965666,1145.08,2790.2349999999997,63.23900092793072,1.9219177234766471,0.4750901493664982,1.8787460287404114,1.922217625155151,0.9660736450144808,3.6441870086884567,0.45240849468215566
Uttar Pradesh,2012,134889,134889,3.83,,25.777595436004002,32.011214115292844,20.200922804587087,1107.95,2862.045,59.080711536981454,2.1155168167474794,0.4576314151421317,1.8787460287404114,1.922217625155151,0.9660736450144808,3.6441870086884567,0.45240849468215566
Uttar Pradesh,2012,218374,218374,3.47,,25.777595436004002,32.011214115292844,20.200922804587087,1107.95,2862.045,59.080711536981454,2.1155168167474794,0.4576314151421317,1.8787460287404114,1.922217625155151,0.9660736450144808,3.6441870086884567,0.45240849468215566
Uttar Pradesh,2012,220342,220342,2.49,,25.777595436004002,32.011214115292844,20.200922804587087,1107.95,2862.045,59.080711536981454,2.1155168167474794,0.4576314151421317,1.8787460287404114,1.922217625155151,0.9660736450144808,3.6441870086884567,0.45240849468215566
Uttar Pradesh,2012,117083,117083,3.34,,25.777595436004002,32.011214115292844,20.200922804587087,1107.95,2862.045,59.080711536981454,2.1155168167474794,0.4576314151421317,1.8787460287404114,1.922217625155151,0.9660736450144808,3.6441870086884567,0.45240849468215566
Uttar Pradesh,2012,126450,126450,3.06,,25.777595436004002,32.011214115292844,20.200922804587087,1107.95,2862.045,59.080711536981454,2.1155168167474794,0.4576314151421317,1.8787460287404114,1.922217625155151,0.9660736450144808,3.6441870086884567,0.45240849468215566
Uttar Pradesh,2012,90059,90059,3.21,,25.777595436004002,32.011214115292844,20.200922804587087,1107.95,2862.045,59.080711536981454,2.1155168167474794,0.4576314151421317,1.8787460287404114,1.922217625155151,0.9660736450144808,3.6441870086884567,0.45240849468215566
Uttar Pradesh,2012,103644,103644,3.63,,25.777595436004002,32.011214115292844,20.200922804587087,1107.95,2862.045,59.080711536981454,2.1155168167474794,0.4576314151421317,1.8787460287404114,1.922217625155151,0.9660736450144808,3.6441870086884567,0.45240849468215566
Uttar Pradesh,2012,235690,235690,2.94,,25.777595436004002,32.011214115292844,20.200922804587087,1107.95,2862.045,59.080711536981454,2.1155168167474794,0.4576314151421317,1.8787460287404114,1.922217625155151,0.9660736450144808,3.6441870086884567,0.45240849468215566
Uttar Pradesh,2012,53718,53718,4.45,,25.777595436004002,32.011214115292844,20.200922804587087,1107.95,2862.045,59.080711536981454,2.1155168167474794,0.4576314151421317,1.8787460287404114,1.922217625155151,0.9660736450144808,3.6441870086884567,0.45240849468215566
Uttar Pradesh,2012,160153,160153,2.84,,25.777595436004002,32.011214115292844,20.200922804587087,1107.95,2862.045,59.080711536981454,2.1155168167474794,0.4576314151421317,1.8787460287404114,1.922217625155151,0.9660736450144808,3.6441870086884567,0.45240849468215566
Uttar Pradesh,2012,135902,135902,3.38,,25.777595436004002,32.011214115292844,20.200922804587087,1107.95,2862.045,59.080711536981454,2.1155168167474794,0.4576314151421317,1.8787460287404114,1.922217625155151,0.9660736450144808,3.6441870086884567,0.45240849468215566
Uttar Pradesh,2012,87826,87826,2.72,,25.777595436004002,32.011214115292844,20.200922804587087,1107.95,2862.045,59.080711536981454,2.1155168167474794,0.4576314151421317,1.8787460287404114,1.922217625155151,0.9660736450144808,3.6441870086884567,0.45240849468215566
Uttar Pradesh,2012,153753,153753,2.23,,25.777595436004002,32.011214115292844,20.200922804587087,1107.95,2862.045,59.080711536981454,2.1155168167474794,0.4576314151421317,1.8787460287404114,1.922217625155151,0.9660736450144808,3.6441870086884567,0.45240849468215566
Uttar Pradesh,2012,162341,162341,3.72,,25.777595436004002,32.011214115292844,20.200922804587087,1107.95,2862.045,59.080711536981454,2.1155168167474794,0.4576314151421317,1.8787460287404114,1.922217625155151,0.9660736450144808,3.6441870086884567,0.45240849468215566
Uttar Pradesh,2012,200363,200363,3.07,,25.777595436004002,32.011214115292844,20.200922804587087,1107.95,2862.045,59.080711536981454,2.1155168167474794,0.4576314151421317,1.8787460287404114,1.922217625155151,0.9660736450144808,3.6441870086884567,0.45240849468215566
Uttar Pradesh,2012,119061,119061,2.91,,25.777595436004002,32.011214115292844,20.200922804587087,1107.95,2862.045,59.080711536981454,2.1155168167474794,0.4576314151421317,1.8787460287404114,1.922217625155151,0.9660736450144808,3.6441870086884567,0.45240849468215566
Uttar Pradesh,2012,103369,103369,3.19,,25.777595436004002,32.011214115292844,20.200922804587087,1107.95,2862.045,59.080711536981454,2.1155168167474794,0.4576314151421317,1.8787460287404114,1.922217625155151,0.9660736450144808,3.6441870086884567,0.45240849468215566
Uttar Pradesh,2012,230265,230265,3.32,,25.777595436004002,32.011214115292844,20.200922804587087,1107.95,2862.045,59.080711536981454,2.1155168167474794,0.4576314151421317,1.8787460287404114,1.922217625155151,0.9660736450144808,3.6441870086884567,0.45240849468215566
Uttar Pradesh,2012,193944,193944,4.03,,25.777595436004002,32.011214115292844,20.200922804587087,1107.95,2862.045,59.080711536981454,2.1155168167474794,0.4576314151421317,1.8787460287404114,1.922217625155151,0.9660736450144808,3.6441870086884567,0.45240849468215566
Uttar Pradesh,2012,101444,101444,2.99,,25.777595436004002,32.011214115292844,20.200922804587087,1107.95,2862.045,59.080711536981454,2.1155168167474794,0.4576314151421317,1.8787460287404114,1.922217625155151,0.9660736450144808,3.6441870086884567,0.45240849468215566
Uttar Pradesh,2012,54253,54253,2.41,,25.777595436004002,32.011214115292844,20.200922804587087,1107.95,2862.045,59.080711536981454,2.1155168167474794,0.4576314151421317,1.8787460287404114,1.922217625155151,0.9660736450144808,3.6441870086884567,0.45240849468215566
Uttar Pradesh,2012,155756,155756,3.11,,25.777595436004002,32.011214115292844,20.200922804587087,1107.95,2862.045,59.080711536981454,2.1155168167474794,0.4576314151421317,1.8787460287404114,1.922217625155151,0.9660736450144808,3.6441870086884567,0.45240849468215566
Uttar Pradesh,2013,132340,132340,3.71,,25.171814877822456,31.07879910300031,20.06131534178781,1226.83,2750.245,66.14548793690071,2.020911305289205,0.49232901631402487,1.8787460287404114,1.922217625155151,0.9660736450144808,3.6441870086884567,0.45240849468215566
Uttar Pradesh,2013,225289,225289,3.6,,25.171814877822456,31.07879910300031,20.06131534178781,1226.83,2750.245,66.14548793690071,2.020911305289205,0.49232901631402487,1.8787460287404114,1.922217625155151,0.9660736450144808,3.6441870086884567,0.45240849468215566
Uttar Pradesh,2013,214421,214421,2.44,,25.171814877822456,31.07879910300031,20.06131534178781,1226.83,2750.245,66.14548793690071,2.020911305289205,0.49232901631402487,1.8787460287404114,1.922217625155151,0.9660736450144808,3.6441870086884567,0.45240849468215566
Uttar Pradesh,2013,118419,118419,3.44,,25.171814877822456,31.07879910300031,20.06131534178781,1226.83,2750.245,66.14548793690071,2.020911305289205,0.49232901631402487,1.8787460287404114,1.922217625155151,0.9660736450144808,3.6441870086884567,0.45240849468215566
Uttar Pradesh,2013,127180,127180,2.38,,25.171814877822456,31.07879910300031,20.06131534178781,1226.83,2750.245,66.14548793690071,2.020911305289205,0.49232901631402487,1.8787460287404114,1.922217625155151,0.9660736450144808,3.6441870086884567,0.45240849468215566
Uttar Pradesh,2013,92633,92633,3.29,,25.171814877822456,31.07879910300031,20.06131534178781,1226.83,2750.245,66.14548793690071,2.020911305289205,0.49232901631402487,1.8787460287404114,1.922217625155151,0.9660736450144808,3.6441870086884567,0.45240849468215566
Uttar Pradesh,2013,104354,104354,3.81,,25.171814877822456,31.07879910300031,20.06131534178781,1226.83,2750.245,66.14548793690071,2.020911305289205,0.49232901631402487,1.8787460287404114,1.922217625155151,0.9660736450144808,3.6441870086884567,0.45240849468215566
Uttar Pradesh,2013,232130,232130,3.09,,25.171814877822456,31.07879910300031,20.06131534178781,1226.83,2750.245,66.14548793690071,2.020911305289205,0.49232901631402487,1.8787460287404114,1.922217625155151,0.9660736450144808,3.6441870086884567,0.45240849468215566
Uttar Pradesh,2013,55347,55347,4.5,,25.171814877822456,31.07879910300031,20.06131534178781,1226.83,2750.245,66.14548793690071,2.020911305289205,0.49232901631402487,1.8787460287404114,1.922217625155151,0.9660736450144808,3.6441870086884567,0.45240849468215566
Uttar Pradesh,2013,167831,167831,3.23,,25.171814877822456,31.07879910300031,20.06131534178781,1226.83,2750.245,66.14548793690071,2.020911305289205,0.49232901631402487,1.8787460287404114,1.922217625155151,0.9660736450144808,3.6441870086884567,0.45240849468215566
Uttar Pradesh,2013,137861,137861,2.87,,25.171814877822456,31.07879910300031,20.06131534178781,1226.83,2750.245,66.14548793690071,2.020911305289205,0.49232901631402487,1.8787460287404114,1.922217625155151,0.9660736450144808,3.6441870086884567,0.45240849468215566
Uttar Pradesh,2013,85817,85817,2.76,,25.171814877822456,31.07879910300031,20.06131534178781,1226.83,2750.245,66.14548793690071,2.020911305289205,0.49232901631402487,1.8787460287404114,1.922217625155151,0.9660736450144808,3.6441870086884567,0.45240849468215566
Uttar Pradesh,2013,164065,164065,1.9,,25.171814877822456,31.07879910300031,20.06131534178781,1226.83,2750.245,66.14548793690071,2.020911305289205,0.49232901631402487,1.8787460287404114,1.922217625155151,0.9660736450144808,3.6441870086884567,0.45240849468215566
Uttar Pradesh,2013,166533,166533,3.55,,25.171814877822456,31.07879910300031,20.06131534178781,1226.83,2750.245,66.14548793690071,2.020911305289205,0.49232901631402487,1.8787460287404114,1.922217625155151,0.9660736450144808,3.6441870086884567,0.45240849468215566
Uttar Pradesh,2013,200048,200048,3.15,,25.171814877822456,31.07879910300031,20.06131534178781,1226.83,2750.245,66.14548793690071,2.020911305289205,0.49232901631402487,1.8787460287404114,1.922217625155151,0.9660736450144808,3.6441870086884567,0.45240849468215566
Uttar Pradesh,2013,119033,119033,3.22,,25.171814877822456,31.07879910300031,20.06131534178781,1226.83,2750.245,66.14548793690071,2.020911305289205,0.49232901631402487,1.8787460287404114,1.922217625155151,0.9660736450144808,3.6441870086884567,0.45240849468215566
Uttar Pradesh,2013,147955,147955,3.3,,25.171814877822456,31.07879910300031,20.06131534178781,1226.83,2750.245,66.14548793690071,2.020911305289205,0.49232901631402487,1.8787460287404114,1.922217625155151,0.9660736450144808,3.6441870086884567,0.45240849468215566
Uttar Pradesh,2013,245390,245390,3.65,,25.171814877822456,31.07879910300031,20.06131534178781,1226.83,2750.245,66.14548793690071,2.020911305289205,0.49232901631402487,1.8787460287404114,1.922217625155151,0.9660736450144808,3.6441870086884567,0.45240849468215566
Uttar Pradesh,2013,191272,191272,4.12,,25.171814877822456,31.07879910300031,20.06131534178781,1226.83,2750.245,66.14548793690071,2.020911305289205,0.49232901631402487,1.8787460287404114,1.922217625155151,0.9660736450144808,3.6441870086884567,0.45240849468215566
Uttar Pradesh,2013,102339,102339,2.63,,25.171814877822456,31.07879910300031,20.06131534178781,1226.83,2750.245,66.14548793690071,2.020911305289205,0.49232901631402487,1.8787460287404114,1.922217625155151,0.9660736450144808,3.6441870086884567,0.45240849468215566
Uttar Pradesh,2013,52387,52387,1.96,,25.171814877822456,31.07879910300031,20.06131534178781,1226.83,2750.245,66.14548793690071,2.020911305289205,0.49232901631402487,1.8787460287404114,1.922217625155151,0.9660736450144808,3.6441870086884567,0.45240849468215566
Uttar Pradesh,2013,156285,156285,3.02,,25.171814877822456,31.07879910300031,20.06131534178781,1226.83,2750.245,66.14548793690071,2.020911305289205,0.49232901631402487,1.8787460287404114,1.922217625155151,0.9660736450144808,3.6441870086884567,0.45240849468215566
Uttar Pradesh,2014,136036,136036,2.41,,26.587698345190226,33.20001894525208,20.684763764305597,862.64,2829.415,53.689343875657286,2.009947803897309,0.4773353597729689,1.8787460287404114,1.922217625155151,0.9660736450144808,3.6441870086884567,0.45240849468215566
Uttar Pradesh,2014,223267,223267,2.45,,26.587698345190226,33.20001894525208,20.684763764305597,862.64,2829.415,53.689343875657286,2.009947803897309,0.4773353597729689,1.8787460287404114,1.922217625155151,0.9660736450144808,3.6441870086884567,0.45240849468215566
Uttar Pradesh,2014,213258,213258,1.36,,26.587698345190226,33.20001894525208,20.684763764305597,862.64,2829.415,53.689343875657286,2.009947803897309,0.4773353597729689,1.8787460287404114,1.922217625155151,0.9660736450144808,3.6441870086884567,0.45240849468215566
Uttar Pradesh,2014,120131,120131,2.3,,26.587698345190226,33.20001894525208,20.684763764305597,862.64,2829.415,53.689343875657286,2.009947803897309,0.4773353597729689,1.8787460287404114,1.922217625155151,0.9660736450144808,3.6441870086884567,0.45240849468215566
Uttar Pradesh,2014,95382,95382,1.82,,26.587698345190226,33.20001894525208,20.684763764305597,862.64,2829.415,53.689343875657286,2.009947803897309,0.4773353597729689,1.8787460287404114,1.922217625155151,0.9660736450144808,3.6441870086884567,0.45240849468215566
Uttar Pradesh,2014,91563,91563,2.11,,26.587698345190226,33.20001894525208,20.684763764305597,862.64,2829.415,53.689343875657286,2.009947803897309,0.4773353597729689,1.8787460287404114,1.922217625155151,0.9660736450144808,3.6441870086884567,0.45240849468215566
Uttar Pradesh,2014,104341,104341,2.26,,26.587698345190226,33.20001894525208,20.684763764305597,862.64,2829.415,53.689343875657286,2.009947803897309,0.4773353597729689,1.8787460287404114,1.922217625155151,0.9660736450144808,3.6441870086884567,0.45240849468215566
Uttar Pradesh,2014,243897,243897,2.12,,26.587698345190226,33.20001894525208,20.684763764305597,862.64,2829.415,53.689343875657286,2.009947803897309,0.4773353597729689,1.8787460287404114,1.922217625155151,0.9660736450144808,3.6441870086884567,0.45240849468215566
Uttar Pradesh,2014,51752,51752,3.39,,26.587698345190226,33.20001894525208,20.684763764305597,862.64,2829.415,53.689343875657286,2.009947803897309,0.4773353597729689,1.8787460287404114,1.922217625155151,0.9660736450144808,3.6441870086884567,0.45240849468215566
Uttar Pradesh,2014,165865,165865,2.38,,26.587698345190226,33.20001894525208,20.684763764305597,862.64,2829.415,53.689343875657286,2.009947803897309,0.4773353597729689,1.8787460287404114,1.922217625155151,0.9660736450144808,3.6441870086884567,0.45240849468215566
Uttar Pradesh,2014,141821,141821,2.27,,26.587698345190226,33.20001894525208,20.684763764305597,862.64,2829.415,53.689343875657286,2.009947803897309,0.4773353597729689,1.8787460287404114,1.922217625155151,0.9660736450144808,3.6441870086884567,0.45240849468215566
Uttar Pradesh,2014,90246,90246,2.1,,26.587698345190226,33.20001894525208,20.684763764305597,862.64,2829.415,53.689343875657286,2.009947803897309,0.4773353597729689,1.8787460287404114,1.922217625155151,0.9660736450144808,3.6441870086884567,0.45240849468215566
Uttar Pradesh,2014,151692,151692,0.91,,26.587698345190226,33.20001894525208,20.684763764305597,862.64,2829.415,53.689343875657286,2.009947803897309,0.4773353597729689,1.8787460287404114,1.922217625155151,0.9660736450144808,3.6441870086884567,0.45240849468215566
Uttar Pradesh,2014,165449,165449,2.37,,26.587698345190226,33.20001894525208,20.684763764305597,862.64,2829.415,53.689343875657286,2.009947803897309,0.4773353597729689,1.8787460287404114,1.922217625155151,0.9660736450144808,3.6441870086884567,0.45240849468215566
Uttar Pradesh,2014,212598,212598,1.86,,26.587698345190226,33.20001894525208,20.684763764305597,862.64,2829.415,53.689343875657286,2.009947803897309,0.4773353597729689,1.8787460287404114,1.922217625155151,0.9660736450144808,3.6441870086884567,0.45240849468215566
Uttar Pradesh,2014,119630,119630,2.12,,26.587698345190226,33.20001894525208,20.684763764305597,862.64,2829.415,53.689343875657286,2.009947803897309,0.4773353597729689,1.8787460287404114,1.922217625155151,0.9660736450144808,3.6441870086884567,0.45240849468215566
Uttar Pradesh,2014,116552,116552,2.7,,26.587698345190226,33.20001894525208,20.684763764305597,862.64,2829.415,53.689343875657286,2.009947803897309,0.4773353597729689,1.8787460287404114,1.922217625155151,0.9660736450144808,3.6441870086884567,0.45240849468215566
Uttar Pradesh,2014,255586,255586,2.11,,26.587698345190226,33.20001894525208,20.684763764305597,862.64,2829.415,53.689343875657286,2.009947803897309,0.4773353597729689,1.8787460287404114,1.922217625155151,0.9660736450144808,3.6441870086884567,0.45240849468215566
Uttar Pradesh,2014,195559,195559,2.73,,26.587698345190226,33.20001894525208,20.684763764305597,862.64,2829.415,53.689343875657286,2.009947803897309,0.4773353597729689,1.8787460287404114,1.922217625155151,0.9660736450144808,3.6441870086884567,0.45240849468215566
Uttar Pradesh,2014,95462,95462,1.47,,26.587698345190226,33.20001894525208,20.684763764305597,862.64,2829.415,53.689343875657286,2.009947803897309,0.4773353597729689,1.8787460287404114,1.922217625155151,0.9660736450144808,3.6441870086884567,0.45240849468215566
Uttar Pradesh,2014,54500,54500,1.12,,26.587698345190226,33.20001894525208,20.684763764305597,862.64,2829.415,53.689343875657286,2.009947803897309,0.4773353597729689,1.8787460287404114,1.922217625155151,0.9660736450144808,3.6441870086884567,0.45240849468215566
Uttar Pradesh,2014,155105,155105,1.88,,26.587698345190226,33.20001894525208,20.684763764305597,862.64,2829.415,53.689343875657286,2.009947803897309,0.4773353597729689,1.8787460287404114,1.922217625155151,0.9660736450144808,3.6441870086884567,0.45240849468215566
Uttar Pradesh,2015,120903,120903,3.23,,27.030022811630065,33.65083900402103,21.17918380760903,725.91,2847.825,51.260230436127436,2.0172235539746364,0.47894463199376747,1.8787460287404114,1.922217625155151,0.9660736450144808,3.6441870086884567,0.45240849468215566
Uttar Pradesh,2015,216572,216572,3.28,,27.030022811630065,33.65083900402103,21.17918380760903,725.91,2847.825,51.260230436127436,2.0172235539746364,0.47894463199376747,1.8787460287404114,1.922217625155151,0.9660736450144808,3.6441870086884567,0.45240849468215566
Uttar Pradesh,2015,234879,234879,1.91,,27.030022811630065,33.65083900402103,21.17918380760903,725.91,2847.825,51.260230436127436,2.0172235539746364,0.47894463199376747,1.8787460287404114,1.922217625155151,0.9660736450144808,3.6441870086884567,0.45240849468215566
Uttar Pradesh,2015,120248,120248,3.18,,27.030022811630065,33.65083900402103,21.17918380760903,725.91,2847.825,51.260230436127436,2.0172235539746364,0.47894463199376747,1.8787460287404114,1.922217625155151,0.9660736450144808,3.6441870086884567,0.45240849468215566
Uttar Pradesh,2015,93992,93992,2.38,,27.030022811630065,33.65083900402103,21.17918380760903,725.91,2847.825,51.260230436127436,2.0172235539746364,0.47894463199376747,1.8787460287404114,1.922217625155151,0.9660736450144808,3.6441870086884567,0.45240849468215566
Uttar Pradesh,2015,92461,92461,2.96,,27.030022811630065,33.65083900402103,21.17918380760903,725.91,2847.825,51.260230436127436,2.0172235539746364,0.47894463199376747,1.8787460287404114,1.922217625155151,0.9660736450144808,3.6441870086884567,0.45240849468215566
Uttar Pradesh,2015,108461,108461,3.08,,27.030022811630065,33.65083900402103,21.17918380760903,725.91,2847.825,51.260230436127436,2.0172235539746364,0.47894463199376747,1.8787460287404114,1.922217625155151,0.9660736450144808,3.6441870086884567,0.45240849468215566
Uttar Pradesh,2015,231153,231153,2.73,,27.030022811630065,33.65083900402103,21.17918380760903,725.91,2847.825,51.260230436127436,2.0172235539746364,0.47894463199376747,1.8787460287404114,1.922217625155151,0.9660736450144808,3.6441870086884567,0.45240849468215566
Uttar Pradesh,2015,52596,52596,4.14,,27.030022811630065,33.65083900402103,21.17918380760903,725.91,2847.825,51.260230436127436,2.0172235539746364,0.47894463199376747,1.8787460287404114,1.922217625155151,0.9660736450144808,3.6441870086884567,0.45240849468215566
Uttar Pradesh,2015,183146,183146,2.66,,27.030022811630065,33.65083900402103,21.17918380760903,725.91,2847.825,51.260230436127436,2.0172235539746364,0.47894463199376747,1.8787460287404114,1.922217625155151,0.9660736450144808,3.6441870086884567,0.45240849468215566
Uttar Pradesh,2015,139202,139202,2.71,,27.030022811630065,33.65083900402103,21.17918380760903,725.91,2847.825,51.260230436127436,2.0172235539746364,0.47894463199376747,1.8787460287404114,1.922217625155151,0.9660736450144808,3.6441870086884567,0.45240849468215566
Uttar Pradesh,2015,85833,85833,2.39,,27.030022811630065,33.65083900402103,21.17918380760903,725.91,2847.825,51.260230436127436,2.0172235539746364,0.47894463199376747,1.8787460287404114,1.922217625155151,0.9660736450144808,3.6441870086884567,0.45240849468215566
Uttar Pradesh,2015,22873,22873,1.2,,27.030022811630065,33.65083900402103,21.17918380760903,725.91,2847.825,51.260230436127436,2.0172235539746364,0.47894463199376747,1.8787460287404114,1.922217625155151,0.9660736450144808,3.6441870086884567,0.45240849468215566
Uttar Pradesh,2015,167622,167622,2.97,,27.030022811630065,33.65083900402103,21.17918380760903,725.91,2847.825,51.260230436127436,2.0172235539746364,0.47894463199376747,1.8787460287404114,1.922217625155151,0.9660736450144808,3.6441870086884567,0.45240849468215566
Uttar Pradesh,2015,209611,209611,2.93,,27.030022811630065,33.65083900402103,21.17918380760903,725.91,2847.825,51.260230436127436,2.0172235539746364,0.47894463199376747,1.8787460287404114,1.922217625155151,0.9660736450144808,3.6441870086884567,0.45240849468215566
Uttar Pradesh,2015,113071,113071,2.62,,27.030022811630065,33.65083900402103,21.17918380760903,725.91,2847.825,51.260230436127436,2.0172235539746364,0.47894463199376747,1.8787460287404114,1.922217625155151,0.9660736450144808,3.6441870086884567,0.45240849468215566
Uttar Pradesh,2015,99699,99699,3.1,,27.030022811630065,33.65083900402103,21.17918380760903,725.91,2847.825,51.260230436127436,2.0172235539746364,0.47894463199376747,1.8787460287404114,1.922217625155151,0.9660736450144808,3.6441870086884567,0.45240849468215566
Uttar Pradesh,2015,251324,251324,2.83,,27.030022811630065,33.65083900402103,21.17918380760903,725.91,2847.825,51.260230436127436,2.0172235539746364,0.47894463199376747,1.8787460287404114,1.922217625155151,0.9660736450144808,3.6441870086884567,0.45240849468215566
Uttar Pradesh,2015,197838,197838,3.87,,27.030022811630065,33.65083900402103,21.17918380760903,725.91,2847.825,51.260230436127436,2.0172235539746364,0.47894463199376747,1.8787460287404114,1.922217625155151,0.9660736450144808,3.6441870086884567,0.45240849468215566
Uttar Pradesh,2015,97645,97645,1.92,,27.030022811630065,33.65083900402103,21.17918380760903,725.91,2847.825,51.260230436127436,2.0172235539746364,0.47894463199376747,1.8787460287404114,1.922217625155151,0.9660736450144808,3.6441870086884567,0.45240849468215566
Uttar Pradesh,2015,59917,59917,1.19,,27.030022811630065,33.65083900402103,21.17918380760903,725.91,2847.825,51.260230436127436,2.0172235539746364,0.47894463199376747,1.8787460287404114,1.922217625155151,0.9660736450144808,3.6441870086884567,0.45240849468215566
Uttar Pradesh,2016,128553,128553,4.08,,26.57411933348726,32.7523564611714,21.216884091433847,970.25,2776.235,55.94957958131302,1.9241462710690371,0.46402716904759034,1.8787460287404114,1.922217625155151,0.9660736450144808,3.6441870086884567,0.45240849468215566
Uttar Pradesh,2016,218163,218163,3.98,,26.57411933348726,32.7523564611714,21.216884091433847,970.25,2776.235,55.94957958131302,1.9241462710690371,0.46402716904759034,1.8787460287404114,1.922217625155151,0.9660736450144808,3.6441870086884567,0.45240849468215566
Uttar Pradesh,2016,223336,223336,3.0,,26.57411933348726,32.7523564611714,21.216884091433847,970.25,2776.235,55.94957958131302,1.9241462710690371,0.46402716904759034,1.8787460287404114,1.922217625155151,0.9660736450144808,3.6441870086884567,0.45240849468215566
Uttar Pradesh,2016,119766,119766,3.55,,26.57411933348726,32.7523564611714,21.216884091433847,970.25,2776.235,55.94957958131302,1.9241462710690371,0.46402716904759034,1.8787460287404114,1.922217625155151,0.9660736450144808,3.6441870086884567,0.45240849468215566
Uttar Pradesh,2016,126984,126984,3.06,,26.57411933348726,32.7523564611714,21.216884091433847,970.25,2776.235,55.94957958131302,1.9241462710690371,0.46402716904759034,1.8787460287404114,1.922217625155151,0.9660736450144808,3.6441870086884567,0.45240849468215566
Uttar Pradesh,2016,92704,92704,3.51,,26.57411933348726,32.7523564611714,21.216884091433847,970.25,2776.235,55.94957958131302,1.9241462710690371,0.46402716904759034,1.8787460287404114,1.922217625155151,0.9660736450144808,3.6441870086884567,0.45240849468215566
Uttar Pradesh,2016,99678,99678,4.02,,26.57411933348726,32.7523564611714,21.216884091433847,970.25,2776.235,55.94957958131302,1.9241462710690371,0.46402716904759034,1.8787460287404114,1.922217625155151,0.9660736450144808,3.6441870086884567,0.45240849468215566
Uttar Pradesh,2016,231994,231994,3.35,,26.57411933348726,32.7523564611714,21.216884091433847,970.25,2776.235,55.94957958131302,1.9241462710690371,0.46402716904759034,1.8787460287404114,1.922217625155151,0.9660736450144808,3.6441870086884567,0.45240849468215566
Uttar Pradesh,2016,53849,53849,4.74,,26.57411933348726,32.7523564611714,21.216884091433847,970.25,2776.235,55.94957958131302,1.9241462710690371,0.46402716904759034,1.8787460287404114,1.922217625155151,0.9660736450144808,3.6441870086884567,0.45240849468215566
Uttar Pradesh,2016,159626,159626,3.16,,26.57411933348726,32.7523564611714,21.216884091433847,970.25,2776.235,55.94957958131302,1.9241462710690371,0.46402716904759034,1.8787460287404114,1.922217625155151,0.9660736450144808,3.6441870086884567,0.45240849468215566
Uttar Pradesh,2016,137665,137665,3.94,,26.57411933348726,32.7523564611714,21.216884091433847,970.25,2776.235,55.94957958131302,1.9241462710690371,0.46402716904759034,1.8787460287404114,1.922217625155151,0.9660736450144808,3.6441870086884567,0.45240849468215566
Uttar Pradesh,2016,87648,87648,2.87,,26.57411933348726,32.7523564611714,21.216884091433847,970.25,2776.235,55.94957958131302,1.9241462710690371,0.46402716904759034,1.8787460287404114,1.922217625155151,0.9660736450144808,3.6441870086884567,0.45240849468215566
Uttar Pradesh,2016,197157,197157,2.34,,26.57411933348726,32.7523564611714,21.216884091433847,970.25,2776.235,55.94957958131302,1.9241462710690371,0.46402716904759034,1.8787460287404114,1.922217625155151,0.9660736450144808,3.6441870086884567,0.45240849468215566
Uttar Pradesh,2016,166970,166970,3.64,,26.57411933348726,32.7523564611714,21.216884091433847,970.25,2776.235,55.94957958131302,1.9241462710690371,0.46402716904759034,1.8787460287404114,1.922217625155151,0.9660736450144808,3.6441870086884567,0.45240849468215566
Uttar Pradesh,2016,214079,214079,3.66,,26.57411933348726,32.7523564611714,21.216884091433847,970.25,2776.235,55.94957958131302,1.9241462710690371,0.46402716904759034,1.8787460287404114,1.922217625155151,0.9660736450144808,3.6441870086884567,0.45240849468215566
Uttar Pradesh,2016,119425,119425,3.18,,26.57411933348726,32.7523564611714,21.216884091433847,970.25,2776.235,55.94957958131302,1.9241462710690371,0.46402716904759034,1.8787460287404114,1.922217625155151,0.9660736450144808,3.6441870086884567,0.45240849468215566
Uttar Pradesh,2016,148013,148013,3.46,,26.57411933348726,32.7523564611714,21.216884091433847,970.25,2776.235,55.94957958131302,1.9241462710690371,0.46402716904759034,1.8787460287404114,1.922217625155151,0.9660736450144808,3.6441870086884567,0.45240849468215566
Uttar Pradesh,2016,233621,233621,3.51,,26.57411933348726,32.7523564611714,21.216884091433847,970.25,2776.235,55.94957958131302,1.9241462710690371,0.46402716904759034,1.8787460287404114,1.922217625155151,0.9660736450144808,3.6441870086884567,0.45240849468215566
Uttar Pradesh,2016,195357,195357,4.27,,26.57411933348726,32.7523564611714,21.216884091433847,970.25,2776.235,55.94957958131302,1.9241462710690371,0.46402716904759034,1.8787460287404114,1.922217625155151,0.9660736450144808,3.6441870086884567,0.45240849468215566
Uttar Pradesh,2016,98193,98193,2.88,,26.57411933348726,32.7523564611714,21.216884091433847,970.25,2776.235,55.94957958131302,1.9241462710690371,0.46402716904759034,1.8787460287404114,1.922217625155151,0.9660736450144808,3.6441870086884567,0.45240849468215566
Uttar Pradesh,2016,49779,49779,3.1,,26.57411933348726,32.7523564611714,21.216884091433847,970.25,2776.235,55.94957958131302,1.9241462710690371,0.46402716904759034,1.8787460287404114,1.922217625155151,0.9660736450144808,3.6441870086884567,0.45240849468215566
Uttar Pradesh,2016,156721,156721,2.54,,26.57411933348726,32.7523564611714,21.216884091433847,970.25,2776.235,55.94957958131302,1.9241462710690371,0.46402716904759034,1.8787460287404114,1.922217625155151,0.9660736450144808,3.6441870086884567,0.45240849468215566
Uttar Pradesh,2017,137141,137141,4.04,,26.42191733683885,32.52164514382926,20.991496674914938,1074.86,2779.51,57.8439359727807,1.8887948499845346,0.4857608265240777,1.8787460287404114,1.922217625155151,0.9660736450144808,3.6441870086884567,0.45240849468215566
Uttar Pradesh,2017,223557,223557,4.3,,26.42191733683885,32.52164514382926,20.991496674914938,1074.86,2779.51,57.8439359727807,1.8887948499845346,0.4857608265240777,1.8787460287404114,1.922217625155151,0.9660736450144808,3.6441870086884567,0.45240849468215566
Uttar Pradesh,2017,210205,210205,3.76,,26.42191733683885,32.52164514382926,20.991496674914938,1074.86,2779.51,57.8439359727807,1.8887948499845346,0.4857608265240777,1.8787460287404114,1.922217625155151,0.9660736450144808,3.6441870086884567,0.45240849468215566
Uttar Pradesh,2017,117806,117806,4.11,,26.42191733683885,32.52164514382926,20.991496674914938,1074.86,2779.51,57.8439359727807,1.8887948499845346,0.4857608265240777,1.8787460287404114,1.922217625155151,0.9660736450144808,3.6441870086884567,0.45240849468215566
Uttar Pradesh,2017,128799,128799,3.88,,26.42191733683885,32.52164514382926,20.991496674914938,1074.86,2779.51,57.8439359727807,1.8887948499845346,0.4857608265240777,1.8787460287404114,1.922217625155151,0.9660736450144808,3.6441870086884567,0.45240849468215566
Uttar Pradesh,2017,90058,90058,3.71,,26.42191733683885,32.52164514382926,20.991496674914938,1074.86,2779.51,57.8439359727807,1.8887948499845346,0.4857608265240777,1.8787460287404114,1.922217625155151,0.9660736450144808,3.6441870086884567,0.45240849468215566
Uttar Pradesh,2017,102134,102134,3.88,,26.42191733683885,32.52164514382926,20.991496674914938,1074.86,2779.51,57.8439359727807,1.8887948499845346,0.4857608265240777,1.8787460287404114,1.922217625155151,0.9660736450144808,3.6441870086884567,0.45240849468215566
Uttar Pradesh,2017,235094,235094,3.44,,26.42191733683885,32.52164514382926,20.991496674914938,1074.86,2779.51,57.8439359727807,1.8887948499845346,0.4857608265240777,1.8787460287404114,1.922217625155151,0.9660736450144808,3.6441870086884567,0.45240849468215566
Uttar Pradesh,2017,56716,56716,4.43,,26.42191733683885,32.52164514382926,20.991496674914938,1074.86,2779.51,57.8439359727807,1.8887948499845346,0.4857608265240777,1.8787460287404114,1.922217625155151,0.9660736450144808,3.6441870086884567,0.45240849468215566
Uttar Pradesh,2017,167795,167795,3.75,,26.42191733683885,32.52164514382926,20.991496674914938,1074.86,2779.51,57.8439359727807,1.8887948499845346,0.4857608265240777,1.8787460287404114,1.922217625155151,0.9660736450144808,3.6441870086884567,0.45240849468215566
Uttar Pradesh,2017,136892,136892,3.62,,26.42191733683885,32.52164514382926,20.991496674914938,1074.86,2779.51,57.8439359727807,1.8887948499845346,0.4857608265240777,1.8787460287404114,1.922217625155151,0.9660736450144808,3.6441870086884567,0.45240849468215566
Uttar Pradesh,2017,82709,82709,3.65,,26.42191733683885,32.52164514382926,20.991496674914938,1074.86,2779.51,57.8439359727807,1.8887948499845346,0.4857608265240777,1.8787460287404114,1.922217625155151,0.9660736450144808,3.6441870086884567,0.45240849468215566
Uttar Pradesh,2017,158943,158943,2.29,,26.42191733683885,32.52164514382926,20.991496674914938,1074.86,2779.51,57.8439359727807,1.8887948499845346,0.4857608265240777,1.8787460287404114,1.922217625155151,0.9660736450144808,3.6441870086884567,0.45240849468215566
Uttar Pradesh,2017,168346,168346,4.02,,26.42191733683885,32.52164514382926,20.991496674914938,1074.86,2779.51,57.8439359727807,1.8887948499845346,0.4857608265240777,1.8787460287404114,1.922217625155151,0.9660736450144808,3.6441870086884567,0.45240849468215566
Uttar Pradesh,2017,195118,195118,3.67,,26.42191733683885,32.52164514382926,20.991496674914938,1074.86,2779.51,57.8439359727807,1.8887948499845346,0.4857608265240777,1.8787460287404114,1.922217625155151,0.9660736450144808,3.6441870086884567,0.45240849468215566
Uttar Pradesh,2017,119616,119616,3.94,,26.42191733683885,32.52164514382926,20.991496674914938,1074.86,2779.51,57.8439359727807,1.8887948499845346,0.4857608265240777,1.8787460287404114,1.922217625155151,0.9660736450144808,3.6441870086884567,0.45240849468215566
Uttar Pradesh,2017,157273,157273,3.62,,26.42191733683885,32.52164514382926,20.991496674914938,1074.86,2779.51,57.8439359727807,1.8887948499845346,0.4857608265240777,1.8787460287404114,1.922217625155151,0.9660736450144808,3.6441870086884567,0.45240849468215566
Uttar Pradesh,2017,222879,222879,3.69,,26.42191733683885,32.52164514382926,20.991496674914938,1074.86,2779.51,57.8439359727807,1.8887948499845346,0.4857608265240777,1.8787460287404114,1.922217625155151,0.9660736450144808,3.6441870086884567,0.45240849468215566
Uttar Pradesh,2017,191410,191410,4.54,,26.42191733683885,32.52164514382926,20.991496674914938,1074.86,2779.51,57.8439359727807,1.8887948499845346,0.4857608265240777,1.8787460287404114,1.922217625155151,0.9660736450144808,3.6441870086884567,0.45240849468215566
Uttar Pradesh,2017,111873,111873,3.37,,26.42191733683885,32.52164514382926,20.991496674914938,1074.86,2779.51,57.8439359727807,1.8887948499845346,0.4857608265240777,1.8787460287404114,1.922217625155151,0.9660736450144808,3.6441870086884567,0.45240849468215566
Uttar Pradesh,2017,49779,49779,2.64,,26.42191733683885,32.52164514382926,20.991496674914938,1074.86,2779.51,57.8439359727807,1.8887948499845346,0.4857608265240777,1.8787460287404114,1.922217625155151,0.9660736450144808,3.6441870086884567,0.45240849468215566
Uttar Pradesh,2017,152148,152148,3.34,,26.42191733683885,32.52164514382926,20.991496674914938,1074.86,2779.51,57.8439359727807,1.8887948499845346,0.4857608265240777,1.8787460287404114,1.922217625155151,0.9660736450144808,3.6441870086884567,0.45240849468215566
Uttar Pradesh,2018,132369,132369,4.37,,26.23068705536653,32.43253827714197,20.877453216826478,1358.18,2738.7749999999996,58.616700046396545,2.0768894989174145,0.45416630497772587,1.8787460287404114,1.922217625155151,0.9660736450144808,3.6441870086884567,0.45240849468215566
Uttar Pradesh,2018,221798,221798,4.27,,26.23068705536653,32.43253827714197,20.877453216826478,1358.18,2738.7749999999996,58.616700046396545,2.0768894989174145,0.45416630497772587,1.8787460287404114,1.922217625155151,0.9660736450144808,3.6441870086884567,0.45240849468215566
Uttar Pradesh,2018,210752,210752,3.55,,26.23068705536653,32.43253827714197,20.877453216826478,1358.18,2738.7749999999996,58.616700046396545,2.0768894989174145,0.45416630497772587,1.8787460287404114,1.922217625155151,0.9660736450144808,3.6441870086884567,0.45240849468215566
Uttar Pradesh,2018,119235,119235,4.1,,26.23068705536653,32.43253827714197,20.877453216826478,1358.18,2738.7749999999996,58.616700046396545,2.0768894989174145,0.45416630497772587,1.8787460287404114,1.922217625155151,0.9660736450144808,3.6441870086884567,0.45240849468215566
Uttar Pradesh,2018,129363,129363,3.54,,26.23068705536653,32.43253827714197,20.877453216826478,1358.18,2738.7749999999996,58.616700046396545,2.0768894989174145,0.45416630497772587,1.8787460287404114,1.922217625155151,0.9660736450144808,3.6441870086884567,0.45240849468215566
Uttar Pradesh,2018,88417,88417,3.81,,26.23068705536653,32.43253827714197,20.877453216826478,1358.18,2738.7749999999996,58.616700046396545,2.0768894989174145,0.45416630497772587,1.8787460287404114,1.922217625155151,0.9660736450144808,3.6441870086884567,0.45240849468215566
Uttar Pradesh,2018,101049,101049,4.14,,26.23068705536653,32.43253827714197,20.877453216826478,1358.18,2738.7749999999996,58.616700046396545,2.0768894989174145,0.45416630497772587,1.8787460287404114,1.922217625155151,0.9660736450144808,3.6441870086884567,0.45240849468215566
Uttar Pradesh,2018,230824,230824,3.69,,26.23068705536653,32.43253827714197,20.877453216826478,1358.18,2738.7749999999996,58.616700046396545,2.0768894989174145,0.45416630497772587,1.8787460287404114,1.922217625155151,0.9660736450144808,3.6441870086884567,0.45240849468215566
Uttar Pradesh,2018,54904,54904,4.56,,26.23068705536653,32.43253827714197,20.877453216826478,1358.18,2738.7749999999996,58.616700046396545,2.0768894989174145,0.45416630497772587,1.8787460287404114,1.922217625155151,0.9660736450144808,3.6441870086884567,0.45240849468215566
Uttar Pradesh,2018,160300,160300,3.79,,26.23068705536653,32.43253827714197,20.877453216826478,1358.18,2738.7749999999996,58.616700046396545,2.0768894989174145,0.45416630497772587,1.8787460287404114,1.922217625155151,0.9660736450144808,3.6441870086884567,0.45240849468215566
Uttar Pradesh,2018,136836,136836,3.84,,26.23068705536653,32.43253827714197,20.877453216826478,1358.18,2738.7749999999996,58.616700046396545,2.0768894989174145,0.45416630497772587,1.8787460287404114,1.922217625155151,0.9660736450144808,3.6441870086884567,0.45240849468215566
Uttar Pradesh,2018,85602,85602,3.5,,26.23068705536653,32.43253827714197,20.877453216826478,1358.18,2738.7749999999996,58.616700046396545,2.0768894989174145,0.45416630497772587,1.8787460287404114,1.922217625155151,0.9660736450144808,3.6441870086884567,0.45240849468215566
Uttar Pradesh,2018,159768,159768,3.06,,26.23068705536653,32.43253827714197,20.877453216826478,1358.18,2738.7749999999996,58.616700046396545,2.0768894989174145,0.45416630497772587,1.8787460287404114,1.922217625155151,0.9660736450144808,3.6441870086884567,0.45240849468215566
Uttar Pradesh,2018,162367,162367,3.95,,26.23068705536653,32.43253827714197,20.877453216826478,1358.18,2738.7749999999996,58.616700046396545,2.0768894989174145,0.45416630497772587,1.8787460287404114,1.922217625155151,0.9660736450144808,3.6441870086884567,0.45240849468215566
Uttar Pradesh,2018,198541,198541,3.91,,26.23068705536653,32.43253827714197,20.877453216826478,1358.18,2738.7749999999996,58.616700046396545,2.0768894989174145,0.45416630497772587,1.8787460287404114,1.922217625155151,0.9660736450144808,3.6441870086884567,0.45240849468215566
Uttar Pradesh,2018,119476,119476,3.76,,26.23068705536653,32.43253827714197,20.877453216826478,1358.18,2738.7749999999996,58.616700046396545,2.0768894989174145,0.45416630497772587,1.8787460287404114,1.922217625155151,0.9660736450144808,3.6441870086884567,0.45240849468215566
Uttar Pradesh,2018,148627,148627,3.75,,26.23068705536653,32.43253827714197,20.877453216826478,1358.18,2738.7749999999996,58.616700046396545,2.0768894989174145,0.45416630497772587,1.8787460287404114,1.922217625155151,0.9660736450144808,3.6441870086884567,0.45240849468215566
Uttar Pradesh,2018,226358,226358,3.89,,26.23068705536653,32.43253827714197,20.877453216826478,1358.18,2738.7749999999996,58.616700046396545,2.0768894989174145,0.45416630497772587,1.8787460287404114,1.922217625155151,0.9660736450144808,3.6441870086884567,0.45240849468215566
Uttar Pradesh,2018,201066,201066,4.53,,26.23068705536653,32.43253827714197,20.877453216826478,1358.18,2738.7749999999996,58.616700046396545,2.0768894989174145,0.45416630497772587,1.8787460287404114,1.922217625155151,0.9660736450144808,3.6441870086884567,0.45240849468215566
Uttar Pradesh,2018,101842,101842,3.75,,26.23068705536653,32.43253827714197,20.877453216826478,1358.18,2738.7749999999996,58.616700046396545,2.0768894989174145,0.45416630497772587,1.8787460287404114,1.922217625155151,0.9660736450144808,3.6441870086884567,0.45240849468215566
Uttar Pradesh,2018,49808,49808,2.71,,26.23068705536653,32.43253827714197,20.877453216826478,1358.18,2738.7749999999996,58.616700046396545,2.0768894989174145,0.45416630497772587,1.8787460287404114,1.922217625155151,0.9660736450144808,3.6441870086884567,0.45240849468215566
Uttar Pradesh,2018,153401,153401,3.14,,26.23068705536653,32.43253827714197,20.877453216826478,1358.18,2738.7749999999996,58.616700046396545,2.0768894989174145,0.45416630497772587,1.8787460287404114,1.922217625155151,0.9660736450144808,3.6441870086884567,0.45240849468215566
Uttar Pradesh,2019,137283,137283,4.04,,25.784819440148468,31.329878982369316,20.845576090318588,1297.51,2611.95,64.68228734921126,1.976820290751624,0.4991250635535903,1.8787460287404114,1.922217625155151,0.9660736450144808,3.6441870086884567,0.45240849468215566
Uttar Pradesh,2019,223574,223574,4.12,,25.784819440148468,31.329878982369316,20.845576090318588,1297.51,2611.95,64.68228734921126,1.976820290751624,0.4991250635535903,1.8787460287404114,1.922217625155151,0.9660736450144808,3.6441870086884567,0.45240849468215566
Uttar Pradesh,2019,210714,210714,2.82,,25.784819440148468,31.329878982369316,20.845576090318588,1297.51,2611.95,64.68228734921126,1.976820290751624,0.4991250635535903,1.8787460287404114,1.922217625155151,0.9660736450144808,3.6441870086884567,0.45240849468215566
Uttar Pradesh,2019,119046,119046,3.92,,25.784819440148468,31.329878982369316,20.845576090318588,1297.51,2611.95,64.68228734921126,1.976820290751624,0.4991250635535903,1.8787460287404114,1.922217625155151,0.9660736450144808,3.6441870086884567,0.45240849468215566
Uttar Pradesh,2019,126155,126155,3.09,,25.784819440148468,31.329878982369316,20.845576090318588,1297.51,2611.95,64.68228734921126,1.976820290751624,0.4991250635535903,1.8787460287404114,1.922217625155151,0.9660736450144808,3.6441870086884567,0.45240849468215566
Uttar Pradesh,2019,89939,89939,3.87,,25.784819440148468,31.329878982369316,20.845576090318588,1297.51,2611.95,64.68228734921126,1.976820290751624,0.4991250635535903,1.8787460287404114,1.922217625155151,0.9660736450144808,3.6441870086884567,0.45240849468215566
Uttar Pradesh,2019,102910,102910,3.88,,25.784819440148468,31.329878982369316,20.845576090318588,1297.51,2611.95,64.68228734921126,1.976820290751624,0.4991250635535903,1.8787460287404114,1.922217625155151,0.9660736450144808,3.6441870086884567,0.45240849468215566
Uttar Pradesh,2019,232369,232369,3.45,,25.784819440148468,31.329878982369316,20.845576090318588,1297.51,2611.95,64.68228734921126,1.976820290751624,0.4991250635535903,1.8787460287404114,1.922217625155151,0.9660736450144808,3.6441870086884567,0.45240849468215566
Uttar Pradesh,2019,55446,55446,4.52,,25.784819440148468,31.329878982369316,20.845576090318588,1297.51,2611.95,64.68228734921126,1.976820290751624,0.4991250635535903,1.8787460287404114,1.922217625155151,0.9660736450144808,3.6441870086884567,0.45240849468215566
Uttar Pradesh,2019,157415,157415,3.06,,25.784819440148468,31.329878982369316,20.845576090318588,1297.51,2611.95,64.68228734921126,1.976820290751624,0.4991250635535903,1.8787460287404114,1.922217625155151,0.9660736450144808,3.6441870086884567,0.45240849468215566
Uttar Pradesh,2019,137020,137020,3.81,,25.784819440148468,31.329878982369316,20.845576090318588,1297.51,2611.95,64.68228734921126,1.976820290751624,0.4991250635535903,1.8787460287404114,1.922217625155151,0.9660736450144808,3.6441870086884567,0.45240849468215566
Uttar Pradesh,2019,88122,88122,3.68,,25.784819440148468,31.329878982369316,20.845576090318588,1297.51,2611.95,64.68228734921126,1.976820290751624,0.4991250635535903,1.8787460287404114,1.922217625155151,0.9660736450144808,3.6441870086884567,0.45240849468215566
Uttar Pradesh,2019,161834,161834,2.85,,25.784819440148468,31.329878982369316,20.845576090318588,1297.51,2611.95,64.68228734921126,1.976820290751624,0.4991250635535903,1.8787460287404114,1.922217625155151,0.9660736450144808,3.6441870086884567,0.45240849468215566
Uttar Pradesh,2019,166367,166367,4.04,,25.784819440148468,31.329878982369316,20.845576090318588,1297.51,2611.95,64.68228734921126,1.976820290751624,0.4991250635535903,1.8787460287404114,1.922217625155151,0.9660736450144808,3.6441870086884567,0.45240849468215566
Uttar Pradesh,2019,199331,199331,3.16,,25.784819440148468,31.329878982369316,20.845576090318588,1297.51,2611.95,64.68228734921126,1.976820290751624,0.4991250635535903,1.8787460287404114,1.922217625155151,0.9660736450144808,3.6441870086884567,0.45240849468215566
Uttar Pradesh,2019,120160,120160,3.07,,25.784819440148468,31.329878982369316,20.845576090318588,1297.51,2611.95,64.68228734921126,1.976820290751624,0.4991250635535903,1.8787460287404114,1.922217625155151,0.9660736450144808,3.6441870086884567,0.45240849468215566
Uttar Pradesh,2019,145884,145884,3.5,,25.784819440148468,31.329878982369316,20.845576090318588,1297.51,2611.95,64.68228734921126,1.976820290751624,0.4991250635535903,1.8787460287404114,1.922217625155151,0.9660736450144808,3.6441870086884567,0.45240849468215566
Uttar Pradesh,2019,250941,250941,4.08,,25.784819440148468,31.329878982369316,20.845576090318588,1297.51,2611.95,64.68228734921126,1.976820290751624,0.4991250635535903,1.8787460287404114,1.922217625155151,0.9660736450144808,3.6441870086884567,0.45240849468215566
Uttar Pradesh,2019,192762,192762,4.38,,25.784819440148468,31.329878982369316,20.845576090318588,1297.51,2611.95,64.68228734921126,1.976820290751624,0.4991250635535903,1.8787460287404114,1.922217625155151,0.9660736450144808,3.6441870086884567,0.45240849468215566
Uttar Pradesh,2019,100039,100039,3.41,,25.784819440148468,31.329878982369316,20.845576090318588,1297.51,2611.95,64.68228734921126,1.976820290751624,0.4991250635535903,1.8787460287404114,1.922217625155151,0.9660736450144808,3.6441870086884567,0.45240849468215566
Uttar Pradesh,2019,53793,53793,2.65,,25.784819440148468,31.329878982369316,20.845576090318588,1297.51,2611.95,64.68228734921126,1.976820290751624,0.4991250635535903,1.8787460287404114,1.922217625155151,0.9660736450144808,3.6441870086884567,0.45240849468215566
Uttar Pradesh,2019,152006,152006,3.33,,25.784819440148468,31.329878982369316,20.845576090318588,1297.51,2611.95,64.68228734921126,1.976820290751624,0.4991250635535903,1.8787460287404114,1.922217625155151,0.9660736450144808,3.6441870086884567,0.45240849468215566
Uttar Pradesh,2020,137658,137658,4.26,,25.200540290925883,31.17137189255753,20.122606980681905,953.92,2674.405,64.66585276687448,1.9348949434310783,0.5116588848702796,1.8787460287404114,1.922217625155151,0.9660736450144808,3.6441870086884567,0.45240849468215566
Uttar Pradesh,2020,223574,223574,4.18,,25.200540290925883,31.17137189255753,20.122606980681905,953.92,2674.405,64.66585276687448,1.9348949434310783,0.5116588848702796,1.8787460287404114,1.922217625155151,0.9660736450144808,3.6441870086884567,0.45240849468215566
Uttar Pradesh,2020,210752,210752,3.59,,25.200540290925883,31.17137189255753,20.122606980681905,953.92,2674.405,64.66585276687448,1.9348949434310783,0.5116588848702796,1.8787460287404114,1.922217625155151,0.9660736450144808,3.6441870086884567,0.45240849468215566
Uttar Pradesh,2020,119547,119547,3.84,,25.200540290925883,31.17137189255753,20.122606980681905,953.92,2674.405,64.66585276687448,1.9348949434310783,0.5116588848702796,1.8787460287404114,1.922217625155151,0.9660736450144808,3.6441870086884567,0.45240849468215566
Uttar Pradesh,2020,127185,127185,3.88,,25.200540290925883,31.17137189255753,20.122606980681905,953.92,2674.405,64.66585276687448,1.9348949434310783,0.5116588848702796,1.8787460287404114,1.922217625155151,0.9660736450144808,3.6441870086884567,0.45240849468215566
Uttar Pradesh,2020,92094,92094,4.02,,25.200540290925883,31.17137189255753,20.122606980681905,953.92,2674.405,64.66585276687448,1.9348949434310783,0.5116588848702796,1.8787460287404114,1.922217625155151,0.9660736450144808,3.6441870086884567,0.45240849468215566
Uttar Pradesh,2020,102110,102110,4.15,,25.200540290925883,31.17137189255753,20.122606980681905,953.92,2674.405,64.66585276687448,1.9348949434310783,0.5116588848702796,1.8787460287404114,1.922217625155151,0.9660736450144808,3.6441870086884567,0.45240849468215566
Uttar Pradesh,2020,240293,240293,3.54,,25.200540290925883,31.17137189255753,20.122606980681905,953.92,2674.405,64.66585276687448,1.9348949434310783,0.5116588848702796,1.8787460287404114,1.922217625155151,0.9660736450144808,3.6441870086884567,0.45240849468215566
Uttar Pradesh,2020,55427,55427,4.57,,25.200540290925883,31.17137189255753,20.122606980681905,953.92,2674.405,64.66585276687448,1.9348949434310783,0.5116588848702796,1.8787460287404114,1.922217625155151,0.9660736450144808,3.6441870086884567,0.45240849468215566
Uttar Pradesh,2020,161971,161971,3.49,,25.200540290925883,31.17137189255753,20.122606980681905,953.92,2674.405,64.66585276687448,1.9348949434310783,0.5116588848702796,1.8787460287404114,1.922217625155151,0.9660736450144808,3.6441870086884567,0.45240849468215566
Uttar Pradesh,2020,137921,137921,3.77,,25.200540290925883,31.17137189255753,20.122606980681905,953.92,2674.405,64.66585276687448,1.9348949434310783,0.5116588848702796,1.8787460287404114,1.922217625155151,0.9660736450144808,3.6441870086884567,0.45240849468215566
Uttar Pradesh,2020,87202,87202,3.4,,25.200540290925883,31.17137189255753,20.122606980681905,953.92,2674.405,64.66585276687448,1.9348949434310783,0.5116588848702796,1.8787460287404114,1.922217625155151,0.9660736450144808,3.6441870086884567,0.45240849468215566
Uttar Pradesh,2020,161837,161837,2.81,,25.200540290925883,31.17137189255753,20.122606980681905,953.92,2674.405,64.66585276687448,1.9348949434310783,0.5116588848702796,1.8787460287404114,1.922217625155151,0.9660736450144808,3.6441870086884567,0.45240849468215566
Uttar Pradesh,2020,166827,166827,4.33,,25.200540290925883,31.17137189255753,20.122606980681905,953.92,2674.405,64.66585276687448,1.9348949434310783,0.5116588848702796,1.8787460287404114,1.922217625155151,0.9660736450144808,3.6441870086884567,0.45240849468215566
Uttar Pradesh,2020,200048,200048,3.87,,25.200540290925883,31.17137189255753,20.122606980681905,953.92,2674.405,64.66585276687448,1.9348949434310783,0.5116588848702796,1.8787460287404114,1.922217625155151,0.9660736450144808,3.6441870086884567,0.45240849468215566
Uttar Pradesh,2020,119730,119730,3.56,,25.200540290925883,31.17137189255753,20.122606980681905,953.92,2674.405,64.66585276687448,1.9348949434310783,0.5116588848702796,1.8787460287404114,1.922217625155151,0.9660736450144808,3.6441870086884567,0.45240849468215566
Uttar Pradesh,2020,155416,155416,3.81,,25.200540290925883,31.17137189255753,20.122606980681905,953.92,2674.405,64.66585276687448,1.9348949434310783,0.5116588848702796,1.8787460287404114,1.922217625155151,0.9660736450144808,3.6441870086884567,0.45240849468215566
Uttar Pradesh,2020,232327,232327,3.91,,25.200540290925883,31.17137189255753,20.122606980681905,953.92,2674.405,64.66585276687448,1.9348949434310783,0.5116588848702796,1.8787460287404114,1.922217625155151,0.9660736450144808,3.6441870086884567,0.45240849468215566
Uttar Pradesh,2020,194116,194116,4.4,,25.200540290925883,31.17137189255753,20.122606980681905,953.92,2674.405,64.66585276687448,1.9348949434310783,0.5116588848702796,1.8787460287404114,1.922217625155151,0.9660736450144808,3.6441870086884567,0.45240849468215566
Uttar Pradesh,2020,99917,99917,3.64,,25.200540290925883,31.17137189255753,20.122606980681905,953.92,2674.405,64.66585276687448,1.9348949434310783,0.5116588848702796,1.8787460287404114,1.922217625155151,0.9660736450144808,3.6441870086884567,0.45240849468215566
Uttar Pradesh,2020,49779,49779,3.31,,25.200540290925883,31.17137189255753,20.122606980681905,953.92,2674.405,64.66585276687448,1.9348949434310783,0.5116588848702796,1.8787460287404114,1.922217625155151,0.9660736450144808,3.6441870086884567,0.45240849468215566
Uttar Pradesh,2020,153059,153059,3.36,,25.200540290925883,31.17137189255753,20.122606980681905,953.92,2674.405,64.66585276687448,1.9348949434310783,0.5116588848702796,1.8787460287404114,1.922217625155151,0.9660736450144808,3.6441870086884567,0.45240849468215566
Uttar Pradesh,2021,141532,141532,4.05,,25.629063563253943,31.356759201979585,20.650911305289206,1197.1899999999998,2690.5950000000003,63.69505992885864,1.965915171667182,0.4985884213175274,1.8787460287404114,1.922217625155151,0.9660736450144808,3.6441870086884567,0.45240849468215566
Uttar Pradesh,2021,232606,232606,4.19,,25.629063563253943,31.356759201979585,20.650911305289206,1197.1899999999998,2690.5950000000003,63.69505992885864,1.965915171667182,0.4985884213175274,1.8787460287404114,1.922217625155151,0.9660736450144808,3.6441870086884567,0.45240849468215566
Uttar Pradesh,2021,222277,222277,2.87,,25.629063563253943,31.356759201979585,20.650911305289206,1197.1899999999998,2690.5950000000003,63.69505992885864,1.965915171667182,0.4985884213175274,1.8787460287404114,1.922217625155151,0.9660736450144808,3.6441870086884567,0.45240849468215566
Uttar Pradesh,2021,123724,123724,3.68,,25.629063563253943,31.356759201979585,20.650911305289206,1197.1899999999998,2690.5950000000003,63.69505992885864,1.965915171667182,0.4985884213175274,1.8787460287404114,1.922217625155151,0.9660736450144808,3.6441870086884567,0.45240849468215566
Uttar Pradesh,2021,138543,138543,3.22,,25.629063563253943,31.356759201979585,20.650911305289206,1197.1899999999998,2690.5950000000003,63.69505992885864,1.965915171667182,0.4985884213175274,1.8787460287404114,1.922217625155151,0.9660736450144808,3.6441870086884567,0.45240849468215566
Uttar Pradesh,2021,96101,96101,3.95,,25.629063563253943,31.356759201979585,20.650911305289206,1197.1899999999998,2690.5950000000003,63.69505992885864,1.965915171667182,0.4985884213175274,1.8787460287404114,1.922217625155151,0.9660736450144808,3.6441870086884567,0.45240849468215566
Uttar Pradesh,2021,105757,105757,3.97,,25.629063563253943,31.356759201979585,20.650911305289206,1197.1899999999998,2690.5950000000003,63.69505992885864,1.965915171667182,0.4985884213175274,1.8787460287404114,1.922217625155151,0.9660736450144808,3.6441870086884567,0.45240849468215566
Uttar Pradesh,2021,244953,244953,3.47,,25.629063563253943,31.356759201979585,20.650911305289206,1197.1899999999998,2690.5950000000003,63.69505992885864,1.965915171667182,0.4985884213175274,1.8787460287404114,1.922217625155151,0.9660736450144808,3.6441870086884567,0.45240849468215566
Uttar Pradesh,2021,57237,57237,4.55,,25.629063563253943,31.356759201979585,20.650911305289206,1197.1899999999998,2690.5950000000003,63.69505992885864,1.965915171667182,0.4985884213175274,1.8787460287404114,1.922217625155151,0.9660736450144808,3.6441870086884567,0.45240849468215566
Uttar Pradesh,2021,165334,165334,3.52,,25.629063563253943,31.356759201979585,20.650911305289206,1197.1899999999998,2690.5950000000003,63.69505992885864,1.965915171667182,0.4985884213175274,1.8787460287404114,1.922217625155151,0.9660736450144808,3.6441870086884567,0.45240849468215566
Uttar Pradesh,2021,142473,142473,3.77,,25.629063563253943,31.356759201979585,20.650911305289206,1197.1899999999998,2690.5950000000003,63.69505992885864,1.965915171667182,0.4985884213175274,1.8787460287404114,1.922217625155151,0.9660736450144808,3.6441870086884567,0.45240849468215566
Uttar Pradesh,2021,89161,89161,3.3,,25.629063563253943,31.356759201979585,20.650911305289206,1197.1899999999998,2690.5950000000003,63.69505992885864,1.965915171667182,0.4985884213175274,1.8787460287404114,1.922217625155151,0.9660736450144808,3.6441870086884567,0.45240849468215566
Uttar Pradesh,2021,167353,167353,3.02,,25.629063563253943,31.356759201979585,20.650911305289206,1197.1899999999998,2690.5950000000003,63.69505992885864,1.965915171667182,0.4985884213175274,1.8787460287404114,1.922217625155151,0.9660736450144808,3.6441870086884567,0.45240849468215566
Uttar Pradesh,2021,173546,173546,4.04,,25.629063563253943,31.356759201979585,20.650911305289206,1197.1899999999998,2690.5950000000003,63.69505992885864,1.965915171667182,0.4985884213175274,1.8787460287404114,1.922217625155151,0.9660736450144808,3.6441870086884567,0.45240849468215566
Uttar Pradesh,2021,208130,208130,3.91,,25.629063563253943,31.356759201979585,20.650911305289206,1197.1899999999998,2690.5950000000003,63.69505992885864,1.965915171667182,0.4985884213175274,1.8787460287404114,1.922217625155151,0.9660736450144808,3.6441870086884567,0.45240849468215566
Uttar Pradesh,2021,124347,124347,3.64,,25.629063563253943,31.356759201979585,20.650911305289206,1197.1899999999998,2690.5950000000003,63.69505992885864,1.965915171667182,0.4985884213175274,1.8787460287404114,1.922217625155151,0.9660736450144808,3.6441870086884567,0.45240849468215566
Uttar Pradesh,2021,160351,160351,3.75,,25.629063563253943,31.356759201979585,20.650911305289206,1197.1899999999998,2690.5950000000003,63.69505992885864,1.965915171667182,0.4985884213175274,1.8787460287404114,1.922217625155151,0.9660736450144808,3.6441870086884567,0.45240849468215566
Uttar Pradesh,2021,241713,241713,3.89,,25.629063563253943,31.356759201979585,20.650911305289206,1197.1899999999998,2690.5950000000003,63.69505992885864,1.965915171667182,0.4985884213175274,1.8787460287404114,1.922217625155151,0.9660736450144808,3.6441870086884567,0.45240849468215566
Uttar Pradesh,2021,201958,201958,4.44,,25.629063563253943,31.356759201979585,20.650911305289206,1197.1899999999998,2690.5950000000003,63.69505992885864,1.965915171667182,0.4985884213175274,1.8787460287404114,1.922217625155151,0.9660736450144808,3.6441870086884567,0.45240849468215566
Uttar Pradesh,2021,105445,105445,3.52,,25.629063563253943,31.356759201979585,20.650911305289206,1197.1899999999998,2690.5950000000003,63.69505992885864,1.965915171667182,0.4985884213175274,1.8787460287404114,1.922217625155151,0.9660736450144808,3.6441870086884567,0.45240849468215566
Uttar Pradesh,2021,50750,50750,3.19,,25.629063563253943,31.356759201979585,20.650911305289206,1197.1899999999998,2690.5950000000003,63.69505992885864,1.965915171667182,0.4985884213175274,1.8787460287404114,1.922217625155151,0.9660736450144808,3.6441870086884567,0.45240849468215566
Uttar Pradesh,2021,153125,153125,3.48,,25.629063563253943,31.356759201979585,20.650911305289206,1197.1899999999998,2690.5950000000003,63.69505992885864,1.965915171667182,0.4985884213175274,1.8787460287404114,1.922217625155151,0.9660736450144808,3.6441870086884567,0.45240849468215566
Uttar Pradesh,2021,202178,827717,4.09,,25.629063563253943,31.356759201979585,20.650911305289206,1197.1899999999998,2690.5950000000003,63.69505992885864,1.965915171667182,0.4985884213175274,1.8787460287404114,1.922217625155151,0.9660736450144808,3.6441870086884567,0.45240849468215566
Uttar Pradesh,2022,130922,130922,4.22,,26.127834441695022,32.17849984534488,20.823760439220536,1017.0,2769.04,62.65441115063409,2.15547633776678,0.5080021458977548,1.8787460287404114,1.922217625155151,0.9660736450144808,3.6441870086884567,0.45240849468215566
Uttar Pradesh,2022,182135,182135,4.2,,26.127834441695022,32.17849984534488,20.823760439220536,1017.0,2769.04,62.65441115063409,2.15547633776678,0.5080021458977548,1.8787460287404114,1.922217625155151,0.9660736450144808,3.6441870086884567,0.45240849468215566
Uttar Pradesh,2022,244722,244722,2.3,,26.127834441695022,32.17849984534488,20.823760439220536,1017.0,2769.04,62.65441115063409,2.15547633776678,0.5080021458977548,1.8787460287404114,1.922217625155151,0.9660736450144808,3.6441870086884567,0.45240849468215566
Uttar Pradesh,2022,118413,118413,3.4,,26.127834441695022,32.17849984534488,20.823760439220536,1017.0,2769.04,62.65441115063409,2.15547633776678,0.5080021458977548,1.8787460287404114,1.922217625155151,0.9660736450144808,3.6441870086884567,0.45240849468215566
Uttar Pradesh,2022,129528,129528,2.95,,26.127834441695022,32.17849984534488,20.823760439220536,1017.0,2769.04,62.65441115063409,2.15547633776678,0.5080021458977548,1.8787460287404114,1.922217625155151,0.9660736450144808,3.6441870086884567,0.45240849468215566
Uttar Pradesh,2022,92734,92734,4.11,,26.127834441695022,32.17849984534488,20.823760439220536,1017.0,2769.04,62.65441115063409,2.15547633776678,0.5080021458977548,1.8787460287404114,1.922217625155151,0.9660736450144808,3.6441870086884567,0.45240849468215566
Uttar Pradesh,2022,103008,103008,4.17,,26.127834441695022,32.17849984534488,20.823760439220536,1017.0,2769.04,62.65441115063409,2.15547633776678,0.5080021458977548,1.8787460287404114,1.922217625155151,0.9660736450144808,3.6441870086884567,0.45240849468215566
Uttar Pradesh,2022,234260,234260,3.59,,26.127834441695022,32.17849984534488,20.823760439220536,1017.0,2769.04,62.65441115063409,2.15547633776678,0.5080021458977548,1.8787460287404114,1.922217625155151,0.9660736450144808,3.6441870086884567,0.45240849468215566
Uttar Pradesh,2022,54815,54815,4.54,,26.127834441695022,32.17849984534488,20.823760439220536,1017.0,2769.04,62.65441115063409,2.15547633776678,0.5080021458977548,1.8787460287404114,1.922217625155151,0.9660736450144808,3.6441870086884567,0.45240849468215566
Uttar Pradesh,2022,187662,187662,3.24,,26.127834441695022,32.17849984534488,20.823760439220536,1017.0,2769.04,62.65441115063409,2.15547633776678,0.5080021458977548,1.8787460287404114,1.922217625155151,0.9660736450144808,3.6441870086884567,0.45240849468215566
Uttar Pradesh,2022,147717,147717,3.48,,26.127834441695022,32.17849984534488,20.823760439220536,1017.0,2769.04,62.65441115063409,2.15547633776678,0.5080021458977548,1.8787460287404114,1.922217625155151,0.9660736450144808,3.6441870086884567,0.45240849468215566
Uttar Pradesh,2022,105224,105224,3.05,,26.127834441695022,32.17849984534488,20.823760439220536,1017.0,2769.04,62.65441115063409,2.15547633776678,0.5080021458977548,1.8787460287404114,1.922217625155151,0.9660736450144808,3.6441870086884567,0.45240849468215566
Uttar Pradesh,2022,193742,193742,3.28,,26.127834441695022,32.17849984534488,20.823760439220536,1017.0,2769.04,62.65441115063409,2.15547633776678,0.5080021458977548,1.8787460287404114,1.922217625155151,0.9660736450144808,3.6441870086884567,0.45240849468215566
Uttar Pradesh,2022,165972,165972,3.79,,26.127834441695022,32.17849984534488,20.823760439220536,1017.0,2769.04,62.65441115063409,2.15547633776678,0.5080021458977548,1.8787460287404114,1.922217625155151,0.9660736450144808,3.6441870086884567,0.45240849468215566
Uttar Pradesh,2022,207246,207246,4.07,,26.127834441695022,32.17849984534488,20.823760439220536,1017.0,2769.04,62.65441115063409,2.15547633776678,0.5080021458977548,1.8787460287404114,1.922217625155151,0.9660736450144808,3.6441870086884567,0.45240849468215566
Uttar Pradesh,2022,141055,141055,3.42,,26.127834441695022,32.17849984534488,20.823760439220536,1017.0,2769.04,62.65441115063409,2.15547633776678,0.5080021458977548,1.8787460287404114,1.922217625155151,0.9660736450144808,3.6441870086884567,0.45240849468215566
Uttar Pradesh,2022,152517,152517,3.79,,26.127834441695022,32.17849984534488,20.823760439220536,1017.0,2769.04,62.65441115063409,2.15547633776678,0.5080021458977548,1.8787460287404114,1.922217625155151,0.9660736450144808,3.6441870086884567,0.45240849468215566
Uttar Pradesh,2022,215342,215342,4.24,,26.127834441695022,32.17849984534488,20.823760439220536,1017.0,2769.04,62.65441115063409,2.15547633776678,0.5080021458977548,1.8787460287404114,1.922217625155151,0.9660736450144808,3.6441870086884567,0.45240849468215566
Uttar Pradesh,2022,195453,195453,4.29,,26.127834441695022,32.17849984534488,20.823760439220536,1017.0,2769.04,62.65441115063409,2.15547633776678,0.5080021458977548,1.8787460287404114,1.922217625155151,0.9660736450144808,3.6441870086884567,0.45240849468215566
Uttar Pradesh,2022,114959,114959,3.18,,26.127834441695022,32.17849984534488,20.823760439220536,1017.0,2769.04,62.65441115063409,2.15547633776678,0.5080021458977548,1.8787460287404114,1.922217625155151,0.9660736450144808,3.6441870086884567,0.45240849468215566
Uttar Pradesh,2022,79992,79992,3.14,,26.127834441695022,32.17849984534488,20.823760439220536,1017.0,2769.04,62.65441115063409,2.15547633776678,0.5080021458977548,1.8787460287404114,1.922217625155151,0.9660736450144808,3.6441870086884567,0.45240849468215566
Uttar Pradesh,2022,159816,159816,3.35,,26.127834441695022,32.17849984534488,20.823760439220536,1017.0,2769.04,62.65441115063409,2.15547633776678,0.5080021458977548,1.8787460287404114,1.922217625155151,0.9660736450144808,3.6441870086884567,0.45240849468215566
Uttar Pradesh,2023,172605,172605,3.68,,26.135386251159915,31.973248144138573,21.111286343952983,899.3699999999999,2670.87,61.72464158676152,1.9629635787194557,,1.8787460287404114,1.922217625155151,0.9660736450144808,3.6441870086884567,0.45240849468215566
