State,Mean_SOC,Median_SOC,Min_SOC,Max_SOC,Std_SOC
Chandigarh,23.753031412760418,23.150001525878906,20.299999237060547,36.20000076293945,2.82393564656291
Chandigarh,24.27222357855903,23.149999618530273,20.299999237060547,35.099998474121094,3.6164447161274316
Chandigarh,30.14666748046875,27.899999618530273,21.799999237060547,50.29999923706055,6.363684928003832
Chandigarh,20.200000762939453,20.200000762939453,20.200000762939453,20.200000762939453,0.0
Haryana,10.400000179515166,10.199999809265137,9.300000190734863,12.5,0.9725648218735
Haryana,10.300000190734863,10.299999237060547,10.0,10.600000381469727,0.2236069043742886
Haryana,10.34375,10.25,9.800000190734863,11.100000381469727,0.32781233218428824
Haryana,10.23873873873874,10.199999809265137,9.399999618530273,11.199999809265137,0.4202468101427239
Haryana,10.636362942782315,10.600000381469727,9.800000190734863,11.199999809265137,0.3656196295832097
Haryana,8.255555894639757,8.050000190734863,6.699999809265137,10.199999809265137,1.1861338539038317
Haryana,9.803053062380725,9.899999618530273,8.199999809265137,10.800000190734863,0.5215858145857243
Haryana,10.49230722280649,10.5,9.399999618530273,11.899999618530273,0.4937479278419096
Haryana,10.816418092642257,10.800000190734863,9.5,11.800000190734863,0.447746259065551
Haryana,10.361164574484222,10.399999618530273,9.100000381469727,11.5,0.5859575473283201
Haryana,10.43521161146567,10.5,8.899999618530273,11.399999618530273,0.5176051625559096
Haryana,10.462790555732195,10.600000381469727,8.699999809265137,11.699999809265137,0.7420973911838356
Haryana,,,,,
Haryana,9.425735473632812,9.699999809265137,6.800000190734863,10.699999809265137,0.8076833178794638
Haryana,10.449305216471354,10.449999809265137,9.399999618530273,11.300000190734863,0.4201515259608949
Haryana,10.306944953070747,10.300000190734863,9.100000381469727,11.300000190734863,0.4431034574456941
Haryana,10.02013905843099,10.050000190734863,8.5,12.100000381469727,0.8645470754267697
Haryana,9.567360772026909,9.5,8.300000190734863,11.300000190734863,0.5891177086694247
Haryana,9.818440755208334,9.800000190734863,7.599999904632568,12.5,0.8962968229643468
Haryana,8.781818736683238,8.699999809265137,7.800000190734863,9.600000381469727,0.4839575515044056
Haryana,9.729292436079545,9.699999809265137,6.900000095367432,11.100000381469727,0.5782685128953499
Haryana,10.637500339084202,10.600000381469727,9.5,12.600000381469727,0.6513740771259581
Haryana,10.197916666666666,10.199999809265137,8.600000381469727,12.399999618530273,0.524598861064716
Haryana,9.51527828640408,9.399999618530273,8.100000381469727,12.199999809265137,0.6733332708013677
Haryana,9.817360772026909,9.800000190734863,8.5,11.100000381469727,0.5475107657121606
Haryana,9.715972052680122,9.600000381469727,8.600000381469727,12.0,0.6993710601073746
Haryana,10.33912990404212,10.600000381469727,8.5,11.300000190734863,0.821842626035318
Haryana,8.215384263258715,8.100000381469727,7.199999809265137,8.899999618530273,0.4373805334899253
Haryana,10.334375381469727,10.350000381469727,8.300000190734863,12.100000381469727,0.7916001898361779
Haryana,10.465277777777779,10.5,9.5,13.100000381469727,0.5955062708580001
Haryana,9.46875,9.5,8.100000381469727,11.600000381469727,0.6379730086665611
Haryana,9.33263905843099,9.300000190734863,8.5,10.699999809265137,0.40991696682905804
Haryana,10.18951031878278,10.199999809265137,9.0,11.300000190734863,0.3948467673561958
Haryana,9.866666666666667,9.899999618530273,8.600000381469727,11.0,0.5107728267370496
Haryana,9.0,9.0,9.0,9.0,0.0
Haryana,9.199999809265137,9.199999809265137,9.199999809265137,9.199999809265137,0.0
Haryana,8.620175545675712,8.600000381469727,7.400000095367432,9.699999809265137,0.41784319728894453
Haryana,10.284722222222221,10.399999618530273,8.300000190734863,12.199999809265137,0.9232580563396943
Haryana,10.568147786458333,10.600000381469727,8.800000190734863,12.5,0.7639712985383302
Haryana,9.970833672417534,9.800000190734863,8.699999809265137,12.800000190734863,0.7786094807234839
Haryana,9.215277777777779,9.199999809265137,8.399999618530273,10.399999618530273,0.3551836979953581
Haryana,9.787413270323427,9.800000190734863,8.0,10.899999618530273,0.5204714043247035
Haryana,9.977778116861979,10.100000381469727,9.199999809265137,10.399999618530273,0.372014843564635
Haryana,8.992856706891741,8.850000381469727,8.100000381469727,10.300000190734863,0.6256017483330835
Haryana,9.667832167832168,9.600000381469727,8.199999809265137,11.199999809265137,0.7025031674425052
Haryana,9.753472222222221,9.5,8.5,11.800000190734863,0.8022462649454721
Haryana,11.444444444444445,11.5,9.600000381469727,13.199999809265137,0.6753371475327429
Haryana,10.218055725097656,10.100000381469727,8.699999809265137,12.199999809265137,0.667463383452973
Haryana,9.704929405534772,9.550000190734863,8.800000190734863,12.5,0.6981189343511179
Haryana,9.56547619047619,9.5,8.699999809265137,12.399999618530273,0.5566682450285138
Haryana,9.350000554865057,9.300000190734863,8.5,10.300000190734863,0.5391491677800869
Haryana,10.392308161808895,10.399999618530273,9.800000190734863,10.800000190734863,0.2840951161489829
Haryana,10.817020930296986,10.699999809265137,8.300000190734863,13.0,0.9693865655580007
Haryana,10.386806064181858,10.149999618530273,9.100000381469727,13.199999809265137,0.8647612357439886
Haryana,10.463570731026786,10.399999618530273,9.100000381469727,12.100000381469727,0.5783240051961641
Haryana,9.760377128169221,9.699999809265137,8.600000381469727,11.100000381469727,0.6373114842708694
Haryana,9.634883437045785,9.600000381469727,8.699999809265137,11.100000381469727,0.5206810332410087
Haryana,10.260465400163518,9.899999618530273,9.100000381469727,14.800000190734863,1.1454946382858435
Haryana,,,,,
Haryana,9.685714721679688,9.449999809265137,8.899999618530273,10.899999618530273,0.5730334660097333
Haryana,11.22857181609623,10.949999809265137,8.699999809265137,13.199999809265137,1.0659116917986007
Haryana,10.213286713286713,10.199999809265137,8.600000381469727,12.899999618530273,0.7892847038276002
Haryana,10.899305555555555,10.550000190734863,9.100000381469727,13.600000381469727,1.1889244199431936
Haryana,10.655671109858247,10.300000190734863,9.300000190734863,13.399999618530273,0.9491144636729348
Haryana,10.545454545454545,10.449999809265137,9.699999809265137,11.399999618530273,0.4539996360508404
Haryana,8.57777828640408,8.550000190734863,8.199999809265137,9.199999809265137,0.257240892835912
Haryana,9.553845527844551,9.5,8.100000381469727,10.800000190734863,0.7456470388113433
Haryana,11.374528992850825,10.949999809265137,9.199999809265137,14.199999809265137,1.2039291872698823
Haryana,10.53450635453345,10.5,9.0,13.399999618530273,0.7421937281958378
Haryana,10.706250508626303,10.5,8.899999618530273,13.0,0.9967460093543447
Haryana,10.392857142857142,10.100000381469727,8.899999618530273,13.100000381469727,0.9956076940386013
Haryana,10.573611789279514,10.300000190734863,8.899999618530273,13.5,1.065949367993942
Haryana,10.616279069767442,10.600000381469727,9.600000381469727,12.0,0.5392775346660873
Haryana,10.6499997652494,10.699999809265137,9.899999618530273,11.600000381469727,0.42358373043852204
Haryana,7.5363637750799,7.599999904632568,7.300000190734863,7.699999809265137,0.13666620037742144
Haryana,7.704166412353516,7.699999809265137,7.300000190734863,8.300000190734863,0.20202967088577037
Haryana,8.30813953488372,8.300000190734863,7.800000190734863,9.0,0.2620203583072341
Haryana,9.078632061298077,9.0,8.199999809265137,11.0,0.5147115909625257
Haryana,9.325713820684523,9.100000381469727,8.399999618530273,11.0,0.6058490717171853
Haryana,10.300693935818142,10.399999618530273,8.800000190734863,11.300000190734863,0.45269202422563737
Haryana,10.262500339084202,10.199999809265137,9.399999618530273,11.699999809265137,0.4302575043651065
Haryana,10.852082994249132,10.600000381469727,9.300000190734863,13.5,0.872971330734765
Haryana,10.665278116861979,10.600000381469727,9.699999809265137,13.0,0.5735270490640684
Haryana,10.45277828640408,10.300000190734863,9.199999809265137,12.399999618530273,0.5998777986903504
Haryana,10.577777438693577,10.449999809265137,9.5,12.199999809265137,0.6499406688100764
Haryana,10.515384273929195,10.5,9.199999809265137,12.5,0.5391404283503278
Haryana,10.616666158040365,10.75,9.600000381469727,11.699999809265137,0.6587023419139807
Haryana,9.200000339084202,9.300000190734863,8.5,10.199999809265137,0.5999998869720566
Haryana,9.066667145373774,9.050000190734863,7.599999904632568,10.600000381469727,0.7460133876247149
Haryana,8.769444783528646,8.699999809265137,7.599999904632568,10.199999809265137,0.6305065829533437
Haryana,8.914582994249132,9.0,7.5,10.399999618530273,0.6907090552246287
Haryana,9.488889906141493,9.399999618530273,8.399999618530273,11.100000381469727,0.6777322764974024
Haryana,10.348610772026909,10.5,8.600000381469727,11.399999618530273,0.5928961701780072
Haryana,10.260416666666666,10.199999809265137,9.300000190734863,11.199999809265137,0.36175087151520025
Haryana,10.319444444444445,10.399999618530273,9.0,11.199999809265137,0.47423588360655616
Haryana,10.286110772026909,10.300000190734863,9.600000381469727,11.0,0.3076820090369193
Haryana,10.03125,10.100000381469727,8.5,11.100000381469727,0.5844594447485543
Haryana,9.854166666666666,9.899999618530273,8.699999809265137,11.100000381469727,0.5143597251823392
Haryana,10.369444105360243,10.300000190734863,9.0,12.300000190734863,0.5836044442751743
Haryana,10.679851475046641,10.699999809265137,8.899999618530273,12.300000190734863,0.5943490301542904
Haryana,11.75,11.300000190734863,11.100000381469727,13.600000381469727,0.81394108253039
Haryana,8.94699951171875,8.899999618530273,7.900000095367432,9.899999618530273,0.4936507038508963
Haryana,9.268056233723959,9.399999618530273,8.0,10.899999618530273,0.6642302102940353
Haryana,10.179166158040365,10.199999809265137,8.600000381469727,11.800000190734863,0.6125850305445236
Haryana,11.056250678168404,10.850000381469727,9.199999809265137,13.800000190734863,1.084020242894008
Haryana,10.247916327582466,10.300000190734863,8.399999618530273,11.699999809265137,0.8019047487119768
Haryana,10.590972900390625,10.800000190734863,8.800000190734863,11.800000190734863,0.6186806178707612
Haryana,9.75,9.800000190734863,8.0,11.5,0.7729315060314589
Haryana,9.593572126116072,9.600000381469727,8.399999618530273,11.300000190734863,0.5065585578313359
Haryana,10.130555894639757,10.199999809265137,8.699999809265137,11.100000381469727,0.5507921152036084
Haryana,9.41597154405382,9.5,7.900000095367432,10.800000190734863,0.6064082525362879
Haryana,9.477778116861979,9.600000381469727,7.900000095367432,10.800000190734863,0.697858275759294
Haryana,10.100694444444445,10.199999809265137,8.399999618530273,11.699999809265137,0.6964689178045326
Haryana,11.097202967930507,11.0,10.399999618530273,13.100000381469727,0.37564754256376726
Haryana,11.384313246783089,11.300000190734863,10.800000190734863,12.600000381469727,0.32801995404173534
Haryana,9.134782431782156,9.199999809265137,8.100000381469727,10.0,0.47421212466312623
Haryana,9.460417005750868,9.600000381469727,8.100000381469727,10.699999809265137,0.5439335617714557
Haryana,9.931944105360243,10.0,8.100000381469727,10.899999618530273,0.5621946846781596
Haryana,10.04652828640408,10.0,8.699999809265137,11.5,0.6285911438034103
Haryana,9.888193766276041,10.100000381469727,8.300000190734863,11.300000190734863,0.6758221923226568
Haryana,9.502083672417534,9.399999618530273,8.199999809265137,12.0,0.7073492116457855
Haryana,9.293056064181858,9.25,7.900000095367432,11.399999618530273,0.7510781576097862
Haryana,8.992307009396853,8.899999618530273,8.199999809265137,11.399999618530273,0.5711082102011377
Haryana,9.659722222222221,9.600000381469727,8.199999809265137,11.699999809265137,0.6179400531722148
Haryana,9.928471883138021,9.899999618530273,8.600000381469727,11.199999809265137,0.4908415520088203
Haryana,9.273611280653212,9.199999809265137,8.199999809265137,10.600000381469727,0.49159408129786797
Haryana,9.808333502875435,9.699999809265137,8.300000190734863,12.0,0.9856258308796336
Haryana,10.051388210720486,10.100000381469727,8.800000190734863,11.300000190734863,0.6259422161519955
Haryana,10.974305894639757,10.899999618530273,10.0,12.800000190734863,0.4519627691693807
Haryana,11.32999979654948,11.300000190734863,9.899999618530273,12.199999809265137,0.3917057068760901
Haryana,9.846666463216145,9.899999618530273,9.5,10.300000190734863,0.18571184232666774
Haryana,10.0,10.0,10.0,10.0,0.0
Haryana,10.218181956898082,10.300000190734863,9.699999809265137,10.600000381469727,0.26906645628612524
Haryana,9.133333206176758,9.299999237060547,8.5,9.600000381469727,0.3880148622195142
Haryana,9.004065040650406,8.899999618530273,8.100000381469727,10.300000190734863,0.5397075956134435
Haryana,9.654166327582466,9.699999809265137,8.399999618530273,10.699999809265137,0.4592982633798689
Haryana,10.193055894639757,10.199999809265137,9.399999618530273,11.0,0.3652725042120696
Haryana,10.119444105360243,10.199999809265137,8.600000381469727,11.100000381469727,0.585149308195885
Haryana,10.234027438693577,10.199999809265137,8.699999809265137,12.5,0.7689425479787227
Haryana,9.668055216471354,9.800000190734863,8.199999809265137,11.5,0.6545410954460152
Haryana,9.472916497124565,9.399999618530273,8.100000381469727,10.899999618530273,0.6019895749530725
Haryana,8.870922332114361,8.699999809265137,7.599999904632568,11.100000381469727,0.7179105810588798
Haryana,10.23472171359592,10.199999809265137,8.399999618530273,11.899999618530273,0.7652450288550948
Haryana,10.383332994249132,10.399999618530273,9.300000190734863,11.399999618530273,0.4693375610000014
Haryana,10.201398942854022,10.199999809265137,8.5,11.600000381469727,0.7197499374073855
Haryana,10.038194444444445,10.0,8.399999618530273,12.100000381469727,0.7431162500673321
Haryana,10.480555216471354,10.600000381469727,8.699999809265137,11.899999618530273,0.6556673611022268
Haryana,10.83389851198358,10.800000190734863,9.100000381469727,12.399999618530273,0.553298323136207
Haryana,9.125,9.200000762939453,8.800000190734863,9.300000190734863,0.20463381347147366
Haryana,10.233823888442096,9.649999618530273,8.5,17.0,1.9054959496320156
Haryana,10.110400390625,9.899999618530273,8.600000381469727,15.699999809265137,1.1278172682354182
Haryana,10.488888471554487,10.300000190734863,9.399999618530273,18.700000762939453,1.2359831511526487
Haryana,10.75897451547476,10.5,9.600000381469727,13.100000381469727,0.9812911780132103
Haryana,10.835042317708334,10.300000190734863,8.300000190734863,15.0,1.81519305744234
Haryana,9.699305216471354,9.449999809265137,8.100000381469727,13.199999809265137,1.1157020570401324
Haryana,9.834721883138021,9.899999618530273,8.199999809265137,11.399999618530273,0.6324906228310043
Haryana,10.60347154405382,10.600000381469727,9.699999809265137,12.300000190734863,0.5508092003590722
Haryana,10.724305894639757,10.800000190734863,9.399999618530273,11.800000190734863,0.5175055360843491
Haryana,10.50972154405382,10.550000190734863,8.699999809265137,12.100000381469727,0.6999324923194156
Haryana,10.727082994249132,10.699999809265137,9.199999809265137,12.199999809265137,0.648204656808742
Haryana,10.015972561306423,10.0,8.5,12.199999809265137,0.6363593086858538
Haryana,8.769014600297096,8.699999809265137,7.599999904632568,10.600000381469727,0.5361814945970884
Haryana,9.605555216471354,9.5,8.199999809265137,11.399999618530273,0.7072813698535301
Haryana,10.248611450195312,10.100000381469727,8.800000190734863,12.399999618530273,0.6932197348016002
Haryana,10.814583672417534,10.899999618530273,9.199999809265137,12.800000190734863,0.7016813740662068
Haryana,10.559722052680122,10.600000381469727,8.899999618530273,11.800000190734863,0.6333683729239395
Haryana,10.85486094156901,10.800000190734863,9.0,12.5,0.6550901161564242
Haryana,10.872519456703245,10.899999618530273,10.0,12.199999809265137,0.4487562822069998
Haryana,11.266666412353516,11.199999809265137,10.899999618530273,11.699999809265137,0.32998323519987294
Haryana,9.545455239035867,9.600000381469727,9.100000381469727,10.100000381469727,0.23105936378938183
Haryana,9.316901408450704,9.199999809265137,8.199999809265137,12.100000381469727,0.6302214932283933
Haryana,9.85142822265625,9.75,8.5,12.0,0.7056391760039791
Haryana,10.450724283854166,10.399999618530273,9.300000190734863,13.5,0.714370777120017
Haryana,9.900714111328124,9.699999809265137,8.800000190734863,13.199999809265137,0.7588992061531489
Haryana,10.19166734483507,10.199999809265137,8.5,12.100000381469727,0.5753621940751426
Haryana,11.273611280653212,10.899999618530273,9.5,15.800000190734863,1.3026674596207477
Haryana,11.55833265516493,11.600000381469727,9.100000381469727,14.0,0.9471081683491311
Haryana,10.515972561306423,10.300000190734863,8.199999809265137,17.5,1.7730882914013681
Haryana,10.303471883138021,10.399999618530273,8.0,12.699999809265137,0.9248432895320562
Haryana,10.291851128472222,10.399999618530273,7.5,12.300000190734863,0.8466099392726694
Haryana,10.281945122612846,10.5,7.900000095367432,12.199999809265137,1.012193232972765
Haryana,10.103472391764322,10.0,9.199999809265137,11.399999618530273,0.503241345951941
Haryana,9.134028116861979,9.149999618530273,8.0,11.600000381469727,0.6563962302504333
Haryana,9.233334011501736,9.199999809265137,8.399999618530273,10.100000381469727,0.3395258657908843
Haryana,9.856250339084202,9.800000190734863,8.699999809265137,11.0,0.5879246113510282
Haryana,10.686111450195312,10.699999809265137,9.300000190734863,12.100000381469727,0.5563535841640816
Haryana,10.914582994249132,10.899999618530273,9.899999618530273,12.899999618530273,0.5535201243484675
Haryana,10.543971284906915,10.5,8.600000381469727,12.199999809265137,0.5176828917727416
Haryana,10.726388719346788,10.699999809265137,9.800000190734863,11.699999809265137,0.39139817592549664
Haryana,10.908571079799108,10.899999618530273,10.199999809265137,11.600000381469727,0.2887128759821785
Haryana,9.991666158040365,9.75,8.899999618530273,13.699999809265137,1.0919846712796573
Haryana,11.240909923206676,10.5,9.699999809265137,15.699999809265137,1.6953570517547902
Haryana,10.633333333333333,10.399999618530273,10.100000381469727,12.300000190734863,0.5906681859074175
Haryana,10.10851098459663,10.100000381469727,9.199999809265137,11.699999809265137,0.4991467448814858
Haryana,9.98263888888889,10.0,9.0,10.800000190734863,0.473950548443897
Haryana,10.120139227973091,10.0,9.0,11.399999618530273,0.5363948456276774
Haryana,10.195832994249132,10.300000190734863,8.600000381469727,12.399999618530273,0.8184398246599767
Haryana,10.632639567057291,10.399999618530273,8.399999618530273,14.199999809265137,1.2165428454029097
Haryana,10.574125703398165,10.399999618530273,8.399999618530273,15.300000190734863,1.1777490484322892
Haryana,10.729861789279514,10.800000190734863,9.0,12.300000190734863,0.7280186111376179
Haryana,11.086110432942709,11.300000190734863,8.100000381469727,12.899999618530273,0.8758813710416845
Haryana,10.608333163791233,10.25,8.199999809265137,13.5,1.4373248926801376
Haryana,10.564583672417534,10.399999618530273,9.0,13.0,0.8682252567839678
Haryana,9.666666666666666,9.600000381469727,8.600000381469727,10.899999618530273,0.44487825802028474
Haryana,9.95138888888889,9.699999809265137,8.699999809265137,11.699999809265137,0.6893018130491908
Haryana,10.019444783528646,10.100000381469727,8.899999618530273,11.300000190734863,0.6155708522321082
Haryana,10.817360772026909,10.800000190734863,9.300000190734863,12.800000190734863,0.5898834460225348
Haryana,11.214583502875435,11.25,9.899999618530273,12.399999618530273,0.5493643790942375
Haryana,10.962500678168404,10.899999618530273,10.100000381469727,12.5,0.5538846349038042
Haryana,11.361804538302952,10.899999618530273,10.0,22.100000381469727,1.4591186885131793
Haryana,10.531249046325684,10.5,9.600000381469727,11.699999809265137,0.38257967661477416
Haryana,11.29,11.300000190734863,10.5,12.100000381469727,0.31448373480202246
Haryana,11.878947368421052,11.5,10.300000190734863,20.0,1.4423587588143663
Haryana,11.836169953041889,11.699999809265137,10.600000381469727,16.200000762939453,0.8408268373297614
Haryana,,,,,
Haryana,9.557692307692308,9.399999618530273,9.0,11.399999618530273,0.5160300073987889
Haryana,10.25894711143092,10.199999809265137,8.800000190734863,12.699999809265137,0.7154674265237727
Haryana,10.091870315675813,10.0,9.0,11.600000381469727,0.6386715535655638
Haryana,10.236363977819057,10.199999809265137,9.0,11.699999809265137,0.508191009212913
Haryana,10.811805725097656,10.600000381469727,9.199999809265137,13.199999809265137,0.7951674158647084
Haryana,10.097916497124565,10.100000381469727,9.300000190734863,11.5,0.48540767596327344
Haryana,10.616084598994755,10.600000381469727,8.699999809265137,13.600000381469727,1.0972725625900839
Haryana,11.411110772026909,11.399999618530273,10.199999809265137,13.100000381469727,0.5621277885076028
Haryana,11.279166327582466,11.300000190734863,10.399999618530273,12.399999618530273,0.4553501448019548
Haryana,11.116667005750868,11.149999618530273,9.800000190734863,12.600000381469727,0.6205956088538072
Haryana,11.900694953070747,11.899999618530273,10.300000190734863,13.899999618530273,0.7618960558867953
Haryana,11.049999660915798,11.100000381469727,9.399999618530273,12.800000190734863,0.9238356651123202
Haryana,10.73611111111111,10.699999809265137,9.600000381469727,12.5,0.6008802428380707
Haryana,10.478013491799645,10.399999618530273,9.199999809265137,14.399999618530273,0.9320983756487999
Haryana,11.238194783528646,11.100000381469727,9.300000190734863,17.399999618530273,1.154580012906544
Haryana,11.969444274902344,11.800000190734863,10.100000381469727,22.399999618530273,1.2239664912181656
Haryana,11.211111280653212,11.199999809265137,10.300000190734863,12.699999809265137,0.42132578347597516
Haryana,11.079165988498264,11.0,10.300000190734863,18.5,0.7777170041565706
Haryana,10.608334011501736,10.449999809265137,9.600000381469727,12.300000190734863,0.6146927999545482
Haryana,11.328472561306423,11.199999809265137,10.600000381469727,13.5,0.476191957849555
Haryana,11.412587412587413,11.399999618530273,10.399999618530273,13.800000190734863,0.5821189566657278
Haryana,12.30111083984375,12.0,11.100000381469727,17.899999618530273,1.17298240165543
Haryana,9.366666158040365,9.300000190734863,9.300000190734863,9.5,0.09428081424707321
Haryana,10.44545537775213,10.449999809265137,9.5,11.300000190734863,0.5654662268107458
Haryana,11.290972391764322,11.100000381469727,9.5,15.699999809265137,1.234679016876063
Haryana,10.091666327582466,9.899999618530273,8.699999809265137,12.600000381469727,0.7817804069253214
Haryana,10.663888719346788,10.699999809265137,9.0,12.0,0.6674589935017982
Haryana,10.338194105360243,10.199999809265137,9.5,11.800000190734863,0.5113973751397081
Haryana,10.624304877387154,10.5,9.399999618530273,12.199999809265137,0.609330956285804
Haryana,11.763194613986546,11.800000190734863,10.399999618530273,13.100000381469727,0.6124570828278858
Haryana,12.275694105360243,12.25,10.300000190734863,14.300000190734863,0.7253587906545584
Haryana,11.67013888888889,11.699999809265137,10.300000190734863,14.100000381469727,0.6008188709118337
Haryana,11.389584011501736,11.300000190734863,10.100000381469727,13.199999809265137,0.6179849483686349
Haryana,11.997886980083626,12.050000190734863,10.100000381469727,13.699999809265137,0.7371880941930747
Haryana,11.259028116861979,11.300000190734863,9.800000190734863,12.899999618530273,0.6699308424128825
Haryana,10.681944953070747,10.600000381469727,9.199999809265137,12.699999809265137,0.6577162343771942
Haryana,10.351389567057291,10.300000190734863,9.100000381469727,11.800000190734863,0.5294108383299486
Haryana,11.138194613986546,11.0,10.100000381469727,12.899999618530273,0.5284932088682225
Haryana,11.379860772026909,11.5,10.100000381469727,12.600000381469727,0.558840531958287
Haryana,10.727082994249132,10.699999809265137,10.0,12.100000381469727,0.3747626558864168
Haryana,10.651111291956019,10.699999809265137,9.399999618530273,11.399999618530273,0.4318550315010678
Haryana,11.274305555555555,11.100000381469727,10.399999618530273,18.5,0.9643468309681582
Haryana,14.919443766276041,12.449999809265137,10.600000381469727,28.399999618530273,4.730534316135738
Haryana,12.104587379945528,12.0,11.300000190734863,13.300000190734863,0.4564291422645075
Haryana,13.009524390811013,13.100000381469727,12.199999809265137,13.5,0.34627928278655984
Haryana,10.961110432942709,11.0,9.800000190734863,12.300000190734863,0.5278947857402093
Haryana,10.867742723034274,10.699999809265137,10.0,14.699999809265137,0.6327803546996055
Haryana,10.854166666666666,10.800000190734863,9.100000381469727,14.300000190734863,0.7280944194066259
Haryana,10.05833265516493,9.899999618530273,8.699999809265137,12.100000381469727,0.7500463107466968
Haryana,10.08263905843099,10.100000381469727,8.800000190734863,11.5,0.6150124467995
Haryana,11.092361450195312,10.399999618530273,8.899999618530273,34.79999923706055,3.6153046162679323
Haryana,10.651389227973091,10.600000381469727,9.199999809265137,13.100000381469727,0.7564524440521267
Haryana,11.743749830457899,11.600000381469727,10.0,14.600000381469727,0.856569256563623
Haryana,12.409722222222221,12.449999809265137,10.699999809265137,14.199999809265137,0.6635677320273126
Haryana,11.675693935818142,11.699999809265137,8.5,13.699999809265137,0.8403245649152276
Haryana,11.970833672417534,11.899999618530273,10.5,13.800000190734863,0.7593742317330333
Haryana,11.043750339084202,11.100000381469727,9.699999809265137,12.899999618530273,0.7549575604599067
Haryana,10.602082994249132,10.5,9.600000381469727,12.199999809265137,0.524069120533157
Haryana,10.465277777777779,10.5,9.399999618530273,12.0,0.43226142543476076
Haryana,10.553471883138021,10.600000381469727,9.600000381469727,11.399999618530273,0.4169854087412404
Haryana,10.554167005750868,10.5,9.800000190734863,11.899999618530273,0.38131260132129036
Haryana,11.049306233723959,10.949999809265137,10.199999809265137,12.899999618530273,0.5208162119193476
Haryana,11.081249660915798,10.850000381469727,10.100000381469727,22.100000381469727,1.2020797077815994
Haryana,10.98662040602993,10.899999618530273,10.199999809265137,12.0,0.36487095740037423
Haryana,11.96875,11.699999809265137,10.399999618530273,15.399999618530273,0.9381918816785171
Haryana,13.422916836208767,13.199999809265137,11.399999618530273,20.5,1.3939212890578954
Haryana,13.48695705247962,13.399999618530273,12.300000190734863,15.0,0.7580320433181175
Haryana,13.860000610351562,13.899999618530273,13.5,14.300000190734863,0.28705398062622334
Haryana,13.899999618530273,13.899999618530273,13.899999618530273,13.899999618530273,0.0
Haryana,10.955882352941176,10.899999618530273,10.199999809265137,13.0,0.4697879344734097
Haryana,10.239552967583956,10.399999618530273,8.300000190734863,11.0,0.5906003417023441
Haryana,10.353571428571428,10.5,8.300000190734863,11.600000381469727,0.7297172058898144
Haryana,10.512500339084202,10.600000381469727,8.899999618530273,11.899999618530273,0.6082620000550961
Haryana,9.893750508626303,9.800000190734863,9.0,11.0,0.4566208638716763
Haryana,10.504861619737413,10.5,9.199999809265137,11.899999618530273,0.5687864576094273
Haryana,11.094405594405595,11.100000381469727,10.199999809265137,12.300000190734863,0.42685652081594194
Haryana,11.198611789279514,11.199999809265137,9.300000190734863,12.899999618530273,0.6121440272504635
Haryana,11.40625,11.5,9.199999809265137,13.199999809265137,0.7943567604008464
Haryana,10.008730933779763,10.25,7.5,12.5,1.1121279144671297
Haryana,10.98472171359592,10.850000381469727,9.899999618530273,12.800000190734863,0.6872165553234376
Haryana,10.720138549804688,10.600000381469727,9.5,12.100000381469727,0.4747192061499392
Haryana,10.215972052680122,10.100000381469727,9.300000190734863,12.5,0.6250181279335768
Haryana,10.474305894639757,10.5,9.699999809265137,11.399999618530273,0.36281051744434023
Haryana,10.453147194602273,10.5,9.5,11.399999618530273,0.40240611627267664
Haryana,10.463194105360243,10.449999809265137,9.399999618530273,11.5,0.3929494367815814
Haryana,10.539582994249132,10.5,9.800000190734863,11.600000381469727,0.3412026885271624
Haryana,11.190972222222221,11.100000381469727,10.300000190734863,12.699999809265137,0.4097616591956918
Haryana,11.422222561306423,11.399999618530273,10.699999809265137,13.399999618530273,0.4246640010602939
Haryana,13.56666734483507,13.699999809265137,11.100000381469727,16.5,1.4764823042891533
Haryana,14.26337959397007,14.100000381469727,12.800000190734863,16.200000762939453,0.823380123685832
Haryana,14.142352653952205,14.0,13.300000190734863,15.199999809265137,0.49713917091293797
Haryana,14.757142857142858,14.899999618530273,13.5,16.399999618530273,0.6319067209015462
Haryana,15.540000697544643,15.600000381469727,14.0,17.299999237060547,0.6538676992301536
Haryana,10.930611746651786,10.899999618530273,10.5,11.399999618530273,0.24595006447317297
Haryana,10.411805894639757,10.399999618530273,8.800000190734863,12.0,0.6675511664557577
Haryana,9.295833163791233,9.199999809265137,8.5,10.899999618530273,0.5087941951199538
Haryana,10.087499830457899,10.100000381469727,8.800000190734863,11.5,0.6725650236902725
Haryana,10.712499830457899,10.699999809265137,9.0,12.300000190734863,0.598711001399973
Haryana,11.231945461697048,11.199999809265137,9.300000190734863,13.199999809265137,0.720498744803538
Haryana,11.427083333333334,11.399999618530273,10.399999618530273,12.800000190734863,0.5212456774660144
Haryana,10.912499321831596,11.0,9.300000190734863,12.0,0.566528765381803
Haryana,10.505555894639757,10.5,9.0,12.399999618530273,0.624808585595999
Haryana,10.467361450195312,10.5,9.300000190734863,11.800000190734863,0.5140835988035879
Haryana,9.852898196897645,10.0,8.199999809265137,11.5,0.7374252096043296
Haryana,10.067360772026909,10.100000381469727,8.899999618530273,11.899999618530273,0.5952158616725716
Haryana,10.218055725097656,10.199999809265137,9.199999809265137,11.300000190734863,0.46392841804025586
Haryana,10.707638210720486,10.600000381469727,9.800000190734863,13.100000381469727,0.668962694938025
Haryana,10.723611619737413,10.800000190734863,9.100000381469727,12.600000381469727,0.5722744913501293
Haryana,10.76736111111111,10.800000190734863,9.899999618530273,12.800000190734863,0.44266083353244445
Haryana,11.123611450195312,11.100000381469727,10.600000381469727,13.0,0.4382708489566481
Haryana,12.313888549804688,12.300000190734863,10.800000190734863,14.600000381469727,0.6978748925362236
Haryana,12.903472052680122,12.800000190734863,11.300000190734863,15.199999809265137,0.7008341380544937
Haryana,14.379022344842657,14.199999809265137,12.899999618530273,16.5,0.8315335434135335
Haryana,15.136805216471354,15.0,13.5,17.700000762939453,0.9211818875494109
Haryana,16.090972900390625,16.100000381469727,13.5,18.0,0.8477022312230291
Haryana,17.478632478632477,16.899999618530273,15.800000190734863,21.5,1.3108898720850934
Haryana,19.568086664727392,19.399999618530273,18.100000381469727,20.899999618530273,0.6713296873595312
Haryana,,,,,
Haryana,10.649999618530273,10.649999618530273,10.600000381469727,10.699999809265137,0.04999971389997883
Haryana,9.101250457763673,8.899999618530273,8.199999809265137,10.699999809265137,0.6466246467333945
Haryana,9.716666327582466,9.699999809265137,8.300000190734863,11.399999618530273,0.7348469077242783
Haryana,9.560416327582466,9.600000381469727,8.199999809265137,11.100000381469727,0.6161280615932214
Haryana,10.240000697544643,10.100000381469727,9.300000190734863,11.5,0.49552279438925356
Haryana,10.101587689112103,10.0,9.0,12.199999809265137,0.6441413665926847
Haryana,10.549306233723959,10.600000381469727,9.0,12.399999618530273,0.66342925985738
Haryana,10.218055725097656,10.100000381469727,9.100000381469727,12.699999809265137,0.5972916977477432
Haryana,9.518749660915798,9.399999618530273,8.300000190734863,12.100000381469727,0.6622739526064533
Haryana,9.92013888888889,9.899999618530273,8.699999809265137,11.5,0.5290950792464914
Haryana,9.824305216471354,9.600000381469727,8.199999809265137,12.899999618530273,0.928428023043755
Haryana,9.571528116861979,9.5,8.399999618530273,10.800000190734863,0.47179670175503885
Haryana,10.478472391764322,10.199999809265137,8.899999618530273,18.200000762939453,1.2776478226100327
Haryana,11.365034623579545,11.399999618530273,9.199999809265137,12.699999809265137,0.8371829837823396
Haryana,10.775525499890735,10.699999809265137,8.800000190734863,13.100000381469727,0.9811664885181689
Haryana,11.172916836208767,11.100000381469727,10.300000190734863,13.300000190734863,0.5353113021701185
Haryana,11.729166666666666,11.649999618530273,10.5,13.300000190734863,0.5978985147992688
Haryana,13.429861280653212,13.550000190734863,11.600000381469727,15.300000190734863,0.8773444417368319
Haryana,15.708333333333334,15.600000381469727,13.0,24.399999618530273,1.3008277153649561
Haryana,15.979431585217199,15.800000190734863,14.100000381469727,30.799999237060547,1.5753201564229373
Haryana,17.145138210720486,17.100000381469727,15.800000190734863,19.100000381469727,0.6145040723689928
Haryana,17.864583333333332,17.700000762939453,16.299999237060547,20.0,0.794378614210851
Haryana,18.863044185914855,18.849998474121094,16.299999237060547,23.299999237060547,1.4415710081048851
Haryana,19.568831802962663,19.799999237060547,15.699999809265137,22.600000381469727,1.6497351863500829
Haryana,26.099998474121094,26.099998474121094,25.399999618530273,26.799999237060547,0.6999998092657863
Haryana,29.258138967114824,26.700000762939453,19.200000762939453,48.400001525878906,8.255970068911568
Haryana,42.86666923656798,43.400001525878906,34.29999923706055,46.70000076293945,2.6061555848899403
Haryana,42.509433962264154,44.79999923706055,27.899999618530273,49.29999923706055,5.559837996815499
Haryana,10.744330651981315,9.800000190734863,8.899999618530273,16.399999618530273,2.1457687564843675
Haryana,13.003447433997845,13.300000190734863,9.5,17.600000381469727,2.2156936355575825
Haryana,12.808473748675848,13.0,10.699999809265137,16.100000381469727,1.4030581199805685
Haryana,13.32280637506853,13.399999618530273,10.199999809265137,16.299999237060547,1.588557465734702
Haryana,12.861903599330358,12.800000190734863,9.100000381469727,15.199999809265137,1.5941787320413132
Haryana,10.420339810646187,10.449999809265137,9.0,12.300000190734863,0.6293068115734269
Haryana,11.019444783528646,10.899999618530273,8.600000381469727,14.399999618530273,0.8380928709219667
Haryana,9.363309352517986,9.600000381469727,7.800000190734863,11.399999618530273,0.7150130885240451
Haryana,10.169879223926959,10.100000381469727,8.899999618530273,11.5,0.515479680502524
Haryana,10.647619338262649,10.699999809265137,10.0,11.199999809265137,0.34999192849215643
Haryana,9.250467175635222,9.300000190734863,7.699999809265137,11.300000190734863,0.8628764570432244
Haryana,9.643332926432292,9.699999809265137,8.399999618530273,11.100000381469727,0.5851970154559342
Haryana,9.347916497124565,9.300000190734863,8.399999618530273,11.100000381469727,0.424913219568488
Haryana,9.447916666666666,9.399999618530273,8.399999618530273,11.699999809265137,0.6426905983143203
Haryana,10.025694105360243,10.0,7.900000095367432,12.399999618530273,1.0220313564195327
Haryana,9.679860432942709,9.5,8.600000381469727,13.0,0.7251991800103678
Haryana,10.083333333333334,9.600000381469727,8.5,24.200000762939453,1.9122049909367569
Haryana,10.66466091987782,10.100000381469727,8.5,23.700000762939453,1.9217471666051356
Haryana,11.195000348772322,10.899999618530273,8.800000190734863,23.600000381469727,1.8719480007028981
Haryana,11.727778116861979,11.5,10.300000190734863,14.300000190734863,0.886350539907604
Haryana,13.667832167832168,13.399999618530273,11.399999618530273,16.899999618530273,1.3822350201729037
Haryana,15.41597154405382,15.300000190734863,13.100000381469727,17.799999237060547,0.9020549589719449
Haryana,17.317362467447918,17.200000762939453,15.100000381469727,19.700000762939453,1.136168665944242
Haryana,18.068085798980498,18.200000762939453,14.300000190734863,21.399999618530273,1.4150316955390483
Haryana,19.471327988417833,19.399999618530273,17.200000762939453,21.5,1.0810265889811757
Haryana,19.632639567057293,19.600000381469727,16.600000381469727,21.899999618530273,1.0204050218995806
Haryana,20.082638210720486,20.349998474121094,17.399999618530273,22.200000762939453,0.9664029910799042
Haryana,20.981319217891482,20.899999618530273,18.399999618530273,24.600000381469727,1.1265928043717033
Haryana,21.37802224630838,21.299999237060547,17.899999618530273,24.399999618530273,1.034865080044796
Haryana,24.81132075471698,24.600000381469727,20.899999618530273,33.0,1.941129883388173
Haryana,36.21259014423077,36.599998474121094,20.799999237060547,46.5,6.445596680967789
Haryana,38.670248740960744,37.70000076293945,30.299999237060547,51.5,4.485083599330945
Haryana,33.80999755859375,32.75,31.200000762939453,40.79999923706055,2.5127476219273945
Haryana,10.15128189478165,9.800000190734863,8.899999618530273,13.699999809265137,1.1677003204918122
Haryana,11.135897644564636,10.699999809265137,9.300000190734863,15.600000381469727,1.2850529231084302
Haryana,10.810416327582466,10.600000381469727,9.800000190734863,12.399999618530273,0.6093847826095445
Haryana,11.052083333333334,11.100000381469727,9.800000190734863,12.899999618530273,0.6744307121627051
Haryana,9.983915742460665,9.5,8.5,14.300000190734863,1.4100860660696026
Haryana,11.070832994249132,10.800000190734863,8.699999809265137,14.199999809265137,1.3632006373877785
Haryana,11.809722900390625,11.699999809265137,8.899999618530273,15.5,1.4321855707056466
Haryana,9.61271227820445,9.600000381469727,7.599999904632568,12.899999618530273,1.12901233541936
Haryana,7.987837507918075,7.850000381469727,6.900000095367432,10.199999809265137,0.7882503032935199
Haryana,9.354166666666666,9.199999809265137,7.800000190734863,11.100000381469727,0.9548032832273479
Haryana,9.303596771020683,9.199999809265137,8.100000381469727,11.399999618530273,0.6866045961437731
Haryana,8.469599609375,8.5,7.599999904632568,9.800000190734863,0.4362061749933007
Haryana,9.783916766826923,9.800000190734863,8.0,11.5,0.6914715143732124
Haryana,9.650705256932218,9.5,8.399999618530273,11.399999618530273,0.5587645298492323
Haryana,10.484027438693577,10.149999618530273,8.600000381469727,12.899999618530273,1.1596013838633774
Haryana,10.986614557701772,10.899999618530273,7.699999809265137,13.600000381469727,1.3954008912922586
Haryana,12.401389227973091,12.300000190734863,9.800000190734863,15.0,1.2544911432922246
Haryana,12.865971883138021,12.899999618530273,10.300000190734863,15.399999618530273,1.2283210514701943
Haryana,14.954264322916666,14.899999618530273,11.5,23.899999618530273,1.7251000271374775
Haryana,17.436111450195312,17.399999618530273,15.100000381469727,19.700000762939453,0.9351627428751615
Haryana,18.141665988498264,18.349998474121094,15.5,20.0,1.0684555148177837
Haryana,19.92013888888889,20.0,16.700000762939453,22.5,1.013559398927773
Haryana,20.73611111111111,20.700000762939453,18.799999237060547,23.0,0.805761525534406
Haryana,21.247222900390625,21.399999618530273,18.399999618530273,23.100000381469727,0.8937238282597214
Haryana,22.252777099609375,22.0,19.299999237060547,25.700000762939453,1.451864009998781
Haryana,23.63055419921875,23.799999237060547,20.200000762939453,26.399999618530273,1.2878318452021946
Haryana,24.264584011501736,24.299999237060547,21.299999237060547,27.399999618530273,1.1789512639824764
Haryana,27.952779134114582,26.700000762939453,23.700000762939453,41.79999923706055,3.683728178793492
Haryana,41.75373134328358,42.599998474121094,26.399999618530273,54.79999923706055,7.089719891885735
Haryana,47.88750203450521,47.75,41.29999923706055,59.400001525878906,4.245322419325171
Haryana,9.200000127156576,9.199999809265137,9.0,9.399999618530273,0.1632991604514909
Haryana,10.452173647673234,10.100000381469727,9.100000381469727,13.899999618530273,1.0859255513921402
Haryana,10.493748982747396,10.399999618530273,8.800000190734863,13.600000381469727,0.871398870073014
Haryana,10.41319359673394,10.25,8.399999618530273,23.200000762939453,1.525580385923927
Haryana,9.813888549804688,9.699999809265137,8.399999618530273,11.899999618530273,0.7003581881303238
Haryana,9.976223605496067,10.0,8.5,11.600000381469727,0.5515341437200991
Haryana,10.625,10.399999618530273,8.699999809265137,14.300000190734863,1.3621622726155607
Haryana,10.405832926432291,10.300000190734863,7.5,14.300000190734863,1.6345384676929002
Haryana,7.94545468417081,8.100000381469727,7.0,8.800000190734863,0.5211240385354644
Haryana,9.219999694824219,9.300000190734863,8.699999809265137,9.800000190734863,0.45343156890902886
Haryana,9.524218559265137,9.600000381469727,7.900000095367432,10.800000190734863,0.7476783355217985
Haryana,11.013286884014423,10.5,8.199999809265137,26.0,2.177836123652625
Haryana,11.204852946753642,10.899999618530273,9.699999809265137,23.399999618530273,1.7164752124773628
Haryana,10.874747228140782,10.800000190734863,9.300000190734863,13.0,0.79395995569987
Haryana,11.768268291766827,11.800000190734863,10.5,13.300000190734863,0.688541418706052
Haryana,12.846153846153847,12.899999618530273,10.699999809265137,14.899999618530273,1.0218823063289957
Haryana,12.989286150251116,13.149999618530273,11.300000190734863,14.399999618530273,0.7814086284669859
Haryana,14.104000244140625,14.100000381469727,11.300000190734863,16.899999618530273,1.3189328685853767
Haryana,17.365517802622126,17.200000762939453,13.100000381469727,20.0,1.4128984517028245
Haryana,19.242371639962922,19.299999237060547,16.399999618530273,21.200000762939453,0.9867260643363039
Haryana,18.424306233723957,18.299999237060547,16.5,20.899999618530273,0.9820787676627803
Haryana,18.46875,18.399999618530273,16.399999618530273,21.299999237060547,1.2222172409722474
Haryana,21.596527099609375,21.5,19.200000762939453,23.700000762939453,1.0102538658502251
Haryana,23.369444105360245,23.0,20.899999618530273,27.399999618530273,1.3974320600181942
Haryana,25.131249321831596,25.299999237060547,22.700000762939453,29.700000762939453,1.1833608747524074
Haryana,25.63333299424913,25.799999237060547,22.399999618530273,28.399999618530273,1.3176683230016986
Haryana,27.10615234375,27.0,24.600000381469727,30.600000381469727,1.1750453323837533
Haryana,39.97739045516305,41.0,25.600000381469727,54.400001525878906,6.997602837555755
Haryana,50.07948655348558,50.099998474121094,40.70000076293945,59.20000076293945,3.0030054149612764
Haryana,9.617072872999238,9.600000381469727,8.699999809265137,10.699999809265137,0.4247825830261827
Haryana,9.865971883138021,9.800000190734863,8.699999809265137,17.600000381469727,0.9818607426691707
Haryana,10.184722052680122,10.199999809265137,8.800000190734863,13.0,0.532201830734557
Haryana,9.445138719346788,9.300000190734863,8.5,11.0,0.5754020237015616
Haryana,9.821528116861979,9.800000190734863,8.600000381469727,11.300000190734863,0.6722850092913907
Haryana,9.724305894639757,9.399999618530273,8.399999618530273,13.300000190734863,1.063618478513093
Haryana,11.933673469387756,12.0,8.600000381469727,15.699999809265137,1.4647520949957467
Haryana,11.306667073567708,11.399999618530273,10.399999618530273,12.300000190734863,0.6147808994828315
Haryana,10.541860181231831,10.5,8.800000190734863,12.699999809265137,0.7865829237356892
Haryana,14.87105359529194,13.0,9.800000190734863,28.5,4.820291978985854
Haryana,19.600000381469727,19.600000381469727,19.600000381469727,19.600000381469727,0.0
Haryana,19.013157894736842,19.25,16.200000762939453,20.799999237060547,1.3077041168132444
Haryana,20.123435974121094,20.0,17.200000762939453,23.799999237060547,1.7509588215288565
Haryana,22.934752119348403,22.899999618530273,20.100000381469727,26.399999618530273,1.3016621028930397
Haryana,25.46388922797309,25.399999618530273,22.5,28.100000381469727,1.2336492440952946
Haryana,26.09027777777778,26.150001525878906,24.0,27.899999618530273,0.7414625052837236
Haryana,25.525694105360245,25.5,22.899999618530273,30.299999237060547,1.2080027049882682
Haryana,31.62221950954861,27.700000762939453,24.200000762939453,47.099998474121094,7.178792369615183
Haryana,10.269999186197916,10.300000190734863,9.5,10.899999618530273,0.3680126828423948
Haryana,9.674999660915798,9.699999809265137,8.600000381469727,10.699999809265137,0.41724960779251447
Haryana,9.762499491373697,9.699999809265137,8.199999809265137,11.699999809265137,0.6463438676194698
Haryana,9.392424612334281,9.300000190734863,7.900000095367432,11.399999618530273,0.7109129205883812
Haryana,9.885416666666666,9.600000381469727,8.600000381469727,18.399999618530273,1.3003722581255979
Haryana,9.330328269082992,9.149999618530273,8.399999618530273,11.300000190734863,0.6008040427538721
Haryana,9.631764849494486,9.600000381469727,7.599999904632568,11.300000190734863,0.8196429611688479
Haryana,11.044185904569405,10.899999618530273,7.800000190734863,18.899999618530273,2.4590886489242982
Haryana,21.933334350585938,21.299999237060547,20.899999618530273,23.600000381469727,1.1897716437757702
Haryana,22.797458454713983,22.700000762939453,19.700000762939453,25.5,1.4566889970226877
Haryana,25.36453831449468,25.799999237060547,20.899999618530273,28.299999237060547,1.5060697267175234
Haryana,27.089582655164932,26.849998474121094,25.100000381469727,30.899999618530273,1.137292038297543
Haryana,28.44751842309397,27.799999237060547,22.799999237060547,43.20000076293945,4.017737037503174
Haryana,39.275001525878906,39.19999694824219,33.29999923706055,45.400001525878906,5.829827113590237
Haryana,10.240869140625,10.300000190734863,8.899999618530273,12.300000190734863,0.703023999971157
Haryana,10.682639227973091,10.699999809265137,9.0,12.199999809265137,0.6700259225482931
Haryana,10.515277438693577,10.399999618530273,9.199999809265137,12.0,0.5473825680056356
Haryana,10.904861450195312,10.600000381469727,9.399999618530273,19.299999237060547,1.292248746549318
Haryana,10.034722222222221,9.899999618530273,9.0,18.700000762939453,1.0385165519084258
Haryana,10.384126209077381,9.899999618530273,8.5,20.200000762939453,1.8837826429175437
Haryana,15.012499809265137,14.799999237060547,13.100000381469727,17.100000381469727,1.3504050024810805
Haryana,22.875,23.25,19.600000381469727,25.700000762939453,1.4109837566917953
Haryana,25.13555591724537,25.0,23.600000381469727,27.5,0.7339861649552144
Haryana,27.02222188313802,27.100000381469727,22.399999618530273,35.5,2.550257186125648
Haryana,37.75242718446602,36.400001525878906,28.399999618530273,50.79999923706055,6.571944526145741
Haryana,47.599998474121094,47.599998474121094,47.599998474121094,47.599998474121094,0.0
Haryana,11.362500508626303,10.5,10.0,18.399999618530273,2.1433641992970727
Haryana,11.759677025579638,10.899999618530273,9.800000190734863,24.5,2.7052791483968304
Haryana,11.782143729073661,10.75,9.699999809265137,19.299999237060547,2.2671652853037045
Haryana,11.132911392405063,10.5,9.899999618530273,20.600000381469727,1.9087223513467175
Haryana,11.385714576357888,10.800000190734863,9.300000190734863,15.899999618530273,1.9121877905879863
Haryana,12.545454545454545,10.699999809265137,9.199999809265137,17.5,2.9429002036763863
Haryana,24.75,24.650001525878906,23.399999618530273,27.200000762939453,1.0142258161168825
Haryana,31.523769691342213,27.100000381469727,22.799999237060547,47.79999923706055,7.502677696653071
Haryana,45.602409638554214,45.29999923706055,37.900001525878906,51.599998474121094,2.768104723130647
Haryana,38.3999989827474,37.45000076293945,34.0,43.79999923706055,3.7447742791056298
Haryana,41.357142857142854,42.29999923706055,37.5,44.400001525878906,2.6693267859705396
Punjab,10.030476888020834,10.0,9.100000381469727,11.899999618530273,0.39523923892849233
Punjab,10.14528324918927,10.100000381469727,9.399999618530273,11.199999809265137,0.428497210020615
Punjab,9.986667887369792,9.899999618530273,9.300000190734863,10.5,0.33638596544625793
Punjab,10.420967348160282,10.399999618530273,9.600000381469727,11.399999618530273,0.4649443197790032
Punjab,11.626605952551605,10.899999618530273,9.399999618530273,25.0,2.290372395906817
Punjab,10.38888888888889,10.399999618530273,8.600000381469727,12.0,1.1308251186868146
Punjab,9.794117647058824,9.800000190734863,8.699999809265137,11.5,0.40755351954988533
Punjab,10.154166327582466,10.100000381469727,9.0,11.699999809265137,0.5008153094135558
Punjab,10.150694953070747,10.199999809265137,8.699999809265137,11.300000190734863,0.6144098944158712
Punjab,10.754861619737413,10.699999809265137,9.199999809265137,12.199999809265137,0.6209121433843177
Punjab,11.22695035460993,11.100000381469727,9.800000190734863,13.5,0.6985171120209974
Punjab,11.537000732421875,11.649999618530273,9.699999809265137,14.100000381469727,0.866216517146561
Punjab,10.699999809265137,10.699999809265137,10.699999809265137,10.699999809265137,0.0
Punjab,9.609091514398244,9.600000381469727,8.600000381469727,11.199999809265137,0.4519928415374522
Punjab,10.369444105360243,10.399999618530273,9.100000381469727,12.399999618530273,0.6483180832319427
Punjab,10.58263905843099,10.600000381469727,9.699999809265137,11.699999809265137,0.3850198412992231
Punjab,10.6875,10.699999809265137,9.600000381469727,12.300000190734863,0.5093398473399237
Punjab,11.522917005750868,11.300000190734863,9.600000381469727,14.100000381469727,1.0049681470034453
Punjab,12.253521126760564,12.25,10.199999809265137,15.0,1.0608700587020552
Punjab,11.728571677694516,11.699999809265137,9.300000190734863,13.800000190734863,0.8456370524778152
Punjab,,,,,
Punjab,9.831817626953125,9.800000190734863,8.699999809265137,11.899999618530273,0.5717222678598127
Punjab,9.934286063058035,9.899999618530273,8.699999809265137,11.399999618530273,0.5213678648935455
Punjab,10.42695000831117,10.399999618530273,9.399999618530273,12.0,0.5335389077188439
Punjab,10.775694953070747,10.699999809265137,9.699999809265137,12.100000381469727,0.47656854390631515
Punjab,11.384028116861979,11.25,9.800000190734863,14.699999809265137,0.9430788273943901
Punjab,12.997917175292969,13.0,11.300000190734863,15.399999618530273,0.7934163618121528
Punjab,11.902796178430943,12.199999809265137,8.600000381469727,14.199999809265137,1.2378609924144894
Punjab,11.650000494879645,11.449999809265137,9.5,13.800000190734863,1.069004334860634
Punjab,11.733333587646484,10.600000381469727,10.600000381469727,14.0,1.6027751908629542
Punjab,9.77913616372527,9.800000190734863,8.800000190734863,11.0,0.41750799582230813
Punjab,10.26111094156901,10.199999809265137,8.899999618530273,12.199999809265137,0.5248162523691507
Punjab,11.503472222222221,11.25,9.399999618530273,14.899999618530273,1.2116570956866528
Punjab,11.404166327582466,11.100000381469727,9.699999809265137,14.300000190734863,1.0066359710027435
Punjab,11.742361280653212,11.850000381469727,9.800000190734863,14.300000190734863,0.7992687589702402
Punjab,12.270139906141493,12.100000381469727,9.600000381469727,14.699999809265137,1.1407892180517472
Punjab,11.90625,12.0,9.699999809265137,13.600000381469727,0.7897976137797486
Punjab,11.817482688210227,11.600000381469727,10.300000190734863,14.100000381469727,0.7301033817523072
Punjab,11.691304347826087,11.300000190734863,9.399999618530273,14.899999618530273,1.342260580360647
Punjab,11.11999969482422,11.5,9.600000381469727,12.0,0.8795452529517338
Punjab,10.533333460489908,10.600000381469727,10.399999618530273,10.600000381469727,0.09428126381131362
Punjab,10.275694105360243,10.25,9.0,12.0,0.4823620168923588
Punjab,11.586804707845053,11.300000190734863,9.100000381469727,15.0,1.387105650662505
Punjab,11.73263888888889,11.5,9.600000381469727,14.899999618530273,1.0499225861140766
Punjab,12.512500339084202,12.350000381469727,10.600000381469727,15.0,1.0095292254860055
Punjab,12.144444783528646,12.100000381469727,10.399999618530273,15.5,0.8904413656186151
Punjab,10.966666327582466,11.0,9.0,12.600000381469727,0.7526804244242308
Punjab,11.786805894639757,11.800000190734863,10.0,13.699999809265137,0.7104621259823843
Punjab,11.76853078562063,11.699999809265137,10.0,13.5,0.5285445611923092
Punjab,12.718055725097656,12.550000190734863,11.5,15.300000190734863,0.8998960367127503
Punjab,12.3935782056336,12.600000381469727,10.100000381469727,14.0,0.9255075640012561
Punjab,9.649999618530273,10.050000190734863,8.300000190734863,10.199999809265137,0.7826237311970812
Punjab,10.656250953674316,10.550000190734863,10.0,12.100000381469727,0.509863652564708
Punjab,10.569444444444445,10.600000381469727,8.5,12.399999618530273,0.7030961087941328
Punjab,12.141666836208767,11.800000190734863,10.199999809265137,15.0,1.1589926250576752
Punjab,10.714184050864361,10.600000381469727,8.199999809265137,13.800000190734863,1.0214425987970526
Punjab,13.122222052680122,13.399999618530273,10.399999618530273,15.5,1.1556289993130853
Punjab,12.602778116861979,12.5,10.600000381469727,15.5,1.1368783037905794
Punjab,10.827142333984375,10.899999618530273,7.699999809265137,14.199999809265137,0.8765062317645237
Punjab,10.95277828640408,10.800000190734863,9.5,13.600000381469727,0.8317438457726313
Punjab,11.454166836208767,11.300000190734863,9.699999809265137,15.300000190734863,1.067439500366572
Punjab,11.865277608235678,11.550000190734863,10.600000381469727,16.100000381469727,1.0296519764724035
Punjab,12.235416836208767,12.199999809265137,10.300000190734863,14.399999618530273,0.7736519269551456
Punjab,12.23974374624399,11.899999618530273,8.199999809265137,21.299999237060547,2.463702619742097
Punjab,11.5022216796875,11.5,10.300000190734863,12.600000381469727,0.46355579509223627
Punjab,12.457894736842105,12.399999618530273,11.5,14.600000381469727,0.5744707650828103
Punjab,12.864000244140625,12.850000381469727,12.0,14.100000381469727,0.4637931627778524
Punjab,14.600000381469727,14.600000381469727,14.600000381469727,14.600000381469727,0.0
Punjab,12.350000381469727,12.350000381469727,12.300000190734863,12.399999618530273,0.04999971389997883
Punjab,13.356451219128024,12.850000381469727,10.100000381469727,21.299999237060547,2.0623835384827927
Punjab,11.89655172413793,11.0,9.899999618530273,19.100000381469727,2.390568118711036
Punjab,10.17954531582919,10.149999618530273,8.5,12.600000381469727,0.6679614875852434
Punjab,10.590972052680122,10.5,9.199999809265137,14.399999618530273,0.6824092364295109
Punjab,11.279166327582466,11.100000381469727,9.600000381469727,14.5,0.9973489081885241
Punjab,11.232167490712413,10.899999618530273,9.0,14.600000381469727,1.2087444608068865
Punjab,12.215277777777779,11.899999618530273,10.699999809265137,15.0,1.0674684648832906
Punjab,13.01388888888889,13.350000381469727,9.899999618530273,14.899999618530273,1.2404418536069852
Punjab,11.336364319274475,11.300000190734863,10.0,13.5,0.5489399394317174
Punjab,11.074305216471354,11.050000190734863,10.0,13.300000190734863,0.6176508756805955
Punjab,11.317360772026909,11.199999809265137,10.100000381469727,14.100000381469727,0.6984437000672836
Punjab,11.390277438693577,11.300000190734863,9.600000381469727,13.600000381469727,0.9020285188594377
Punjab,11.867376232823581,12.0,7.5,14.899999618530273,1.640424428782667
Punjab,13.475886351673315,12.5,9.100000381469727,25.600000381469727,2.915376249362039
Punjab,11.411111111111111,11.399999618530273,10.800000190734863,12.5,0.3917040998940092
Punjab,12.234722561306423,12.100000381469727,11.300000190734863,13.600000381469727,0.5529365241288241
Punjab,13.209721883138021,13.199999809265137,12.0,14.399999618530273,0.5052941022047648
Punjab,13.061537522536058,13.199999809265137,10.699999809265137,14.399999618530273,0.7695287563237067
Punjab,13.872726286300505,13.899999618530273,11.100000381469727,24.0,1.553738909879024
Punjab,13.7216005859375,13.600000381469727,11.699999809265137,16.399999618530273,0.8741243470325593
Punjab,14.067360772026909,13.899999618530273,12.199999809265137,17.0,0.8952676654105333
Punjab,12.702098072825612,12.899999618530273,10.0,14.800000190734863,0.9548893941991131
Punjab,12.61111111111111,12.449999809265137,10.0,20.700000762939453,2.025546721352021
Punjab,,,,,
Punjab,9.5271192647643,9.600000381469727,7.699999809265137,11.600000381469727,0.7011686558576561
Punjab,10.737499660915798,10.699999809265137,9.0,12.800000190734863,0.5447827278874212
Punjab,11.124304877387154,11.100000381469727,9.699999809265137,13.100000381469727,0.648314771763947
Punjab,11.292361789279514,11.300000190734863,7.900000095367432,14.899999618530273,1.1304546550364667
Punjab,12.949305216471354,13.149999618530273,10.800000190734863,15.199999809265137,1.0967119788851214
Punjab,11.772917005750868,11.5,10.0,14.600000381469727,1.0461715119632047
Punjab,11.638194613986546,11.699999809265137,10.399999618530273,13.0,0.5763867718110879
Punjab,10.917857142857143,11.100000381469727,8.0,12.600000381469727,0.9961545824176076
Punjab,12.786110772026909,12.800000190734863,10.899999618530273,15.0,0.7074613664412293
Punjab,13.952082316080729,14.0,12.600000381469727,15.300000190734863,0.5269103462624648
Punjab,13.856943766276041,13.75,11.199999809265137,16.899999618530273,1.0104078354985655
Punjab,13.191790680387127,12.600000381469727,10.600000381469727,25.600000381469727,2.315684654950006
Punjab,12.608334011501736,12.600000381469727,11.5,14.199999809265137,0.5226135810715394
Punjab,12.958333333333334,13.0,11.300000190734863,14.199999809265137,0.5306573562366379
Punjab,13.554166158040365,13.5,11.899999618530273,15.0,0.6282554090169346
Punjab,13.904166327582466,13.800000190734863,12.600000381469727,22.799999237060547,1.05540108871064
Punjab,13.117360432942709,13.399999618530273,9.5,16.100000381469727,1.1659122548355898
Punjab,14.214583502875435,14.300000190734863,11.0,16.899999618530273,1.120637727096948
Punjab,13.514583163791233,13.5,11.600000381469727,16.600000381469727,0.9059194878377907
Punjab,13.706202307412791,13.300000190734863,11.600000381469727,22.5,1.7299797040223417
Punjab,21.700000762939453,21.700000762939453,21.700000762939453,21.700000762939453,0.0
Punjab,10.068469348254505,10.100000381469727,8.699999809265137,11.399999618530273,0.5311863274928352
Punjab,9.848610772026909,9.899999618530273,8.600000381469727,11.399999618530273,0.5746963044151718
Punjab,11.286805894639757,11.100000381469727,9.800000190734863,14.800000190734863,0.8696460568536986
Punjab,11.065972222222221,10.899999618530273,9.399999618530273,14.100000381469727,0.9050140721407545
Punjab,13.259028116861979,13.399999618530273,10.399999618530273,14.600000381469727,0.8819496430587432
Punjab,12.26388888888889,12.199999809265137,10.199999809265137,14.199999809265137,0.7523676536871843
Punjab,11.696403228979317,11.800000190734863,7.900000095367432,13.699999809265137,1.011332204071805
Punjab,11.544444613986546,11.5,9.5,14.399999618530273,0.9272703142394518
Punjab,12.322222391764322,12.199999809265137,10.800000190734863,15.0,0.7673407021135004
Punjab,13.318055894639757,13.5,11.100000381469727,15.699999809265137,1.1221663120350471
Punjab,14.179861280653212,14.199999809265137,12.300000190734863,15.699999809265137,0.6628620155893803
Punjab,13.880555894639757,13.75,10.899999618530273,22.200000762939453,1.9877499081920198
Punjab,12.387500339084202,12.100000381469727,10.699999809265137,21.399999618530273,1.3942279077215936
Punjab,12.516084257539335,12.5,10.5,14.699999809265137,0.8098735627127744
Punjab,14.316665649414062,14.300000190734863,12.399999618530273,16.0,0.8261355956147831
Punjab,14.629860772026909,14.399999618530273,12.300000190734863,22.899999618530273,1.4166215134873583
Punjab,12.37295081967213,12.300000190734863,10.0,15.199999809265137,1.0611652252691004
Punjab,12.722695208610372,12.399999618530273,10.600000381469727,17.200000762939453,1.210554594807619
Punjab,15.059721204969618,15.050000190734863,13.600000381469727,16.5,0.6862053035078332
Punjab,15.288887871636284,15.100000381469727,12.800000190734863,24.700000762939453,1.536008146925428
Punjab,16.496921950120193,15.100000381469727,10.899999618530273,25.600000381469727,3.569139895757302
Punjab,,,,,
Punjab,9.002702867662585,9.0,7.599999904632568,10.300000190734863,0.5911447974116948
Punjab,10.588652482269504,10.5,8.5,13.100000381469727,1.0625870171703153
Punjab,10.209027608235678,10.149999618530273,9.199999809265137,12.100000381469727,0.6002214047898817
Punjab,9.878069961280154,9.800000190734863,8.0,12.699999809265137,1.1970547718363196
Punjab,11.524999830457899,11.100000381469727,9.399999618530273,22.100000381469727,1.4569517525402205
Punjab,12.27430640326606,11.899999618530273,9.5,15.300000190734863,1.376577196240028
Punjab,13.643056233723959,13.699999809265137,10.0,16.700000762939453,1.379293971510647
Punjab,12.82986111111111,12.649999618530273,11.399999618530273,15.699999809265137,0.8472241525658839
Punjab,12.521527608235678,12.5,11.100000381469727,14.199999809265137,0.5458381861494725
Punjab,12.220138549804688,12.199999809265137,10.100000381469727,13.899999618530273,0.6934795303759235
Punjab,12.08263905843099,12.199999809265137,10.300000190734863,13.600000381469727,0.6935546194012554
Punjab,14.074305216471354,14.100000381469727,11.699999809265137,15.899999618530273,0.8920751911648206
Punjab,15.118310203014964,14.300000190734863,11.899999618530273,37.20000076293945,3.3928179361936945
Punjab,13.429860432942709,12.600000381469727,11.100000381469727,31.700000762939453,3.636047930550515
Punjab,12.840559099104022,12.800000190734863,11.300000190734863,15.5,0.6939537019277575
Punjab,12.965277777777779,13.0,11.0,15.699999809265137,0.8246480410702411
Punjab,13.41276561114805,13.399999618530273,11.699999809265137,15.699999809265137,0.7298937017945061
Punjab,12.795967348160282,13.0,11.100000381469727,14.600000381469727,0.7922404962823358
Punjab,13.496350364963504,13.399999618530273,10.100000381469727,17.100000381469727,1.4141314458463574
Punjab,15.11111111111111,15.050000190734863,12.699999809265137,18.299999237060547,0.9664590532846279
Punjab,15.624304877387154,15.699999809265137,14.399999618530273,17.600000381469727,0.677643686267529
Punjab,16.27972027972028,14.899999618530273,11.199999809265137,35.5,3.8512292105097874
Punjab,13.060000610351562,13.199999809265137,11.399999618530273,14.5,0.9275774649382912
Punjab,9.497320992606026,9.449999809265137,8.0,10.5,0.4865071968772683
Punjab,10.597222222222221,10.600000381469727,8.699999809265137,12.800000190734863,0.8338285504050477
Punjab,10.776389227973091,10.550000190734863,8.899999618530273,14.5,1.3026141526098947
Punjab,9.815385298295455,9.899999618530273,7.800000190734863,13.199999809265137,1.2284681243049311
Punjab,12.696528116861979,12.800000190734863,9.699999809265137,14.800000190734863,1.2545148310170373
Punjab,13.302777608235678,13.199999809265137,9.800000190734863,17.299999237060547,1.903102092347567
Punjab,16.109027438693577,16.299999237060547,13.699999809265137,17.600000381469727,0.8982941361802936
Punjab,13.223610772026909,13.199999809265137,11.5,16.799999237060547,0.8918602606191105
Punjab,12.924999660915798,12.899999618530273,11.100000381469727,15.100000381469727,0.6740734061555487
Punjab,12.590972052680122,12.600000381469727,10.899999618530273,14.300000190734863,0.6312370202583636
Punjab,13.391665988498264,13.399999618530273,12.0,14.699999809265137,0.5076498418200762
Punjab,13.932867303594843,14.0,11.100000381469727,15.899999618530273,0.9510227046634463
Punjab,17.328470865885418,15.100000381469727,13.100000381469727,43.0,5.00410469552347
Punjab,18.64999862455986,16.349998474121094,12.300000190734863,36.20000076293945,5.919694377208687
Punjab,13.577777438693577,13.5,12.199999809265137,18.399999618530273,0.7467935618920959
Punjab,13.754165649414062,13.649999618530273,12.699999809265137,15.899999618530273,0.6044826971498397
Punjab,13.70486111111111,13.699999809265137,12.699999809265137,15.600000381469727,0.596206762529011
Punjab,13.715384956840035,13.600000381469727,12.399999618530273,15.399999618530273,0.6815559738559681
Punjab,15.181250678168404,15.149999618530273,13.100000381469727,17.600000381469727,0.9600324328459352
Punjab,15.291666666666666,15.100000381469727,13.300000190734863,19.600000381469727,1.0968705787139428
Punjab,15.291666666666666,15.199999809265137,13.800000190734863,17.399999618530273,0.6456586572665932
Punjab,14.433333522589631,14.399999618530273,13.199999809265137,22.100000381469727,0.8688702254813581
Punjab,13.800000190734863,13.800000190734863,13.800000190734863,13.800000190734863,0.0
Punjab,10.539999389648438,10.5,10.100000381469727,11.0,0.28705390089183347
Punjab,10.790566498378539,10.399999618530273,9.199999809265137,13.199999809265137,1.1730084360780841
Punjab,9.7887998046875,9.800000190734863,8.800000190734863,11.0,0.46907836744494047
Punjab,10.406992665537587,10.399999618530273,9.100000381469727,12.699999809265137,0.6738523474987423
Punjab,11.993749830457899,11.799999237060547,9.5,15.5,1.486944076688612
Punjab,12.31048968121722,12.600000381469727,9.800000190734863,14.800000190734863,1.252394250446034
Punjab,13.23611111111111,13.449999809265137,10.199999809265137,21.100000381469727,1.4910665178021938
Punjab,14.663889567057291,15.0,11.899999618530273,17.0,1.282662775732745
Punjab,14.709721883138021,15.100000381469727,11.600000381469727,17.299999237060547,1.747510902949168
Punjab,13.263195461697048,13.300000190734863,12.199999809265137,14.899999618530273,0.4764956821933815
Punjab,12.511806064181858,12.5,10.800000190734863,14.399999618530273,0.6457657712020262
Punjab,11.64532338972572,11.699999809265137,8.800000190734863,13.899999618530273,0.9142534649934071
Punjab,12.753472222222221,12.800000190734863,11.100000381469727,14.699999809265137,0.7602916964797855
Punjab,14.064582824707031,14.100000381469727,11.899999618530273,15.300000190734863,0.6775639625633004
Punjab,15.28680419921875,14.5,13.100000381469727,23.600000381469727,2.090495910613465
Punjab,15.54513888888889,14.699999809265137,13.5,32.900001525878906,3.132664662392989
Punjab,16.895833333333332,15.5,12.300000190734863,31.399999618530273,3.7097632581059092
Punjab,13.964583502875435,13.199999809265137,11.800000190734863,28.5,2.4521382025677463
Punjab,13.450694613986546,13.399999618530273,12.100000381469727,15.0,0.599536441402406
Punjab,14.603473239474827,14.75,12.899999618530273,16.200000762939453,0.7466046239468058
Punjab,15.51736111111111,15.399999618530273,13.600000381469727,17.399999618530273,0.6983441990275264
Punjab,15.261111789279514,15.300000190734863,12.899999618530273,18.399999618530273,0.9250458704782629
Punjab,14.92013888888889,14.600000381469727,13.300000190734863,18.399999618530273,1.019775233880341
Punjab,14.744444105360243,14.699999809265137,13.0,18.100000381469727,0.8029267835909368
Punjab,14.640000697544643,14.300000190734863,12.199999809265137,18.700000762939453,1.2908912781018445
Punjab,9.5510636999252,9.600000381469727,8.699999809265137,11.199999809265137,0.4319044079401861
Punjab,9.894017928685898,9.800000190734863,8.699999809265137,11.600000381469727,0.5402263959551161
Punjab,10.034951219280947,9.899999618530273,9.199999809265137,11.899999618530273,0.5376519326949591
Punjab,9.865277608235678,9.800000190734863,8.199999809265137,11.800000190734863,0.6068268475550123
Punjab,10.721527947319878,10.600000381469727,8.899999618530273,13.100000381469727,0.6993214240668884
Punjab,10.79722171359592,10.5,8.899999618530273,13.800000190734863,0.9753165441221041
Punjab,12.523610432942709,12.550000190734863,10.399999618530273,15.100000381469727,1.132351665206556
Punjab,13.26478770081426,13.25,8.800000190734863,19.100000381469727,1.7997729897068788
Punjab,13.634723239474827,13.5,10.899999618530273,16.299999237060547,1.5992324426428264
Punjab,12.215277777777779,12.199999809265137,10.699999809265137,15.300000190734863,0.771211154661736
Punjab,12.668750339084202,12.600000381469727,11.100000381469727,15.100000381469727,0.6946690703229148
Punjab,12.827777438693577,12.800000190734863,11.699999809265137,15.0,0.6031681012327506
Punjab,11.846428571428572,11.800000190734863,8.800000190734863,14.199999809265137,0.8765525767962625
Punjab,12.011111789279514,12.050000190734863,10.399999618530273,13.899999618530273,0.7345738385909438
Punjab,15.470833672417534,14.199999809265137,12.600000381469727,28.799999237060547,3.4408064964335447
Punjab,14.39652845594618,14.100000381469727,11.899999618530273,23.600000381469727,1.5609565084524615
Punjab,13.588194105360243,13.600000381469727,11.699999809265137,15.899999618530273,0.7759847410770135
Punjab,14.686806572808159,14.600000381469727,13.0,19.5,0.8422231081108781
Punjab,15.313195122612846,13.899999618530273,11.800000190734863,29.5,3.5562395746470665
Punjab,14.700704225352112,14.0,11.899999618530273,30.799999237060547,3.0903642115051464
Punjab,13.743055555555555,13.699999809265137,12.899999618530273,15.5,0.4371074170672593
Punjab,14.400694105360243,14.399999618530273,13.399999618530273,15.199999809265137,0.35049496107239075
Punjab,14.476642692176094,14.600000381469727,12.399999618530273,15.899999618530273,0.8418143904672805
Punjab,14.897917005750868,14.699999809265137,13.300000190734863,17.299999237060547,0.8622055435996328
Punjab,15.229861789279514,15.100000381469727,13.800000190734863,17.899999618530273,0.8280733842059558
Punjab,15.1986669921875,14.899999618530273,13.699999809265137,17.799999237060547,1.0081657440019272
Punjab,10.033333333333333,9.899999618530273,9.600000381469727,11.199999809265137,0.39271131654355446
Punjab,10.19814724392361,10.100000381469727,8.600000381469727,11.899999618530273,0.5955049610611953
Punjab,9.916666666666666,9.899999618530273,8.600000381469727,11.300000190734863,0.516532227926538
Punjab,10.291666666666666,10.300000190734863,9.0,12.600000381469727,0.6429640897041193
Punjab,11.12083265516493,10.850000381469727,9.100000381469727,14.699999809265137,1.1268118140878005
Punjab,12.22847154405382,12.100000381469727,9.899999618530273,14.600000381469727,1.1625321448653474
Punjab,12.598610772026909,12.300000190734863,10.199999809265137,15.199999809265137,1.236593983884195
Punjab,12.109722561306423,12.100000381469727,10.600000381469727,13.899999618530273,0.7265136973562719
Punjab,12.486805386013454,12.449999809265137,11.399999618530273,14.199999809265137,0.5203159411025543
Punjab,12.053471883138021,12.0,10.899999618530273,13.800000190734863,0.6039123915124355
Punjab,12.409722222222221,12.25,11.100000381469727,15.0,0.7396808058375138
Punjab,13.159722222222221,13.149999618530273,11.899999618530273,15.100000381469727,0.6472505299211314
Punjab,12.243750678168404,12.199999809265137,11.100000381469727,14.699999809265137,0.6267995408429721
Punjab,12.376923247650787,12.300000190734863,11.100000381469727,14.199999809265137,0.5386712798955487
Punjab,14.940277099609375,13.899999618530273,12.399999618530273,28.100000381469727,3.1024032495523444
Punjab,12.866666158040365,12.800000190734863,11.699999809265137,15.100000381469727,0.7419007160631491
Punjab,12.045834011501736,12.050000190734863,11.100000381469727,12.899999618530273,0.33184564656291604
Punjab,12.915384786112325,13.0,11.699999809265137,15.100000381469727,0.7320158742252322
Punjab,13.412587412587413,13.399999618530273,12.600000381469727,14.600000381469727,0.40015157664291007
Punjab,15.78950980659965,14.399999618530273,12.600000381469727,29.600000381469727,3.7627305994988687
Punjab,15.054167005750868,14.300000190734863,13.100000381469727,28.799999237060547,2.697063044907898
Punjab,15.297917683919271,15.199999809265137,14.199999809265137,16.899999618530273,0.5918976723077806
Punjab,16.111806233723957,16.049999237060547,15.0,17.5,0.5609387908636185
Punjab,15.495137532552084,15.399999618530273,13.800000190734863,19.299999237060547,0.989481446301601
Punjab,16.80347188313802,16.399999618530273,14.5,20.700000762939453,1.5745552410717132
Punjab,19.13049576130319,19.200000762939453,14.600000381469727,22.299999237060547,1.6330340860700563
Punjab,18.126984126984127,17.399999618530273,14.199999809265137,22.100000381469727,2.675414575935014
Punjab,21.192307692307693,21.899999618530273,16.5,25.100000381469727,2.764276197667302
Punjab,10.342856270926339,10.300000190734863,9.699999809265137,11.0,0.3811904569758541
Punjab,10.19047619047619,10.199999809265137,8.800000190734863,11.5,0.5676222392218946
Punjab,10.724305894639757,10.649999618530273,8.800000190734863,13.300000190734863,0.7541778320293931
Punjab,10.848935823914006,10.899999618530273,8.699999809265137,12.800000190734863,0.7510387110539124
Punjab,11.306944953070747,11.300000190734863,10.399999618530273,13.0,0.5159474524797245
Punjab,11.493006993006993,11.399999618530273,10.5,14.199999809265137,0.6270867690692382
Punjab,11.938195122612846,11.949999809265137,10.800000190734863,13.199999809265137,0.5423708997595175
Punjab,12.356943766276041,12.300000190734863,11.199999809265137,13.699999809265137,0.548818543378153
Punjab,12.311111450195312,12.199999809265137,11.100000381469727,14.199999809265137,0.6181413867136182
Punjab,12.643749660915798,12.600000381469727,11.5,14.5,0.5591062436033498
Punjab,13.209721883138021,13.300000190734863,11.300000190734863,14.899999618530273,0.690945377709786
Punjab,12.252113019916374,12.300000190734863,9.600000381469727,14.300000190734863,0.8493343430230715
Punjab,12.05277845594618,11.850000381469727,10.800000190734863,15.600000381469727,0.8028546643950151
Punjab,14.209721883138021,13.100000381469727,11.800000190734863,27.799999237060547,2.749907043744519
Punjab,12.369444105360243,12.300000190734863,11.100000381469727,14.199999809265137,0.5543111204026443
Punjab,12.166666666666666,12.100000381469727,11.100000381469727,13.399999618530273,0.4503085028675044
Punjab,12.966667175292969,12.899999618530273,11.800000190734863,14.699999809265137,0.538903160196032
Punjab,13.299999480551861,13.199999809265137,12.300000190734863,15.100000381469727,0.5295521976362969
Punjab,15.190972222222221,15.0,13.199999809265137,17.700000762939453,1.0453543496459108
Punjab,17.34822764295213,16.5,14.300000190734863,29.5,2.997838545100912
Punjab,16.061804877387154,15.5,14.300000190734863,24.899999618530273,1.8521382034223486
Punjab,17.13146887292395,16.700000762939453,14.800000190734863,19.600000381469727,1.3727833615721172
Punjab,18.184722900390625,18.399999618530273,15.100000381469727,19.5,0.9426852444201512
Punjab,19.80774785431338,19.399999618530273,17.399999618530273,24.600000381469727,1.583812223896925
Punjab,20.695139567057293,20.600000381469727,18.799999237060547,24.799999237060547,0.91752458051543
Punjab,22.207639906141495,21.899999618530273,15.699999809265137,29.600000381469727,2.9835679604908396
Punjab,25.385713849748885,24.349998474121094,16.899999618530273,46.099998474121094,4.459977888234701
Punjab,11.199999809265137,11.199999809265137,11.199999809265137,11.199999809265137,0.0
Punjab,10.246491013911733,10.149999618530273,8.800000190734863,12.100000381469727,0.6863557234358566
Punjab,10.665035647945805,10.699999809265137,8.600000381469727,12.5,0.7962550832575941
Punjab,11.138193766276041,11.100000381469727,10.0,12.699999809265137,0.5073072036126723
Punjab,11.290908920181382,11.300000190734863,10.600000381469727,12.899999618530273,0.39594254516596666
Punjab,11.622222052680122,11.600000381469727,10.5,13.600000381469727,0.5083257323127969
Punjab,12.437762067034528,12.399999618530273,11.5,14.199999809265137,0.48643185790943394
Punjab,12.543971284906915,12.399999618530273,9.399999618530273,21.799999237060547,1.2293900152823898
Punjab,13.25694359673394,13.199999809265137,11.5,15.399999618530273,0.6865425243369001
Punjab,12.605555216471354,12.600000381469727,11.399999618530273,14.300000190734863,0.5502244315901957
Punjab,12.197916666666666,12.199999809265137,10.699999809265137,14.300000190734863,0.7671618580337088
Punjab,11.96014020159528,12.100000381469727,9.300000190734863,13.199999809265137,0.6994642975358251
Punjab,11.89236111111111,11.800000190734863,10.899999618530273,13.899999618530273,0.5856003266675622
Punjab,14.658333672417534,13.399999618530273,12.399999618530273,25.799999237060547,3.1087801149561445
Punjab,12.720978850251312,12.699999809265137,11.399999618530273,13.800000190734863,0.5098818055315429
Punjab,13.15208265516493,13.100000381469727,11.800000190734863,14.899999618530273,0.7307690591750692
Punjab,13.02892561983471,13.0,11.300000190734863,14.300000190734863,0.497005554052138
Punjab,13.46834514810027,13.399999618530273,12.0,15.600000381469727,0.6086942927105532
Punjab,14.845138549804688,14.800000190734863,12.600000381469727,17.700000762939453,1.2582963393466766
Punjab,17.169443766276043,16.899999618530273,15.199999809265137,22.600000381469727,1.3026296358224292
Punjab,19.5205684147828,19.399999618530273,15.100000381469727,25.600000381469727,1.901157419194671
Punjab,20.06056406800176,19.5,17.799999237060547,27.799999237060547,1.9957686621989235
Punjab,19.667361789279514,19.0,17.299999237060547,26.700000762939453,2.039567975927132
Punjab,20.77638922797309,20.700000762939453,17.799999237060547,26.700000762939453,1.3092611790406155
Punjab,22.418055216471355,22.399999618530273,18.600000381469727,28.100000381469727,1.7975157640517465
Punjab,26.438195122612846,26.549999237060547,20.299999237060547,31.100000381469727,2.849731937701466
Punjab,29.43084203417056,29.799999237060547,24.100000381469727,33.70000076293945,2.426736169001619
Punjab,29.188890245225693,28.899999618530273,26.899999618530273,32.900001525878906,2.1041997202908633
Punjab,11.0,11.0,11.0,11.0,0.0
Punjab,11.28818878414124,11.199999809265137,10.100000381469727,13.5,0.5808782387781962
Punjab,10.963889227973091,10.899999618530273,10.0,12.5,0.5128367527114742
Punjab,11.207638210720486,11.199999809265137,9.800000190734863,13.0,0.6010499723346652
Punjab,12.413888719346788,12.300000190734863,10.600000381469727,14.399999618530273,1.063315718866745
Punjab,11.963194105360243,11.899999618530273,10.899999618530273,14.100000381469727,0.6358225708603161
Punjab,12.914685656140735,12.800000190734863,11.699999809265137,14.399999618530273,0.5817694531121236
Punjab,13.588889227973091,13.600000381469727,11.300000190734863,15.300000190734863,0.7307825886625359
Punjab,13.359722561306423,13.350000381469727,11.600000381469727,16.299999237060547,0.8514137868122567
Punjab,12.405555725097656,12.399999618530273,10.300000190734863,13.399999618530273,0.5438772163962174
Punjab,11.865277608235678,11.800000190734863,10.5,13.199999809265137,0.5682966018916977
Punjab,11.918055216471354,11.899999618530273,11.0,13.0,0.464825625893115
Punjab,12.400694105360243,12.25,10.899999618530273,14.600000381469727,0.7832000200645743
Punjab,14.756249321831596,13.550000190734863,12.199999809265137,31.5,3.2330695227315345
Punjab,13.138194613986546,13.100000381469727,12.399999618530273,14.699999809265137,0.3543375015826386
Punjab,13.308333502875435,13.300000190734863,12.199999809265137,14.699999809265137,0.52724387576588
Punjab,12.71271269200212,12.699999809265137,10.199999809265137,14.399999618530273,0.7617493695800228
Punjab,15.109286063058036,15.199999809265137,12.199999809265137,18.200000762939453,1.1902518979584864
Punjab,16.284027099609375,16.349998474121094,14.300000190734863,17.5,0.6391904074939972
Punjab,17.898610432942707,17.899999618530273,15.899999618530273,20.100000381469727,0.8688263114015202
Punjab,18.950000339084202,18.799999237060547,15.300000190734863,22.200000762939453,1.4187240395620473
Punjab,18.623613145616318,18.349998474121094,15.0,23.899999618530273,1.668165519330036
Punjab,19.131251017252605,18.849998474121094,16.600000381469727,23.299999237060547,1.367249245100554
Punjab,22.301388210720486,22.100000381469727,17.799999237060547,29.5,2.5960703520176014
Punjab,26.675904791039155,27.5,20.0,31.899999618530273,2.6722848409142315
Punjab,30.14457831325301,29.899999618530273,25.700000762939453,36.900001525878906,2.038795546488561
Punjab,33.61386932595803,33.79999923706055,28.299999237060547,38.70000076293945,2.1167453151795894
Punjab,35.90384615384615,36.19999694824219,27.799999237060547,44.29999923706055,3.3264071586341504
Punjab,11.265333658854166,11.100000381469727,10.300000190734863,12.399999618530273,0.44556883969667666
Punjab,11.029166327582466,11.0,9.899999618530273,12.300000190734863,0.49579839726946917
Punjab,11.714583502875435,11.5,10.5,13.699999809265137,0.7671165698501594
Punjab,13.01388888888889,12.899999618530273,11.600000381469727,15.0,0.7104977421111542
Punjab,12.43076991368007,12.399999618530273,11.199999809265137,14.5,0.6087050434510183
Punjab,13.02013905843099,13.0,11.800000190734863,14.5,0.4616666364266015
Punjab,13.486805386013454,13.399999618530273,11.600000381469727,15.300000190734863,0.7271755283602966
Punjab,13.059026930067274,13.100000381469727,11.899999618530273,14.199999809265137,0.4370693402894045
Punjab,12.70138888888889,12.699999809265137,11.600000381469727,13.800000190734863,0.4685951480147615
Punjab,12.334721883138021,12.399999618530273,11.5,13.199999809265137,0.36100157378058617
Punjab,12.366433737161277,12.399999618530273,11.300000190734863,13.300000190734863,0.36583920364197414
Punjab,12.641958383413462,12.600000381469727,11.600000381469727,13.800000190734863,0.5328919088789065
Punjab,15.133332994249132,13.399999618530273,12.199999809265137,29.899999618530273,3.833025344256387
Punjab,13.624304877387154,13.600000381469727,12.600000381469727,15.300000190734863,0.5830053921297117
Punjab,13.8028564453125,14.050000190734863,11.0,15.199999809265137,0.8661031403661926
Punjab,14.363194783528646,14.399999618530273,12.600000381469727,16.5,0.8993629207280817
Punjab,15.091668023003471,14.899999618530273,12.800000190734863,20.100000381469727,1.2138952948186819
Punjab,17.643056233723957,17.700000762939453,14.100000381469727,21.0,1.4089324769805112
Punjab,18.05763922797309,18.100000381469727,16.0,20.399999618530273,0.9567436325956444
Punjab,17.327779134114582,17.150001525878906,15.5,19.600000381469727,0.8759474749108297
Punjab,17.452084011501736,17.299999237060547,15.199999809265137,21.799999237060547,1.0954431133942482
Punjab,25.154859754774307,22.700000762939453,17.799999237060547,47.099998474121094,7.135181021313542
Punjab,26.46638655462185,26.200000762939453,22.600000381469727,31.899999618530273,2.4708138119469303
Punjab,29.1999994913737,29.0,28.600000381469727,30.0,0.5887839281767231
Punjab,45.15523623511905,44.20000076293945,32.70000076293945,58.29999923706055,7.533227903341764
Punjab,52.13620521282328,53.5,39.79999923706055,66.0999984741211,6.211132874189476
Punjab,55.133331298828125,51.400001525878906,49.5,64.5,6.668499463234051
Punjab,11.298765582802854,11.300000190734863,10.399999618530273,12.5,0.4347537513824318
Punjab,10.99021047312063,10.899999618530273,9.899999618530273,12.899999618530273,0.5214711358024734
Punjab,11.794443766276041,11.600000381469727,10.5,18.799999237060547,0.9304103742813057
Punjab,12.412676744058098,12.199999809265137,10.300000190734863,20.5,1.073749448138556
Punjab,12.8106386441711,12.899999618530273,10.300000190734863,18.299999237060547,1.026092328960873
Punjab,12.397203138658217,12.5,10.100000381469727,13.899999618530273,0.782763944608808
Punjab,12.743356131173513,12.800000190734863,11.199999809265137,14.300000190734863,0.6839375684018334
Punjab,12.746852634670017,12.899999618530273,10.100000381469727,14.699999809265137,0.8645952900786527
Punjab,13.067360772026909,13.100000381469727,11.199999809265137,14.399999618530273,0.4274975241801371
Punjab,12.912587412587413,12.800000190734863,11.899999618530273,15.5,0.6595046959262011
Punjab,12.652083502875435,12.600000381469727,11.699999809265137,13.800000190734863,0.4199816110920999
Punjab,12.38115924337636,12.399999618530273,11.300000190734863,13.899999618530273,0.5922874637486822
Punjab,13.451747227381993,13.399999618530273,11.800000190734863,15.100000381469727,0.636846837654939
Punjab,14.30833265516493,14.399999618530273,12.800000190734863,15.800000190734863,0.6739704003093974
Punjab,14.93049610760195,15.100000381469727,12.100000381469727,18.0,1.1348723097236633
Punjab,15.78125,15.899999618530273,13.5,18.0,0.8744021119914509
Punjab,15.780554877387154,15.800000190734863,13.100000381469727,19.0,1.5769290762173518
Punjab,16.936109754774307,16.799999237060547,15.0,19.299999237060547,0.8482506775893784
Punjab,17.442362467447918,17.349998474121094,15.600000381469727,19.600000381469727,0.9702218031842638
Punjab,18.190277099609375,17.700000762939453,15.800000190734863,38.5,2.4700517519115905
Punjab,29.159027099609375,27.049999237060547,16.899999618530273,47.79999923706055,9.513013114766386
Punjab,41.690277099609375,42.54999923706055,28.100000381469727,52.5,6.611168145712781
Punjab,28.556521208389945,28.600000381469727,23.399999618530273,32.5,2.2695194220066397
Punjab,61.05,60.650001525878906,51.599998474121094,68.19999694824219,4.538556729264898
Punjab,54.9878269361413,54.599998474121094,49.20000076293945,62.099998474121094,2.6038481877428796
Punjab,56.89538386418269,56.900001525878906,48.0,69.19999694824219,4.274915220586198
Punjab,53.4,53.5,51.599998474121094,55.70000076293945,1.4642411573062548
Punjab,11.200000762939453,11.199999809265137,10.800000190734863,11.800000190734863,0.27838823098906146
Punjab,11.14964966673951,11.199999809265137,10.0,12.300000190734863,0.4362706546605164
Punjab,11.143749660915798,11.100000381469727,10.399999618530273,12.100000381469727,0.3271761860129362
Punjab,11.820139567057291,11.600000381469727,10.699999809265137,14.699999809265137,0.7699729294455561
Punjab,12.681944105360243,12.699999809265137,11.600000381469727,14.5,0.45133331777182284
Punjab,13.100000169542101,12.699999809265137,11.5,26.0,1.9312847718665245
Punjab,12.727082994249132,12.5,11.300000190734863,21.399999618530273,1.2836156388672735
Punjab,12.925694783528646,13.0,11.300000190734863,14.600000381469727,0.6905861768671213
Punjab,12.537324287522008,12.75,9.899999618530273,14.0,0.8570017534661419
Punjab,13.240972730848524,13.300000190734863,11.100000381469727,14.199999809265137,0.5118611235967426
Punjab,13.414582994249132,13.399999618530273,12.399999618530273,14.699999809265137,0.3970321504825558
Punjab,13.133332994249132,12.899999618530273,12.199999809265137,15.0,0.6588078381615688
Punjab,13.119192412405303,12.800000190734863,10.5,16.200000762939453,1.3564419204348286
Punjab,14.936111450195312,14.600000381469727,12.300000190734863,25.399999618530273,1.6036681206642038
Punjab,16.00347222222222,16.049999237060547,14.199999809265137,17.600000381469727,0.6612712814204245
Punjab,15.693749321831596,15.800000190734863,13.800000190734863,17.100000381469727,0.680912262129988
Punjab,15.631944444444445,15.5,14.100000381469727,18.799999237060547,0.9676469924206772
Punjab,17.19583299424913,17.799999237060547,14.600000381469727,19.299999237060547,1.3657961588124903
Punjab,18.36488400524809,18.5,15.199999809265137,21.399999618530273,1.1305557006977554
Punjab,21.12777879503038,18.5,15.699999809265137,43.0,6.729809732650833
Punjab,38.48550724637681,42.150001525878906,16.700000762939453,49.20000076293945,8.907386221270306
Punjab,44.48811687809406,44.5,39.20000076293945,50.79999923706055,2.514090309908455
Punjab,39.24307391826923,39.099998474121094,28.200000762939453,51.400001525878906,6.091557160119365
Punjab,27.049999237060547,27.049999237060547,26.399999618530273,27.700000762939453,0.6500005722052895
Punjab,58.69091057054924,58.79999923706055,51.5,64.4000015258789,3.1101363696903896
Punjab,63.92222764756944,64.5,60.599998474121094,66.19999694824219,1.982017432471405
Punjab,,,,,
Punjab,11.466665903727213,11.399999618530273,11.199999809265137,11.800000190734863,0.2494440126979167
Punjab,10.988058972714553,11.0,10.199999809265137,11.899999618530273,0.3248524209888961
Punjab,10.86111111111111,10.800000190734863,10.100000381469727,13.100000381469727,0.47552771004499766
Punjab,11.61527845594618,11.600000381469727,10.300000190734863,13.899999618530273,0.7082175716801946
Punjab,12.674999660915798,12.699999809265137,11.300000190734863,14.300000190734863,0.6453358581582175
Punjab,12.992360432942709,13.0,11.5,15.100000381469727,0.6183625483001975
Punjab,12.34375,12.300000190734863,11.100000381469727,14.399999618530273,0.5592304504711687
Punjab,13.570138719346788,13.600000381469727,12.5,14.699999809265137,0.5056733432459994
Punjab,13.713889227973091,13.800000190734863,12.199999809265137,14.800000190734863,0.48828084777837744
Punjab,14.090277777777779,14.100000381469727,13.0,15.300000190734863,0.5445843594157674
Punjab,13.909722222222221,13.800000190734863,12.899999618530273,16.100000381469727,0.5896467364451659
Punjab,14.916666666666666,14.800000190734863,13.300000190734863,21.299999237060547,1.0378931177827893
Punjab,15.380555894639757,15.5,13.100000381469727,17.0,0.7784669157898721
Punjab,15.977082994249132,15.75,12.5,25.200000762939453,1.5208148211448616
Punjab,15.77291531032986,15.899999618530273,14.300000190734863,17.5,0.5691390656808151
Punjab,15.525000678168404,15.0,12.800000190734863,20.299999237060547,1.8014461229404224
Punjab,16.84166802300347,16.799999237060547,14.600000381469727,19.700000762939453,0.9715751826168163
Punjab,16.743055555555557,16.700000762939453,15.100000381469727,18.899999618530273,0.9381314571495686
Punjab,22.29027811686198,18.899999618530273,16.200000762939453,39.0,6.368883984713021
Punjab,33.282221137152774,35.849998474121094,18.0,40.599998474121094,6.354501140845915
Punjab,41.63999837239583,41.20000076293945,38.70000076293945,46.29999923706055,2.009245039072633
Punjab,,,,,
Punjab,10.960714067731585,10.899999618530273,10.0,13.399999618530273,0.6385470605939815
Punjab,10.675351424955986,10.699999809265137,10.0,12.199999809265137,0.38514427637930115
Punjab,11.981249491373697,12.0,10.399999618530273,13.899999618530273,0.820820063699344
Punjab,12.666666666666666,12.600000381469727,10.899999618530273,15.300000190734863,0.8517954710333452
Punjab,13.256944444444445,13.199999809265137,12.0,14.600000381469727,0.5513434422662283
Punjab,13.084721883138021,13.100000381469727,12.199999809265137,14.199999809265137,0.4062565127511808
Punjab,13.899290260693705,13.199999809265137,11.300000190734863,29.899999618530273,2.6829246496942756
Punjab,14.485415988498264,14.399999618530273,13.0,19.899999618530273,0.9108122243713582
Punjab,14.379862467447916,14.399999618530273,13.399999618530273,15.300000190734863,0.39309669503493205
Punjab,14.434027777777779,14.300000190734863,13.399999618530273,16.200000762939453,0.5858473940117805
Punjab,15.698611789279514,15.699999809265137,14.0,18.5,0.7505540615899733
Punjab,16.405554877387154,16.200000762939453,15.0,19.600000381469727,0.8707258446047347
Punjab,16.485210579885564,16.399999618530273,15.100000381469727,20.299999237060547,0.7657222362466193
Punjab,17.169287109375,16.75,14.300000190734863,21.200000762939453,1.5189233918659553
Punjab,18.479861789279514,18.799999237060547,15.199999809265137,20.399999618530273,1.1798410510906858
Punjab,18.5586963598279,17.75,15.800000190734863,31.899999618530273,3.0739609115752518
Punjab,24.52315738075658,20.799999237060547,15.899999618530273,40.900001525878906,8.124990171912714
Punjab,35.276924328926285,36.5,22.100000381469727,40.0,3.876587309967785
Punjab,,,,,
Punjab,10.514285496303014,10.5,10.300000190734863,10.699999809265137,0.12454000732251641
Punjab,10.76388888888889,10.699999809265137,10.100000381469727,12.0,0.4190948627079377
Punjab,11.922222561306423,11.649999618530273,10.699999809265137,16.399999618530273,1.0480434230113749
Punjab,12.013094947451638,11.899999618530273,10.800000190734863,13.600000381469727,0.6580599033154968
Punjab,12.385106729277481,12.5,10.699999809265137,14.0,0.6826041565328453
Punjab,13.190278795030382,13.199999809265137,11.899999618530273,14.899999618530273,0.519791529095203
Punjab,13.38888888888889,13.449999809265137,11.5,15.0,0.6355346814680004
Punjab,15.515972561306423,13.75,11.699999809265137,34.29999923706055,4.369046133532448
Punjab,14.04166751437717,13.899999618530273,12.800000190734863,15.699999809265137,0.7577837171042093
Punjab,14.962144252232143,14.899999618530273,13.399999618530273,16.899999618530273,0.653175572728596
Punjab,15.565277099609375,15.600000381469727,14.300000190734863,17.100000381469727,0.558932441269256
Punjab,16.29090977381993,15.899999618530273,14.399999618530273,20.200000762939453,1.2225680850453813
Punjab,17.855555216471355,17.899999618530273,15.899999618530273,20.799999237060547,1.0226448353105477
Punjab,19.521528455946182,19.5,17.600000381469727,21.100000381469727,0.7059432839053346
Punjab,20.220833672417534,19.75,16.700000762939453,28.100000381469727,2.168008395759538
Punjab,24.94204434481534,23.700000762939453,18.100000381469727,37.79999923706055,4.543970006554808
Punjab,11.917073319597941,11.899999618530273,11.5,12.699999809265137,0.2878874132906729
Punjab,12.946528116861979,12.899999618530273,11.899999618530273,14.100000381469727,0.5515021595787146
Punjab,13.614084163182218,13.350000381469727,12.300000190734863,18.399999618530273,0.9218468471688088
Punjab,14.288732394366198,14.0,13.0,17.600000381469727,0.8923855030924619
Punjab,13.841666327582466,13.699999809265137,12.300000190734863,16.700000762939453,0.8262616604595656
Punjab,14.82638888888889,14.699999809265137,13.0,17.700000762939453,1.050924637864632
Punjab,15.696428571428571,15.699999809265137,13.699999809265137,18.0,0.6429186924428935
Punjab,17.280554877387154,17.100000381469727,15.399999618530273,20.799999237060547,1.2798262886806773
Punjab,18.19305419921875,17.799999237060547,15.300000190734863,27.399999618530273,1.821920996048298
Punjab,20.167361789279514,20.5,16.899999618530273,24.600000381469727,1.5799450595210458
Punjab,18.612588095498253,18.200000762939453,15.899999618530273,31.799999237060547,1.8651332961015508
Punjab,24.64236111111111,23.950000762939453,15.5,39.400001525878906,6.796839205744016
Punjab,21.322479484617247,20.399999618530273,17.700000762939453,30.0,2.7337748598846088
Punjab,23.643477730129074,21.850000381469727,17.200000762939453,38.70000076293945,5.771129679951927
Punjab,12.53448275862069,12.5,11.399999618530273,13.800000190734863,0.6619072743401397
Punjab,13.914166259765626,12.899999618530273,11.600000381469727,27.0,2.8439202639531134
Punjab,15.714633352388212,14.0,11.699999809265137,34.900001525878906,4.761715303543701
Punjab,14.112949289006295,13.899999618530273,12.199999809265137,17.200000762939453,1.0409482871719435
Punjab,15.226387871636284,15.199999809265137,12.800000190734863,18.0,1.1594411195359529
Punjab,17.529166327582466,17.700000762939453,15.5,19.399999618530273,0.897517735928668
Punjab,17.990278455946182,17.700000762939453,16.200000762939453,21.600000381469727,0.9517760782220966
Punjab,19.97777811686198,20.0,18.399999618530273,21.700000762939453,0.6024768632481133
Punjab,20.37708197699653,20.200000762939453,17.0,25.299999237060547,1.6089471254963092
Punjab,21.990278455946182,21.549999237060547,16.799999237060547,34.0,2.9398676544443063
Punjab,29.11597357855903,30.25,18.299999237060547,40.400001525878906,6.636312810205288
Punjab,22.854166666666668,20.899999618530273,17.799999237060547,38.900001525878906,5.4288948468016365
Punjab,21.31339372907366,21.0,18.299999237060547,31.100000381469727,2.286118713659715
Punjab,25.060001627604166,23.299999237060547,20.5,40.20000076293945,5.042724474763748
Punjab,14.159770395563937,13.699999809265137,12.5,20.399999618530273,1.4251000701940812
Punjab,13.451062790890957,13.300000190734863,12.199999809265137,16.100000381469727,0.6409896158277009
Punjab,14.337680097939312,13.899999618530273,13.0,23.0,1.3422996842546886
Punjab,15.438888549804688,15.399999618530273,13.300000190734863,19.299999237060547,1.21227009897958
Punjab,17.935416327582466,17.899999618530273,15.300000190734863,21.600000381469727,1.4026497101854263
Punjab,19.14722357855903,19.0,17.100000381469727,21.600000381469727,1.0510540038986647
Punjab,19.618055555555557,19.299999237060547,17.299999237060547,23.700000762939453,1.2827732946545274
Punjab,20.445139567057293,20.299999237060547,17.799999237060547,23.600000381469727,1.4435118362217212
Punjab,20.850694444444443,20.5,18.299999237060547,25.899999618530273,1.5637382126669934
Punjab,27.0471435546875,26.100000381469727,19.700000762939453,40.900001525878906,4.701951614317625
Punjab,25.322221544053818,25.25,18.5,37.400001525878906,4.402531603333313
Punjab,26.205593722683567,26.100000381469727,18.200000762939453,34.900001525878906,4.258119029727284
Punjab,30.011765423943014,30.100000381469727,24.0,44.5,4.112732509651014
Punjab,14.122222222222222,13.899999618530273,13.300000190734863,16.5,0.6504319460427914
Punjab,14.065671095207556,14.100000381469727,13.300000190734863,14.899999618530273,0.37913972548685915
Punjab,15.874467565658245,15.75,14.399999618530273,19.5,0.9057659569532825
Punjab,17.726389567057293,17.950000762939453,15.0,20.299999237060547,1.3935359418580249
Punjab,19.78507426247668,19.75,17.100000381469727,22.0,0.9139472628450268
Punjab,19.066665649414062,18.799999237060547,17.5,23.899999618530273,0.9520445455220506
Punjab,20.297122653439747,20.399999618530273,17.299999237060547,23.700000762939453,1.3175049314357583
Punjab,21.45035460992908,21.600000381469727,17.700000762939453,26.600000381469727,1.5069401202343289
Punjab,23.197221544053818,22.5,19.299999237060547,38.70000076293945,3.3466596747969186
Punjab,31.1865859613186,30.049999237060547,21.700000762939453,45.599998474121094,6.170262190592137
Punjab,28.589132557744566,28.450000762939453,25.600000381469727,32.29999923706055,1.4316649020036414
Punjab,30.408824247472428,30.650001525878906,26.700000762939453,34.70000076293945,2.192281468797639
Punjab,38.3500010172526,38.44999694824219,32.400001525878906,42.900001525878906,3.6445165108197566
Punjab,18.08571515764509,18.299999237060547,16.600000381469727,19.399999618530273,0.692672851053786
Punjab,18.814633253144056,18.899999618530273,17.799999237060547,20.100000381469727,0.534224338150519
Punjab,19.693055894639755,19.799999237060547,17.899999618530273,22.200000762939453,1.109970811620411
Punjab,20.59722222222222,20.5,18.399999618530273,23.600000381469727,0.9092843048086856
Punjab,22.213580849729937,21.700000762939453,20.600000381469727,28.799999237060547,1.5198888899181455
Punjab,24.33148193359375,23.0,20.700000762939453,40.79999923706055,4.061965478722681
Punjab,36.589913504464285,37.5,22.399999618530273,54.79999923706055,7.413970488395267
Punjab,41.68571254185268,41.75,38.599998474121094,43.70000076293945,1.483652688808279
Punjab,19.548980090082907,19.5,18.100000381469727,21.100000381469727,0.8718084811978237
Punjab,20.099999321831596,19.600000381469727,17.200000762939453,30.100000381469727,2.278279107161884
Punjab,22.942552498891843,22.399999618530273,18.0,33.099998474121094,2.390650606154492
Punjab,24.285000610351563,23.950000762939453,21.700000762939453,31.0,2.2309806502157263
Punjab,37.498411148313494,39.099998474121094,22.299999237060547,50.0,7.326804431624975
Punjab,44.06666564941406,44.400001525878906,43.29999923706055,44.5,0.5436508848416517
Punjab,20.35813868323038,20.299999237060547,18.799999237060547,21.600000381469727,0.6665539483418496
Punjab,19.775,19.700000762939453,18.200000762939453,21.399999618530273,0.7699835496237005
Punjab,21.522579070060484,21.899999618530273,19.600000381469727,24.299999237060547,1.0974191715643138
Rajasthan,5.42954531582919,5.400000095367432,4.599999904632568,6.300000190734863,0.3532830076993669
Rajasthan,4.936764885397518,5.0,4.0,6.0,0.43281038322698595
Rajasthan,5.1521006351759455,5.199999809265137,4.199999809265137,6.199999809265137,0.44906039254642494
Rajasthan,5.381052438836349,5.400000095367432,4.699999809265137,6.5,0.3238891016811155
Rajasthan,4.863157975046258,4.900000095367432,4.5,5.400000095367432,0.19388151500511164
Rajasthan,,,,,
Rajasthan,4.711818070845171,4.599999904632568,3.799999952316284,6.300000190734863,0.5527997942205201
Rajasthan,4.5444446139865455,4.599999904632568,3.5,5.699999809265137,0.4502742699749717
Rajasthan,4.5923614501953125,4.699999809265137,3.700000047683716,5.199999809265137,0.35533237932715467
Rajasthan,4.820138719346788,4.800000190734863,4.099999904632568,5.400000095367432,0.23908966913808563
Rajasthan,4.959027608235677,5.0,4.400000095367432,5.5,0.2369989473288383
Rajasthan,5.132466898336039,5.199999809265137,4.400000095367432,5.699999809265137,0.28849883056349773
Rajasthan,,,,,
Rajasthan,4.082353030934053,4.0,3.700000047683716,4.699999809265137,0.24310561551604137
Rajasthan,4.150694105360243,4.199999809265137,3.5,5.0,0.34800953847955585
Rajasthan,4.568055894639757,4.5,3.9000000953674316,5.300000190734863,0.31571188305469844
Rajasthan,4.506944444444445,4.5,3.5999999046325684,5.300000190734863,0.3681132012297594
Rajasthan,4.594444274902344,4.599999904632568,3.799999952316284,5.400000095367432,0.2642541359853078
Rajasthan,4.715277777777778,4.699999809265137,4.300000190734863,5.300000190734863,0.15559900127460063
Rajasthan,4.865972306993273,4.800000190734863,4.400000095367432,5.400000095367432,0.24471162306708136
Rajasthan,4.8509802724800855,4.800000190734863,4.300000190734863,5.5,0.26522099271899935
Rajasthan,4.039999944513494,4.0,3.5999999046325684,4.800000190734863,0.2431609984846824
Rajasthan,4.132638719346788,4.050000190734863,3.5999999046325684,5.0,0.3164099599770939
Rajasthan,4.360416412353516,4.300000190734863,3.5999999046325684,5.099999904632568,0.3891263033484314
Rajasthan,4.6131947835286455,4.699999809265137,3.5999999046325684,5.599999904632568,0.4079499260434021
Rajasthan,4.531944274902344,4.599999904632568,3.5999999046325684,5.300000190734863,0.3165905138965201
Rajasthan,4.411805894639757,4.5,3.5999999046325684,4.900000095367432,0.284921146719353
Rajasthan,4.5124999152289496,4.550000190734863,3.5,5.300000190734863,0.35859972054947015
Rajasthan,4.951470767750459,4.900000095367432,4.0,5.800000190734863,0.2767950278870197
Rajasthan,4.940740514684607,4.900000095367432,4.599999904632568,5.400000095367432,0.20414097352705204
Rajasthan,4.015384511051015,4.0,3.5,4.900000095367432,0.270679882497017
Rajasthan,4.186805725097656,4.099999904632568,3.5999999046325684,5.199999809265137,0.3136360475455302
Rajasthan,4.472916920979817,4.5,3.5,5.099999904632568,0.32536705399090565
Rajasthan,4.426389058430989,4.5,3.799999952316284,5.0,0.27207692316373533
Rajasthan,4.368749830457899,4.400000095367432,3.700000047683716,4.800000190734863,0.21488649965051815
Rajasthan,4.422222561306423,4.400000095367432,3.5999999046325684,4.800000190734863,0.1761645161597607
Rajasthan,4.918056064181858,4.900000095367432,4.300000190734863,5.5,0.24767046191767633
Rajasthan,4.820832994249132,4.800000190734863,4.400000095367432,5.400000095367432,0.23120309009802423
Rajasthan,4.740441266228171,4.800000190734863,3.9000000953674316,5.5,0.30107128494327956
Rajasthan,4.8875,4.900000095367432,4.400000095367432,5.5,0.27585096207602805
Rajasthan,,,,,
Rajasthan,,,,,
Rajasthan,3.938383776732165,3.9000000953674316,3.5,4.5,0.2410863845020296
Rajasthan,4.109027438693577,4.099999904632568,3.5,4.800000190734863,0.314888236026427
Rajasthan,4.3618053860134545,4.400000095367432,3.5,5.199999809265137,0.3910449751760416
Rajasthan,4.5534718831380205,4.599999904632568,3.700000047683716,5.199999809265137,0.30684623246396986
Rajasthan,4.5395834181043835,4.5,3.9000000953674316,5.199999809265137,0.22054814681639834
Rajasthan,4.601388719346788,4.599999904632568,3.9000000953674316,5.099999904632568,0.2179405213958218
Rajasthan,4.807638380262587,4.800000190734863,4.400000095367432,5.400000095367432,0.20719018035750988
Rajasthan,4.670138888888889,4.649999618530273,4.300000190734863,5.400000095367432,0.20244335503655564
Rajasthan,4.7006946139865455,4.699999809265137,4.199999809265137,5.199999809265137,0.20766442977567656
Rajasthan,4.900751787917058,4.900000095367432,4.400000095367432,5.5,0.24540782533511332
Rajasthan,4.822806910464638,4.800000190734863,4.400000095367432,5.5,0.2840914038301813
Rajasthan,4.833333333333333,4.850000381469727,4.5,5.099999904632568,0.17950546995881175
Rajasthan,5.215384850135217,5.099999904632568,4.900000095367432,5.699999809265137,0.2655795838793972
Rajasthan,5.162999877929687,5.149999618530273,4.599999904632568,5.900000095367432,0.30843314441831393
Rajasthan,5.172992344320256,5.099999904632568,4.5,6.400000095367432,0.3717199302348435
Rajasthan,5.0169810169148,5.099999904632568,4.099999904632568,5.900000095367432,0.4364245041436071
Rajasthan,4.475862174198546,4.5,4.0,4.800000190734863,0.23142018984931745
Rajasthan,4.75263133801912,4.800000190734863,4.300000190734863,5.199999809265137,0.2520826932443985
Rajasthan,5.03636342828924,5.099999904632568,4.800000190734863,5.199999809265137,0.12264295179523274
Rajasthan,4.581818320534446,4.599999904632568,4.300000190734863,5.0,0.18982371899978248
Rajasthan,4.42558111146439,4.5,3.9000000953674316,5.0,0.20356477054816904
Rajasthan,4.206944359673394,4.199999809265137,3.9000000953674316,4.599999904632568,0.15840036383761547
Rajasthan,4.219444274902344,4.099999904632568,3.5999999046325684,5.099999904632568,0.40436468823713195
Rajasthan,4.49513922797309,4.599999904632568,3.700000047683716,5.199999809265137,0.3676747240159403
Rajasthan,4.304861280653212,4.300000190734863,3.799999952316284,4.699999809265137,0.13034673854628
Rajasthan,4.5812500847710504,4.550000190734863,3.9000000953674316,5.099999904632568,0.19998912065610863
Rajasthan,4.661111195882161,4.599999904632568,3.9000000953674316,5.599999904632568,0.290619815804019
Rajasthan,4.724305470784505,4.699999809265137,4.300000190734863,5.400000095367432,0.21286620013469648
Rajasthan,4.679167005750868,4.599999904632568,4.300000190734863,5.300000190734863,0.20374106054474264
Rajasthan,4.943750169542101,4.900000095367432,4.400000095367432,5.5,0.2335471538083897
Rajasthan,5.145139058430989,5.099999904632568,4.5,5.900000095367432,0.30364220351797677
Rajasthan,5.191044593924906,5.199999809265137,4.599999904632568,6.0,0.2829647616298452
Rajasthan,4.9,5.0,4.099999904632568,5.5,0.3427164360101384
Rajasthan,4.789999771118164,4.800000190734863,4.300000190734863,5.099999904632568,0.20952326316333839
Rajasthan,5.410169698424259,5.400000095367432,4.699999809265137,6.099999904632568,0.2984109949979137
Rajasthan,5.265277438693577,5.199999809265137,4.400000095367432,5.900000095367432,0.323891154390896
Rajasthan,5.310416751437717,5.300000190734863,4.699999809265137,6.099999904632568,0.28860746504491613
Rajasthan,4.844444274902344,4.800000190734863,3.799999952316284,5.599999904632568,0.39313161396416074
Rajasthan,4.536111195882161,4.5,3.799999952316284,5.400000095367432,0.3250237504227679
Rajasthan,4.334722730848524,4.350000381469727,3.5,5.400000095367432,0.3902135210593898
Rajasthan,4.595833248562283,4.599999904632568,3.799999952316284,5.5,0.3133322434276111
Rajasthan,4.565972222222222,4.5,3.799999952316284,5.800000190734863,0.35358544847388024
Rajasthan,4.168750339084202,4.199999809265137,3.5,4.900000095367432,0.3530558461383297
Rajasthan,4.189583248562283,4.199999809265137,3.5,4.699999809265137,0.2835094472242332
Rajasthan,4.042360941569011,4.0,3.5999999046325684,4.900000095367432,0.31370984723568607
Rajasthan,3.84861077202691,3.700000047683716,3.200000047683716,4.800000190734863,0.3838738989903417
Rajasthan,3.9111111958821616,3.8499999046325684,3.200000047683716,4.699999809265137,0.41868032117705817
Rajasthan,4.052777608235677,4.0,3.4000000953674316,4.800000190734863,0.41798863209726905
Rajasthan,4.186805725097656,4.099999904632568,3.5999999046325684,4.900000095367432,0.34565688172313563
Rajasthan,4.559027777777778,4.599999904632568,3.9000000953674316,5.0,0.17654601397790115
Rajasthan,4.739583333333333,4.699999809265137,3.9000000953674316,5.599999904632568,0.2703441199523523
Rajasthan,4.990277608235677,5.0,4.5,5.599999904632568,0.21483825172652513
Rajasthan,5.159027947319879,5.199999809265137,4.5,5.900000095367432,0.2685902338310449
Rajasthan,5.452083587646484,5.400000095367432,4.699999809265137,6.599999904632568,0.31731702925557104
Rajasthan,5.397917005750868,5.400000095367432,4.599999904632568,6.400000095367432,0.3585210404142494
Rajasthan,5.052083333333333,5.099999904632568,4.199999809265137,5.800000190734863,0.4025903631766529
Rajasthan,4.673770091572746,4.599999904632568,4.300000190734863,5.300000190734863,0.22020976399517275
Rajasthan,4.96875,4.900000095367432,4.5,5.900000095367432,0.2887878988066227
Rajasthan,4.954166836208767,4.900000095367432,4.099999904632568,5.900000095367432,0.4039518343445007
Rajasthan,4.8625000847710504,4.900000095367432,4.0,6.0,0.4227678378067647
Rajasthan,4.715277777777778,4.699999809265137,4.199999809265137,5.599999904632568,0.3039826795877295
Rajasthan,4.341666751437717,4.300000190734863,3.700000047683716,5.400000095367432,0.34409706134915574
Rajasthan,4.34722179836697,4.300000190734863,3.5999999046325684,5.0,0.3018334038181568
Rajasthan,4.400694529215495,4.300000190734863,3.799999952316284,5.300000190734863,0.32177817777189244
Rajasthan,4.165972391764323,4.199999809265137,3.5999999046325684,4.900000095367432,0.2821453645963133
Rajasthan,3.83888922797309,3.799999952316284,3.200000047683716,4.699999809265137,0.31471129653540586
Rajasthan,3.8645833333333335,3.799999952316284,3.299999952316284,4.699999809265137,0.3795956657448986
Rajasthan,4.280555725097656,4.300000190734863,3.299999952316284,5.099999904632568,0.37625306404780556
Rajasthan,3.8041665818956165,3.799999952316284,3.299999952316284,4.599999904632568,0.29008499332221116
Rajasthan,3.6909722222222223,3.700000047683716,3.299999952316284,4.400000095367432,0.21210361121665122
Rajasthan,3.8388888041178384,3.799999952316284,3.299999952316284,4.400000095367432,0.23336638403090795
Rajasthan,4.193750169542101,4.0,3.299999952316284,6.0,0.6148869367483178
Rajasthan,4.745833502875434,4.699999809265137,3.799999952316284,5.900000095367432,0.44998069863631374
Rajasthan,4.565972222222222,4.599999904632568,3.5999999046325684,5.400000095367432,0.32192201379628543
Rajasthan,4.9194446139865455,4.900000095367432,4.5,5.699999809265137,0.25611354553291527
Rajasthan,5.253472222222222,5.199999809265137,4.5,5.800000190734863,0.26111758119619594
Rajasthan,5.235416836208767,5.300000190734863,4.400000095367432,5.900000095367432,0.3158913091213874
Rajasthan,5.381944444444445,5.400000095367432,4.5,6.099999904632568,0.279546450919191
Rajasthan,5.1358209866196365,5.199999809265137,4.099999904632568,5.699999809265137,0.3069841472725558
Rajasthan,4.716000366210937,4.800000190734863,4.199999809265137,5.099999904632568,0.2602768077696203
Rajasthan,4.607246730638587,4.599999904632568,4.199999809265137,5.099999904632568,0.17430509798489519
Rajasthan,4.583333333333333,4.599999904632568,3.9000000953674316,5.300000190734863,0.36209269544686745
Rajasthan,4.483333163791233,4.5,4.0,5.199999809265137,0.2901149331893637
Rajasthan,4.589583502875434,4.599999904632568,3.799999952316284,5.5,0.3415078221394678
Rajasthan,4.607638888888889,4.599999904632568,4.0,5.300000190734863,0.25415434273305193
Rajasthan,4.534027947319879,4.599999904632568,3.799999952316284,5.5,0.33461484805652075
Rajasthan,4.34375,4.400000095367432,3.4000000953674316,5.199999809265137,0.3305548062176307
Rajasthan,4.715972052680121,4.699999809265137,4.0,5.800000190734863,0.37521534365898246
Rajasthan,4.1743053860134545,4.099999904632568,3.4000000953674316,5.0,0.33824435143627846
Rajasthan,3.6437500847710504,3.5999999046325684,3.200000047683716,4.599999904632568,0.266853767134368
Rajasthan,3.6479165818956165,3.700000047683716,3.200000047683716,4.199999809265137,0.19183642307044235
Rajasthan,3.77638922797309,3.700000047683716,3.200000047683716,4.599999904632568,0.32015317723874764
Rajasthan,3.9277776082356772,3.9000000953674316,3.5,4.5,0.18872539846412373
Rajasthan,3.806249830457899,3.799999952316284,3.4000000953674316,4.400000095367432,0.22274135408558357
Rajasthan,3.722916497124566,3.700000047683716,3.299999952316284,4.599999904632568,0.22537584497545143
Rajasthan,3.8527776930067272,3.799999952316284,3.5,4.599999904632568,0.19612367552330356
Rajasthan,4.252083672417535,4.0,3.4000000953674316,6.300000190734863,0.6433385960476175
Rajasthan,5.082639058430989,4.800000190734863,3.5,8.399999618530273,1.04657706526661
Rajasthan,4.6368052164713545,4.699999809265137,3.5999999046325684,5.599999904632568,0.44343146723358523
Rajasthan,5.127777947319879,5.099999904632568,4.5,5.699999809265137,0.3014880680545877
Rajasthan,5.286805894639757,5.300000190734863,4.599999904632568,5.900000095367432,0.23665684991275723
Rajasthan,5.463194529215495,5.449999809265137,4.900000095367432,6.099999904632568,0.2332578723497877
Rajasthan,5.274305555555555,5.300000190734863,4.5,6.0,0.26815898658898113
Rajasthan,4.892683075695503,4.800000190734863,4.300000190734863,5.699999809265137,0.33993559686147473
Rajasthan,4.4727998046875,4.400000095367432,4.099999904632568,5.0,0.20605861818837415
Rajasthan,4.584722306993273,4.599999904632568,4.099999904632568,5.5,0.22678898684379506
Rajasthan,4.31736077202691,4.300000190734863,3.799999952316284,4.800000190734863,0.18868327045611777
Rajasthan,4.5611114501953125,4.400000095367432,4.0,5.5,0.39705708417831925
Rajasthan,4.617361280653212,4.599999904632568,3.9000000953674316,5.5,0.271142102791397
Rajasthan,4.584027608235677,4.599999904632568,4.0,5.400000095367432,0.2583772158582216
Rajasthan,4.788194444444445,4.800000190734863,4.0,5.699999809265137,0.2548138155819211
Rajasthan,4.906944274902344,4.900000095367432,4.0,5.800000190734863,0.349732601216278
Rajasthan,4.227082994249132,4.199999809265137,3.5,5.0,0.35024173996020663
Rajasthan,3.7868054707845054,3.799999952316284,3.200000047683716,4.5,0.23459376137957627
Rajasthan,3.584721883138021,3.5,3.299999952316284,4.099999904632568,0.19051078719028922
Rajasthan,3.9097222222222223,3.9000000953674316,3.4000000953674316,4.599999904632568,0.2604268400748413
Rajasthan,3.943750169542101,3.950000047683716,3.299999952316284,4.699999809265137,0.2748026480618971
Rajasthan,3.8159722222222223,3.799999952316284,3.299999952316284,4.800000190734863,0.25184407099773015
Rajasthan,3.925694359673394,3.9000000953674316,3.4000000953674316,4.900000095367432,0.28327119885172597
Rajasthan,3.761805640326606,3.700000047683716,3.200000047683716,4.400000095367432,0.22821668319632338
Rajasthan,3.9541668362087674,3.9000000953674316,3.5,5.0,0.32465259829378884
Rajasthan,4.560416327582465,4.400000095367432,3.4000000953674316,6.400000095367432,0.8326846467833112
Rajasthan,4.435416751437717,4.5,3.700000047683716,5.400000095367432,0.36826711083274494
Rajasthan,4.933333502875434,4.900000095367432,4.5,5.5,0.20412416740255643
Rajasthan,5.293750339084202,5.300000190734863,4.5,6.199999809265137,0.299123442892651
Rajasthan,5.2583334181043835,5.300000190734863,4.099999904632568,6.099999904632568,0.3353066580242379
Rajasthan,4.950000339084202,4.900000095367432,4.199999809265137,5.800000190734863,0.3527668476707949
Rajasthan,4.957471124057112,5.0,4.300000190734863,5.5,0.23714400539552596
Rajasthan,5.300000190734863,5.300000190734863,5.199999809265137,5.400000095367432,0.07071077927129216
Rajasthan,5.6200000762939455,5.300000190734863,5.199999809265137,6.199999809265137,0.43543073002985966
Rajasthan,5.459999847412109,5.300000190734863,5.199999809265137,6.0,0.3072458659205582
Rajasthan,4.533684339021382,4.5,3.9000000953674316,5.400000095367432,0.35142131340896476
Rajasthan,4.4916665818956165,4.5,4.0,5.199999809265137,0.25590254251505257
Rajasthan,4.381944444444445,4.400000095367432,3.799999952316284,5.0,0.22719694612963792
Rajasthan,4.345138973659939,4.400000095367432,3.5999999046325684,5.199999809265137,0.3401041095596922
Rajasthan,4.8034718831380205,4.800000190734863,4.199999809265137,5.400000095367432,0.2187125312185932
Rajasthan,4.822916666666667,4.800000190734863,4.099999904632568,5.599999904632568,0.2388394483638869
Rajasthan,5.077777862548828,5.099999904632568,4.300000190734863,5.800000190734863,0.25912363760373724
Rajasthan,4.6263885498046875,4.649999618530273,4.099999904632568,5.199999809265137,0.23362663324204402
Rajasthan,4.357638888888889,4.300000190734863,3.700000047683716,5.199999809265137,0.3627785983506539
Rajasthan,4.1472218831380205,4.0,3.700000047683716,5.099999904632568,0.3170927909975994
Rajasthan,4.133332994249132,4.099999904632568,3.5,4.800000190734863,0.2758824209806155
Rajasthan,4.3312500847710504,4.300000190734863,3.9000000953674316,5.0,0.2390573998484632
Rajasthan,4.063888973659939,4.0,3.5,4.900000095367432,0.35150690486342095
Rajasthan,4.261805640326606,4.199999809265137,3.799999952316284,4.699999809265137,0.18295285937626907
Rajasthan,4.081944359673394,4.0,3.799999952316284,4.699999809265137,0.2093816147327073
Rajasthan,3.8402777777777777,3.9000000953674316,3.299999952316284,4.400000095367432,0.20727041597243095
Rajasthan,3.8715277777777777,3.799999952316284,3.299999952316284,4.699999809265137,0.3019986981032056
Rajasthan,5.0298614501953125,4.400000095367432,3.5,8.0,1.2394039783413346
Rajasthan,4.683333502875434,4.699999809265137,3.5999999046325684,7.199999809265137,0.6833333258383723
Rajasthan,4.684027353922526,4.599999904632568,4.099999904632568,5.400000095367432,0.24626746078170442
Rajasthan,5.159722222222222,5.099999904632568,4.5,5.900000095367432,0.3005364367669899
Rajasthan,5.248935997063387,5.300000190734863,4.099999904632568,5.900000095367432,0.38029793135121637
Rajasthan,5.138738958685248,5.099999904632568,4.5,6.0,0.33642832151901064
Rajasthan,5.1299999237060545,5.050000190734863,4.699999809265137,5.800000190734863,0.3465544604924964
Rajasthan,6.649999618530273,6.649999618530273,6.599999904632568,6.699999809265137,0.049999952316852614
Rajasthan,5.477777874658978,5.400000095367432,4.300000190734863,6.599999904632568,0.48776925489697753
Rajasthan,5.070629199901661,5.099999904632568,4.199999809265137,6.300000190734863,0.39273688004149954
Rajasthan,4.9361114501953125,4.900000095367432,4.0,6.099999904632568,0.41959160045472316
Rajasthan,4.7104165818956165,4.699999809265137,4.0,5.599999904632568,0.3499442020529602
Rajasthan,4.358333163791233,4.300000190734863,3.799999952316284,5.800000190734863,0.33798835045974235
Rajasthan,4.271527608235677,4.300000190734863,3.5999999046325684,5.0,0.24314585452973905
Rajasthan,4.125694274902344,4.099999904632568,3.4000000953674316,4.800000190734863,0.2820427859260739
Rajasthan,4.127083672417535,4.099999904632568,3.5999999046325684,4.900000095367432,0.2497829071678604
Rajasthan,4.454166836208767,4.400000095367432,3.799999952316284,5.300000190734863,0.3004337054560317
Rajasthan,4.598611195882161,4.599999904632568,3.9000000953674316,5.300000190734863,0.29883714169961434
Rajasthan,4.885416666666667,4.900000095367432,4.099999904632568,5.599999904632568,0.3613187207668066
Rajasthan,4.59375,4.599999904632568,3.9000000953674316,5.400000095367432,0.31006691364332123
Rajasthan,4.564583672417535,4.5,4.099999904632568,5.400000095367432,0.25371373146537796
Rajasthan,4.257638719346788,4.25,3.5999999046325684,5.400000095367432,0.3641160995741981
Rajasthan,4.324305640326606,4.400000095367432,3.5999999046325684,5.400000095367432,0.35905868740964053
Rajasthan,4.475000169542101,4.5,3.700000047683716,5.699999809265137,0.4306809908307678
Rajasthan,4.176389058430989,4.099999904632568,3.5,5.400000095367432,0.36647460335911297
Rajasthan,3.8743057250976562,3.799999952316284,3.299999952316284,4.699999809265137,0.32611911332427773
Rajasthan,3.935416751437717,3.9000000953674316,3.5,4.699999809265137,0.25206612585936733
Rajasthan,4.140277438693577,4.099999904632568,3.5999999046325684,4.699999809265137,0.22277276634575327
Rajasthan,4.058333502875434,4.0,3.4000000953674316,5.300000190734863,0.3381937298870009
Rajasthan,4.649999830457899,4.099999904632568,3.700000047683716,6.599999904632568,0.8856886808269472
Rajasthan,4.453472561306423,4.400000095367432,3.5999999046325684,6.400000095367432,0.5206717363418425
Rajasthan,4.479166666666667,4.599999904632568,3.5999999046325684,5.099999904632568,0.3168584654812297
Rajasthan,4.943750108991351,4.900000095367432,4.599999904632568,5.699999809265137,0.2678556494529852
Rajasthan,5.33888922797309,5.350000381469727,4.599999904632568,5.699999809265137,0.27716597076640054
Rajasthan,5.599999904632568,5.599999904632568,5.599999904632568,5.599999904632568,0.0
Rajasthan,6.119100849280197,6.199999809265137,4.599999904632568,8.100000381469727,0.7625911616506396
Rajasthan,5.798611111111111,5.699999809265137,4.5,7.400000095367432,0.6566948117112293
Rajasthan,5.141666836208767,5.0,4.199999809265137,7.0,0.5055937113645473
Rajasthan,5.367361280653212,5.300000190734863,4.599999904632568,6.400000095367432,0.36013690495388384
Rajasthan,4.813888973659939,4.800000190734863,4.0,6.0,0.34411946432353846
Rajasthan,4.511110941569011,4.5,3.9000000953674316,5.800000190734863,0.31493189522978887
Rajasthan,4.354166666666667,4.300000190734863,3.5999999046325684,5.099999904632568,0.3142175106461966
Rajasthan,3.9923612806532116,3.9000000953674316,3.5,5.0,0.2913283338668524
Rajasthan,4.068055894639757,4.0,3.5,4.800000190734863,0.2602490360009151
Rajasthan,4.44236077202691,4.400000095367432,3.9000000953674316,5.099999904632568,0.27043687551120527
Rajasthan,4.061805725097656,4.0,3.5,5.199999809265137,0.3253196025871693
Rajasthan,4.203472137451172,4.149999618530273,3.799999952316284,4.800000190734863,0.24534931574223157
Rajasthan,4.490277608235677,4.449999809265137,3.799999952316284,5.699999809265137,0.3420362681053902
Rajasthan,4.2680553860134545,4.199999809265137,3.700000047683716,5.0,0.2623750709271241
Rajasthan,4.384027693006727,4.350000381469727,3.799999952316284,5.199999809265137,0.30791938769607324
Rajasthan,4.380555470784505,4.400000095367432,3.700000047683716,5.400000095367432,0.3687964355501767
Rajasthan,4.935416327582465,4.900000095367432,4.099999904632568,5.800000190734863,0.3955426657574663
Rajasthan,4.3930553860134545,4.400000095367432,3.4000000953674316,5.599999904632568,0.5199696587544861
Rajasthan,6.305555555555555,4.300000190734863,3.200000047683716,24.299999237060547,5.222823601783881
Rajasthan,3.7937503390842013,3.700000047683716,3.4000000953674316,4.800000190734863,0.27894114930630637
Rajasthan,3.953472137451172,4.0,3.5,4.5,0.1881611090534548
Rajasthan,4.035416497124566,4.0,3.4000000953674316,6.0,0.3656175896770294
Rajasthan,5.881944444444445,5.649999618530273,3.799999952316284,12.800000190734863,1.5090768342347787
Rajasthan,4.183333502875434,4.099999904632568,3.299999952316284,6.400000095367432,0.5675238811000729
Rajasthan,3.966666751437717,3.799999952316284,3.4000000953674316,4.800000190734863,0.4181639696649588
Rajasthan,4.55094362654776,4.599999904632568,3.700000047683716,5.099999904632568,0.2537437651620689
Rajasthan,7.26000017438616,7.199999809265137,6.300000190734863,7.900000095367432,0.3063144865512501
Rajasthan,7.316854069741924,7.300000190734863,6.199999809265137,8.300000190734863,0.372129007447282
Rajasthan,5.971074380165289,5.900000095367432,5.0,7.599999904632568,0.5803159755840722
Rajasthan,6.087500254313151,6.0,4.800000190734863,8.600000381469727,0.7600141928667217
Rajasthan,5.400694529215495,5.300000190734863,4.599999904632568,7.300000190734863,0.4697068380067297
Rajasthan,5.1374999152289496,5.099999904632568,4.199999809265137,6.0,0.3493794016702373
Rajasthan,5.004166497124566,5.0,4.099999904632568,6.199999809265137,0.43650678953271516
Rajasthan,4.817361195882161,4.800000190734863,4.099999904632568,5.699999809265137,0.30941922808901234
Rajasthan,4.534722222222222,4.5,3.9000000953674316,6.199999809265137,0.3900355123700988
Rajasthan,4.3763885498046875,4.300000190734863,3.700000047683716,6.300000190734863,0.4067121447820921
Rajasthan,4.107638888888889,4.099999904632568,3.5999999046325684,4.599999904632568,0.2124852558619312
Rajasthan,4.0819447835286455,4.0,3.700000047683716,5.199999809265137,0.2704555562453042
Rajasthan,4.372916327582465,4.300000190734863,3.799999952316284,5.099999904632568,0.22117702189129498
Rajasthan,4.234722137451172,4.199999809265137,3.5999999046325684,5.599999904632568,0.30260891039627624
Rajasthan,4.1680552164713545,4.099999904632568,3.799999952316284,5.0,0.23113631391918243
Rajasthan,4.243749830457899,4.199999809265137,3.799999952316284,5.300000190734863,0.2971435295996221
Rajasthan,4.245833502875434,4.199999809265137,3.799999952316284,5.0,0.2084583168639018
Rajasthan,4.250694698757595,4.149999618530273,3.700000047683716,5.5,0.377307096520503
Rajasthan,4.688888973659939,4.599999904632568,3.9000000953674316,5.900000095367432,0.43142387444712915
Rajasthan,4.880555470784505,4.900000095367432,4.0,5.800000190734863,0.32835401072877624
Rajasthan,5.013888888888889,5.0,3.9000000953674316,6.199999809265137,0.5235576695366084
Rajasthan,4.654861026340061,3.950000047683716,3.200000047683716,18.399999618530273,2.534726272179237
Rajasthan,4.927777608235677,3.799999952316284,3.4000000953674316,23.899999618530273,3.9101620219270883
Rajasthan,3.9055553012424045,3.9000000953674316,3.4000000953674316,7.199999809265137,0.36813677026706926
Rajasthan,4.370138804117839,3.9000000953674316,3.5,15.100000381469727,1.580615215669096
Rajasthan,5.3832171246722025,5.0,3.299999952316284,12.100000381469727,1.564643713740181
Rajasthan,4.115972306993273,4.0,3.299999952316284,7.800000190734863,0.6724399136349105
Rajasthan,3.8354165818956165,3.799999952316284,3.4000000953674316,4.800000190734863,0.2641729157164108
Rajasthan,4.409090909090909,4.5,3.700000047683716,4.800000190734863,0.25149687083964994
Rajasthan,7.052941266228171,6.699999809265137,6.300000190734863,8.100000381469727,0.6518008488472216
Rajasthan,6.736046369685683,6.800000190734863,6.0,7.599999904632568,0.3194882649501834
Rajasthan,7.391608391608392,7.400000095367432,6.300000190734863,8.800000190734863,0.4926731102542847
Rajasthan,7.5298614501953125,7.599999904632568,6.599999904632568,8.5,0.40088097963409575
Rajasthan,6.738889058430989,6.699999809265137,5.699999809265137,8.5,0.5655762930576169
Rajasthan,7.211805555555555,7.300000190734863,5.300000190734863,9.300000190734863,1.1060752054653318
Rajasthan,6.201388888888889,5.800000190734863,4.800000190734863,9.199999809265137,1.0122846842512427
Rajasthan,5.568055470784505,5.400000095367432,4.699999809265137,10.100000381469727,0.6408168288795156
Rajasthan,6.122222476535374,5.300000190734863,4.5,13.600000381469727,2.0528924009537795
Rajasthan,4.870138804117839,4.949999809265137,4.0,6.0,0.4306132464775052
Rajasthan,4.971527947319879,4.699999809265137,3.700000047683716,10.699999809265137,0.9864120775910699
Rajasthan,4.323611365424262,4.300000190734863,3.799999952316284,7.800000190734863,0.46487545963138877
Rajasthan,4.087499830457899,4.099999904632568,3.5999999046325684,4.5,0.1914400894286139
Rajasthan,4.095832824707031,4.099999904632568,3.799999952316284,4.900000095367432,0.1953895776406979
Rajasthan,4.545833163791233,4.599999904632568,4.0,5.400000095367432,0.2886450859904263
Rajasthan,4.320138719346788,4.300000190734863,3.700000047683716,5.199999809265137,0.2797766554963405
Rajasthan,4.002083248562283,3.9000000953674316,3.5,4.800000190734863,0.2577867195536763
Rajasthan,4.152777777777778,4.099999904632568,3.5999999046325684,5.099999904632568,0.3427714790174948
Rajasthan,4.055555555555555,4.099999904632568,3.5,4.800000190734863,0.24001673381987695
Rajasthan,3.955555386013455,3.9000000953674316,3.5999999046325684,4.5,0.20472806092414808
Rajasthan,4.647917005750868,4.599999904632568,3.799999952316284,5.800000190734863,0.3928119264538755
Rajasthan,4.665277693006727,4.699999809265137,3.700000047683716,6.0,0.4626793241406852
Rajasthan,4.764583163791233,4.75,3.9000000953674316,5.599999904632568,0.3416603280052958
Rajasthan,4.352777269151476,4.199999809265137,3.299999952316284,9.600000381469727,0.7866900378813458
Rajasthan,5.421527862548828,3.9000000953674316,3.4000000953674316,26.700000762939453,4.672454231771411
Rajasthan,4.246527777777778,4.0,3.299999952316284,11.800000190734863,0.9726048482634443
Rajasthan,4.655555725097656,4.449999809265137,3.5,7.099999904632568,0.8684898819637974
Rajasthan,4.996527777777778,4.599999904632568,3.4000000953674316,13.399999618530273,1.435773753671168
Rajasthan,3.8347223069932728,3.5999999046325684,3.200000047683716,6.300000190734863,0.5707353164013435
Rajasthan,3.919444613986545,3.9000000953674316,3.299999952316284,5.0,0.3107512761273671
Rajasthan,4.169291338582677,4.0,3.5,5.099999904632568,0.5156620651449267
Rajasthan,4.800000190734863,4.800000190734863,4.800000190734863,4.800000190734863,0.0
Rajasthan,19.511110093858505,19.0,18.5,23.0,1.2844752836068765
Rajasthan,10.279850746268657,7.800000190734863,6.199999809265137,23.399999618530273,4.836703242501536
Rajasthan,7.2006946139865455,7.199999809265137,6.099999904632568,8.800000190734863,0.4773329746545361
Rajasthan,7.086805555555555,7.0,5.900000095367432,8.600000381469727,0.6180442851163711
Rajasthan,7.229166666666667,7.199999809265137,6.300000190734863,8.199999809265137,0.39928318758757936
Rajasthan,7.172222561306423,7.199999809265137,6.099999904632568,8.100000381469727,0.39094694609983455
Rajasthan,8.331249660915798,8.399999618530273,6.5,9.699999809265137,0.6745851133665915
Rajasthan,7.385416666666667,7.550000190734863,5.0,9.199999809265137,1.0869151746288568
Rajasthan,6.105555640326606,6.0,5.0,8.0,0.6544482219110395
Rajasthan,5.480555640326606,5.099999904632568,4.400000095367432,17.299999237060547,1.5290373104230508
Rajasthan,5.382638719346788,5.350000381469727,4.400000095367432,6.699999809265137,0.43943300579472244
Rajasthan,4.814583672417535,4.699999809265137,3.9000000953674316,9.899999618530273,0.8330807009079755
Rajasthan,4.798611111111111,4.599999904632568,4.0,6.900000095367432,0.6417192915711624
Rajasthan,4.561805301242405,4.400000095367432,3.9000000953674316,6.5,0.49117158373961206
Rajasthan,4.4881947835286455,4.5,3.9000000953674316,5.599999904632568,0.3453051256485411
Rajasthan,4.390972137451172,4.400000095367432,3.700000047683716,5.0,0.29695521944983466
Rajasthan,4.244444105360243,4.300000190734863,3.5999999046325684,5.099999904632568,0.31197798374997116
Rajasthan,4.013888888888889,4.0,3.4000000953674316,5.199999809265137,0.34753318599721256
Rajasthan,4.28888914320204,4.300000190734863,3.5,5.099999904632568,0.32255729626879276
Rajasthan,3.914582994249132,3.9000000953674316,3.5,4.800000190734863,0.26272313362103106
Rajasthan,4.131944444444445,4.099999904632568,3.5,4.800000190734863,0.26237503700004644
Rajasthan,4.392361111111111,4.300000190734863,3.799999952316284,5.5,0.2879717932263632
Rajasthan,4.380555470784505,4.400000095367432,3.799999952316284,5.0,0.26699921900174234
Rajasthan,4.336805555555555,4.300000190734863,3.700000047683716,5.599999904632568,0.3181427307309203
Rajasthan,4.136110941569011,4.099999904632568,3.700000047683716,4.699999809265137,0.16857701789926915
Rajasthan,4.027777777777778,3.9000000953674316,3.4000000953674316,5.400000095367432,0.47499188923743835
Rajasthan,4.268749660915798,4.099999904632568,3.4000000953674316,6.300000190734863,0.5372859661607942
Rajasthan,4.515972137451172,4.5,3.700000047683716,6.0,0.44326178520132303
Rajasthan,4.561805725097656,4.599999904632568,3.5,6.599999904632568,0.5318986627586574
Rajasthan,3.933333502875434,3.9000000953674316,3.4000000953674316,4.599999904632568,0.2592724801344073
Rajasthan,4.405555725097656,4.300000190734863,3.5999999046325684,5.800000190734863,0.4278138658918065
Rajasthan,4.427083333333333,4.5,3.700000047683716,5.300000190734863,0.3169338090646944
Rajasthan,4.643902290158156,4.699999809265137,4.0,5.0,0.19005622654332094
Rajasthan,18.684906581662737,19.200000762939453,9.699999809265137,21.799999237060547,1.9658784271094025
Rajasthan,10.313194274902344,8.800000190734863,7.0,21.700000762939453,3.6852417124792254
Rajasthan,7.7409718831380205,7.300000190734863,6.199999809265137,15.199999809265137,1.5018698366994296
Rajasthan,6.931249830457899,6.900000095367432,6.0,8.0,0.3788631874316401
Rajasthan,7.1236114501953125,7.099999904632568,6.199999809265137,8.199999809265137,0.5056604908653629
Rajasthan,7.627777947319879,7.699999809265137,5.800000190734863,9.100000381469727,0.5842188944216758
Rajasthan,7.542360941569011,7.5,6.300000190734863,9.0,0.5062909578411271
Rajasthan,8.429861280653212,8.449999809265137,7.099999904632568,9.600000381469727,0.48620980237606254
Rajasthan,7.078472137451172,7.099999904632568,5.400000095367432,9.399999618530273,0.7296463244438066
Rajasthan,6.661805046929254,6.300000190734863,4.900000095367432,12.100000381469727,1.4599275292624245
Rajasthan,7.229860941569011,6.149999618530273,4.5,13.5,2.5542470185758317
Rajasthan,6.641666836208767,6.0,4.0,14.0,2.192458638499324
Rajasthan,4.807638804117839,4.699999809265137,4.099999904632568,6.599999904632568,0.39494723444612134
Rajasthan,4.6652781168619795,4.400000095367432,3.799999952316284,7.400000095367432,0.7396808331613121
Rajasthan,4.1479165818956165,4.099999904632568,3.799999952316284,6.199999809265137,0.3497953255497751
Rajasthan,4.519444359673394,4.5,3.799999952316284,5.699999809265137,0.4216827676083096
Rajasthan,4.584722306993273,4.599999904632568,3.5999999046325684,5.900000095367432,0.47159885967582005
Rajasthan,4.159027947319879,4.199999809265137,3.5,5.0,0.3071855310485236
Rajasthan,4.334722306993273,4.300000190734863,3.5999999046325684,4.900000095367432,0.2585535172640809
Rajasthan,4.0812500847710504,4.0,3.5999999046325684,4.699999809265137,0.2348074803514232
Rajasthan,4.347916920979817,4.400000095367432,3.700000047683716,5.300000190734863,0.25926413831125256
Rajasthan,4.277777777777778,4.300000190734863,3.799999952316284,5.099999904632568,0.25965908881739297
Rajasthan,4.443055470784505,4.400000095367432,3.799999952316284,5.699999809265137,0.3271622063990785
Rajasthan,4.929861280653212,4.900000095367432,3.700000047683716,7.0,0.6600799520361162
Rajasthan,4.172222137451172,4.099999904632568,3.700000047683716,5.599999904632568,0.3418585708508715
Rajasthan,3.8993055555555554,3.9000000953674316,3.4000000953674316,4.300000190734863,0.1583318033833641
Rajasthan,3.950694613986545,3.799999952316284,3.200000047683716,6.0,0.5730033665112616
Rajasthan,4.520833333333333,4.5,3.299999952316284,6.400000095367432,0.5739574040313972
Rajasthan,4.28125,4.300000190734863,3.9000000953674316,4.900000095367432,0.17558189746239994
Rajasthan,4.322916666666667,4.199999809265137,3.700000047683716,5.5,0.45578362331945704
Rajasthan,4.2590281168619795,4.199999809265137,3.700000047683716,5.300000190734863,0.34306891016423663
Rajasthan,4.2729165818956165,4.199999809265137,3.799999952316284,5.199999809265137,0.3111847287961499
Rajasthan,4.2351647680932345,4.199999809265137,3.5999999046325684,4.900000095367432,0.2876099297193384
Rajasthan,11.363265056999362,9.800000190734863,8.600000381469727,21.799999237060547,3.1668366542642086
Rajasthan,9.331249660915798,9.399999618530273,8.399999618530273,10.5,0.3988644874870668
Rajasthan,8.650000678168404,7.900000095367432,6.5,18.799999237060547,2.0453877539213625
Rajasthan,7.377777947319879,6.900000095367432,6.199999809265137,20.5,2.0079510542708054
Rajasthan,7.270139058430989,7.199999809265137,6.199999809265137,8.399999618530273,0.44097112715479403
Rajasthan,7.539583841959636,7.599999904632568,6.0,8.800000190734863,0.510612230888702
Rajasthan,7.515972561306423,7.5,6.300000190734863,8.600000381469727,0.4801132969897318
Rajasthan,8.16736094156901,8.100000381469727,6.900000095367432,9.600000381469727,0.6348479571145234
Rajasthan,7.680555555555555,7.699999809265137,6.5,9.300000190734863,0.6041842671579997
Rajasthan,6.2104165818956165,6.0,4.5,8.600000381469727,1.011991904976107
Rajasthan,5.387500339084202,5.0,4.099999904632568,12.0,1.4288143540271947
Rajasthan,5.320138719346788,5.199999809265137,4.099999904632568,7.900000095367432,0.6268949079445028
Rajasthan,4.826388888888889,4.800000190734863,4.099999904632568,6.199999809265137,0.45628118108882
Rajasthan,4.138888888888889,4.099999904632568,3.700000047683716,4.900000095367432,0.2630248965980354
Rajasthan,4.456944359673394,4.400000095367432,3.9000000953674316,5.400000095367432,0.33450894412331084
Rajasthan,4.122222052680121,4.0,3.5999999046325684,5.0,0.27142739483798484
Rajasthan,4.100694444444445,4.0,3.5,5.199999809265137,0.38792477337921505
Rajasthan,4.0124999152289496,4.0,3.5999999046325684,4.900000095367432,0.22449789660575678
Rajasthan,4.503472222222222,4.5,3.9000000953674316,5.199999809265137,0.2829441540652118
Rajasthan,4.238194359673394,4.25,3.700000047683716,4.900000095367432,0.25765947884774587
Rajasthan,4.686111026340061,4.699999809265137,3.9000000953674316,5.699999809265137,0.30037271097479584
Rajasthan,4.479861365424262,4.400000095367432,4.0,5.599999904632568,0.2317145622280529
Rajasthan,4.611111111111111,4.5,3.5999999046325684,7.300000190734863,0.697526501485254
Rajasthan,5.868055555555555,5.699999809265137,4.099999904632568,7.900000095367432,0.8890266636125826
Rajasthan,4.347916497124566,4.099999904632568,3.299999952316284,7.699999809265137,0.9218767528905144
Rajasthan,3.97361077202691,4.0,3.5,4.699999809265137,0.2229804518045257
Rajasthan,3.9680557250976562,4.0,3.4000000953674316,4.300000190734863,0.21973868632638197
Rajasthan,4.315972222222222,4.300000190734863,3.299999952316284,6.599999904632568,0.5397611749973219
Rajasthan,4.56736077202691,4.5,3.799999952316284,6.400000095367432,0.4321827455795087
Rajasthan,4.740972306993273,4.699999809265137,4.099999904632568,5.599999904632568,0.34528836564253174
Rajasthan,4.4284718831380205,4.449999809265137,3.700000047683716,5.5,0.3980269455070464
Rajasthan,4.089583079020183,4.099999904632568,3.5999999046325684,4.699999809265137,0.208072746159854
Rajasthan,4.1758063531691025,4.099999904632568,3.799999952316284,5.0,0.24507109698433244
Rajasthan,8.510000101725261,8.5,7.800000190734863,9.399999618530273,0.36272111651437144
Rajasthan,8.908333672417534,8.899999618530273,7.5,10.5,0.5685630073300981
Rajasthan,8.306249830457899,8.100000381469727,7.099999904632568,10.300000190734863,0.7747955815569946
Rajasthan,7.523610432942708,7.300000190734863,6.300000190734863,14.600000381469727,1.0158457527328848
Rajasthan,7.845832824707031,7.099999904632568,6.0,17.200000762939453,2.0855946549735975
Rajasthan,7.0805553860134545,7.099999904632568,5.800000190734863,8.699999809265137,0.5192512795311953
Rajasthan,7.193749321831597,7.0,6.099999904632568,11.300000190734863,0.8034836593165461
Rajasthan,7.253472222222222,7.300000190734863,5.699999809265137,8.399999618530273,0.4771025415648223
Rajasthan,7.709027608235677,7.599999904632568,5.699999809265137,9.5,1.008912572666459
Rajasthan,7.7979176839192705,8.0,5.099999904632568,9.199999809265137,0.9276964819865582
Rajasthan,5.222222222222222,5.0,4.0,7.699999809265137,0.8138082998442505
Rajasthan,4.5471426827566965,4.5,3.9000000953674316,6.599999904632568,0.4439180931961365
Rajasthan,4.633332994249132,4.5,4.099999904632568,6.300000190734863,0.4139914161985139
Rajasthan,4.173611111111111,4.199999809265137,3.5,4.800000190734863,0.2497182241520143
Rajasthan,4.034027947319879,4.0,3.700000047683716,4.699999809265137,0.20654672589380177
Rajasthan,4.114583333333333,4.149999618530273,3.5999999046325684,4.5,0.1848305482368691
Rajasthan,4.003472222222222,4.0,3.5,4.599999904632568,0.24250234678249846
Rajasthan,4.438194698757595,4.400000095367432,3.9000000953674316,5.400000095367432,0.33228931102584797
Rajasthan,4.245833502875434,4.199999809265137,3.799999952316284,4.800000190734863,0.2094553429281054
Rajasthan,4.194444444444445,4.199999809265137,3.5999999046325684,5.099999904632568,0.3361914419062069
Rajasthan,4.585417005750868,4.599999904632568,3.799999952316284,5.099999904632568,0.2605999364864957
Rajasthan,4.662500169542101,4.699999809265137,4.099999904632568,5.300000190734863,0.2471715102857177
Rajasthan,4.581944359673394,4.599999904632568,4.0,5.400000095367432,0.2265847746503131
Rajasthan,5.420138888888889,5.350000381469727,4.300000190734863,7.0,0.6470638709363994
Rajasthan,5.042360941569011,5.0,4.0,6.800000190734863,0.6184186686724529
Rajasthan,4.155555725097656,4.099999904632568,3.700000047683716,4.800000190734863,0.22229167356285914
Rajasthan,4.379861195882161,4.400000095367432,3.700000047683716,5.0,0.24652582887733088
Rajasthan,4.735416836208767,4.599999904632568,4.0,6.199999809265137,0.5008976359000828
Rajasthan,5.348950792859484,5.0,4.199999809265137,13.100000381469727,1.4403217698056565
Rajasthan,4.802777608235677,4.5,3.9000000953674316,11.5,1.1157299712838307
Rajasthan,4.759721967909071,4.800000190734863,3.9000000953674316,5.699999809265137,0.47453479589826725
Rajasthan,4.315277947319879,4.199999809265137,3.9000000953674316,5.300000190734863,0.2853651683644774
Rajasthan,4.179861280653212,4.199999809265137,3.9000000953674316,4.800000190734863,0.16649153591004584
Rajasthan,,,,,
Rajasthan,7.2909088134765625,7.099999904632568,6.800000190734863,8.899999618530273,0.4377031440307411
Rajasthan,8.191666497124565,7.949999809265137,6.800000190734863,19.399999618530273,1.6950294808783346
Rajasthan,7.65555657280816,7.5,6.599999904632568,14.100000381469727,0.8496549708584122
Rajasthan,7.256944444444445,7.199999809265137,6.300000190734863,8.399999618530273,0.43535630410049847
Rajasthan,7.0402781168619795,7.0,6.199999809265137,8.300000190734863,0.42627579442423597
Rajasthan,6.815972222222222,6.699999809265137,5.800000190734863,11.0,0.6183157093068151
Rajasthan,6.757638719346788,6.75,5.5,7.900000095367432,0.4925246689271123
Rajasthan,6.71388922797309,6.599999904632568,5.699999809265137,8.100000381469727,0.5175544949480567
Rajasthan,7.588194105360243,7.699999809265137,5.400000095367432,9.100000381469727,0.8783267657084676
Rajasthan,6.366667005750868,6.400000095367432,4.199999809265137,8.800000190734863,1.0880027559697787
Rajasthan,4.575000339084202,4.5,3.9000000953674316,5.699999809265137,0.35930101337959386
Rajasthan,4.795138888888889,4.699999809265137,4.099999904632568,6.400000095367432,0.49178387852514754
Rajasthan,4.334028032090929,4.400000095367432,3.799999952316284,5.0,0.2579737215199225
Rajasthan,4.636805640326606,4.599999904632568,4.099999904632568,5.599999904632568,0.3467601158216045
Rajasthan,4.659722222222222,4.5,4.0,6.699999809265137,0.5379125593613305
Rajasthan,4.499305725097656,4.5,3.799999952316284,6.199999809265137,0.39361157102594013
Rajasthan,4.756944444444445,4.699999809265137,3.799999952316284,6.400000095367432,0.5557343431047678
Rajasthan,4.239583333333333,4.199999809265137,3.799999952316284,5.400000095367432,0.30984288978632324
Rajasthan,4.334027608235677,4.300000190734863,3.799999952316284,5.5,0.33853507823326534
Rajasthan,4.640972137451172,4.699999809265137,4.099999904632568,5.900000095367432,0.2944895154362252
Rajasthan,4.583333333333333,4.599999904632568,4.0,5.5,0.31490740508138465
Rajasthan,4.623611026340061,4.599999904632568,4.099999904632568,5.300000190734863,0.2571170727590363
Rajasthan,4.75486077202691,4.800000190734863,4.199999809265137,5.199999809265137,0.22694524342741296
Rajasthan,4.915277693006727,4.900000095367432,4.0,5.900000095367432,0.43226142365787845
Rajasthan,4.306249830457899,4.199999809265137,3.799999952316284,5.800000190734863,0.3965508939402727
Rajasthan,4.380555894639757,4.300000190734863,3.799999952316284,5.400000095367432,0.3422307855767423
Rajasthan,4.152083502875434,4.050000190734863,3.5,5.699999809265137,0.4363626038530085
Rajasthan,4.808333502875434,4.699999809265137,4.099999904632568,5.900000095367432,0.3785021599275598
Rajasthan,4.898611280653212,4.900000095367432,3.9000000953674316,5.800000190734863,0.4144919996519715
Rajasthan,4.933333502875434,4.900000095367432,4.099999904632568,5.900000095367432,0.4263866393264887
Rajasthan,4.555555555555555,4.599999904632568,4.0,5.099999904632568,0.31308898317914097
Rajasthan,4.379861195882161,4.400000095367432,4.0,4.900000095367432,0.19096971069723082
Rajasthan,,,,,
Rajasthan,8.344445122612846,8.399999618530273,7.900000095367432,8.800000190734863,0.25434486428525455
Rajasthan,7.541958041958042,7.400000095367432,6.800000190734863,8.899999618530273,0.4902422285991846
Rajasthan,7.3527781168619795,7.300000190734863,6.699999809265137,10.399999618530273,0.5282234652530968
Rajasthan,8.335417005750868,7.900000095367432,6.599999904632568,18.399999618530273,1.8018689355059951
Rajasthan,7.673611111111111,7.699999809265137,6.400000095367432,13.100000381469727,0.7473087234293339
Rajasthan,7.179167005750868,7.099999904632568,6.199999809265137,8.699999809265137,0.5163809783268966
Rajasthan,6.514583163791233,6.5,5.599999904632568,7.300000190734863,0.3225266618816933
Rajasthan,6.277083502875434,6.199999809265137,5.400000095367432,7.5,0.4762000630492532
Rajasthan,6.190972222222222,6.199999809265137,5.199999809265137,7.099999904632568,0.42588359106506707
Rajasthan,6.283333672417535,6.099999904632568,5.400000095367432,7.800000190734863,0.5612485967865379
Rajasthan,6.432638804117839,6.599999904632568,4.699999809265137,8.0,0.6978966484538801
Rajasthan,4.954861111111111,4.900000095367432,4.400000095367432,6.099999904632568,0.3726462900509578
Rajasthan,4.794444190131293,4.699999809265137,3.9000000953674316,6.0,0.4847361528402015
Rajasthan,5.000694274902344,4.699999809265137,4.0,6.900000095367432,0.7606189511926521
Rajasthan,5.047222137451172,4.900000095367432,4.300000190734863,6.599999904632568,0.5079840925145943
Rajasthan,4.693750169542101,4.699999809265137,4.199999809265137,5.699999809265137,0.2622601298694031
Rajasthan,4.3125,4.300000190734863,3.9000000953674316,5.199999809265137,0.23742689355078786
Rajasthan,4.578472137451172,4.599999904632568,3.9000000953674316,5.300000190734863,0.33771355828386157
Rajasthan,4.5118052164713545,4.599999904632568,3.799999952316284,5.400000095367432,0.42890307187067933
Rajasthan,4.948610941569011,4.900000095367432,3.799999952316284,6.5,0.7217827177659064
Rajasthan,4.632638719346788,4.599999904632568,4.199999809265137,5.199999809265137,0.2576145453144482
Rajasthan,4.506250169542101,4.400000095367432,4.0,5.400000095367432,0.32451220246512225
Rajasthan,4.7729165818956165,4.800000190734863,4.199999809265137,5.199999809265137,0.2270642097054542
Rajasthan,4.622222052680121,4.599999904632568,4.0,5.400000095367432,0.23934066980891786
Rajasthan,5.216666751437717,5.199999809265137,4.099999904632568,6.5,0.5118051037929734
Rajasthan,5.12986077202691,5.099999904632568,4.0,6.400000095367432,0.46667854728629127
Rajasthan,4.3618053860134545,4.300000190734863,3.799999952316284,5.300000190734863,0.3318710828904417
Rajasthan,4.023611280653212,4.0,3.5,4.699999809265137,0.24635850470604562
Rajasthan,4.6430553860134545,4.5,3.799999952316284,7.0,0.725780501267274
Rajasthan,4.847222222222222,4.75,4.199999809265137,6.0,0.4161570962324377
Rajasthan,4.81736077202691,4.699999809265137,4.099999904632568,5.900000095367432,0.4796308882336362
Rajasthan,4.406944274902344,4.400000095367432,3.799999952316284,5.099999904632568,0.2854462619871082
Rajasthan,4.470833248562283,4.400000095367432,4.0,5.5,0.27960164891330624
Rajasthan,4.566666603088379,4.5,4.5,4.699999809265137,0.09428081424492951
Rajasthan,7.9526319001850325,7.900000095367432,7.5,8.600000381469727,0.3201454714225295
Rajasthan,8.848252089707168,8.399999618530273,7.199999809265137,18.700000762939453,1.6281549714098362
Rajasthan,8.388193766276041,8.25,6.599999904632568,18.5,1.8945644423965087
Rajasthan,7.5194447835286455,7.099999904632568,6.5,13.600000381469727,1.1248010806121047
Rajasthan,7.494444105360243,7.5,6.300000190734863,9.100000381469727,0.5651668854557864
Rajasthan,7.75486077202691,7.699999809265137,6.699999809265137,9.0,0.5326597518529091
Rajasthan,7.165972391764323,7.300000190734863,5.599999904632568,8.399999618530273,0.7223768033742666
Rajasthan,6.194444444444445,6.099999904632568,5.300000190734863,8.5,0.6042416823916358
Rajasthan,5.883333841959636,5.900000095367432,5.199999809265137,6.800000190734863,0.33374974424121906
Rajasthan,5.7006946139865455,5.699999809265137,4.900000095367432,6.599999904632568,0.29918791056959665
Rajasthan,5.865972306993273,5.800000190734863,4.699999809265137,7.699999809265137,0.5572954453902939
Rajasthan,5.180555555555555,5.199999809265137,4.400000095367432,6.699999809265137,0.3990053270429632
Rajasthan,5.065277947319879,4.900000095367432,4.099999904632568,6.699999809265137,0.6069412721884957
Rajasthan,5.909027947319879,5.900000095367432,4.699999809265137,7.0,0.4593039871640547
Rajasthan,5.279166327582465,5.099999904632568,4.099999904632568,6.5,0.5733521051332113
Rajasthan,4.789583841959636,4.800000190734863,4.099999904632568,5.300000190734863,0.2650258794362024
Rajasthan,4.240972306993273,4.300000190734863,3.799999952316284,4.800000190734863,0.22123808303439188
Rajasthan,4.402777777777778,4.400000095367432,3.799999952316284,5.300000190734863,0.3580317575657452
Rajasthan,4.218055725097656,4.199999809265137,3.4000000953674316,5.300000190734863,0.46272935085435096
Rajasthan,5.0187500847710504,5.0,3.5,7.099999904632568,0.8412927049418403
Rajasthan,4.604166666666667,4.5,4.099999904632568,5.199999809265137,0.2650667757914049
Rajasthan,4.371527777777778,4.300000190734863,4.0,5.0,0.22720013412227713
Rajasthan,4.579166836208767,4.599999904632568,4.0,5.300000190734863,0.29577462798699644
Rajasthan,4.62986077202691,4.599999904632568,4.199999809265137,5.199999809265137,0.21346342887646946
Rajasthan,4.602777693006727,4.5,3.9000000953674316,5.5,0.36967412276404404
Rajasthan,4.640972137451172,4.599999904632568,4.0,5.400000095367432,0.2890148987412825
Rajasthan,4.447916666666667,4.449999809265137,3.5999999046325684,5.199999809265137,0.3836898448848498
Rajasthan,3.7861111958821616,3.799999952316284,3.299999952316284,4.599999904632568,0.29688455306654626
Rajasthan,4.149999830457899,3.9000000953674316,3.5,7.099999904632568,0.7439571424742207
Rajasthan,5.1097217135959205,4.900000095367432,4.0,7.0,0.7240241985475643
Rajasthan,4.727777693006727,4.599999904632568,4.099999904632568,5.800000190734863,0.40542233591031673
Rajasthan,4.543750339084202,4.5,4.0,5.599999904632568,0.28350944341627843
Rajasthan,4.6374999152289496,4.599999904632568,4.099999904632568,5.5,0.32034593743614165
Rajasthan,4.740908882834694,4.699999809265137,4.400000095367432,5.199999809265137,0.16964962935536002
Rajasthan,8.653846153846153,8.699999809265137,8.399999618530273,9.0,0.15499568119885085
Rajasthan,8.595070422535212,8.600000381469727,7.800000190734863,9.399999618530273,0.36003273587810525
Rajasthan,8.903472052680122,8.199999809265137,6.5,18.899999618530273,2.139749894974828
Rajasthan,9.166666666666666,8.699999809265137,7.0,17.200000762939453,1.9316084140523093
Rajasthan,7.367361280653212,7.400000095367432,6.400000095367432,8.800000190734863,0.4749020278162019
Rajasthan,7.595833672417535,7.599999904632568,6.800000190734863,8.899999618530273,0.4244072668932869
Rajasthan,6.905555725097656,6.800000190734863,5.800000190734863,8.600000381469727,0.6599429615722539
Rajasthan,6.310416751437717,6.199999809265137,5.400000095367432,7.900000095367432,0.5504693341004419
Rajasthan,5.938888973659939,5.699999809265137,5.099999904632568,7.900000095367432,0.6562848890316099
Rajasthan,5.634722391764323,5.5,5.099999904632568,6.599999904632568,0.3547924659479168
Rajasthan,5.624305301242405,5.5,4.800000190734863,6.900000095367432,0.4751091421306899
Rajasthan,4.993055555555555,5.0,4.199999809265137,6.099999904632568,0.41627528136928277
Rajasthan,5.052083333333333,5.0,4.300000190734863,6.099999904632568,0.3324924177486311
Rajasthan,4.881944444444445,4.800000190734863,4.0,6.099999904632568,0.4375837597233225
Rajasthan,4.4868053860134545,4.5,3.9000000953674316,5.400000095367432,0.2533789932361483
Rajasthan,5.117361280653212,4.900000095367432,4.099999904632568,6.699999809265137,0.6071712487502211
Rajasthan,4.451388888888889,4.400000095367432,4.099999904632568,5.199999809265137,0.22422276652998424
Rajasthan,4.2173614501953125,4.199999809265137,3.700000047683716,4.800000190734863,0.21191256562840347
Rajasthan,3.939583248562283,3.950000047683716,3.4000000953674316,4.699999809265137,0.22398495202676688
Rajasthan,4.017361111111111,3.9000000953674316,3.4000000953674316,4.800000190734863,0.34325439081674664
Rajasthan,4.868055555555555,4.900000095367432,4.300000190734863,5.5,0.3194293381827
Rajasthan,4.6374999152289496,4.599999904632568,4.099999904632568,5.5,0.26870962805092785
Rajasthan,4.601388719346788,4.599999904632568,4.099999904632568,5.199999809265137,0.23183629183536433
Rajasthan,4.4819446139865455,4.5,4.099999904632568,5.199999809265137,0.22380942943290985
Rajasthan,4.206249660915798,4.199999809265137,3.700000047683716,5.0,0.2771929638604836
Rajasthan,4.352777693006727,4.300000190734863,3.799999952316284,5.599999904632568,0.39457156930855053
Rajasthan,4.4555553860134545,4.400000095367432,3.9000000953674316,5.300000190734863,0.3148584036451266
Rajasthan,4.023611280653212,4.0,3.700000047683716,4.400000095367432,0.15274618159555653
Rajasthan,4.105555640326606,4.099999904632568,3.700000047683716,4.599999904632568,0.188848040808125
Rajasthan,5.163194444444445,4.900000095367432,3.799999952316284,7.099999904632568,0.9225377433248876
Rajasthan,4.947916666666667,5.0,4.0,5.800000190734863,0.37986998629282753
Rajasthan,4.704861111111111,4.699999809265137,4.099999904632568,5.5,0.30261128902749773
Rajasthan,4.947221967909071,4.900000095367432,4.300000190734863,6.0,0.3687336525294891
Rajasthan,5.09789460834704,5.099999904632568,4.5,5.800000190734863,0.29199098136566354
Rajasthan,8.892592818648726,8.800000190734863,8.399999618530273,9.699999809265137,0.31963627312265447
Rajasthan,8.405594405594405,8.300000190734863,7.599999904632568,9.399999618530273,0.35137614905589437
Rajasthan,7.458333333333333,7.5,6.400000095367432,8.300000190734863,0.45727154607351905
Rajasthan,7.65625,7.400000095367432,6.300000190734863,20.299999237060547,1.7494331386364188
Rajasthan,7.514583163791233,7.400000095367432,6.599999904632568,8.800000190734863,0.4788540859392203
Rajasthan,7.450000339084202,7.400000095367432,6.599999904632568,8.600000381469727,0.4376388777458626
Rajasthan,7.621527777777778,7.599999904632568,6.599999904632568,8.800000190734863,0.41802500963348604
Rajasthan,6.836111280653212,6.800000190734863,5.800000190734863,8.0,0.5556041630899033
Rajasthan,5.872222052680121,5.800000190734863,5.099999904632568,7.099999904632568,0.46013954164411125
Rajasthan,5.6430553860134545,5.5,4.699999809265137,6.900000095367432,0.4871477413230968
Rajasthan,5.877083672417535,5.699999809265137,4.699999809265137,7.800000190734863,0.6150563181290426
Rajasthan,5.979166666666667,5.900000095367432,4.099999904632568,8.800000190734863,0.9254784832795829
Rajasthan,5.570832994249132,5.5,4.400000095367432,10.699999809265137,0.7458100462565306
Rajasthan,4.9256947835286455,4.850000381469727,4.199999809265137,6.599999904632568,0.4189514934552545
Rajasthan,5.1694446139865455,5.199999809265137,4.099999904632568,6.599999904632568,0.5766615693735028
Rajasthan,4.823610941569011,4.800000190734863,4.099999904632568,6.5,0.41998447546537193
Rajasthan,4.7340282864040795,4.699999809265137,4.099999904632568,5.599999904632568,0.27161123885455674
Rajasthan,4.656944274902344,4.599999904632568,3.9000000953674316,5.900000095367432,0.36470169740610325
Rajasthan,4.160416920979817,4.199999809265137,3.700000047683716,4.900000095367432,0.22614486046576007
Rajasthan,3.9638888041178384,3.9000000953674316,3.5,4.900000095367432,0.2476587883458906
Rajasthan,4.336111280653212,4.400000095367432,3.700000047683716,5.199999809265137,0.3256640854167029
Rajasthan,4.714583502875434,4.699999809265137,4.199999809265137,5.400000095367432,0.23302622291864927
Rajasthan,4.802083333333333,4.800000190734863,4.199999809265137,5.300000190734863,0.21097286857324052
Rajasthan,4.899999830457899,4.800000190734863,4.300000190734863,5.699999809265137,0.32892923463572055
Rajasthan,4.4916665818956165,4.400000095367432,3.799999952316284,5.300000190734863,0.35207717850630293
Rajasthan,4.203472137451172,4.199999809265137,3.799999952316284,4.699999809265137,0.15339369312427537
Rajasthan,4.287500169542101,4.199999809265137,3.799999952316284,5.599999904632568,0.29764703908524454
Rajasthan,3.9965277777777777,4.0,3.5,4.699999809265137,0.20290019326709002
Rajasthan,4.017361111111111,4.0,3.5999999046325684,4.599999904632568,0.1692835504110455
Rajasthan,4.4465281168619795,4.300000190734863,3.799999952316284,6.5,0.5373434076031643
Rajasthan,5.695774561922315,5.0,4.0,17.200000762939453,2.1266873888051365
Rajasthan,5.434027777777778,5.300000190734863,4.5,9.5,0.6215083696437524
Rajasthan,5.034027947319879,5.0,4.300000190734863,6.0,0.3615482070244274
Rajasthan,4.790071095135195,4.800000190734863,4.199999809265137,5.699999809265137,0.26719053012578114
Rajasthan,4.78224310473861,4.699999809265137,4.199999809265137,5.400000095367432,0.2733704801004001
Rajasthan,4.884286063058036,4.75,4.400000095367432,5.900000095367432,0.37172791126579124
Rajasthan,5.033333460489909,5.0,5.0,5.099999904632568,0.047140407122732715
Rajasthan,9.350000381469727,9.350000381469727,9.100000381469727,9.600000381469727,0.25
Rajasthan,7.994495636826262,8.0,7.400000095367432,8.800000190734863,0.3158895426288049
Rajasthan,7.060417175292969,7.0,6.400000095367432,8.300000190734863,0.3706636135557029
Rajasthan,6.932638804117839,6.900000095367432,5.599999904632568,7.900000095367432,0.5096063040824395
Rajasthan,7.857638888888889,7.900000095367432,6.599999904632568,10.100000381469727,0.49617704106494026
Rajasthan,6.97361077202691,6.900000095367432,6.099999904632568,9.399999618530273,0.45153840192111955
Rajasthan,7.775000678168403,7.800000190734863,7.0,11.100000381469727,0.5068284302905071
Rajasthan,7.652777777777778,7.699999809265137,6.099999904632568,8.5,0.5180015591647927
Rajasthan,6.208333333333333,6.0,4.900000095367432,8.399999618530273,0.8564704752261298
Rajasthan,5.493055555555555,5.5,4.900000095367432,6.699999809265137,0.2978284132577352
Rajasthan,5.335417005750868,5.199999809265137,4.5,8.0,0.5159226810875884
Rajasthan,6.3256946139865455,6.199999809265137,4.599999904632568,8.199999809265137,0.8733513493424095
Rajasthan,6.006944444444445,5.900000095367432,4.699999809265137,7.699999809265137,0.6977794906317933
Rajasthan,5.584722306993273,5.5,4.800000190734863,6.900000095367432,0.5057062370746401
Rajasthan,5.189583248562283,5.099999904632568,4.199999809265137,6.5,0.5460360617994857
Rajasthan,4.941666497124566,4.900000095367432,4.199999809265137,6.199999809265137,0.4208952250255724
Rajasthan,4.962499830457899,4.900000095367432,4.300000190734863,6.699999809265137,0.44376465151263983
Rajasthan,4.851388719346788,4.699999809265137,4.199999809265137,6.099999904632568,0.3863982678360651
Rajasthan,4.3833334181043835,4.400000095367432,3.9000000953674316,4.800000190734863,0.2163459075517496
Rajasthan,4.153472052680121,4.099999904632568,3.799999952316284,4.800000190734863,0.1936180240380864
Rajasthan,4.6437500847710504,4.300000190734863,3.799999952316284,7.199999809265137,0.8472765792424799
Rajasthan,4.904166751437717,4.699999809265137,3.9000000953674316,6.599999904632568,0.6084902694072521
Rajasthan,4.524305555555555,4.5,4.099999904632568,5.099999904632568,0.23191429077493217
Rajasthan,4.944444444444445,4.900000095367432,4.300000190734863,6.0,0.30681557853435704
Rajasthan,5.001388973659939,4.900000095367432,4.199999809265137,6.400000095367432,0.5063466819206293
Rajasthan,4.504166497124566,4.5,4.0,5.199999809265137,0.2862290539676047
Rajasthan,4.363889058430989,4.300000190734863,3.799999952316284,5.699999809265137,0.35308385123408015
Rajasthan,4.439583248562283,4.300000190734863,3.700000047683716,5.699999809265137,0.41586905521364814
Rajasthan,3.9388889736599393,3.9000000953674316,3.5999999046325684,4.599999904632568,0.2449804749804061
Rajasthan,4.421527438693577,4.400000095367432,3.700000047683716,5.099999904632568,0.2427170545103537
Rajasthan,4.990277608235677,4.800000190734863,4.0,6.900000095367432,0.7103715201356127
Rajasthan,5.461111280653212,5.300000190734863,4.5,7.0,0.6537404369854877
Rajasthan,4.880555470784505,4.900000095367432,4.400000095367432,5.5,0.2404503414056783
Rajasthan,5.238888634575738,5.199999809265137,4.199999809265137,6.199999809265137,0.45569102026127034
Rajasthan,5.275694529215495,5.300000190734863,4.300000190734863,6.199999809265137,0.3799207607358004
Rajasthan,5.618749830457899,5.699999809265137,4.699999809265137,6.800000190734863,0.38997306577387997
Rajasthan,5.365656072443182,5.400000095367432,4.800000190734863,5.900000095367432,0.2745654502889454
Rajasthan,,,,,
Rajasthan,9.19199951171875,9.100000381469727,8.600000381469727,10.100000381469727,0.35656141653659773
Rajasthan,8.50774716659331,8.5,7.400000095367432,9.800000190734863,0.47723881264012347
Rajasthan,8.212500678168404,8.050000190734863,6.5,11.300000190734863,1.0671141562480466
Rajasthan,7.233333163791233,7.099999904632568,5.699999809265137,16.700000762939453,1.2332207810069784
Rajasthan,7.7069447835286455,7.699999809265137,6.800000190734863,8.800000190734863,0.4124205051111877
Rajasthan,7.225000169542101,7.199999809265137,6.400000095367432,11.300000190734863,0.5096976447381011
Rajasthan,8.364583333333334,7.649999618530273,6.599999904632568,17.399999618530273,2.147526618411578
Rajasthan,7.648610432942708,7.400000095367432,6.800000190734863,15.300000190734863,1.1402963878079675
Rajasthan,6.530555725097656,6.599999904632568,5.400000095367432,7.800000190734863,0.5644906443814156
Rajasthan,6.264583587646484,6.199999809265137,5.5,7.400000095367432,0.4446391800270911
Rajasthan,5.75486077202691,5.800000190734863,4.400000095367432,7.400000095367432,0.5825983454093877
Rajasthan,6.048611111111111,5.900000095367432,4.699999809265137,8.0,0.7108275725146919
Rajasthan,5.709722306993273,5.550000190734863,4.599999904632568,8.800000190734863,0.7781137733261144
Rajasthan,5.674999660915798,5.699999809265137,4.800000190734863,6.699999809265137,0.4190763759838071
Rajasthan,5.127083672417535,5.099999904632568,4.400000095367432,6.400000095367432,0.3197696189188903
Rajasthan,4.852082994249132,4.800000190734863,4.199999809265137,6.0,0.3077627018954392
Rajasthan,5.064583248562283,5.0,4.5,6.099999904632568,0.3658074834499089
Rajasthan,4.904861026340061,4.800000190734863,4.0,6.199999809265137,0.44866001212547874
Rajasthan,4.846527947319879,4.699999809265137,4.0,6.099999904632568,0.5386342413992805
Rajasthan,4.2680553860134545,4.199999809265137,3.799999952316284,5.699999809265137,0.3058805082043694
Rajasthan,4.997916327582465,4.900000095367432,4.0,6.699999809265137,0.6031708747918278
Rajasthan,5.6958334181043835,5.699999809265137,4.599999904632568,6.599999904632568,0.533577416351383
Rajasthan,4.91111077202691,4.699999809265137,4.0,6.599999904632568,0.6654270996488516
Rajasthan,5.6263885498046875,5.699999809265137,4.300000190734863,6.900000095367432,0.6778218921541511
Rajasthan,4.9673614501953125,4.900000095367432,4.5,6.199999809265137,0.26002934323143395
Rajasthan,5.306249830457899,5.300000190734863,4.199999809265137,6.099999904632568,0.4012512965807653
Rajasthan,4.6750000847710504,4.599999904632568,4.199999809265137,5.599999904632568,0.33634057306858267
Rajasthan,4.58888922797309,4.5,4.099999904632568,5.800000190734863,0.3109374447877882
Rajasthan,4.386110941569011,4.400000095367432,3.799999952316284,5.099999904632568,0.2599709264183724
Rajasthan,4.710417005750868,4.699999809265137,4.199999809265137,5.300000190734863,0.21203996808006473
Rajasthan,4.947916666666667,4.900000095367432,4.5,5.900000095367432,0.2910633695107437
Rajasthan,5.526388804117839,5.5,4.5,7.099999904632568,0.6095291942037526
Rajasthan,5.3979165818956165,5.300000190734863,4.599999904632568,7.199999809265137,0.4497636403501826
Rajasthan,5.525000254313151,5.449999809265137,4.699999809265137,6.800000190734863,0.525396665611736
Rajasthan,5.6479165818956165,5.599999904632568,4.800000190734863,6.5,0.32252665001049563
Rajasthan,5.910416497124566,5.900000095367432,5.0,7.699999809265137,0.45517378013841125
Rajasthan,5.450000339084202,5.400000095367432,4.699999809265137,6.400000095367432,0.3655285495218189
Rajasthan,5.102985439015858,5.099999904632568,4.599999904632568,5.800000190734863,0.2509504787737251
Rajasthan,9.066666920979818,9.199999809265137,8.800000190734863,9.199999809265137,0.188561628490127
Rajasthan,8.788158215974507,8.75,7.800000190734863,11.300000190734863,0.5134934657245812
Rajasthan,8.651389227973091,8.5,7.199999809265137,14.399999618530273,1.0735446127846535
Rajasthan,8.375,8.0,7.099999904632568,13.100000381469727,1.132444470221739
Rajasthan,8.010416666666666,7.800000190734863,6.699999809265137,21.700000762939453,1.3618165902975048
Rajasthan,7.7721435546875,7.800000190734863,6.800000190734863,8.800000190734863,0.4510413233127512
Rajasthan,7.49513922797309,7.5,6.300000190734863,8.699999809265137,0.44695420563945126
Rajasthan,7.674306233723958,7.449999809265137,6.5,15.699999809265137,1.0499170679037424
Rajasthan,7.87083265516493,7.400000095367432,6.300000190734863,14.899999618530273,1.4910321978538326
Rajasthan,7.338194105360243,7.300000190734863,6.099999904632568,8.600000381469727,0.48117286890942174
Rajasthan,7.707639058430989,7.599999904632568,6.400000095367432,11.600000381469727,0.7980949269438569
Rajasthan,6.709722306993273,6.599999904632568,5.5,10.199999809265137,0.8543450792999072
Rajasthan,6.413194444444445,6.400000095367432,5.300000190734863,7.599999904632568,0.5272104930117154
Rajasthan,6.049640463410522,5.800000190734863,4.5,8.399999618530273,1.0562846489495936
Rajasthan,5.622916751437717,5.599999904632568,4.599999904632568,6.699999809265137,0.48243001228870386
Rajasthan,5.109027862548828,5.099999904632568,4.199999809265137,6.199999809265137,0.41598496819224123
Rajasthan,4.875694274902344,4.900000095367432,4.199999809265137,5.699999809265137,0.2951568485839407
Rajasthan,5.212500254313151,5.199999809265137,4.5,6.099999904632568,0.3673998615411791
Rajasthan,4.854860941569011,4.800000190734863,4.300000190734863,6.599999904632568,0.3733909564640798
Rajasthan,4.752083672417535,4.699999809265137,4.199999809265137,6.0,0.3263792819218864
Rajasthan,4.561111026340061,4.599999904632568,4.0,5.0,0.22672521251165068
Rajasthan,5.076388888888889,5.0,4.400000095367432,6.099999904632568,0.3574574717440069
Rajasthan,5.372916327582465,5.300000190734863,4.400000095367432,7.300000190734863,0.5460996501541162
Rajasthan,5.292360941569011,5.099999904632568,4.300000190734863,7.199999809265137,0.7127879326297156
Rajasthan,4.875694274902344,4.800000190734863,4.099999904632568,6.300000190734863,0.48236203852143966
Rajasthan,5.107638888888889,5.0,4.400000095367432,6.300000190734863,0.4797394877888267
Rajasthan,5.903472476535374,5.800000190734863,4.5,7.5,0.7575007548920794
Rajasthan,4.972916497124566,4.800000190734863,4.099999904632568,7.099999904632568,0.5152155470475287
Rajasthan,4.7319446139865455,4.699999809265137,4.099999904632568,5.300000190734863,0.22993139412665414
Rajasthan,4.548611111111111,4.5,4.099999904632568,5.0,0.19471705465093664
Rajasthan,4.71875,4.699999809265137,4.199999809265137,5.5,0.19648607540642815
Rajasthan,4.358333163791233,4.300000190734863,3.700000047683716,5.199999809265137,0.36562352768878814
Rajasthan,5.047916836208767,5.0,4.099999904632568,6.800000190734863,0.5119365192311345
Rajasthan,5.605555640326606,5.5,4.900000095367432,7.199999809265137,0.46169641398533595
Rajasthan,5.731250339084202,5.599999904632568,4.699999809265137,7.599999904632568,0.6530344497806853
Rajasthan,5.722916497124566,5.800000190734863,4.5,6.5,0.4115888497930182
Rajasthan,5.546527862548828,5.5,4.699999809265137,7.099999904632568,0.43459962673221875
Rajasthan,5.4076385498046875,5.400000095367432,4.699999809265137,6.699999809265137,0.3771383128149244
Rajasthan,5.089583079020183,5.050000190734863,4.599999904632568,5.800000190734863,0.2689275749273304
Rajasthan,4.989000244140625,5.0,4.5,5.699999809265137,0.23233381165926636
Rajasthan,5.235416412353516,5.199999809265137,4.800000190734863,6.300000190734863,0.323064454469355
Rajasthan,4.920000076293945,4.800000190734863,4.599999904632568,5.599999904632568,0.3544008932460155
Rajasthan,8.796969327059658,8.800000190734863,7.800000190734863,9.800000190734863,0.560565123129746
Rajasthan,9.249193745274697,9.199999809265137,7.900000095367432,10.399999618530273,0.49424035713863956
Rajasthan,9.13888888888889,9.0,7.599999904632568,17.100000381469727,1.1261482748216514
Rajasthan,10.225000169542101,8.800000190734863,7.199999809265137,18.799999237060547,3.094764841279755
Rajasthan,8.227778116861979,8.0,7.199999809265137,12.100000381469727,0.7378124850705082
Rajasthan,8.393055386013454,8.399999618530273,7.300000190734863,9.899999618530273,0.42698110378241244
Rajasthan,7.8527781168619795,7.75,6.800000190734863,12.0,0.7392699538768469
Rajasthan,7.790972391764323,7.599999904632568,6.5,12.199999809265137,0.9382987727096256
Rajasthan,7.625,7.699999809265137,6.300000190734863,9.600000381469727,0.5990154146831391
Rajasthan,7.897917005750868,7.099999904632568,5.5,18.600000381469727,2.497289325280829
Rajasthan,14.486806233723959,15.050000190734863,7.199999809265137,22.399999618530273,4.659805152890553
Rajasthan,10.052777608235678,8.449999809265137,5.599999904632568,19.399999618530273,4.086953255676168
Rajasthan,6.697222391764323,6.099999904632568,5.0,15.600000381469727,1.6067109846357435
Rajasthan,6.962499830457899,7.050000190734863,4.900000095367432,8.800000190734863,0.9125571061490627
Rajasthan,5.1694446139865455,5.099999904632568,4.199999809265137,6.599999904632568,0.5981775148493507
Rajasthan,4.840277777777778,4.699999809265137,4.0,7.199999809265137,0.5715864183880908
Rajasthan,5.50486077202691,5.5,4.400000095367432,7.300000190734863,0.5063938321193379
Rajasthan,5.202777438693577,5.199999809265137,4.599999904632568,6.400000095367432,0.3214430241365919
Rajasthan,5.257638719346788,5.199999809265137,4.699999809265137,6.599999904632568,0.3821685008124605
Rajasthan,5.052777608235677,4.900000095367432,4.5,6.800000190734863,0.436676925805351
Rajasthan,4.988889058430989,4.900000095367432,4.300000190734863,6.699999809265137,0.4406609706994935
Rajasthan,5.061805725097656,5.0,4.400000095367432,6.800000190734863,0.36874346480732006
Rajasthan,5.372916751437717,5.300000190734863,4.699999809265137,6.400000095367432,0.3120761152142507
Rajasthan,5.451388888888889,5.400000095367432,4.699999809265137,6.800000190734863,0.5020770910934683
Rajasthan,4.868055555555555,4.800000190734863,4.099999904632568,6.699999809265137,0.4181063211882102
Rajasthan,4.9673614501953125,5.0,4.300000190734863,5.699999809265137,0.3168486084345999
Rajasthan,5.319014428367077,5.25,4.199999809265137,7.199999809265137,0.5664235477169348
Rajasthan,4.840972052680121,4.699999809265137,4.0,6.300000190734863,0.5492941567142189
Rajasthan,4.9194446139865455,4.900000095367432,4.0,11.899999618530273,0.8099449275193457
Rajasthan,4.564583248562283,4.599999904632568,3.9000000953674316,5.300000190734863,0.3394171599115244
Rajasthan,4.447916666666667,4.400000095367432,4.0,4.900000095367432,0.22483598477318997
Rajasthan,4.368055555555555,4.300000190734863,4.0,5.400000095367432,0.23823797856407905
Rajasthan,4.744444105360243,4.599999904632568,4.0,6.0,0.45822388620224247
Rajasthan,5.389583587646484,5.300000190734863,4.699999809265137,6.699999809265137,0.4675168749225361
Rajasthan,6.087499830457899,6.199999809265137,4.800000190734863,7.5,0.608946613464822
Rajasthan,5.03125,5.0,4.0,6.599999904632568,0.5172669444048058
Rajasthan,5.235416412353516,5.199999809265137,4.599999904632568,6.599999904632568,0.39236970730559195
Rajasthan,5.720138973659939,5.699999809265137,4.800000190734863,6.699999809265137,0.4042448104034712
Rajasthan,5.427778032090929,5.400000095367432,4.699999809265137,6.199999809265137,0.3101174756159837
Rajasthan,5.109027438693577,5.099999904632568,4.599999904632568,6.300000190734863,0.2783665442917536
Rajasthan,5.3569446139865455,5.199999809265137,4.699999809265137,6.900000095367432,0.4750223384377838
Rajasthan,5.131386861313868,5.0,4.5,7.199999809265137,0.4711767623332294
Rajasthan,6.477193196614583,6.300000190734863,5.099999904632568,8.800000190734863,0.9090225545447833
Rajasthan,,,,,
Rajasthan,14.315999755859375,12.199999809265137,11.399999618530273,24.5,4.35188970117483
Rajasthan,9.214414854307432,9.0,8.100000381469727,12.399999618530273,0.9349901824789014
Rajasthan,9.729861789279514,9.300000190734863,8.300000190734863,17.200000762939453,1.5608081905476845
Rajasthan,15.09375,15.399999618530273,8.199999809265137,23.299999237060547,4.378137229250709
Rajasthan,14.518751356336805,15.049999237060547,7.400000095367432,23.399999618530273,5.084207088917761
Rajasthan,11.933333502875435,10.0,7.300000190734863,26.5,4.758603268578375
Rajasthan,8.79236094156901,8.300000190734863,7.199999809265137,15.300000190734863,1.4636370196038349
Rajasthan,8.337499830457899,8.25,6.900000095367432,12.5,0.8191183151346901
Rajasthan,8.236805386013454,8.199999809265137,6.699999809265137,11.0,0.9268934389635549
Rajasthan,7.147917005750868,7.0,5.800000190734863,9.399999618530273,0.6684318981488812
Rajasthan,7.684722052680121,7.300000190734863,6.199999809265137,16.5,1.6224261210280282
Rajasthan,12.061111450195312,11.600000381469727,6.800000190734863,19.799999237060547,3.2661374465602666
Rajasthan,9.774125532670455,8.0,6.0,18.200000762939453,3.377190312874964
Rajasthan,6.867361280653212,6.400000095367432,5.0,13.199999809265137,1.438886016010241
Rajasthan,6.463888804117839,6.449999809265137,4.5,8.0,0.7245315701514791
Rajasthan,5.238194359673394,5.300000190734863,3.9000000953674316,6.699999809265137,0.8342492036334839
Rajasthan,4.584027608235677,4.400000095367432,3.9000000953674316,7.0,0.7190525288089351
Rajasthan,5.623611026340061,5.699999809265137,4.400000095367432,7.300000190734863,0.6536208934847378
Rajasthan,5.296527438693577,5.199999809265137,4.400000095367432,7.199999809265137,0.5485350754222328
Rajasthan,5.520833333333333,5.400000095367432,4.599999904632568,7.099999904632568,0.491578382134375
Rajasthan,5.896527608235677,5.800000190734863,4.599999904632568,8.800000190734863,0.866779901439815
Rajasthan,6.064583672417535,6.0,5.0,8.300000190734863,0.570388360276518
Rajasthan,5.591666751437717,5.5,4.599999904632568,7.400000095367432,0.5700267973283222
Rajasthan,5.3569446139865455,5.300000190734863,4.599999904632568,6.699999809265137,0.43631231781147545
Rajasthan,5.104166666666667,5.0,4.599999904632568,6.5,0.36890886648547977
Rajasthan,4.9701385498046875,4.949999809265137,4.599999904632568,5.599999904632568,0.20516925811765718
Rajasthan,5.263194190131293,5.099999904632568,4.599999904632568,6.5,0.4762040880725109
Rajasthan,4.8736114501953125,4.850000381469727,4.099999904632568,5.900000095367432,0.4186595837565999
Rajasthan,4.932638804117839,4.900000095367432,4.0,6.099999904632568,0.42911889549965404
Rajasthan,6.344056456239073,4.599999904632568,4.0,16.899999618530273,3.6015074791888573
Rajasthan,4.345833248562283,4.300000190734863,3.9000000953674316,5.300000190734863,0.3199121150276536
Rajasthan,4.550694359673394,4.400000095367432,4.099999904632568,5.699999809265137,0.401731734461289
Rajasthan,4.673611111111111,4.599999904632568,4.0,6.099999904632568,0.45597668911804895
Rajasthan,4.6409717135959205,4.699999809265137,4.0,5.400000095367432,0.27973529825423765
Rajasthan,5.221527947319879,5.199999809265137,4.699999809265137,5.900000095367432,0.23338189624554423
Rajasthan,5.592361026340061,5.5,4.599999904632568,6.800000190734863,0.49005098167493377
Rajasthan,5.369444529215495,5.400000095367432,4.199999809265137,6.800000190734863,0.47159273205521945
Rajasthan,5.146527608235677,5.099999904632568,4.599999904632568,6.0,0.31730486801185476
Rajasthan,5.273611280653212,5.300000190734863,4.599999904632568,6.099999904632568,0.34257726274917444
Rajasthan,5.415277693006727,5.400000095367432,4.900000095367432,6.199999809265137,0.25064346534325044
Rajasthan,5.343055725097656,5.199999809265137,4.599999904632568,7.199999809265137,0.47311800719144637
Rajasthan,5.155555725097656,5.099999904632568,4.599999904632568,6.400000095367432,0.3607048834737321
Rajasthan,5.786805470784505,5.400000095367432,4.699999809265137,8.600000381469727,1.0022368412881564
Rajasthan,7.545833163791233,7.5,5.900000095367432,9.699999809265137,0.800943462486497
Rajasthan,7.615625381469727,7.699999809265137,6.599999904632568,8.5,0.5984925571413904
Rajasthan,17.771429152715776,16.799999237060547,10.699999809265137,26.200000762939453,6.172376473524927
Rajasthan,10.542500813802084,10.0,8.100000381469727,28.5,2.7536237754701993
Rajasthan,9.27986060248481,8.899999618530273,8.199999809265137,19.200000762939453,1.3581329432354128
Rajasthan,9.506250169542101,8.899999618530273,8.0,23.100000381469727,2.2735257578917145
Rajasthan,8.796527438693577,8.5,7.300000190734863,14.699999809265137,1.117624758244017
Rajasthan,8.572916666666666,8.0,7.199999809265137,17.5,1.8671955389052113
Rajasthan,8.167361789279514,7.900000095367432,7.300000190734863,14.399999618530273,1.093848285492335
Rajasthan,8.168056064181858,8.0,7.400000095367432,9.5,0.5078074740773569
Rajasthan,8.724305894639757,8.300000190734863,6.199999809265137,13.5,1.4923995708970852
Rajasthan,8.149305555555555,7.199999809265137,5.900000095367432,17.200000762939453,2.5728011054984177
Rajasthan,7.770138210720486,7.599999904632568,6.699999809265137,11.699999809265137,0.9017790772984565
Rajasthan,7.1784718831380205,7.0,5.599999904632568,11.199999809265137,1.0715489177680482
Rajasthan,8.156945122612846,7.0,5.300000190734863,18.700000762939453,2.8895562410505113
Rajasthan,6.314583248562283,6.099999904632568,4.699999809265137,9.600000381469727,1.0734788416641887
Rajasthan,6.3527781168619795,6.400000095367432,5.099999904632568,8.5,0.6496734535175245
Rajasthan,5.4256947835286455,5.199999809265137,4.099999904632568,7.0,0.7132424409029238
Rajasthan,4.586111280653212,4.5,3.799999952316284,6.099999904632568,0.4799611143442831
Rajasthan,4.996527777777778,4.900000095367432,4.0,6.400000095367432,0.5509352045274406
Rajasthan,4.983333587646484,5.0,4.300000190734863,5.900000095367432,0.3356171697789471
Rajasthan,5.177777608235677,5.099999904632568,4.300000190734863,6.300000190734863,0.31234873143446945
Rajasthan,6.5819447835286455,6.5,5.300000190734863,8.600000381469727,0.7455099851940092
Rajasthan,6.720138973659939,6.599999904632568,5.599999904632568,8.699999809265137,0.667975780487121
Rajasthan,6.070832994249132,6.0,5.0,7.300000190734863,0.5119237927938582
Rajasthan,6.103471967909071,6.149999618530273,4.900000095367432,7.800000190734863,0.6761218206557411
Rajasthan,5.3138885498046875,5.300000190734863,4.900000095367432,6.099999904632568,0.23676382216353561
Rajasthan,5.4569447835286455,5.400000095367432,5.0,6.199999809265137,0.21169052341676767
Rajasthan,5.7006946139865455,5.5,4.599999904632568,7.699999809265137,0.7273903527445098
Rajasthan,4.784722222222222,4.800000190734863,4.0,5.699999809265137,0.3678615857273468
Rajasthan,4.611805809868707,4.5,4.0,5.900000095367432,0.40216367554993326
Rajasthan,4.4555553860134545,4.400000095367432,3.9000000953674316,5.300000190734863,0.3059089003802638
Rajasthan,4.619444529215495,4.5,4.099999904632568,5.400000095367432,0.3458639915345035
Rajasthan,4.84375,4.800000190734863,4.199999809265137,5.699999809265137,0.388501174540939
Rajasthan,4.807638804117839,4.800000190734863,3.9000000953674316,5.900000095367432,0.48132916643947543
Rajasthan,4.298611111111111,4.300000190734863,4.0,4.900000095367432,0.2051375607631198
Rajasthan,4.620833502875434,4.599999904632568,3.9000000953674316,6.0,0.44796996897943636
Rajasthan,5.102082994249132,5.099999904632568,4.599999904632568,6.199999809265137,0.3430801644589719
Rajasthan,5.702777862548828,5.599999904632568,4.5,7.599999904632568,0.5568942331573286
Rajasthan,5.406944274902344,5.300000190734863,4.5,7.300000190734863,0.5319843382376582
Rajasthan,5.371527777777778,5.400000095367432,4.699999809265137,6.0,0.2793005118618974
Rajasthan,5.430555555555555,5.400000095367432,4.900000095367432,6.199999809265137,0.2718960405880028
Rajasthan,5.601388719346788,5.599999904632568,4.800000190734863,7.0,0.44705613822942414
Rajasthan,5.201388888888889,5.099999904632568,4.699999809265137,6.599999904632568,0.3951065172219319
Rajasthan,6.534027947319879,6.350000381469727,4.800000190734863,9.100000381469727,1.210610729448758
Rajasthan,7.288888719346788,6.900000095367432,6.099999904632568,9.600000381469727,0.981857044029955
Rajasthan,8.22,8.449999809265137,6.300000190734863,9.600000381469727,0.8251060324068047
Rajasthan,,,,,
Rajasthan,8.583333333333334,8.549999237060547,8.100000381469727,9.100000381469727,0.3484090279284183
Rajasthan,13.019717794069102,11.899999618530273,8.300000190734863,27.200000762939453,3.752262048113229
Rajasthan,12.06388939751519,10.649999618530273,8.800000190734863,27.700000762939453,3.9492899132283523
Rajasthan,9.317360772026909,9.300000190734863,8.600000381469727,10.199999809265137,0.36061866379482765
Rajasthan,9.222222222222221,8.800000190734863,7.900000095367432,18.899999618530273,1.5618028743955377
Rajasthan,8.594444274902344,8.5,7.5,15.399999618530273,0.929663742471113
Rajasthan,7.9840282864040795,8.0,7.400000095367432,8.600000381469727,0.2290266833139076
Rajasthan,8.220833672417534,8.100000381469727,7.199999809265137,12.199999809265137,0.6364915527808774
Rajasthan,7.903472052680121,7.75,6.300000190734863,12.899999618530273,1.0641515216521504
Rajasthan,8.961538461538462,7.699999809265137,6.599999904632568,18.600000381469727,3.026686040713396
Rajasthan,7.6381946139865455,7.599999904632568,6.800000190734863,9.5,0.39104501101802885
Rajasthan,6.770833333333333,6.599999904632568,5.599999904632568,8.800000190734863,0.6165399833264398
Rajasthan,6.056249830457899,6.0,4.599999904632568,7.5,0.6500767891842791
Rajasthan,5.552083333333333,5.5,4.699999809265137,6.599999904632568,0.3641902658649627
Rajasthan,5.803472306993273,5.75,4.300000190734863,7.900000095367432,0.8219567918427191
Rajasthan,5.215972476535374,5.099999904632568,4.199999809265137,6.599999904632568,0.5830550716000968
Rajasthan,4.872916327582465,4.900000095367432,3.799999952316284,6.0,0.3833729527232491
Rajasthan,4.784722222222222,4.699999809265137,4.0,6.099999904632568,0.38753485714175645
Rajasthan,5.238193935818142,5.199999809265137,4.400000095367432,6.300000190734863,0.46112732328580636
Rajasthan,5.399999830457899,5.300000190734863,4.300000190734863,6.599999904632568,0.47638685759229754
Rajasthan,5.815277947319879,5.699999809265137,5.099999904632568,8.100000381469727,0.5491558512413728
Rajasthan,6.58611085679796,6.5,5.699999809265137,8.0,0.48053950231727516
Rajasthan,6.770833333333333,6.699999809265137,5.5,8.199999809265137,0.4977553977658943
Rajasthan,5.857638888888889,5.800000190734863,5.199999809265137,6.699999809265137,0.3019795401769033
Rajasthan,5.9375,5.900000095367432,5.400000095367432,6.599999904632568,0.2226341463387293
Rajasthan,6.011110941569011,6.0,5.099999904632568,7.199999809265137,0.39880222283453176
Rajasthan,6.4243053860134545,6.400000095367432,4.800000190734863,7.599999904632568,0.5668194017514577
Rajasthan,4.843055301242405,4.800000190734863,4.099999904632568,6.099999904632568,0.4390097247125831
Rajasthan,4.494444105360243,4.400000095367432,4.0,5.199999809265137,0.2849897130139096
Rajasthan,4.8000000847710504,4.800000190734863,4.099999904632568,5.5,0.3780431989982876
Rajasthan,4.568055470784505,4.5,4.099999904632568,5.599999904632568,0.35171262907587175
Rajasthan,4.863194359673394,4.800000190734863,4.099999904632568,6.199999809265137,0.43345296713539244
Rajasthan,5.209027608235677,5.099999904632568,4.599999904632568,6.300000190734863,0.39807053935522985
Rajasthan,4.628472222222222,4.599999904632568,4.0,5.599999904632568,0.28496178534484734
Rajasthan,4.840277777777778,4.699999809265137,4.099999904632568,6.099999904632568,0.4038563355915208
Rajasthan,5.525694105360243,5.5,4.599999904632568,7.0,0.5056275677371481
Rajasthan,5.535416497124566,5.300000190734863,4.400000095367432,7.5,0.7271967487394414
Rajasthan,6.645833333333333,6.550000190734863,4.900000095367432,8.600000381469727,0.9673040600380484
Rajasthan,5.462499830457899,5.400000095367432,4.800000190734863,6.900000095367432,0.35859970444743416
Rajasthan,5.452083163791233,5.400000095367432,5.0,6.0,0.2279037208068626
Rajasthan,5.725000169542101,5.699999809265137,5.0,6.800000190734863,0.3455068552903014
Rajasthan,5.709722306993273,5.699999809265137,4.900000095367432,7.199999809265137,0.5276151119281369
Rajasthan,6.847916920979817,6.699999809265137,4.800000190734863,9.0,1.0219105673757083
Rajasthan,7.8243052164713545,8.0,6.099999904632568,9.600000381469727,0.9112907915464608
Rajasthan,8.734722561306423,8.800000190734863,7.099999904632568,9.699999809265137,0.42251223289672457
Rajasthan,8.40270336254223,8.5,7.0,9.0,0.459427619310364
Rajasthan,15.300000508626303,15.100000381469727,14.899999618530273,15.899999618530273,0.4358898433043048
Rajasthan,12.750420578387605,13.0,8.800000190734863,19.0,2.554313315925286
Rajasthan,18.32867132867133,17.200000762939453,8.699999809265137,30.700000762939453,7.045988976486174
Rajasthan,23.02222188313802,24.200000762939453,9.899999618530273,34.0,5.263388267460672
Rajasthan,12.568055894639757,11.149999618530273,8.899999618530273,29.299999237060547,4.018924863476507
Rajasthan,9.969445122612846,9.300000190734863,7.900000095367432,19.399999618530273,1.9330918801963386
Rajasthan,8.906293535565997,8.399999618530273,8.0,26.200000762939453,2.2895389127722914
Rajasthan,8.29652828640408,8.0,7.199999809265137,15.100000381469727,1.186873388074931
Rajasthan,8.152777777777779,7.900000095367432,7.099999904632568,16.700000762939453,1.3603995097379356
Rajasthan,8.974305894639757,8.100000381469727,6.900000095367432,15.5,1.9463907902511821
Rajasthan,9.275694953070747,7.800000190734863,6.699999809265137,19.399999618530273,3.035147068970933
Rajasthan,7.458333333333333,7.5,6.0,8.899999618530273,0.5928392072391531
Rajasthan,6.738194359673394,6.599999904632568,5.599999904632568,10.699999809265137,0.6503200663208203
Rajasthan,6.371527777777778,6.199999809265137,5.400000095367432,9.699999809265137,0.5903933833911159
Rajasthan,5.847916497124566,5.800000190734863,5.0,7.800000190734863,0.4553644434734922
Rajasthan,5.732638888888889,5.599999904632568,4.5,7.400000095367432,0.5977771081196932
Rajasthan,4.788888719346788,4.699999809265137,4.099999904632568,6.400000095367432,0.5376274008008435
Rajasthan,4.565277947319879,4.5,3.9000000953674316,5.800000190734863,0.334232026244079
Rajasthan,4.410416497124566,4.400000095367432,3.799999952316284,5.199999809265137,0.32568702726240745
Rajasthan,4.798611111111111,4.649999618530273,4.099999904632568,6.199999809265137,0.5108524601442451
Rajasthan,5.575694190131293,5.599999904632568,4.5,6.900000095367432,0.4653622550974494
Rajasthan,5.600000169542101,5.5,4.800000190734863,8.0,0.56825759052037
Rajasthan,6.625694274902344,6.5,5.599999904632568,8.0,0.5574927359473014
Rajasthan,6.259722391764323,6.199999809265137,5.0,7.699999809265137,0.7013201229112798
Rajasthan,5.7381947835286455,5.699999809265137,5.0,6.5,0.32080554066422656
Rajasthan,5.871527777777778,5.900000095367432,5.099999904632568,6.5,0.2793005186378893
Rajasthan,6.204166412353516,6.199999809265137,5.400000095367432,7.0,0.29834613342754956
Rajasthan,6.396527608235677,6.400000095367432,5.300000190734863,7.699999809265137,0.4930648250289155
Rajasthan,5.390277862548828,5.400000095367432,4.300000190734863,6.5,0.3598455181595041
Rajasthan,4.819444444444445,4.800000190734863,4.400000095367432,5.400000095367432,0.22088138495226983
Rajasthan,4.748611026340061,4.699999809265137,4.199999809265137,5.599999904632568,0.24180631761605476
Rajasthan,4.731250339084202,4.699999809265137,4.300000190734863,6.199999809265137,0.31057041561513116
Rajasthan,5.859027862548828,5.800000190734863,4.699999809265137,7.5,0.6434944954341844
Rajasthan,5.420833163791233,5.400000095367432,4.599999904632568,6.800000190734863,0.45458695964947915
Rajasthan,5.046527862548828,5.0,4.300000190734863,5.900000095367432,0.3233748308670767
Rajasthan,4.9555553860134545,4.900000095367432,4.300000190734863,5.699999809265137,0.3063625557757763
Rajasthan,5.6340281168619795,5.5,4.800000190734863,7.800000190734863,0.5822803925576703
Rajasthan,6.600694444444445,6.5,5.400000095367432,8.0,0.52314444479982
Rajasthan,6.308333502875434,6.400000095367432,4.800000190734863,7.900000095367432,0.6954714755268032
Rajasthan,5.461805555555555,5.300000190734863,4.699999809265137,7.0,0.4937099436300904
Rajasthan,5.634265392810315,5.199999809265137,4.599999904632568,17.899999618530273,1.7292669522111683
Rajasthan,5.3881946139865455,5.350000381469727,4.800000190734863,6.400000095367432,0.3469102823588369
Rajasthan,5.537500169542101,5.5,4.800000190734863,7.300000190734863,0.4699105952590152
Rajasthan,7.086805555555555,7.199999809265137,5.599999904632568,8.600000381469727,0.7388285259983088
Rajasthan,7.086805555555555,6.800000190734863,6.199999809265137,9.100000381469727,0.6388190639368413
Rajasthan,8.739583333333334,8.800000190734863,7.300000190734863,9.899999618530273,0.5100679054665856
Rajasthan,8.737499782017299,8.850000381469727,6.099999904632568,10.399999618530273,0.8982249126314769
Rajasthan,,,,,
Rajasthan,14.233333587646484,12.899999618530273,12.399999618530273,20.100000381469727,2.7414515491105083
Rajasthan,17.417361789279514,17.700000762939453,11.5,23.399999618530273,2.678160819780348
Rajasthan,12.268749660915798,10.199999809265137,8.699999809265137,28.399999618530273,4.1799200379659
Rajasthan,17.80763922797309,16.549999237060547,8.399999618530273,32.0,6.835813404727673
Rajasthan,18.669445461697048,16.350000381469727,10.800000190734863,36.400001525878906,7.0285656115242805
Rajasthan,13.302083333333334,13.0,9.0,28.399999618530273,3.5419601443709396
Rajasthan,9.613286371831293,8.800000190734863,7.900000095367432,18.299999237060547,2.1206028530103094
Rajasthan,9.109027438693577,8.300000190734863,7.5,19.799999237060547,2.0967869406318558
Rajasthan,11.034027947319878,10.399999618530273,7.300000190734863,19.899999618530273,2.9107358929537366
Rajasthan,8.740971883138021,8.5,7.099999904632568,14.0,1.2845455756288817
Rajasthan,8.102778116861979,8.100000381469727,7.099999904632568,9.199999809265137,0.4433058086263063
Rajasthan,7.445832994249132,7.400000095367432,6.599999904632568,9.199999809265137,0.3763632455743772
Rajasthan,7.211111280653212,7.300000190734863,5.800000190734863,11.0,0.6831413485663124
Rajasthan,8.077777438693577,7.0,5.099999904632568,17.5,2.821111990639655
Rajasthan,6.16111077202691,6.050000190734863,5.099999904632568,9.399999618530273,0.7941724492086482
Rajasthan,5.493749830457899,5.5,4.400000095367432,9.399999618530273,0.5215120454734856
Rajasthan,5.420138888888889,5.400000095367432,4.199999809265137,6.599999904632568,0.5863706530493962
Rajasthan,4.91111077202691,4.800000190734863,4.0,6.300000190734863,0.5285082802549743
Rajasthan,4.861111111111111,4.800000190734863,3.5,6.699999809265137,0.6520385976573897
Rajasthan,6.136805640326606,6.050000190734863,4.900000095367432,7.5,0.5258256096087317
Rajasthan,5.693055470784505,5.599999904632568,5.0,6.900000095367432,0.4219091486748271
Rajasthan,6.329861111111111,6.0,5.199999809265137,8.5,0.8692334006459169
Rajasthan,6.629861195882161,6.699999809265137,5.599999904632568,8.199999809265137,0.4991770800486697
Rajasthan,6.261110941569011,6.199999809265137,5.400000095367432,7.699999809265137,0.5002931280292082
Rajasthan,5.946527269151476,6.0,4.800000190734863,7.5,0.5379892041256495
Rajasthan,5.821527693006727,5.800000190734863,5.199999809265137,6.599999904632568,0.28775065387761256
Rajasthan,6.383332994249132,6.400000095367432,5.5,7.300000190734863,0.33582402161728403
Rajasthan,6.357638465033637,6.400000095367432,5.599999904632568,7.099999904632568,0.25673693859076335
Rajasthan,5.672222561306423,5.550000190734863,4.800000190734863,6.900000095367432,0.5106429232977931
Rajasthan,5.2680553860134545,5.300000190734863,4.800000190734863,6.0,0.2730111887754932
Rajasthan,4.971527947319879,4.900000095367432,4.5,6.099999904632568,0.32758868411742914
Rajasthan,5.056944953070746,5.0,4.400000095367432,6.300000190734863,0.37168025781501673
Rajasthan,5.586805555555555,5.599999904632568,4.599999904632568,6.699999809265137,0.41754016843701247
Rajasthan,5.543055640326606,5.599999904632568,5.0,6.300000190734863,0.2526671240664037
Rajasthan,5.547916836208767,5.5,5.099999904632568,6.199999809265137,0.2272934786866336
Rajasthan,5.4875000847710504,5.400000095367432,4.800000190734863,6.699999809265137,0.3580182839995849
Rajasthan,5.621527777777778,5.599999904632568,5.199999809265137,6.199999809265137,0.21152985201955196
Rajasthan,5.794444190131293,5.800000190734863,5.099999904632568,7.900000095367432,0.421929731930891
Rajasthan,6.243749830457899,6.0,5.199999809265137,8.600000381469727,0.7578953675606315
Rajasthan,5.491667005750868,5.300000190734863,4.699999809265137,7.199999809265137,0.5584576904077889
Rajasthan,5.809722052680121,5.550000190734863,4.800000190734863,13.800000190734863,1.3365232509787803
Rajasthan,5.289582994249132,5.300000190734863,4.800000190734863,6.099999904632568,0.2631852828171791
Rajasthan,5.518749660915798,5.449999809265137,4.900000095367432,6.599999904632568,0.34419164367239946
Rajasthan,6.958333333333333,7.050000190734863,5.199999809265137,9.0,1.0057128577597874
Rajasthan,7.070138719346788,7.0,6.199999809265137,8.199999809265137,0.4397094933618617
Rajasthan,8.358333163791233,8.5,6.300000190734863,9.600000381469727,0.6814506399028185
Rajasthan,8.425694783528646,8.600000381469727,6.099999904632568,9.699999809265137,0.8760506602241458
Rajasthan,7.812000122070312,7.900000095367432,6.099999904632568,9.100000381469727,0.9555396374556323
Rajasthan,15.861289731917843,15.600000381469727,12.399999618530273,21.700000762939453,2.3288759563113577
Rajasthan,16.787051413556654,16.0,11.899999618530273,24.200000762939453,2.8262855484186735
Rajasthan,14.784722222222221,14.600000381469727,9.699999809265137,22.200000762939453,2.6061444894910615
Rajasthan,10.322222391764322,9.800000190734863,8.399999618530273,22.100000381469727,1.6570323490968104
Rajasthan,11.683217295399913,10.199999809265137,7.900000095367432,31.299999237060547,4.809169389443382
Rajasthan,11.161805894639757,11.100000381469727,8.300000190734863,15.399999618530273,1.7246979246678302
Rajasthan,11.850000169542101,11.800000190734863,8.800000190734863,16.799999237060547,1.9335128694652177
Rajasthan,10.405555725097656,9.5,7.699999809265137,15.800000190734863,2.2291246821591844
Rajasthan,9.86527845594618,8.699999809265137,7.400000095367432,18.100000381469727,2.553274580713487
Rajasthan,11.12916734483507,9.0,7.5,21.399999618530273,3.7888152991201682
Rajasthan,8.585417005750868,8.100000381469727,7.599999904632568,16.700000762939453,1.4147520982480393
Rajasthan,7.890972561306423,7.699999809265137,7.0,16.0,0.9741744075468289
Rajasthan,7.840277777777778,7.199999809265137,6.099999904632568,16.5,1.9646642161877779
Rajasthan,6.838888804117839,6.900000095367432,6.099999904632568,8.0,0.3880347740424956
Rajasthan,6.599999745686849,6.300000190734863,5.400000095367432,8.699999809265137,0.8494279108853464
Rajasthan,5.779861026340061,5.800000190734863,4.699999809265137,12.600000381469727,0.7065743009196302
Rajasthan,5.738888634575738,5.699999809265137,4.900000095367432,7.199999809265137,0.37362917971035287
Rajasthan,5.584722306993273,5.599999904632568,4.599999904632568,7.400000095367432,0.46567147915718193
Rajasthan,5.754166920979817,5.699999809265137,4.699999809265137,6.800000190734863,0.42013142901848927
Rajasthan,6.645985401459854,6.599999904632568,5.599999904632568,8.300000190734863,0.4924265390532314
Rajasthan,6.667605118012764,6.300000190734863,5.0,11.399999618530273,1.1243495056693251
Rajasthan,5.965277777777778,6.0,4.900000095367432,7.099999904632568,0.542924115907615
Rajasthan,6.607638888888889,6.599999904632568,5.699999809265137,7.300000190734863,0.2946466345735982
Rajasthan,6.281944274902344,6.199999809265137,5.599999904632568,7.400000095367432,0.42437090172611047
Rajasthan,6.4986114501953125,6.300000190734863,5.5,8.399999618530273,0.673711346417418
Rajasthan,6.1652781168619795,6.099999904632568,5.300000190734863,7.5,0.4871001706299448
Rajasthan,6.422222561306423,6.449999809265137,5.400000095367432,7.400000095367432,0.43850194046868046
Rajasthan,6.284027947319879,6.199999809265137,5.300000190734863,7.599999904632568,0.5322466954260415
Rajasthan,5.8423614501953125,5.800000190734863,5.099999904632568,6.599999904632568,0.3614361552999335
Rajasthan,5.450000339084202,5.400000095367432,4.599999904632568,6.599999904632568,0.447679204169353
Rajasthan,5.3937500847710504,5.400000095367432,4.699999809265137,6.099999904632568,0.30804463690987005
Rajasthan,5.610416836208767,5.599999904632568,4.900000095367432,6.599999904632568,0.4418582613122682
Rajasthan,5.385416666666667,5.400000095367432,4.900000095367432,6.099999904632568,0.2915401426420421
Rajasthan,5.71875,5.599999904632568,5.199999809265137,7.699999809265137,0.3687382109108316
Rajasthan,5.5611114501953125,5.5,5.099999904632568,6.699999809265137,0.3046197563425784
Rajasthan,5.7277781168619795,5.599999904632568,5.0,6.900000095367432,0.4713226791803535
Rajasthan,5.789582994249132,5.800000190734863,5.199999809265137,6.800000190734863,0.304530303440515
Rajasthan,5.80763922797309,5.800000190734863,5.300000190734863,6.5,0.22548709157046914
Rajasthan,6.25,6.199999809265137,5.300000190734863,8.100000381469727,0.514106589684067
Rajasthan,6.060416751437717,6.0,5.099999904632568,7.800000190734863,0.46446188240031583
Rajasthan,6.1861114501953125,6.199999809265137,4.800000190734863,7.800000190734863,0.657500641803071
Rajasthan,5.378472222222222,5.400000095367432,4.599999904632568,6.5,0.4408267411279068
Rajasthan,5.532639397515191,5.5,5.0,6.5,0.3218501007562707
Rajasthan,6.700000339084202,6.900000095367432,5.0,7.800000190734863,0.744423735377691
Rajasthan,7.354166666666667,7.25,6.300000190734863,8.899999618530273,0.5338376839478989
Rajasthan,7.910416497124566,8.100000381469727,6.099999904632568,9.800000190734863,0.9646328537381167
Rajasthan,8.87361060248481,8.899999618530273,7.5,10.100000381469727,0.4839057100279923
Rajasthan,8.330107001848118,8.399999618530273,6.5,10.0,0.7675943653162197
Rajasthan,7.299999660915798,7.0,6.400000095367432,8.899999618530273,0.8178561572278963
Rajasthan,,,,,
Rajasthan,,,,,
Rajasthan,18.575000762939453,18.600000381469727,17.799999237060547,19.299999237060547,0.6796140503943213
Rajasthan,14.30661818560432,13.699999809265137,10.0,23.100000381469727,2.424452727201715
Rajasthan,13.222916497124565,12.899999618530273,9.300000190734863,27.299999237060547,2.5233001875417167
Rajasthan,10.8125,10.649999618530273,7.699999809265137,17.700000762939453,2.328055838337061
Rajasthan,9.235416836208767,8.399999618530273,7.800000190734863,26.0,2.696511892212242
Rajasthan,9.359722561306423,9.300000190734863,7.800000190734863,12.300000190734863,0.9128952343926343
Rajasthan,11.172222561306423,10.899999618530273,8.100000381469727,20.899999618530273,2.188747861591828
Rajasthan,8.102796861341783,8.0,7.5,10.0,0.4050285563322521
Rajasthan,8.547222561306423,8.199999809265137,7.400000095367432,14.100000381469727,1.16969513847769
Rajasthan,8.299305386013454,8.199999809265137,7.400000095367432,14.699999809265137,0.7687919895562182
Rajasthan,8.116666158040365,7.900000095367432,7.300000190734863,16.299999237060547,0.887098848010712
Rajasthan,7.375,7.300000190734863,6.300000190734863,11.699999809265137,0.8339580884131639
Rajasthan,7.24513922797309,6.900000095367432,5.900000095367432,15.100000381469727,1.394325306241167
Rajasthan,6.056944529215495,6.0,5.199999809265137,7.300000190734863,0.389738664271579
Rajasthan,5.994444529215495,6.0,5.199999809265137,7.199999809265137,0.4102468580738297
Rajasthan,5.605555640326606,5.599999904632568,5.0,6.699999809265137,0.2893425825259563
Rajasthan,5.394444359673394,5.400000095367432,4.400000095367432,6.300000190734863,0.36089738100230073
Rajasthan,5.619444529215495,5.599999904632568,4.699999809265137,7.099999904632568,0.40624938840723496
Rajasthan,6.752307598407452,6.75,5.199999809265137,8.600000381469727,0.8086280492626349
Rajasthan,7.580581813182645,7.699999809265137,5.599999904632568,9.300000190734863,0.7318095966056946
Rajasthan,6.192361195882161,5.900000095367432,5.099999904632568,8.0,0.8156524096120437
Rajasthan,6.513888888888889,6.5,5.5,9.0,0.626455090041981
Rajasthan,6.308333079020183,6.300000190734863,5.300000190734863,7.699999809265137,0.5168682498693549
Rajasthan,6.55763922797309,6.300000190734863,5.199999809265137,9.199999809265137,1.0154760502470623
Rajasthan,6.004166497124566,5.900000095367432,5.199999809265137,7.599999904632568,0.5296585683539363
Rajasthan,6.133332994249132,6.199999809265137,5.099999904632568,6.900000095367432,0.31046558708677763
Rajasthan,6.282638973659939,6.300000190734863,5.400000095367432,7.400000095367432,0.32836502113371974
Rajasthan,6.041666666666667,6.0,5.300000190734863,7.400000095367432,0.4150803100301872
Rajasthan,5.613194359673394,5.599999904632568,4.900000095367432,6.5,0.3592520253927221
Rajasthan,5.578472561306423,5.550000190734863,5.0,6.599999904632568,0.27237717083920365
Rajasthan,5.736111111111111,5.699999809265137,4.900000095367432,6.599999904632568,0.3431089653053636
Rajasthan,5.177083333333333,5.099999904632568,4.800000190734863,6.099999904632568,0.2615973070479362
Rajasthan,5.395139058430989,5.400000095367432,4.800000190734863,6.800000190734863,0.3046696549495057
Rajasthan,5.692361195882161,5.699999809265137,5.0,6.599999904632568,0.2855501267530937
Rajasthan,6.5638885498046875,6.5,5.400000095367432,8.699999809265137,0.7566015817744943
Rajasthan,6.300694359673394,6.199999809265137,5.400000095367432,7.5,0.4787855779431342
Rajasthan,5.948610941569011,5.900000095367432,5.300000190734863,7.300000190734863,0.41314950349987417
Rajasthan,6.184027777777778,6.0,5.300000190734863,9.0,0.6946884943771058
Rajasthan,6.722916920979817,6.599999904632568,5.400000095367432,8.899999618530273,0.7894018999258712
Rajasthan,6.434027777777778,6.400000095367432,5.300000190734863,8.199999809265137,0.534005179701846
Rajasthan,5.994444529215495,6.099999904632568,4.699999809265137,7.0,0.4949435853912177
Rajasthan,5.379861619737413,5.300000190734863,4.699999809265137,6.800000190734863,0.4517834688548982
Rajasthan,6.713194529215495,6.800000190734863,5.0,8.300000190734863,0.8940580666850881
Rajasthan,7.367361280653212,7.400000095367432,6.5,8.699999809265137,0.43681772570798005
Rajasthan,7.672222561306423,7.649999618530273,6.400000095367432,9.100000381469727,0.5589479810354139
Rajasthan,8.162499321831596,8.399999618530273,6.5,9.399999618530273,0.6833206339009388
Rajasthan,9.502777947319878,9.699999809265137,7.800000190734863,10.899999618530273,0.6913095536497348
Rajasthan,8.753383091517858,8.899999618530273,6.099999904632568,10.800000190734863,1.1297447501078195
Rajasthan,9.402858189174108,9.199999809265137,7.5,11.399999618530273,1.1367838540355235
Rajasthan,13.316279921420785,13.699999809265137,10.300000190734863,16.899999618530273,1.7577641546032496
Rajasthan,12.846341264926322,12.899999618530273,9.899999618530273,17.399999618530273,1.810820804510227
Rajasthan,11.956250190734863,11.299999237060547,9.699999809265137,15.600000381469727,1.714266930436729
Rajasthan,13.426956309442934,12.699999809265137,9.600000381469727,21.600000381469727,2.7217105011079084
Rajasthan,13.72681194802989,12.850000381469727,10.100000381469727,21.700000762939453,2.7005244550022547
Rajasthan,15.040278116861979,13.600000381469727,11.5,23.600000381469727,3.2358092031400116
Rajasthan,15.226389567057291,15.0,9.5,23.299999237060547,3.901228171476792
Rajasthan,13.052083333333334,11.199999809265137,8.0,23.600000381469727,4.300919960125246
Rajasthan,9.152777777777779,8.600000381469727,7.699999809265137,16.200000762939453,1.2685262959443386
Rajasthan,9.936111450195312,8.800000190734863,7.900000095367432,17.0,2.2746370042857293
Rajasthan,9.586713457440997,8.5,7.599999904632568,26.399999618530273,2.997416965013656
Rajasthan,9.223610772026909,8.800000190734863,7.5,14.600000381469727,1.2808952169610142
Rajasthan,8.299306233723959,8.300000190734863,7.400000095367432,9.600000381469727,0.34930414958032263
Rajasthan,7.777777777777778,7.699999809265137,7.0,8.800000190734863,0.3412486314106127
Rajasthan,7.392361111111111,7.400000095367432,6.699999809265137,8.0,0.2738815439475022
Rajasthan,7.431249830457899,7.099999904632568,6.099999904632568,12.399999618530273,1.1935863825185333
Rajasthan,6.556249830457899,6.400000095367432,5.699999809265137,9.800000190734863,0.5644218783253333
Rajasthan,6.138888888888889,6.099999904632568,5.5,7.400000095367432,0.34361460218729384
Rajasthan,5.878321507593968,5.699999809265137,4.900000095367432,13.0,0.9908772632233938
Rajasthan,5.30763922797309,5.199999809265137,4.699999809265137,6.900000095367432,0.35669780012578034
Rajasthan,5.360416836208767,5.400000095367432,4.800000190734863,6.199999809265137,0.25771936074829227
Rajasthan,6.436111026340061,6.300000190734863,5.199999809265137,9.0,0.6578174168563806
Rajasthan,6.596503411139642,6.5,5.599999904632568,8.0,0.5278817099655768
Rajasthan,5.834722306993273,5.699999809265137,4.900000095367432,7.599999904632568,0.5809856967187335
Rajasthan,5.6118053860134545,5.599999904632568,4.400000095367432,7.099999904632568,0.619419147860009
Rajasthan,6.013888888888889,6.0,4.699999809265137,7.099999904632568,0.5234250481409037
Rajasthan,6.009027269151476,5.900000095367432,5.0,9.0,0.6903011939496462
Rajasthan,6.127083248562283,6.099999904632568,5.199999809265137,6.800000190734863,0.36557009337673996
Rajasthan,6.158333672417535,6.099999904632568,5.400000095367432,7.199999809265137,0.3893548723686122
Rajasthan,6.222916920979817,6.199999809265137,5.300000190734863,7.400000095367432,0.4112512604031023
Rajasthan,5.797222137451172,5.800000190734863,5.0,6.699999809265137,0.3758221250961085
Rajasthan,6.1430553860134545,6.0,5.199999809265137,7.5,0.5354972676503753
Rajasthan,5.620138380262587,5.599999904632568,5.0,6.300000190734863,0.3181063421850788
Rajasthan,5.569444444444445,5.5,5.0,6.5,0.33876363826268147
Rajasthan,5.558333502875434,5.5,5.0,6.800000190734863,0.3794184238165251
Rajasthan,5.552083333333333,5.5,5.0,6.599999904632568,0.24180128797882033
Rajasthan,5.587499830457899,5.599999904632568,5.099999904632568,6.300000190734863,0.27179317628535404
Rajasthan,6.412500169542101,6.099999904632568,5.400000095367432,9.300000190734863,0.8203890647478502
Rajasthan,6.644444359673394,6.449999809265137,5.5,8.699999809265137,0.7653773638974487
Rajasthan,6.274305555555555,6.099999904632568,5.699999809265137,7.199999809265137,0.38310616815076437
Rajasthan,6.302777608235677,6.199999809265137,5.400000095367432,7.699999809265137,0.5030385978382249
Rajasthan,6.908333248562283,6.900000095367432,5.800000190734863,8.699999809265137,0.4892596362642816
Rajasthan,6.503472222222222,6.5,5.5,8.399999618530273,0.5870610840205381
Rajasthan,5.926389058430989,5.900000095367432,4.800000190734863,7.400000095367432,0.49539351055814007
Rajasthan,5.436805725097656,5.5,4.699999809265137,6.300000190734863,0.3735614202595358
Rajasthan,6.409027947319879,6.300000190734863,5.0,8.100000381469727,0.7236014286779537
Rajasthan,7.3597217135959205,7.400000095367432,6.300000190734863,8.100000381469727,0.42316919213821114
Rajasthan,8.105555216471354,8.100000381469727,6.900000095367432,9.399999618530273,0.5471869813760766
Rajasthan,6.708333333333333,6.599999904632568,5.900000095367432,8.399999618530273,0.49700492404932534
Rajasthan,9.384722391764322,9.800000190734863,6.5,11.0,1.1360457486525743
Rajasthan,9.618055555555555,9.699999809265137,8.0,10.899999618530273,0.5579790786534614
Rajasthan,10.203546618738919,10.199999809265137,8.800000190734863,11.5,0.5909975771510917
Rajasthan,9.625316764734968,9.699999809265137,7.300000190734863,10.899999618530273,0.7639782938759776
Rajasthan,10.100000169542101,10.199999809265137,8.800000190734863,10.800000190734863,0.5868938953886776
Rajasthan,15.472548540900736,15.300000190734863,10.800000190734863,22.799999237060547,2.829056379334514
Rajasthan,21.715201171875,21.899999618530273,14.600000381469727,29.100000381469727,3.966783282366736
Rajasthan,22.020833333333332,22.200000762939453,14.899999618530273,30.0,3.9402812593098853
Rajasthan,17.982168271560077,16.299999237060547,9.0,29.899999618530273,5.483328527492249
Rajasthan,15.330767864947552,13.5,9.0,29.299999237060547,5.620980078416488
Rajasthan,15.0,14.300000190734863,9.899999618530273,28.600000381469727,3.4798826778331406
Rajasthan,14.519444783528646,14.350000381469727,10.5,20.299999237060547,2.0771333871552664
Rajasthan,12.695138719346788,11.800000190734863,9.600000381469727,33.400001525878906,3.425016837128589
Rajasthan,14.949305216471354,14.799999237060547,9.899999618530273,21.100000381469727,3.0501137668633334
Rajasthan,12.143750508626303,11.899999618530273,9.600000381469727,18.399999618530273,1.300412255360742
Rajasthan,10.413194444444445,9.800000190734863,8.100000381469727,18.100000381469727,1.9121049422766343
Rajasthan,8.533333672417534,8.5,7.900000095367432,10.300000190734863,0.3892656867281775
Rajasthan,8.585314343859265,8.399999618530273,7.900000095367432,12.300000190734863,0.6601502567274021
Rajasthan,8.061111450195312,7.900000095367432,7.199999809265137,12.300000190734863,0.7341010531546884
Rajasthan,7.828472561306423,7.800000190734863,7.300000190734863,8.5,0.2725046501492124
Rajasthan,7.6368052164713545,7.300000190734863,6.699999809265137,18.399999618530273,1.3671110017897878
Rajasthan,6.866667005750868,6.900000095367432,5.900000095367432,7.800000190734863,0.4663689620743599
Rajasthan,7.026388804117839,6.800000190734863,6.0,9.800000190734863,0.7632156128980723
Rajasthan,6.3671328671328675,6.300000190734863,5.400000095367432,15.100000381469727,0.9288519447174975
Rajasthan,5.735416836208767,5.699999809265137,4.900000095367432,6.699999809265137,0.32220351659568036
Rajasthan,5.415277693006727,5.400000095367432,4.800000190734863,6.400000095367432,0.30237932879961504
Rajasthan,5.370833079020183,5.350000381469727,4.300000190734863,6.300000190734863,0.3890649323017762
Rajasthan,6.394444359673394,6.400000095367432,5.300000190734863,7.800000190734863,0.40889040078853206
Rajasthan,6.059722052680121,6.099999904632568,4.800000190734863,7.099999904632568,0.48994322614047525
Rajasthan,5.877083248562283,5.800000190734863,4.699999809265137,8.399999618530273,0.6363654110534268
Rajasthan,5.9805552164713545,5.800000190734863,4.800000190734863,8.0,0.7379850308222485
Rajasthan,5.913888719346788,5.800000190734863,4.699999809265137,7.800000190734863,0.5300171832133964
Rajasthan,5.966666751437717,5.800000190734863,5.199999809265137,7.699999809265137,0.5066228028096048
Rajasthan,6.684722052680121,6.699999809265137,5.599999904632568,7.800000190734863,0.5039178964768308
Rajasthan,6.6743053860134545,6.599999904632568,5.699999809265137,8.100000381469727,0.5539939036066566
Rajasthan,6.25,6.099999904632568,5.199999809265137,7.400000095367432,0.5226800724664489
Rajasthan,5.853472391764323,5.800000190734863,5.099999904632568,6.699999809265137,0.3825922623442261
Rajasthan,5.618749830457899,5.599999904632568,5.099999904632568,6.699999809265137,0.3041309717188147
Rajasthan,5.918055640326606,5.900000095367432,5.300000190734863,6.800000190734863,0.3022261786197412
Rajasthan,5.663194444444445,5.599999904632568,5.0,6.800000190734863,0.3631931095575667
Rajasthan,5.617361280653212,5.599999904632568,5.099999904632568,6.400000095367432,0.26960100086550276
Rajasthan,5.579861111111111,5.5,4.900000095367432,6.5,0.29804449839829916
Rajasthan,5.614583333333333,5.599999904632568,4.900000095367432,6.400000095367432,0.2816047222404055
Rajasthan,6.19999982927229,6.099999904632568,5.400000095367432,7.5,0.3998251364369188
Rajasthan,6.184722052680121,6.0,5.099999904632568,7.900000095367432,0.6509949110267154
Rajasthan,6.109154929577465,6.0,5.099999904632568,8.199999809265137,0.5711250101283655
Rajasthan,6.40625,6.400000095367432,5.599999904632568,7.599999904632568,0.41369252206902807
Rajasthan,6.872916751437717,6.900000095367432,5.800000190734863,8.199999809265137,0.5252273147507388
Rajasthan,6.1694446139865455,6.099999904632568,5.099999904632568,7.199999809265137,0.4581481203910144
Rajasthan,5.604166666666667,5.699999809265137,4.800000190734863,6.199999809265137,0.3301672627903949
Rajasthan,5.569444444444445,5.599999904632568,4.699999809265137,6.699999809265137,0.36386767136762366
Rajasthan,6.009027693006727,6.0,5.0,7.400000095367432,0.5023435790140947
Rajasthan,6.880555470784505,6.599999904632568,6.199999809265137,8.199999809265137,0.5270828768022401
Rajasthan,8.469013912577024,8.0,6.400000095367432,20.899999618530273,2.40806105805282
Rajasthan,6.897917005750868,6.900000095367432,5.900000095367432,8.300000190734863,0.6181816051982097
Rajasthan,8.39236111111111,8.649999618530273,6.099999904632568,10.800000190734863,1.6027355244700923
Rajasthan,9.913887871636284,10.0,7.5,11.199999809265137,0.7382045617070566
Rajasthan,9.722377963833042,9.899999618530273,7.199999809265137,11.199999809265137,0.8324216160767038
Rajasthan,9.706943935818142,9.800000190734863,7.800000190734863,10.800000190734863,0.5436058793734578
Rajasthan,9.937404021052004,9.899999618530273,8.300000190734863,11.600000381469727,0.6788333210774626
Rajasthan,9.463636363636363,9.600000381469727,7.199999809265137,10.899999618530273,0.8462458676646675
Rajasthan,9.100000381469727,9.100000381469727,8.899999618530273,9.300000190734863,0.20000028610286336
Rajasthan,13.766666412353516,14.100000381469727,11.899999618530273,16.0,1.1242281715058342
Rajasthan,15.57499885559082,15.75,14.5,16.299999237060547,0.6684868481990357
Rajasthan,20.5,20.200000762939453,18.0,22.899999618530273,1.521133215561424
Rajasthan,18.99386007743969,20.0,12.600000381469727,25.600000381469727,3.374368919880679
Rajasthan,15.237499660915798,15.199999809265137,9.800000190734863,25.100000381469727,3.544320138214181
Rajasthan,15.395138210720486,15.050000190734863,11.0,24.600000381469727,3.3210258143670774
Rajasthan,18.206944783528645,15.449999809265137,11.399999618530273,30.899999618530273,6.091497464034865
Rajasthan,17.36666531032986,16.150001525878906,9.0,29.100000381469727,5.7703744948427245
Rajasthan,16.604166666666668,16.600000381469727,8.800000190734863,28.799999237060547,4.765776066689751
Rajasthan,15.372918023003471,14.5,10.399999618530273,22.899999618530273,3.4803858341485894
Rajasthan,13.443749321831596,13.0,11.0,20.5,1.718030139204609
Rajasthan,14.993055555555555,14.600000381469727,11.100000381469727,22.5,2.5275606296337516
Rajasthan,17.013193766276043,17.549999237060547,9.0,22.5,3.370444398976458
Rajasthan,9.547222561306423,9.0,8.0,18.200000762939453,1.5280227153832466
Rajasthan,8.953472561306423,8.699999809265137,8.100000381469727,14.0,0.919156714524318
Rajasthan,8.543750339084202,8.399999618530273,7.800000190734863,11.399999618530273,0.5945024143612327
Rajasthan,8.15763939751519,7.900000095367432,7.099999904632568,17.100000381469727,1.35388225750611
Rajasthan,7.650694105360243,7.699999809265137,6.5,9.600000381469727,0.6847543107439389
Rajasthan,6.958333333333333,6.599999904632568,6.099999904632568,15.5,1.2446831047152693
Rajasthan,10.383915401005245,7.199999809265137,6.099999904632568,34.0,7.44864612377022
Rajasthan,6.342856959292763,6.300000190734863,5.699999809265137,8.300000190734863,0.4009923237935648
Rajasthan,6.231250339084202,6.199999809265137,5.5,7.599999904632568,0.47367780447709895
Rajasthan,5.87013922797309,5.599999904632568,4.900000095367432,11.600000381469727,1.0405046874605066
Rajasthan,5.66111077202691,5.599999904632568,4.800000190734863,6.5,0.3804440130499407
Rajasthan,6.254166497124566,6.449999809265137,5.0,7.400000095367432,0.5735942974993052
Rajasthan,6.302778032090929,6.400000095367432,5.0,7.699999809265137,0.6210368229644586
Rajasthan,5.443055894639757,5.400000095367432,4.800000190734863,6.699999809265137,0.3968018942465279
Rajasthan,6.131944444444445,6.099999904632568,5.099999904632568,7.800000190734863,0.5965936637626994
Rajasthan,6.6687499152289496,6.599999904632568,5.400000095367432,9.100000381469727,0.7066616312844383
Rajasthan,6.456944359673394,6.199999809265137,5.300000190734863,10.0,0.7985796810452347
Rajasthan,7.114583333333333,7.0,6.0,9.5,0.5810632776907219
Rajasthan,7.255555046929254,7.350000381469727,5.599999904632568,8.399999618530273,0.5639367776706709
Rajasthan,6.400694105360243,6.400000095367432,5.699999809265137,7.099999904632568,0.25644377381179423
Rajasthan,6.490277608235677,6.400000095367432,5.5,7.800000190734863,0.4495861540004673
Rajasthan,5.890277862548828,5.900000095367432,5.0,7.0,0.44726320618462706
Rajasthan,5.721527947319879,5.599999904632568,4.900000095367432,6.699999809265137,0.41485660620689824
Rajasthan,5.655555725097656,5.599999904632568,5.099999904632568,6.300000190734863,0.2783327554884579
Rajasthan,5.617361280653212,5.599999904632568,4.900000095367432,6.300000190734863,0.2875494702497569
Rajasthan,5.757638719346788,5.699999809265137,5.099999904632568,6.900000095367432,0.3644973304396028
Rajasthan,5.876389397515191,5.800000190734863,5.099999904632568,6.699999809265137,0.33333044158808933
Rajasthan,6.186619718309859,6.099999904632568,5.300000190734863,8.0,0.49649882313185256
Rajasthan,5.976923162286932,5.900000095367432,5.199999809265137,7.099999904632568,0.38769396882662976
Rajasthan,6.308910407642327,6.099999904632568,5.099999904632568,11.0,0.8922215268843432
Rajasthan,6.6430553860134545,6.5,5.599999904632568,10.699999809265137,0.8370461442174193
Rajasthan,6.679167005750868,6.550000190734863,5.599999904632568,8.399999618530273,0.7016721398286199
Rajasthan,6.070832994249132,6.149999618530273,5.0,7.5,0.4672429563728061
Rajasthan,5.386111365424262,5.400000095367432,4.699999809265137,6.099999904632568,0.3718592838296204
Rajasthan,5.1875,5.199999809265137,4.5,5.900000095367432,0.38835032580154655
Rajasthan,6.260416666666667,6.199999809265137,4.900000095367432,8.199999809265137,0.6399021938110016
Rajasthan,6.747222052680121,6.699999809265137,6.400000095367432,7.400000095367432,0.18927660249323566
Rajasthan,7.263193766276042,7.099999904632568,6.400000095367432,8.800000190734863,0.5902855662096516
Rajasthan,7.565277099609375,7.599999904632568,6.199999809265137,8.699999809265137,0.5467479325375924
Rajasthan,7.9284718831380205,7.800000190734863,6.0,11.0,1.2362388683450256
Rajasthan,9.997222900390625,10.300000190734863,6.699999809265137,11.699999809265137,1.0723769161369816
Rajasthan,9.655555725097656,9.699999809265137,7.400000095367432,11.199999809265137,0.8534877928029841
Rajasthan,10.143750508626303,10.199999809265137,8.300000190734863,11.199999809265137,0.4825739293578655
Rajasthan,9.711805555555555,9.899999618530273,7.900000095367432,11.100000381469727,0.7710469666864946
Rajasthan,8.734027438693577,8.699999809265137,7.0,10.5,0.88106339347622
Rajasthan,9.709923664122137,10.0,7.5,11.100000381469727,0.7448402602014427
Rajasthan,9.779069767441861,9.899999618530273,7.800000190734863,10.899999618530273,0.7086042676220463
Rajasthan,9.266666957310267,9.399999618530273,8.199999809265137,10.600000381469727,0.700906465271332
Rajasthan,8.859999847412109,8.800000190734863,8.199999809265137,9.300000190734863,0.3878144515463501
Rajasthan,13.452380952380953,13.399999618530273,12.600000381469727,14.600000381469727,0.4953296155868545
Rajasthan,13.14963503649635,13.100000381469727,11.100000381469727,15.800000190734863,1.0276558665969524
Rajasthan,12.477119057865465,12.100000381469727,10.5,16.799999237060547,1.4181875705486306
Rajasthan,11.423301918992719,11.0,9.5,23.0,1.6548959136632209
Rajasthan,12.622535383197624,12.449999809265137,10.699999809265137,17.700000762939453,1.2129811497159644
Rajasthan,14.651389227973091,14.399999618530273,9.800000190734863,20.899999618530273,3.2238474280426654
Rajasthan,15.14236111111111,14.949999809265137,9.5,23.0,3.1851997760777055
Rajasthan,13.140972561306423,12.550000190734863,9.5,21.899999618530273,2.628381708040174
Rajasthan,14.979166666666666,14.100000381469727,10.199999809265137,35.70000076293945,3.1278293306477125
Rajasthan,13.888193766276041,13.600000381469727,9.0,20.100000381469727,2.54158458726661
Rajasthan,15.819442749023438,15.199999809265137,11.300000190734863,21.600000381469727,2.566105977384047
Rajasthan,11.91597154405382,11.199999809265137,9.5,17.899999618530273,1.875117178484483
Rajasthan,10.898610432942709,10.699999809265137,9.600000381469727,14.800000190734863,1.0105681962473596
Rajasthan,14.188194274902344,13.399999618530273,10.0,22.600000381469727,2.8379006651596135
Rajasthan,13.841667175292969,13.850000381469727,8.300000190734863,21.700000762939453,4.0493912221252915
Rajasthan,8.947916666666666,8.699999809265137,7.699999809265137,16.700000762939453,1.3101616775812384
Rajasthan,8.309027777777779,8.199999809265137,7.5,11.199999809265137,0.5805783842196518
Rajasthan,7.8125,7.699999809265137,7.199999809265137,9.800000190734863,0.45152134467623517
Rajasthan,7.213194105360243,7.199999809265137,6.5,9.300000190734863,0.34785985401653546
Rajasthan,6.745833502875434,6.699999809265137,6.300000190734863,7.5,0.26896794030898097
Rajasthan,7.125694274902344,6.400000095367432,5.900000095367432,26.0,2.962139498357644
Rajasthan,6.445138719346788,6.400000095367432,5.699999809265137,8.600000381469727,0.4460988129064333
Rajasthan,6.002082824707031,6.0,5.300000190734863,7.5,0.32392313388423494
Rajasthan,6.854225266147667,5.599999904632568,5.0,20.899999618530273,3.395660540810546
Rajasthan,5.620833502875434,5.599999904632568,4.800000190734863,7.099999904632568,0.33785990504129726
Rajasthan,5.8423614501953125,5.850000381469727,4.699999809265137,7.5,0.5314524059531605
Rajasthan,6.370833079020183,6.400000095367432,5.5,7.300000190734863,0.46485885270874144
Rajasthan,5.852777693006727,5.850000381469727,4.599999904632568,7.099999904632568,0.4582491409837101
Rajasthan,5.579166836208767,5.5,4.599999904632568,7.199999809265137,0.5899476367279664
Rajasthan,6.584027608235677,6.400000095367432,4.599999904632568,9.600000381469727,0.7979716796285442
Rajasthan,6.653472052680121,6.5,5.5,10.600000381469727,0.8491754936743511
Rajasthan,6.441666497124566,6.5,5.400000095367432,9.100000381469727,0.6733519292516648
Rajasthan,7.534722222222222,7.599999904632568,5.800000190734863,9.399999618530273,0.8918862080062839
Rajasthan,7.088194105360243,6.900000095367432,5.5,9.5,0.8876855437971949
Rajasthan,6.847222222222222,6.900000095367432,5.599999904632568,7.800000190734863,0.4020683173081065
Rajasthan,6.365972306993273,6.400000095367432,5.0,7.099999904632568,0.436393570310071
Rajasthan,5.381944444444445,5.350000381469727,4.699999809265137,6.300000190734863,0.3929328370004259
Rajasthan,5.833333333333333,5.800000190734863,4.900000095367432,6.699999809265137,0.4709623713700612
Rajasthan,5.94892103895009,5.900000095367432,5.199999809265137,7.0,0.42584945766085297
Rajasthan,6.1430553860134545,6.099999904632568,5.699999809265137,6.900000095367432,0.241710536468802
Rajasthan,5.929167005750868,5.900000095367432,5.199999809265137,6.800000190734863,0.3267846377376131
Rajasthan,6.695138719346788,6.599999904632568,5.300000190734863,8.600000381469727,0.8691734663878227
Rajasthan,6.465277777777778,6.5,5.300000190734863,7.699999809265137,0.5208592627499573
Rajasthan,5.961805555555555,5.800000190734863,4.900000095367432,8.100000381469727,0.6272732697449686
Rajasthan,6.195138719346788,6.199999809265137,5.0,7.599999904632568,0.5702496697686346
Rajasthan,5.837500254313151,5.699999809265137,4.800000190734863,8.300000190734863,0.6717385247580854
Rajasthan,5.65138922797309,5.5,4.599999904632568,7.900000095367432,0.696318327315428
Rajasthan,5.109027862548828,5.099999904632568,4.599999904632568,5.900000095367432,0.2689778023669846
Rajasthan,5.161805894639757,5.099999904632568,4.699999809265137,6.099999904632568,0.25765945472867063
Rajasthan,6.065277947319879,6.099999904632568,4.900000095367432,7.0,0.462979401595552
Rajasthan,5.964583502875434,5.900000095367432,5.0,6.900000095367432,0.6155923845703996
Rajasthan,6.5756946139865455,6.599999904632568,6.099999904632568,7.099999904632568,0.1629785611137106
Rajasthan,7.167361789279514,7.099999904632568,6.099999904632568,8.399999618530273,0.5950991950799499
Rajasthan,7.820138719346788,7.800000190734863,6.599999904632568,9.600000381469727,0.6649540427994292
Rajasthan,8.830555386013454,9.050000190734863,6.099999904632568,11.300000190734863,1.2879396670228993
Rajasthan,9.852778116861979,10.100000381469727,7.0,11.300000190734863,0.9181763393214101
Rajasthan,10.165973239474827,10.100000381469727,8.699999809265137,12.0,0.5716889369765721
Rajasthan,9.522917005750868,9.699999809265137,6.800000190734863,10.800000190734863,0.7671844903593507
Rajasthan,9.529166327582466,9.699999809265137,7.5,10.600000381469727,0.7311401737891507
Rajasthan,10.124305725097656,10.199999809265137,9.0,11.0,0.37253760520231416
Rajasthan,10.455555386013454,10.550000190734863,9.100000381469727,11.5,0.4929753441555432
Rajasthan,9.836620062169894,10.050000190734863,7.599999904632568,11.100000381469727,0.8393054178210098
Rajasthan,8.595275398314469,8.699999809265137,7.599999904632568,9.899999618530273,0.40564096157608165
Rajasthan,8.899999618530273,8.899999618530273,8.899999618530273,8.899999618530273,0.0
Rajasthan,10.851218618997713,10.699999809265137,8.899999618530273,12.899999618530273,1.0364389981085909
Rajasthan,13.172868595566861,12.5,10.5,32.900001525878906,3.380283772105953
Rajasthan,11.140277438693577,10.899999618530273,9.199999809265137,20.299999237060547,1.38450348526419
Rajasthan,12.311111450195312,12.199999809265137,9.699999809265137,15.300000190734863,1.2194665689448563
Rajasthan,13.240971883138021,13.100000381469727,10.600000381469727,26.799999237060547,2.139684945857415
Rajasthan,13.869444105360243,13.699999809265137,11.5,17.299999237060547,1.3355334940854373
Rajasthan,12.749305725097656,12.600000381469727,9.899999618530273,16.700000762939453,2.007762620038071
Rajasthan,12.950694613986546,12.899999618530273,8.600000381469727,18.200000762939453,2.424842409595302
Rajasthan,15.618750678168404,15.199999809265137,10.5,26.100000381469727,3.3823267608575702
Rajasthan,15.59513685438368,15.25,11.0,29.299999237060547,2.7218082470968294
Rajasthan,15.686804877387154,15.600000381469727,11.100000381469727,20.600000381469727,1.9533535314809054
Rajasthan,13.665972391764322,13.100000381469727,10.0,28.399999618530273,2.6754843860801167
Rajasthan,12.021526760525173,11.800000190734863,9.699999809265137,16.100000381469727,1.5031523977727435
Rajasthan,14.315278795030382,13.25,9.0,27.600000381469727,3.925439178817929
Rajasthan,15.445139567057291,15.050000190734863,10.899999618530273,23.200000762939453,2.8287421140680626
Rajasthan,17.677778455946182,17.799999237060547,11.600000381469727,24.200000762939453,3.349097018875324
Rajasthan,11.046527438693577,9.600000381469727,8.100000381469727,21.399999618530273,2.94384742568858
Rajasthan,8.690972222222221,8.399999618530273,7.199999809265137,19.100000381469727,1.6443047443432337
Rajasthan,7.46875,7.400000095367432,7.0,8.199999809265137,0.23108099877833424
Rajasthan,7.374305725097656,7.400000095367432,6.699999809265137,7.800000190734863,0.24430925896336705
Rajasthan,6.877083672417535,6.900000095367432,6.0,7.699999809265137,0.36088601026542977
Rajasthan,6.587499830457899,6.5,5.800000190734863,13.699999809265137,0.8544714886777467
Rajasthan,6.515972561306423,6.5,5.699999809265137,7.400000095367432,0.33117283321441654
Rajasthan,6.385416666666667,6.199999809265137,5.5,12.300000190734863,0.825880774757752
Rajasthan,6.092360602484809,6.099999904632568,5.199999809265137,7.0,0.35356906869936344
Rajasthan,5.989583333333333,5.900000095367432,5.400000095367432,7.300000190734863,0.35330164708760264
Rajasthan,5.927083333333333,5.900000095367432,5.400000095367432,7.099999904632568,0.2771929590818593
Rajasthan,6.709722306993273,6.699999809265137,5.300000190734863,8.399999618530273,0.6018858461333536
Rajasthan,6.600000341455419,6.400000095367432,5.699999809265137,8.699999809265137,0.5391005247923335
Rajasthan,6.202777862548828,6.199999809265137,4.599999904632568,7.400000095367432,0.6102076665831587
Rajasthan,6.7631946139865455,6.699999809265137,4.599999904632568,8.600000381469727,0.8119546774807965
Rajasthan,6.4465281168619795,6.5,5.099999904632568,7.699999809265137,0.5220037842252734
Rajasthan,7.0090281168619795,6.300000190734863,5.599999904632568,18.600000381469727,2.043278770170132
Rajasthan,6.9465281168619795,6.949999809265137,5.900000095367432,8.199999809265137,0.445020773369698
Rajasthan,6.795138888888889,6.400000095367432,5.5,10.600000381469727,1.1589225428518966
Rajasthan,6.1020834181043835,6.0,5.099999904632568,7.900000095367432,0.5259210000612158
Rajasthan,5.9250000847710504,5.900000095367432,5.0,7.0,0.3614208058125009
Rajasthan,5.848611195882161,5.850000381469727,5.0,7.0,0.44111382656569764
Rajasthan,6.5152782864040795,6.599999904632568,5.0,8.300000190734863,0.9213757708136753
Rajasthan,6.304861280653212,6.400000095367432,5.300000190734863,7.099999904632568,0.3967454138283393
Rajasthan,6.1263885498046875,6.050000190734863,5.400000095367432,7.699999809265137,0.48073816511452866
Rajasthan,6.285416497124566,6.199999809265137,5.5,7.300000190734863,0.40705047286312934
Rajasthan,6.975694868299696,6.599999904632568,5.400000095367432,9.100000381469727,1.0613308258432228
Rajasthan,6.476223605496067,6.400000095367432,4.800000190734863,8.5,0.8701706343092761
Rajasthan,5.506944444444445,5.400000095367432,4.900000095367432,6.900000095367432,0.39907058414977964
Rajasthan,5.283333672417535,5.199999809265137,4.800000190734863,6.699999809265137,0.32787191921294456
Rajasthan,5.179167005750868,5.099999904632568,4.699999809265137,6.199999809265137,0.3570470876681558
Rajasthan,5.261110941569011,5.0,4.300000190734863,6.800000190734863,0.5982742725513903
Rajasthan,4.920138888888889,4.900000095367432,4.400000095367432,5.699999809265137,0.23850803178413388
Rajasthan,5.202777438693577,5.199999809265137,4.599999904632568,5.900000095367432,0.21047054302411172
Rajasthan,5.782638973659939,5.900000095367432,5.0,7.0,0.4244816903770051
Rajasthan,5.658333672417535,5.649999618530273,5.0,6.400000095367432,0.3390141194126441
Rajasthan,6.1756947835286455,6.300000190734863,5.300000190734863,6.800000190734863,0.41654106103624045
Rajasthan,6.278472052680121,6.199999809265137,6.0,7.199999809265137,0.19690779826594965
Rajasthan,7.5805553860134545,7.900000095367432,6.0,9.600000381469727,1.0746626549977472
Rajasthan,8.027777777777779,7.900000095367432,6.199999809265137,10.5,0.9732851443663569
Rajasthan,9.741258741258742,10.0,6.699999809265137,12.0,1.320962158751731
Rajasthan,9.954166836208767,10.0,7.5,12.0,0.6963072247242686
Rajasthan,9.782638549804688,9.800000190734863,8.100000381469727,10.800000190734863,0.48107657852069274
Rajasthan,10.03125,10.199999809265137,8.300000190734863,11.5,0.6551578508851307
Rajasthan,10.290972391764322,10.300000190734863,9.0,11.300000190734863,0.48504194338745166
Rajasthan,10.261110093858507,10.399999618530273,8.399999618530273,11.399999618530273,0.6382605446155258
Rajasthan,10.463194953070747,10.5,9.300000190734863,11.699999809265137,0.4137810942575971
Rajasthan,9.943055046929253,10.199999809265137,8.100000381469727,11.600000381469727,0.8901195559268598
Rajasthan,8.83076907426883,8.800000190734863,8.199999809265137,9.899999618530273,0.3975269014973529
Rajasthan,9.50769277719351,9.399999618530273,9.100000381469727,10.199999809265137,0.3292451330081803
Rajasthan,9.175438596491228,9.100000381469727,8.199999809265137,10.199999809265137,0.48459812834491406
Rajasthan,10.406060421105588,10.699999809265137,8.100000381469727,13.0,1.1277327901605274
Rajasthan,10.324305216471354,10.25,8.800000190734863,12.0,0.7555577861308138
Rajasthan,10.537499321831596,10.100000381469727,9.0,24.0,2.1080821949530346
Rajasthan,11.594444274902344,11.550000190734863,9.300000190734863,18.100000381469727,1.315863573761114
Rajasthan,13.044754561844405,12.300000190734863,10.600000381469727,25.600000381469727,2.2919340988007497
Rajasthan,13.494444105360243,13.600000381469727,10.5,15.699999809265137,1.1407708046099707
Rajasthan,13.492360432942709,13.300000190734863,11.300000190734863,17.200000762939453,1.1742065850259102
Rajasthan,14.047222561306423,13.399999618530273,10.899999618530273,32.70000076293945,3.2943542812234194
Rajasthan,14.302083333333334,14.0,10.699999809265137,19.899999618530273,1.727251678472691
Rajasthan,13.164582994249132,12.899999618530273,9.399999618530273,28.5,2.5826468745876086
Rajasthan,13.8446044921875,12.699999809265137,9.300000190734863,38.70000076293945,4.948325442478552
Rajasthan,12.708333333333334,12.300000190734863,8.699999809265137,21.0,1.993653125257427
Rajasthan,12.311111450195312,12.0,10.199999809265137,16.899999618530273,1.488619337504343
Rajasthan,12.455555386013454,11.300000190734863,8.199999809265137,32.599998474121094,4.15278981823703
Rajasthan,14.59930419921875,14.200000762939453,8.899999618530273,21.100000381469727,3.473480763305541
Rajasthan,15.611806233723959,15.799999237060547,10.0,22.399999618530273,2.991898690822372
Rajasthan,14.958333333333334,15.550000190734863,9.800000190734863,20.299999237060547,2.8851271384805433
Rajasthan,12.92013888888889,12.0,7.400000095367432,19.799999237060547,3.812071116984839
Rajasthan,7.7680553860134545,7.5,6.900000095367432,12.0,0.7905389043109591
Rajasthan,7.6159718831380205,7.599999904632568,6.900000095367432,8.300000190734863,0.31461247001818926
Rajasthan,7.361111111111111,7.300000190734863,6.300000190734863,8.300000190734863,0.4677236888425799
Rajasthan,6.610416836208767,6.5,5.900000095367432,7.599999904632568,0.3768876151577921
Rajasthan,6.4187499152289496,6.400000095367432,5.5,7.300000190734863,0.2835706537210855
Rajasthan,6.765714372907366,6.800000190734863,5.800000190734863,7.800000190734863,0.3533050991551665
Rajasthan,6.520833333333333,6.5,5.800000190734863,7.5,0.32185984142534163
Rajasthan,6.349999745686849,6.300000190734863,5.800000190734863,7.199999809265137,0.28259708497387814
Rajasthan,6.4805552164713545,6.400000095367432,5.699999809265137,8.0,0.37809424714616563
Rajasthan,6.629166497124566,6.599999904632568,6.0,7.900000095367432,0.34457604471963366
Rajasthan,6.568750169542101,6.550000190734863,5.599999904632568,7.599999904632568,0.46940695083014816
Rajasthan,6.327777862548828,6.300000190734863,5.300000190734863,9.100000381469727,0.5865914602297829
Rajasthan,6.78125,6.699999809265137,5.5,8.699999809265137,0.6162125243287415
Rajasthan,6.577777862548828,6.550000190734863,5.400000095367432,8.100000381469727,0.5515690412204783
Rajasthan,6.482638888888889,6.0,5.300000190734863,20.399999618530273,1.738746704317858
Rajasthan,5.693750169542101,5.699999809265137,4.800000190734863,6.5,0.4029782713471238
Rajasthan,6.136111365424262,6.099999904632568,4.900000095367432,8.899999618530273,0.5409111448849102
Rajasthan,5.8562499152289496,5.800000190734863,4.900000095367432,6.800000190734863,0.36165489650940635
Rajasthan,5.6402782864040795,5.699999809265137,4.900000095367432,6.599999904632568,0.34526951677777445
Rajasthan,5.2381947835286455,5.199999809265137,4.5,6.5,0.3715576452905952
Rajasthan,5.869444105360243,5.850000381469727,4.800000190734863,8.0,0.7238283292648957
Rajasthan,6.590277777777778,6.699999809265137,5.300000190734863,7.400000095367432,0.4170530549871895
Rajasthan,6.722222222222222,6.850000381469727,5.400000095367432,8.300000190734863,0.7698705302932549
Rajasthan,6.525694529215495,6.400000095367432,5.5,8.100000381469727,0.7173201282768025
Rajasthan,6.402777777777778,6.099999904632568,5.300000190734863,8.600000381469727,0.8297376487092323
Rajasthan,7.434964693509615,7.599999904632568,4.699999809265137,8.699999809265137,0.9152368957502364
Rajasthan,6.127083248562283,5.800000190734863,4.800000190734863,8.399999618530273,0.9889120395758582
Rajasthan,5.884027693006727,5.800000190734863,5.0,7.800000190734863,0.6672563361102759
Rajasthan,5.324305640326606,5.300000190734863,4.400000095367432,6.800000190734863,0.520449380771175
Rajasthan,4.983333163791233,4.699999809265137,4.300000190734863,7.099999904632568,0.6608075755619605
Rajasthan,5.592361026340061,5.350000381469727,4.400000095367432,7.599999904632568,0.776126409415986
Rajasthan,5.342361026340061,5.199999809265137,4.5,8.0,0.5986767882749113
Rajasthan,5.399305555555555,5.300000190734863,4.800000190734863,7.300000190734863,0.3877457273891426
Rajasthan,5.506944444444445,5.400000095367432,4.900000095367432,6.699999809265137,0.4707636864883681
Rajasthan,5.434027777777778,5.400000095367432,4.800000190734863,6.5,0.31648310420697245
Rajasthan,6.177083333333333,6.199999809265137,4.900000095367432,7.199999809265137,0.4063247877549443
Rajasthan,6.34861077202691,6.199999809265137,6.0,7.800000190734863,0.3553140703459986
Rajasthan,8.346527947319878,8.399999618530273,6.400000095367432,10.699999809265137,0.9930251945787684
Rajasthan,8.939583672417534,9.0,7.0,11.600000381469727,0.8970026142066335
Rajasthan,10.239583333333334,10.5,7.5,11.800000190734863,0.8801213990258767
Rajasthan,9.70486111111111,9.699999809265137,7.5,11.100000381469727,0.6365411992417479
Rajasthan,10.264583163791233,10.300000190734863,9.199999809265137,11.199999809265137,0.4182418293223015
Rajasthan,10.430555555555555,10.5,8.800000190734863,11.399999618530273,0.4780280454702862
Rajasthan,10.85486094156901,10.899999618530273,8.899999618530273,12.300000190734863,0.7472012632537122
Rajasthan,10.850000169542101,10.899999618530273,9.100000381469727,11.899999618530273,0.49999999602644996
Rajasthan,10.868749830457899,10.800000190734863,9.600000381469727,11.899999618530273,0.4528411294306243
Rajasthan,10.043677319055316,10.199999809265137,8.699999809265137,11.199999809265137,0.7467479003955546
Rajasthan,9.469444274902344,9.399999618530273,8.800000190734863,10.300000190734863,0.40264360966582746
Rajasthan,9.030555725097656,9.0,7.599999904632568,10.699999809265137,0.566455539184447
Rajasthan,9.947916666666666,9.199999809265137,7.800000190734863,21.399999618530273,2.1657359610421287
Rajasthan,10.39236111111111,10.399999618530273,9.100000381469727,11.899999618530273,0.5584054475518029
Rajasthan,11.474305894639757,10.899999618530273,9.0,29.700000762939453,2.450361282389931
Rajasthan,11.016666836208767,11.050000190734863,9.600000381469727,12.399999618530273,0.6796649643957715
Rajasthan,12.222222222222221,12.199999809265137,10.0,20.299999237060547,1.3074276875632418
Rajasthan,13.232167490712413,13.100000381469727,11.199999809265137,16.5,1.2070076010715844
Rajasthan,14.45486111111111,14.0,11.0,19.5,2.170471947082839
Rajasthan,15.103473239474827,14.699999809265137,11.100000381469727,26.5,2.382296197194384
Rajasthan,14.322916666666666,13.899999618530273,11.699999809265137,20.0,1.7352040378924638
Rajasthan,11.031110749421297,11.0,8.899999618530273,16.399999618530273,1.274157170721343
Rajasthan,11.29210569147478,10.800000190734863,8.600000381469727,18.100000381469727,1.9755587925222702
Rajasthan,13.504861619737413,13.199999809265137,9.0,29.700000762939453,2.7113529334345503
Rajasthan,10.86111111111111,10.699999809265137,9.100000381469727,17.0,1.0745872204213867
Rajasthan,10.344445122612846,9.699999809265137,7.699999809265137,29.0,3.3207005645807555
Rajasthan,9.213889227973091,9.0,7.400000095367432,18.299999237060547,1.5209011837140711
Rajasthan,12.557639227973091,11.100000381469727,8.100000381469727,22.5,3.922806865427082
Rajasthan,11.263193766276041,9.899999618530273,7.900000095367432,21.0,3.292051540121172
Rajasthan,10.495833502875435,9.949999809265137,7.5,19.200000762939453,2.6056795187214723
Rajasthan,14.375695122612846,15.850000381469727,7.599999904632568,21.700000762939453,4.014301655188708
Rajasthan,8.471527099609375,7.599999904632568,7.0,16.799999237060547,2.1089315032765072
Rajasthan,7.724999321831597,7.699999809265137,7.099999904632568,8.600000381469727,0.2871072393391851
Rajasthan,7.218054877387153,7.199999809265137,6.599999904632568,8.0,0.29829438944858194
Rajasthan,6.3625000847710504,6.400000095367432,5.300000190734863,7.5,0.4399928929286286
Rajasthan,6.4604165818956165,6.5,5.300000190734863,7.599999904632568,0.4770014371543415
Rajasthan,6.397222306993273,6.300000190734863,5.5,8.199999809265137,0.5508761301660408
Rajasthan,6.586805555555555,6.599999904632568,5.599999904632568,8.0,0.4370428617265197
Rajasthan,7.125174995902535,7.099999904632568,6.199999809265137,9.100000381469727,0.5340789955580667
Rajasthan,6.645139058430989,6.599999904632568,6.099999904632568,7.800000190734863,0.31354377212865303
Rajasthan,6.847222222222222,6.800000190734863,6.099999904632568,8.5,0.36684548350779345
Rajasthan,6.889583163791233,6.850000381469727,5.900000095367432,8.399999618530273,0.5225098300661439
Rajasthan,6.785314599950831,6.800000190734863,5.800000190734863,7.599999904632568,0.3480129477326693
Rajasthan,6.899999830457899,6.900000095367432,5.900000095367432,7.800000190734863,0.46800402135294145
Rajasthan,6.8000000847710504,6.800000190734863,5.400000095367432,8.100000381469727,0.584166074091349
Rajasthan,6.4875000847710504,6.599999904632568,4.900000095367432,7.300000190734863,0.4863233555326539
Rajasthan,6.527777777777778,6.599999904632568,5.400000095367432,7.400000095367432,0.4671789295949979
Rajasthan,6.365277608235677,6.300000190734863,5.300000190734863,7.199999809265137,0.46027156528970375
Rajasthan,5.904999651227679,5.800000190734863,4.800000190734863,7.300000190734863,0.6509690572385461
Rajasthan,5.068055470784505,5.0,4.400000095367432,5.800000190734863,0.3258861503473295
Rajasthan,5.00763914320204,5.0,4.599999904632568,5.800000190734863,0.20516924785087698
Rajasthan,5.811111026340061,5.75,5.0,6.900000095367432,0.4575161296353879
Rajasthan,6.259721967909071,6.0,5.300000190734863,8.100000381469727,0.7518790781561804
Rajasthan,6.638888888888889,6.5,5.300000190734863,8.399999618530273,0.7749651629726241
Rajasthan,6.295138888888889,6.099999904632568,5.300000190734863,8.0,0.6533386152848742
Rajasthan,7.59375,7.699999809265137,5.900000095367432,8.899999618530273,0.6208438421433405
Rajasthan,7.094444274902344,7.25,5.199999809265137,8.399999618530273,0.7752041049886648
Rajasthan,5.7624999152289496,5.699999809265137,5.099999904632568,7.300000190734863,0.3730272318987461
Rajasthan,5.498611026340061,5.5,4.599999904632568,7.099999904632568,0.5093550168355491
Rajasthan,4.780555725097656,4.699999809265137,4.300000190734863,5.900000095367432,0.2731701407871124
Rajasthan,4.947916666666667,4.900000095367432,4.300000190734863,6.099999904632568,0.2960313107261994
Rajasthan,6.312676228268046,6.599999904632568,4.900000095367432,7.800000190734863,0.736460808403157
Rajasthan,6.304861280653212,6.199999809265137,4.599999904632568,8.399999618530273,1.006667315871612
Rajasthan,5.239583333333333,5.099999904632568,4.599999904632568,6.900000095367432,0.4365614971922077
Rajasthan,4.993749830457899,5.0,4.599999904632568,5.599999904632568,0.19156472615380427
Rajasthan,5.534027947319879,5.300000190734863,4.800000190734863,6.400000095367432,0.5246907906810704
Rajasthan,6.431249830457899,6.300000190734863,5.900000095367432,8.5,0.48925525580018475
Rajasthan,7.349305894639757,7.050000190734863,5.900000095367432,10.0,1.1208254024736222
Rajasthan,8.51111094156901,8.5,6.900000095367432,10.699999809265137,0.800790477686942
Rajasthan,9.903472052680122,10.0,7.599999904632568,11.600000381469727,0.8340341039622154
Rajasthan,10.169443766276041,10.100000381469727,8.199999809265137,11.699999809265137,0.5652283319373111
Rajasthan,10.508332994249132,10.600000381469727,8.5,12.100000381469727,0.6363415316771923
Rajasthan,10.711110432942709,10.800000190734863,8.699999809265137,11.899999618530273,0.663859843018495
Rajasthan,11.373611450195312,11.300000190734863,9.699999809265137,12.699999809265137,0.5522662955136979
Rajasthan,10.861805386013454,10.800000190734863,10.100000381469727,11.800000190734863,0.37005938385994214
Rajasthan,10.922916836208767,10.899999618530273,10.100000381469727,11.699999809265137,0.3605009692504728
Rajasthan,10.8951217527312,10.899999618530273,9.600000381469727,11.800000190734863,0.4109979127107549
Rajasthan,,,,,
Rajasthan,10.658462289663461,9.899999618530273,8.5,23.600000381469727,2.7636036786898805
Rajasthan,9.875694274902344,9.100000381469727,7.900000095367432,28.600000381469727,2.9239729073537797
Rajasthan,10.125694274902344,9.699999809265137,8.300000190734863,22.0,1.6014206740487207
Rajasthan,11.332638210720486,11.199999809265137,8.800000190734863,26.100000381469727,1.7028093656703214
Rajasthan,11.072916666666666,11.149999618530273,8.699999809265137,16.299999237060547,1.0983711721871219
Rajasthan,10.627083672417534,10.300000190734863,8.399999618530273,20.200000762939453,1.7079560244534293
Rajasthan,13.036110772026909,12.75,8.800000190734863,20.399999618530273,1.8941287465944419
Rajasthan,10.903472052680122,10.899999618530273,8.899999618530273,13.800000190734863,1.0738956770044439
Rajasthan,12.990277608235678,11.600000381469727,9.0,31.899999618530273,3.7960015408735233
Rajasthan,14.574998643663195,14.149999618530273,9.699999809265137,29.399999618530273,3.494191608041874
Rajasthan,12.412499321831596,11.399999618530273,9.5,19.600000381469727,2.5607039973625274
Rajasthan,12.335417005750868,11.399999618530273,8.899999618530273,40.70000076293945,4.419409031568236
Rajasthan,11.840277777777779,10.0,8.100000381469727,43.79999923706055,6.293397224329413
Rajasthan,9.745833502875435,9.100000381469727,7.900000095367432,28.299999237060547,2.7373161263731833
Rajasthan,9.293750339084202,8.600000381469727,7.5,30.100000381469727,3.458990341450414
Rajasthan,9.744755244755245,9.699999809265137,7.699999809265137,13.899999618530273,1.0361087689767257
Rajasthan,8.411888282615822,8.199999809265137,7.400000095367432,13.899999618530273,0.9642917849986212
Rajasthan,10.040972391764322,9.399999618530273,7.900000095367432,32.29999923706055,2.651320721446131
Rajasthan,8.258332994249132,8.199999809265137,7.400000095367432,10.199999809265137,0.48684068929966423
Rajasthan,8.920833163791233,8.699999809265137,7.5,16.200000762939453,1.2683035247992793
Rajasthan,11.170833163791233,10.600000381469727,7.800000190734863,19.100000381469727,2.6337782922935284
Rajasthan,12.259028116861979,12.300000190734863,7.599999904632568,18.0,2.8365279229663254
Rajasthan,11.541666666666666,10.75,7.0,20.399999618530273,3.473500864662005
Rajasthan,9.133332994249132,8.199999809265137,6.5,20.100000381469727,2.455209883272809
Rajasthan,7.238889058430989,7.199999809265137,6.300000190734863,9.699999809265137,0.4593339068691369
Rajasthan,6.819444444444445,6.800000190734863,6.199999809265137,8.300000190734863,0.2972741492449682
Rajasthan,6.288194444444445,6.199999809265137,5.800000190734863,7.0,0.23348106957851483
Rajasthan,6.1027781168619795,6.0,5.599999904632568,7.199999809265137,0.3111234971416034
Rajasthan,6.8256946139865455,6.800000190734863,5.900000095367432,8.5,0.5351202660154765
Rajasthan,6.8527781168619795,6.699999809265137,5.800000190734863,8.199999809265137,0.5130172686410375
Rajasthan,6.551389058430989,6.5,5.900000095367432,7.900000095367432,0.3878333853165845
Rajasthan,7.019444359673394,7.0,5.900000095367432,9.0,0.5730374686075266
Rajasthan,7.013888888888889,7.0,6.099999904632568,8.399999618530273,0.48899145668851796
Rajasthan,7.360416836208767,7.300000190734863,6.199999809265137,9.699999809265137,0.6768204757171712
Rajasthan,7.029861026340061,7.099999904632568,5.599999904632568,8.199999809265137,0.496247014257392
Rajasthan,6.734027862548828,6.599999904632568,6.0,8.199999809265137,0.3905415008417827
Rajasthan,5.991666158040364,5.900000095367432,4.699999809265137,7.300000190734863,0.5924877034618181
Rajasthan,6.287500169542101,6.400000095367432,5.300000190734863,7.300000190734863,0.5499842200911907
Rajasthan,5.638888888888889,5.5,4.800000190734863,7.099999904632568,0.5299516645405565
Rajasthan,5.144444359673394,5.099999904632568,4.599999904632568,6.0,0.3011039177470641
Rajasthan,5.260416666666667,5.300000190734863,4.599999904632568,5.800000190734863,0.2949149436641729
Rajasthan,5.536805470784505,5.5,5.0,6.199999809265137,0.24657274303474314
Rajasthan,6.040971967909071,6.0,5.5,6.800000190734863,0.28072653465949904
Rajasthan,6.235416836208767,6.0,5.300000190734863,8.300000190734863,0.6495156978810942
Rajasthan,7.281945122612847,7.199999809265137,5.599999904632568,8.800000190734863,0.7869290514997958
Rajasthan,7.981250339084202,8.100000381469727,5.599999904632568,9.199999809265137,0.7569097214040216
Rajasthan,7.524305555555555,7.599999904632568,5.900000095367432,8.600000381469727,0.5855015328377526
Rajasthan,5.5222218831380205,5.400000095367432,5.0,7.800000190734863,0.441185975636993
Rajasthan,5.474305894639757,5.400000095367432,4.800000190734863,7.199999809265137,0.45257696070406966
Rajasthan,4.854166666666667,4.800000190734863,4.099999904632568,6.5,0.36834370893783375
Rajasthan,4.972916497124566,5.0,4.400000095367432,5.699999809265137,0.2319059781356739
Rajasthan,5.318055470784505,4.949999809265137,4.300000190734863,8.300000190734863,0.9464592610769802
Rajasthan,6.2381947835286455,6.5,4.5,8.199999809265137,0.8606357840264032
Rajasthan,5.0756946139865455,4.949999809265137,4.400000095367432,7.300000190734863,0.5134640929932437
Rajasthan,5.122222052680121,5.0,4.699999809265137,6.199999809265137,0.3355021858712344
Rajasthan,5.587500254313151,5.300000190734863,4.800000190734863,7.900000095367432,0.734173304712867
Rajasthan,7.483333163791233,7.599999904632568,5.099999904632568,9.399999618530273,0.9548123732102736
Rajasthan,7.1576385498046875,6.900000095367432,6.0,9.300000190734863,0.7765289603715982
Rajasthan,8.770833333333334,8.699999809265137,6.599999904632568,11.899999618530273,1.1801526815873058
Rajasthan,9.206944783528646,9.300000190734863,6.699999809265137,11.5,1.2913522468122158
Rajasthan,9.91597154405382,10.0,6.800000190734863,12.199999809265137,0.9992124189958737
Rajasthan,10.993749830457899,11.199999809265137,8.399999618530273,12.399999618530273,0.8918005289107483
Rajasthan,10.971527947319878,11.050000190734863,9.100000381469727,12.199999809265137,0.6050324859195481
Rajasthan,11.156945122612846,11.199999809265137,9.600000381469727,12.300000190734863,0.5465361537899249
Rajasthan,10.909722222222221,10.899999618530273,9.899999618530273,12.100000381469727,0.45891166694309826
Rajasthan,10.629411585190716,10.600000381469727,9.5,12.100000381469727,0.4249771233134397
Rajasthan,10.492360432942709,10.5,9.600000381469727,11.800000190734863,0.3687591805507641
Rajasthan,9.894340083284199,10.199999809265137,8.199999809265137,11.399999618530273,0.7739667745705061
Rajasthan,31.910000610351563,34.0,16.600000381469727,43.5,8.611904141480494
Rajasthan,13.197841726618705,9.5,8.399999618530273,39.900001525878906,7.495566673801169
Rajasthan,9.92013888888889,9.449999809265137,8.300000190734863,22.399999618530273,2.0337629162280226
Rajasthan,9.720138549804688,9.5,8.600000381469727,20.299999237060547,1.31922636186124
Rajasthan,10.676223434768357,10.0,8.600000381469727,22.799999237060547,2.0906035807783403
Rajasthan,11.049305386013454,10.899999618530273,9.0,14.800000190734863,1.0754842041650625
Rajasthan,12.288888719346788,10.449999809265137,8.300000190734863,29.899999618530273,4.627756093374361
Rajasthan,13.10069947142701,10.100000381469727,8.399999618530273,35.79999923706055,6.190749818794679
Rajasthan,10.808333502875435,10.100000381469727,8.800000190734863,26.299999237060547,2.1923319405041917
Rajasthan,13.33260887256567,11.25,9.0,39.099998474121094,5.614424449115618
Rajasthan,15.125,11.100000381469727,8.600000381469727,36.29999923706055,7.717143475648585
Rajasthan,10.252777947319878,10.25,8.5,12.600000381469727,0.9987453330809758
Rajasthan,9.956944783528646,9.600000381469727,8.699999809265137,14.100000381469727,1.1944113897893636
Rajasthan,11.51388888888889,9.300000190734863,8.300000190734863,42.5,6.060901724839967
Rajasthan,8.219445122612846,8.0,7.400000095367432,23.100000381469727,1.4651165301180153
Rajasthan,8.847916497124565,8.399999618530273,7.599999904632568,22.600000381469727,1.9433993950540733
Rajasthan,8.415277269151476,8.300000190734863,7.699999809265137,11.399999618530273,0.5980662361465751
Rajasthan,11.096503837958917,9.600000381469727,7.699999809265137,34.79999923706055,4.76420821031676
Rajasthan,8.688888549804688,8.100000381469727,7.300000190734863,18.899999618530273,1.8979561255559125
Rajasthan,8.45486111111111,8.300000190734863,7.5,11.899999618530273,0.7421655367897931
Rajasthan,9.220832824707031,8.199999809265137,7.300000190734863,18.100000381469727,2.6021058401980754
Rajasthan,8.712498982747396,8.5,7.099999904632568,15.399999618530273,1.3161324933928626
Rajasthan,8.694444444444445,8.0,7.300000190734863,18.5,1.9604696498015335
Rajasthan,8.51736111111111,8.0,6.900000095367432,17.200000762939453,1.8050211776571166
Rajasthan,13.221527947319878,13.549999237060547,8.600000381469727,18.100000381469727,2.2942610487294828
Rajasthan,10.82222154405382,10.899999618530273,6.900000095367432,20.600000381469727,2.6190924532760427
Rajasthan,7.677083333333333,7.300000190734863,6.300000190734863,19.700000762939453,1.6690699316806883
Rajasthan,6.703472561306423,6.699999809265137,5.800000190734863,7.900000095367432,0.4300215074367109
Rajasthan,6.3666665818956165,6.300000190734863,5.5,7.5,0.4629314712074837
Rajasthan,6.622222052680121,6.400000095367432,5.5,8.300000190734863,0.658432976654812
Rajasthan,6.824305640326606,6.699999809265137,5.900000095367432,8.600000381469727,0.4647649695902764
Rajasthan,6.497916751437717,6.5,5.900000095367432,7.400000095367432,0.2949738150897541
Rajasthan,6.792360941569011,6.699999809265137,6.0,9.0,0.45553385041903544
Rajasthan,6.939583248562283,6.900000095367432,5.900000095367432,8.300000190734863,0.5452087905071913
Rajasthan,7.011110941569011,7.099999904632568,5.5,8.199999809265137,0.7423789818963001
Rajasthan,6.640277438693577,6.800000190734863,5.199999809265137,8.100000381469727,0.676625569034513
Rajasthan,6.879166497124566,7.099999904632568,5.199999809265137,8.899999618530273,0.8515406695026518
Rajasthan,5.934722052680121,5.699999809265137,4.800000190734863,7.599999904632568,0.7328899600901244
Rajasthan,5.744444529215495,5.599999904632568,5.0,7.199999809265137,0.4911406356628459
Rajasthan,6.517361111111111,6.5,5.199999809265137,7.800000190734863,0.6525941740095188
Rajasthan,5.236111111111111,5.149999618530273,4.5,6.900000095367432,0.5036824207318891
Rajasthan,5.275694105360243,5.300000190734863,4.800000190734863,5.900000095367432,0.25556215547025113
Rajasthan,5.239583333333333,5.199999809265137,4.599999904632568,6.099999904632568,0.27993519857633276
Rajasthan,5.983333587646484,6.0,5.199999809265137,7.300000190734863,0.3885514373733555
Rajasthan,6.625694698757595,6.599999904632568,5.5,7.699999809265137,0.4640920897914316
Rajasthan,7.161805894639757,7.099999904632568,6.0,8.600000381469727,0.4538411099578736
Rajasthan,7.281944274902344,7.400000095367432,5.599999904632568,8.399999618530273,0.543478097291499
Rajasthan,6.107638888888889,5.900000095367432,5.400000095367432,7.699999809265137,0.5312563569146543
Rajasthan,5.658333248562283,5.649999618530273,4.900000095367432,6.5,0.453918140491784
Rajasthan,5.222222222222222,5.199999809265137,4.599999904632568,6.0,0.28854146590919416
Rajasthan,4.914582994249132,4.850000381469727,4.300000190734863,5.699999809265137,0.3274414074679556
Rajasthan,5.027083502875434,5.0,4.599999904632568,6.0,0.23458555702995348
Rajasthan,4.5708334181043835,4.5,4.0,5.699999809265137,0.3521511283162989
Rajasthan,4.8562499152289496,4.850000381469727,4.0,6.400000095367432,0.5295069512857999
Rajasthan,4.898611280653212,4.900000095367432,4.199999809265137,6.0,0.38819132980675847
Rajasthan,4.795833163791233,4.800000190734863,4.400000095367432,5.300000190734863,0.21790511840569357
Rajasthan,4.944444444444445,4.900000095367432,4.599999904632568,6.099999904632568,0.2347509774722133
Rajasthan,5.6888885498046875,5.300000190734863,4.800000190734863,7.099999904632568,0.7462974318546634
Rajasthan,6.475000169542101,6.449999809265137,5.800000190734863,7.300000190734863,0.26523051476802734
Rajasthan,7.770833333333333,7.599999904632568,6.300000190734863,11.199999809265137,0.9997134987294378
Rajasthan,11.228168326364436,10.300000190734863,6.5,24.299999237060547,3.8878895494818235
Rajasthan,10.324305216471354,10.399999618530273,8.399999618530273,12.0,0.7140695557730261
Rajasthan,11.468055725097656,11.399999618530273,10.300000190734863,13.300000190734863,0.5958948720978913
Rajasthan,11.141666836208767,11.149999618530273,9.399999618530273,12.199999809265137,0.48512595944363046
Rajasthan,10.940972222222221,10.899999618530273,9.100000381469727,12.300000190734863,0.6900496052193885
Rajasthan,10.23916049770542,10.199999809265137,8.5,11.600000381469727,0.6141723752027943
Rajasthan,10.173758865248226,10.199999809265137,9.0,11.399999618530273,0.4659536793098599
Rajasthan,10.04000015258789,10.149999618530273,9.100000381469727,10.699999809265137,0.4862096460852518
Rajasthan,10.183721498001454,10.199999809265137,8.5,11.5,0.5427878932759228
Rajasthan,9.31111060248481,9.199999809265137,8.300000190734863,10.300000190734863,0.6136312482073796
Rajasthan,10.877464616802376,10.5,9.100000381469727,15.5,1.1135777541931806
Rajasthan,15.386111789279514,10.600000381469727,8.800000190734863,34.29999923706055,7.467676687952297
Rajasthan,12.465277777777779,9.300000190734863,8.100000381469727,31.100000381469727,5.747829592989303
Rajasthan,10.177776760525173,9.050000190734863,8.0,32.599998474121094,3.5954145527855865
Rajasthan,10.432639227973091,9.899999618530273,8.100000381469727,24.0,2.2779385579905913
Rajasthan,11.532638549804688,10.199999809265137,8.399999618530273,28.399999618530273,3.7135978804360876
Rajasthan,11.213889227973091,10.199999809265137,8.399999618530273,34.70000076293945,3.8059458737261176
Rajasthan,11.685000174386161,9.199999809265137,8.300000190734863,30.600000381469727,5.352928759266967
Rajasthan,11.390972561306423,10.800000190734863,9.100000381469727,28.600000381469727,2.140999039605857
Rajasthan,15.623239436619718,10.699999809265137,8.699999809265137,45.0,9.964943224362749
Rajasthan,10.60972171359592,8.899999618530273,8.199999809265137,35.70000076293945,5.4101026568485135
Rajasthan,9.304167005750868,9.100000381469727,7.800000190734863,11.5,0.870653893340541
Rajasthan,9.458333333333334,9.300000190734863,8.199999809265137,11.800000190734863,0.7764323611127228
Rajasthan,10.836805555555555,9.100000381469727,8.300000190734863,38.20000076293945,5.362585758080608
Rajasthan,10.565972222222221,8.800000190734863,7.5,36.400001525878906,5.170806959702267
Rajasthan,8.965972052680122,8.5,7.800000190734863,25.5,2.4419414671404946
Rajasthan,8.446528116861979,8.199999809265137,7.5,16.299999237060547,1.002213683111988
Rajasthan,9.797916836208767,8.899999618530273,7.599999904632568,31.100000381469727,3.6523103418052063
Rajasthan,8.111805386013454,7.900000095367432,7.400000095367432,22.700000762939453,1.4254384321990619
Rajasthan,8.054861280653212,8.0,7.400000095367432,9.0,0.3461754960415364
Rajasthan,8.067360772026909,7.900000095367432,7.400000095367432,20.0,1.1654058530554203
Rajasthan,8.124305725097656,8.050000190734863,7.300000190734863,9.5,0.44864713748709456
Rajasthan,8.963889227973091,8.100000381469727,7.199999809265137,15.399999618530273,1.934253051953068
Rajasthan,8.190277947319878,7.599999904632568,7.0,22.600000381469727,1.877473157343561
Rajasthan,10.057639227973091,9.899999618530273,7.699999809265137,15.199999809265137,1.532816006544927
Rajasthan,10.25,9.300000190734863,7.900000095367432,20.100000381469727,2.3228036457558465
Rajasthan,10.137500339084202,10.75,6.5,13.100000381469727,1.8481175151571358
Rajasthan,8.075000339084202,7.400000095367432,6.199999809265137,17.5,1.8312677863826847
Rajasthan,6.829370458642919,6.800000190734863,5.599999904632568,8.300000190734863,0.5675160224984857
Rajasthan,6.6652781168619795,6.699999809265137,5.900000095367432,8.100000381469727,0.45496024198777435
Rajasthan,6.523611280653212,6.400000095367432,5.900000095367432,8.0,0.38333082817605757
Rajasthan,6.474305470784505,6.5,5.800000190734863,7.300000190734863,0.2817964612984496
Rajasthan,6.65625,6.599999904632568,5.699999809265137,8.800000190734863,0.5625733295962757
Rajasthan,6.594444698757595,6.599999904632568,5.400000095367432,7.699999809265137,0.5250367294941789
Rajasthan,6.2409718831380205,6.199999809265137,5.199999809265137,10.5,0.5533249394708445
Rajasthan,6.411111619737413,6.400000095367432,5.400000095367432,7.400000095367432,0.4285166777295975
Rajasthan,5.677777608235677,5.599999904632568,4.699999809265137,7.199999809265137,0.5684340551304456
Rajasthan,5.7618052164713545,5.599999904632568,4.699999809265137,7.599999904632568,0.7177314086999621
Rajasthan,5.811111026340061,5.699999809265137,5.099999904632568,7.5,0.4339916601624416
Rajasthan,5.773611280653212,5.699999809265137,4.5,7.199999809265137,0.5166647776838205
Rajasthan,5.139583587646484,5.099999904632568,4.5,5.599999904632568,0.21023095351439602
Rajasthan,5.054166158040364,5.0,4.599999904632568,5.699999809265137,0.20030358164525355
Rajasthan,5.536805470784505,5.300000190734863,4.599999904632568,7.099999904632568,0.6090459795266141
Rajasthan,6.6166665818956165,6.599999904632568,5.5,7.699999809265137,0.4304390458504262
Rajasthan,6.915277693006727,6.850000381469727,5.699999809265137,8.100000381469727,0.47585005460370083
Rajasthan,6.6430553860134545,6.699999809265137,5.699999809265137,7.5,0.43805960442972947
Rajasthan,7.138193766276042,7.199999809265137,5.900000095367432,8.5,0.681399364304314
Rajasthan,7.13472154405382,7.149999618530273,5.800000190734863,8.5,0.7266092663583535
Rajasthan,6.479577292858715,6.300000190734863,4.800000190734863,8.399999618530273,0.8513898421756391
Rajasthan,5.402083502875434,5.400000095367432,4.900000095367432,6.400000095367432,0.2274461952301664
Rajasthan,5.234722137451172,5.199999809265137,4.699999809265137,6.0,0.2794636486018074
Rajasthan,5.1645834181043835,5.199999809265137,4.599999904632568,5.800000190734863,0.28024510003937114
Rajasthan,4.8979165818956165,4.699999809265137,4.099999904632568,6.800000190734863,0.5550861595367557
Rajasthan,5.6118053860134545,5.400000095367432,4.5,7.800000190734863,0.7668022191107026
Rajasthan,4.662500169542101,4.649999618530273,4.199999809265137,5.400000095367432,0.294833986549457
Rajasthan,4.629166497124566,4.599999904632568,4.300000190734863,5.199999809265137,0.18703644289079482
Rajasthan,4.690277523464626,4.699999809265137,4.300000190734863,5.0,0.1528977201501425
Rajasthan,4.743749830457899,4.699999809265137,4.400000095367432,5.400000095367432,0.18882636527977323
Rajasthan,5.899999830457899,6.199999809265137,4.800000190734863,6.800000190734863,0.6081620860425572
Rajasthan,7.740277608235677,7.5,6.300000190734863,13.600000381469727,1.197295546409905
Rajasthan,12.023358198848085,10.5,7.5,24.100000381469727,3.590198777285227
Rajasthan,10.984507386113556,10.800000190734863,8.600000381469727,20.799999237060547,1.2421752264937669
Rajasthan,11.0091552734375,11.100000381469727,9.199999809265137,12.399999618530273,0.5264690824626768
Rajasthan,10.883217124672203,11.0,9.300000190734863,12.300000190734863,0.6589869262216466
Rajasthan,10.580556233723959,10.550000190734863,9.5,12.300000190734863,0.6103593823288233
Rajasthan,9.990971883138021,9.899999618530273,8.800000190734863,11.100000381469727,0.4844689468944779
Rajasthan,9.871527777777779,9.800000190734863,8.800000190734863,11.199999809265137,0.4420066587453223
Rajasthan,9.5,9.5,9.5,9.5,0.0
Rajasthan,9.900000762939452,9.800000190734863,9.600000381469727,10.199999809265137,0.2190889011214611
Rajasthan,9.974999321831596,10.0,8.800000190734863,11.199999809265137,0.47221402122243306
Rajasthan,10.858915107194768,10.699999809265137,9.600000381469727,13.300000190734863,0.7989928700223328
Rajasthan,10.730555216471354,10.300000190734863,8.600000381469727,24.100000381469727,1.9769954563533532
Rajasthan,9.51736111111111,9.199999809265137,8.399999618530273,14.100000381469727,0.9352161088667856
Rajasthan,10.620139227973091,9.0,7.800000190734863,31.399999618530273,4.15706533938803
Rajasthan,9.847916497124565,9.199999809265137,8.300000190734863,19.600000381469727,1.9570729964826465
Rajasthan,10.697916666666666,9.800000190734863,8.5,32.099998474121094,3.1911436709816456
Rajasthan,9.669445461697048,9.050000190734863,8.199999809265137,20.5,2.0117459936457043
Rajasthan,9.552083333333334,9.399999618530273,8.399999618530273,14.100000381469727,0.9542280892282895
Rajasthan,13.29652828640408,13.399999618530273,9.600000381469727,17.0,1.6225585533155582
Rajasthan,11.640972561306423,11.300000190734863,9.0,21.100000381469727,1.655689382006841
Rajasthan,10.399999830457899,10.5,8.699999809265137,12.199999809265137,0.7019813063507069
Rajasthan,10.04861111111111,10.100000381469727,8.600000381469727,11.600000381469727,0.7136551231200415
Rajasthan,9.184722052680122,9.149999618530273,8.100000381469727,10.300000190734863,0.5023997234496592
Rajasthan,9.704166836208767,8.800000190734863,8.0,32.20000076293945,3.4246223464497327
Rajasthan,9.997222900390625,9.399999618530273,7.900000095367432,26.5,2.9672271111851516
Rajasthan,10.215277777777779,8.899999618530273,7.800000190734863,28.399999618530273,3.6502913968824644
Rajasthan,9.240277608235678,8.0,7.300000190734863,37.70000076293945,4.183853243647631
Rajasthan,9.289582994249132,8.5,7.599999904632568,24.899999618530273,2.529841789453226
Rajasthan,8.440972222222221,8.100000381469727,7.599999904632568,21.799999237060547,1.8551509159659358
Rajasthan,7.990277608235677,8.0,7.400000095367432,13.5,0.5967876619418268
Rajasthan,7.690277947319879,7.599999904632568,7.099999904632568,8.5,0.3387721343122008
Rajasthan,8.340277777777779,8.100000381469727,7.199999809265137,21.600000381469727,1.3920069344967567
Rajasthan,7.9506946139865455,7.900000095367432,7.099999904632568,10.800000190734863,0.5933657196337151
Rajasthan,7.565972222222222,7.400000095367432,6.800000190734863,14.399999618530273,0.7677675936005975
Rajasthan,8.337499830457899,7.900000095367432,7.400000095367432,18.299999237060547,1.4469255932773244
Rajasthan,10.689582824707031,10.550000190734863,8.100000381469727,15.399999618530273,1.38657846794136
Rajasthan,10.463194105360243,10.300000190734863,8.100000381469727,13.600000381469727,1.301161143618496
Rajasthan,10.190972222222221,10.100000381469727,6.5,14.100000381469727,1.5129493672216852
Rajasthan,7.625694274902344,7.550000190734863,6.300000190734863,10.100000381469727,0.819785448257069
Rajasthan,7.296527438693577,7.199999809265137,6.0,10.5,0.7991674262105025
Rajasthan,7.003472222222222,6.800000190734863,6.0,9.699999809265137,0.7630724916196826
Rajasthan,6.497916751437717,6.5,6.0,7.300000190734863,0.2660066653157367
Rajasthan,6.383332994249132,6.300000190734863,5.800000190734863,7.099999904632568,0.27028790265886554
Rajasthan,6.184722052680121,6.199999809265137,5.599999904632568,7.300000190734863,0.3458723885251744
Rajasthan,5.8125,5.800000190734863,5.199999809265137,6.599999904632568,0.3376542835403186
Rajasthan,6.4458334181043835,6.5,4.900000095367432,7.599999904632568,0.5833184428055543
Rajasthan,5.7583334181043835,5.800000190734863,4.800000190734863,8.699999809265137,0.7032167982607612
Rajasthan,5.636805640326606,5.599999904632568,4.699999809265137,7.400000095367432,0.5406717117120912
Rajasthan,6.135416666666667,6.0,5.099999904632568,7.699999809265137,0.6196402151616097
Rajasthan,5.8319447835286455,5.800000190734863,5.0,7.0,0.37428687973696445
Rajasthan,5.384722391764323,5.300000190734863,4.900000095367432,6.199999809265137,0.2685660229279314
Rajasthan,5.204861111111111,5.199999809265137,4.800000190734863,5.800000190734863,0.22463854685376758
Rajasthan,6.430555555555555,6.5,4.900000095367432,7.699999809265137,0.7264141444687959
Rajasthan,6.954166412353516,7.0,5.699999809265137,8.199999809265137,0.5334472710928453
Rajasthan,7.2826385498046875,7.400000095367432,6.099999904632568,8.0,0.385740598458182
Rajasthan,7.236111111111111,7.300000190734863,6.199999809265137,8.100000381469727,0.5400117412899635
Rajasthan,6.6055552164713545,6.5,6.099999904632568,7.400000095367432,0.2959865272918679
Rajasthan,6.828472561306423,6.800000190734863,6.0,7.800000190734863,0.4493302329748825
Rajasthan,7.2305552164713545,7.199999809265137,5.699999809265137,8.899999618530273,0.6138763146824318
Rajasthan,6.495138804117839,6.099999904632568,5.099999904632568,9.100000381469727,1.2060800424712523
Rajasthan,5.432638804117839,5.400000095367432,4.900000095367432,6.599999904632568,0.28524595197272035
Rajasthan,5.236111111111111,5.199999809265137,4.800000190734863,5.900000095367432,0.25402623024605936
Rajasthan,5.213888804117839,5.149999618530273,4.599999904632568,6.5,0.38126455174819873
Rajasthan,5.510416666666667,5.5,4.599999904632568,7.0,0.3700072696046347
Rajasthan,5.073610941569011,5.099999904632568,4.5,5.699999809265137,0.3025323960843734
Rajasthan,4.868749830457899,4.800000190734863,4.300000190734863,5.5,0.2968512550836223
Rajasthan,4.632638719346788,4.599999904632568,4.199999809265137,5.300000190734863,0.2728017734982797
Rajasthan,4.520139058430989,4.550000190734863,4.099999904632568,4.900000095367432,0.17503164902327792
Rajasthan,5.325000339084202,5.199999809265137,4.599999904632568,6.900000095367432,0.4745612066915829
Rajasthan,7.737499660915798,7.900000095367432,5.900000095367432,9.300000190734863,0.8638475815620957
Rajasthan,11.027659747617465,9.699999809265137,7.599999904632568,23.899999618530273,3.1415338129800503
Rajasthan,10.363380969410212,10.100000381469727,8.5,19.600000381469727,1.2421856430708738
Rajasthan,11.138194613986546,11.25,9.399999618530273,13.100000381469727,0.7581956411688963
Rajasthan,10.338888380262587,10.300000190734863,9.300000190734863,11.699999809265137,0.5347781268124331
Rajasthan,10.859722561306423,10.899999618530273,9.199999809265137,12.5,0.5736481137544952
Rajasthan,10.407638549804688,10.300000190734863,9.399999618530273,11.399999618530273,0.4304519009306319
Rajasthan,9.829999651227679,9.850000381469727,8.800000190734863,11.199999809265137,0.46394273069101905
Rajasthan,,,,,
Rajasthan,9.766667048136393,9.699999809265137,9.199999809265137,10.800000190734863,0.5705749205256492
Rajasthan,10.4672001953125,10.300000190734863,8.800000190734863,20.600000381469727,1.3827957580369332
Rajasthan,10.562237079326923,10.300000190734863,9.100000381469727,16.399999618530273,1.2212456919722787
Rajasthan,10.790278116861979,10.199999809265137,8.399999618530273,22.100000381469727,2.2281132709788793
Rajasthan,9.694444444444445,9.300000190734863,8.100000381469727,18.200000762939453,1.6724390871914516
Rajasthan,9.565277947319878,9.0,7.900000095367432,21.600000381469727,2.131520031985224
Rajasthan,9.331944783528646,8.899999618530273,7.800000190734863,20.100000381469727,1.7196032503830596
Rajasthan,10.47986094156901,9.600000381469727,8.399999618530273,28.5,2.6986257126382758
Rajasthan,9.759722391764322,9.300000190734863,8.399999618530273,23.700000762939453,1.8952176837642138
Rajasthan,10.819444444444445,10.050000190734863,8.300000190734863,25.5,2.498368353838894
Rajasthan,12.669444613986546,12.550000190734863,9.800000190734863,16.0,1.4460808123400677
Rajasthan,10.745833502875435,10.550000190734863,9.0,14.699999809265137,1.2944794452995756
Rajasthan,9.956249660915798,9.899999618530273,9.100000381469727,11.399999618530273,0.473127696242437
Rajasthan,11.215277777777779,10.5,8.800000190734863,32.29999923706055,3.216630302364514
Rajasthan,9.616666158040365,9.199999809265137,8.0,23.5,2.160986134079545
Rajasthan,8.850694444444445,8.300000190734863,7.699999809265137,21.399999618530273,1.999548401635911
Rajasthan,9.037500169542101,8.600000381469727,7.800000190734863,22.799999237060547,1.7092425882928017
Rajasthan,9.751388549804688,8.699999809265137,7.599999904632568,42.5,5.267365215593903
Rajasthan,8.811805725097656,7.900000095367432,7.5,24.899999618530273,3.0253212392682283
Rajasthan,10.339583502875435,8.25,7.599999904632568,36.099998474121094,5.281390473165231
Rajasthan,8.931944105360243,8.399999618530273,7.599999904632568,24.600000381469727,2.182463386758313
Rajasthan,7.993749830457899,8.0,7.5,9.100000381469727,0.25006075192121574
Rajasthan,8.014583163791233,7.800000190734863,7.199999809265137,16.600000381469727,0.9316926814773234
Rajasthan,8.378472222222221,8.399999618530273,7.5,9.399999618530273,0.38118293849306617
Rajasthan,8.20763905843099,8.0,7.0,17.600000381469727,1.4249308572922443
Rajasthan,7.850000169542101,7.800000190734863,6.800000190734863,9.5,0.5458174376806585
Rajasthan,8.706944783528646,8.100000381469727,7.300000190734863,22.899999618530273,2.3437164705767017
Rajasthan,10.483333163791233,10.100000381469727,7.900000095367432,15.899999618530273,1.9154343796054882
Rajasthan,9.450694613986546,9.399999618530273,7.800000190734863,12.0,0.7737890098469652
Rajasthan,8.961805555555555,8.25,6.699999809265137,14.600000381469727,1.9612211512276305
Rajasthan,9.375694274902344,8.899999618530273,6.5,14.800000190734863,2.073551921439289
Rajasthan,8.022917005750868,7.800000190734863,6.800000190734863,20.0,1.4695387880018704
Rajasthan,7.711805555555555,7.5,6.699999809265137,10.800000190734863,0.7009415110218183
Rajasthan,7.275000678168403,7.0,6.300000190734863,11.300000190734863,0.8922895226027505
Rajasthan,6.556944529215495,6.5,6.099999904632568,8.0,0.27855099457472193
Rajasthan,6.238194359673394,6.199999809265137,5.699999809265137,6.900000095367432,0.22912774348692397
Rajasthan,6.027777777777778,6.099999904632568,5.400000095367432,6.400000095367432,0.2670425952577024
Rajasthan,6.2624999152289496,6.300000190734863,5.5,7.199999809265137,0.4042954909157444
Rajasthan,5.818750169542101,5.599999904632568,4.800000190734863,8.300000190734863,0.737485287378391
Rajasthan,5.417360941569011,5.400000095367432,4.800000190734863,6.300000190734863,0.3134330375209019
Rajasthan,5.711111280653212,5.699999809265137,4.800000190734863,6.800000190734863,0.4570605199992736
Rajasthan,5.809027777777778,5.800000190734863,4.900000095367432,6.699999809265137,0.3763703051584117
Rajasthan,6.1166665818956165,6.099999904632568,5.300000190734863,7.199999809265137,0.41949043506875966
Rajasthan,5.677777608235677,5.699999809265137,4.800000190734863,7.0,0.5032456217512109
Rajasthan,5.489583333333333,5.5,4.800000190734863,6.400000095367432,0.35330163781259644
Rajasthan,5.568055046929254,5.5,4.800000190734863,6.5,0.4014994010642415
Rajasthan,5.913194444444445,5.800000190734863,5.0,7.0,0.47247084823904717
Rajasthan,6.495833502875434,6.5,5.5,7.800000190734863,0.5545111790203583
Rajasthan,6.829166836208767,6.800000190734863,6.199999809265137,7.900000095367432,0.3209956363935536
Rajasthan,7.047222137451172,7.099999904632568,6.199999809265137,8.100000381469727,0.4027586301823657
Rajasthan,7.389584011501736,7.400000095367432,6.300000190734863,8.300000190734863,0.38706854260910556
Rajasthan,7.729166666666667,7.699999809265137,6.599999904632568,8.699999809265137,0.4690230791361172
Rajasthan,6.734027438693577,6.599999904632568,5.199999809265137,9.600000381469727,1.1257197146161582
Rajasthan,6.0493053860134545,6.0,4.400000095367432,9.399999618530273,0.8178559893685371
Rajasthan,5.556944105360243,5.599999904632568,4.800000190734863,6.599999904632568,0.3713064002327363
Rajasthan,5.6374999152289496,5.599999904632568,4.900000095367432,6.800000190734863,0.35956668033457884
Rajasthan,5.636805640326606,5.599999904632568,5.0,6.5,0.3106325544855742
Rajasthan,5.514583163791233,5.5,4.699999809265137,6.599999904632568,0.38961676960490677
Rajasthan,5.070138719346788,5.099999904632568,4.5,6.0,0.3169034093062332
Rajasthan,4.639583163791233,4.599999904632568,4.0,5.300000190734863,0.2804308933734598
Rajasthan,5.365277608235677,5.300000190734863,4.400000095367432,7.400000095367432,0.704974341955794
Rajasthan,8.033333672417534,8.199999809265137,5.400000095367432,10.300000190734863,1.0150944197759344
Rajasthan,9.88888888888889,9.600000381469727,7.5,17.100000381469727,1.4751229116197804
Rajasthan,9.786110772026909,9.800000190734863,8.800000190734863,11.300000190734863,0.5353621329598918
Rajasthan,10.282638549804688,10.300000190734863,7.5,12.600000381469727,0.8389254115006842
Rajasthan,10.139584011501736,10.149999618530273,7.199999809265137,11.199999809265137,0.5380286429383718
Rajasthan,10.78263939751519,10.800000190734863,9.5,11.699999809265137,0.36196411947763163
Rajasthan,10.44166734483507,10.5,8.699999809265137,11.399999618530273,0.5164650128946263
Rajasthan,10.280303030303031,10.300000190734863,9.199999809265137,11.899999618530273,0.4508307806001996
Rajasthan,10.061475409836065,9.899999618530273,8.699999809265137,15.800000190734863,0.8322837399580432
Rajasthan,10.177083333333334,10.149999618530273,8.899999618530273,12.100000381469727,0.692290783917604
Rajasthan,10.217361450195312,10.0,8.899999618530273,14.100000381469727,0.9010279777991127
Rajasthan,10.122222052680122,9.800000190734863,8.899999618530273,15.100000381469727,1.0181986216019967
Rajasthan,10.185416327582466,9.199999809265137,8.100000381469727,29.700000762939453,3.510084125670967
Rajasthan,9.425694783528646,9.100000381469727,8.199999809265137,26.200000762939453,1.8354437571795137
Rajasthan,9.434722900390625,9.399999618530273,8.5,11.300000190734863,0.5058435657490433
Rajasthan,9.672222561306423,9.5,8.300000190734863,12.100000381469727,0.7969075324243821
Rajasthan,10.073611789279514,9.850000381469727,8.399999618530273,13.199999809265137,0.9524811257211648
Rajasthan,11.44166734483507,11.449999809265137,8.600000381469727,15.199999809265137,1.7787909665960107
Rajasthan,11.358334011501736,10.550000190734863,8.600000381469727,22.299999237060547,2.5654623305038307
Rajasthan,10.656945122612846,10.300000190734863,9.199999809265137,14.300000190734863,1.090212299990605
Rajasthan,9.618055555555555,9.5,8.5,11.600000381469727,0.6989727207996982
Rajasthan,9.552083333333334,9.199999809265137,8.300000190734863,32.099998474121094,2.2930137098714845
Rajasthan,10.045834011501736,9.100000381469727,7.800000190734863,32.79999923706055,3.8167553234372975
Rajasthan,9.771527608235678,8.5,7.699999809265137,34.5,4.270484350412356
Rajasthan,8.527777777777779,8.5,7.900000095367432,11.100000381469727,0.33007668333176965
Rajasthan,8.443749321831596,8.399999618530273,7.599999904632568,9.5,0.4648354969135114
Rajasthan,8.569230939958478,7.900000095367432,7.300000190734863,31.100000381469727,2.561064911386292
Rajasthan,10.066433566433567,8.300000190734863,7.5,43.20000076293945,5.138119474460553
Rajasthan,8.994444105360243,8.300000190734863,7.699999809265137,30.100000381469727,3.1058587032972755
Rajasthan,7.818749321831597,7.699999809265137,7.199999809265137,8.699999809265137,0.3603564582597556
Rajasthan,8.365277608235678,8.199999809265137,7.599999904632568,24.399999618530273,1.4788940573405962
Rajasthan,8.027083502875435,8.0,7.300000190734863,9.0,0.3327534106093282
Rajasthan,7.621527777777778,7.599999904632568,7.0,8.5,0.35417419914891085
Rajasthan,7.792361789279514,7.599999904632568,7.0,19.100000381469727,1.1093091131218489
Rajasthan,8.80138905843099,8.399999618530273,7.300000190734863,23.799999237060547,1.8995973704016962
Rajasthan,9.091666327582466,8.800000190734863,8.300000190734863,18.100000381469727,1.1141452126287605
Rajasthan,9.888195461697048,9.399999618530273,7.800000190734863,14.600000381469727,1.3126783693836876
Rajasthan,8.634028116861979,8.5,6.800000190734863,11.800000190734863,1.0075522538048494
Rajasthan,7.654348179913949,7.599999904632568,6.5,9.0,0.5561408771305684
Rajasthan,8.043055216471354,7.699999809265137,6.599999904632568,17.799999237060547,1.4123292519937523
Rajasthan,7.492361280653212,7.400000095367432,6.5,11.100000381469727,0.6185871398726629
Rajasthan,7.356250339084202,7.300000190734863,6.400000095367432,8.300000190734863,0.3838255392919495
Rajasthan,7.005555470784505,7.0,6.300000190734863,7.800000190734863,0.3339115411799337
Rajasthan,6.449305640326606,6.400000095367432,5.400000095367432,7.400000095367432,0.46978076132189184
Rajasthan,6.900694529215495,6.400000095367432,5.599999904632568,16.399999618530273,1.4085303706237429
Rajasthan,6.778472052680121,6.75,5.900000095367432,9.300000190734863,0.5698639282749645
Rajasthan,6.661111195882161,6.800000190734863,5.199999809265137,8.0,0.721698543710315
Rajasthan,5.176389058430989,5.099999904632568,4.699999809265137,6.0,0.2700272568055165
Rajasthan,5.7826385498046875,5.699999809265137,4.800000190734863,11.899999618530273,0.9019523239860061
Rajasthan,6.318749745686849,6.0,5.300000190734863,18.100000381469727,1.7199793461959592
Rajasthan,6.0444446139865455,6.099999904632568,5.199999809265137,6.599999904632568,0.3568336468441695
Rajasthan,5.877777947319879,5.800000190734863,5.099999904632568,7.099999904632568,0.4532972280519971
Rajasthan,6.065972222222222,6.050000190734863,5.199999809265137,7.400000095367432,0.3715887798604527
Rajasthan,6.082639058430989,6.099999904632568,5.199999809265137,7.099999904632568,0.4045453100867402
Rajasthan,6.0,5.800000190734863,5.300000190734863,8.199999809265137,0.5400617224147544
Rajasthan,5.927142769949777,5.900000095367432,5.199999809265137,8.0,0.4086288555579857
Rajasthan,6.597916920979817,6.599999904632568,5.699999809265137,8.0,0.50969337241223
Rajasthan,7.156944274902344,7.099999904632568,6.0,8.300000190734863,0.45546875246991864
Rajasthan,7.945832994249132,8.0,6.800000190734863,9.0,0.45412847163780473
Rajasthan,7.613889058430989,7.599999904632568,6.5,8.800000190734863,0.437894439348824
Rajasthan,7.688889397515191,7.649999618530273,6.199999809265137,9.0,0.5709533066839377
Rajasthan,6.526388804117839,6.199999809265137,5.5,9.100000381469727,0.8231870945665808
Rajasthan,5.989583333333333,5.800000190734863,5.0,8.399999618530273,0.5761123168369497
Rajasthan,5.854860941569011,5.900000095367432,5.0,6.800000190734863,0.432824988741214
Rajasthan,5.4569447835286455,5.400000095367432,4.800000190734863,6.599999904632568,0.39222528369608994
Rajasthan,5.570138719346788,5.599999904632568,5.0,6.300000190734863,0.3270405758949988
Rajasthan,5.020139058430989,5.0,4.599999904632568,5.800000190734863,0.2537441533723284
Rajasthan,4.853471967909071,4.800000190734863,4.300000190734863,5.599999904632568,0.3004425395549849
Rajasthan,5.579166836208767,5.400000095367432,4.699999809265137,7.699999809265137,0.5619750618306398
Rajasthan,8.243749830457899,8.100000381469727,5.900000095367432,14.800000190734863,1.1911548543166806
Rajasthan,9.590277777777779,9.199999809265137,7.199999809265137,16.799999237060547,1.6303254075663143
Rajasthan,9.62083265516493,9.649999618530273,8.300000190734863,10.699999809265137,0.5369505823065601
Rajasthan,9.644444783528646,9.800000190734863,7.400000095367432,10.899999618530273,0.8026671815487632
Rajasthan,10.175352284606074,10.199999809265137,8.399999618530273,11.899999618530273,0.6453721301701704
Rajasthan,10.588194953070747,10.5,9.600000381469727,11.899999618530273,0.48326096843336364
Rajasthan,10.747222052680122,10.800000190734863,9.600000381469727,11.800000190734863,0.45536073489151563
Rajasthan,10.74435523248488,10.800000190734863,9.399999618530273,11.699999809265137,0.4125652420541625
Rajasthan,11.576530612244898,11.0,9.5,21.700000762939453,2.0772234864696446
Rajasthan,10.25416734483507,9.850000381469727,8.899999618530273,23.899999618530273,1.6314561866861372
Rajasthan,11.32986111111111,10.800000190734863,8.899999618530273,15.600000381469727,1.853190976021272
Rajasthan,11.504166497124565,11.25,9.0,15.699999809265137,1.762017258795462
Rajasthan,10.7774658203125,10.0,8.600000381469727,24.5,2.1036318602581634
Rajasthan,10.171527438693577,9.699999809265137,8.5,16.200000762939453,1.4115429104508095
Rajasthan,10.888193766276041,10.149999618530273,8.699999809265137,15.699999809265137,1.710689309825982
Rajasthan,11.211110432942709,9.600000381469727,8.399999618530273,30.299999237060547,4.145397539672462
Rajasthan,9.311804877387154,9.199999809265137,7.800000190734863,12.0,0.9011949122308657
Rajasthan,9.068055894639757,9.0,8.199999809265137,11.5,0.5781499372915586
Rajasthan,9.291666666666666,9.0,8.0,12.100000381469727,0.8904197110375467
Rajasthan,10.829165988498264,10.899999618530273,9.100000381469727,12.699999809265137,0.811537877489532
Rajasthan,10.27013905843099,10.0,8.699999809265137,18.5,1.123244311400265
Rajasthan,9.274305555555555,9.25,8.199999809265137,12.399999618530273,0.5718811850058586
Rajasthan,10.872916327582466,9.0,8.199999809265137,38.79999923706055,6.127977889084779
Rajasthan,8.818749321831596,8.600000381469727,7.5,19.899999618530273,1.500600273669432
Rajasthan,8.648610432942709,8.399999618530273,7.800000190734863,24.399999618530273,1.6085269955311496
Rajasthan,8.429861280653212,8.300000190734863,7.800000190734863,10.100000381469727,0.42066083483323374
Rajasthan,8.288194444444445,8.199999809265137,7.5,9.800000190734863,0.38432776995186935
Rajasthan,7.859722561306423,7.800000190734863,7.400000095367432,8.800000190734863,0.31826781172495167
Rajasthan,8.363888210720486,8.100000381469727,7.199999809265137,23.899999618530273,1.6817488422057731
Rajasthan,8.570832994249132,8.25,7.599999904632568,16.5,1.0606519680280455
Rajasthan,8.213194105360243,8.199999809265137,7.400000095367432,8.800000190734863,0.2369500799813009
Rajasthan,7.9777781168619795,7.900000095367432,7.400000095367432,9.0,0.31829502177922314
Rajasthan,7.8555552164713545,7.800000190734863,7.5,8.600000381469727,0.21466320235955338
Rajasthan,8.015972561306423,7.900000095367432,7.300000190734863,13.300000190734863,0.6960866207541836
Rajasthan,8.553471883138021,8.600000381469727,7.400000095367432,9.699999809265137,0.4681395271896708
Rajasthan,9.285416497124565,8.800000190734863,7.5,24.600000381469727,2.3265069502334477
Rajasthan,9.668056064181858,9.199999809265137,8.5,20.600000381469727,1.6767467037440587
Rajasthan,8.70763905843099,8.899999618530273,6.900000095367432,12.0,0.8045944359989
Rajasthan,8.444444444444445,8.300000190734863,6.900000095367432,10.600000381469727,0.8994425856765969
Rajasthan,7.69236077202691,7.699999809265137,6.599999904632568,10.199999809265137,0.48635262719686473
Rajasthan,7.040972391764323,7.099999904632568,6.199999809265137,7.900000095367432,0.35402704659389617
Rajasthan,7.47847154405382,7.400000095367432,6.5,9.0,0.5628749543055553
Rajasthan,7.880555894639757,7.699999809265137,6.900000095367432,11.5,0.7598682152169073
Rajasthan,7.226388719346788,7.199999809265137,6.300000190734863,8.100000381469727,0.3906878169214499
Rajasthan,7.253472222222222,7.300000190734863,6.099999904632568,8.399999618530273,0.5082532065307962
Rajasthan,7.56736077202691,6.949999809265137,6.400000095367432,22.200000762939453,2.2502108094122684
Rajasthan,6.366667005750868,6.400000095367432,5.5,7.400000095367432,0.40311290548697476
Rajasthan,5.542360941569011,5.599999904632568,4.699999809265137,6.400000095367432,0.38758148811736226
Rajasthan,5.563194274902344,5.5,4.800000190734863,6.400000095367432,0.3818352040201956
Rajasthan,6.0222218831380205,5.75,4.599999904632568,20.399999618530273,1.5856318542214014
Rajasthan,5.839583502875434,5.850000381469727,4.599999904632568,6.800000190734863,0.5648523347379617
Rajasthan,5.472222222222222,5.350000381469727,4.699999809265137,7.099999904632568,0.4808043594964599
Rajasthan,5.974305894639757,5.900000095367432,5.300000190734863,7.099999904632568,0.42942896857701346
Rajasthan,5.9621429443359375,5.900000095367432,5.0,7.5,0.46667023456253226
Rajasthan,5.752554566320712,5.699999809265137,5.199999809265137,6.599999904632568,0.25086139481243913
Rajasthan,6.135211353570643,6.099999904632568,5.400000095367432,7.199999809265137,0.4019664723830323
Rajasthan,6.791666666666667,6.699999809265137,6.099999904632568,8.199999809265137,0.3224257088142277
Rajasthan,6.623775882320804,6.599999904632568,5.800000190734863,7.900000095367432,0.506594020415402
Rajasthan,7.222222222222222,7.099999904632568,6.300000190734863,8.699999809265137,0.5641419636617877
Rajasthan,6.693750169542101,6.699999809265137,6.099999904632568,7.699999809265137,0.35398891358185725
Rajasthan,7.073610941569011,7.0,6.099999904632568,8.300000190734863,0.5700860317711541
Rajasthan,6.90625,6.800000190734863,6.0,8.800000190734863,0.6195001101140916
Rajasthan,5.9868053860134545,5.900000095367432,5.099999904632568,8.0,0.5800199628278423
Rajasthan,5.6743053860134545,5.599999904632568,5.099999904632568,6.400000095367432,0.29243863507392415
Rajasthan,5.882638719346788,5.850000381469727,5.099999904632568,6.699999809265137,0.3187061250660592
Rajasthan,5.94097179836697,6.0,5.199999809265137,6.699999809265137,0.29660417928168303
Rajasthan,5.559722052680121,5.599999904632568,4.699999809265137,6.400000095367432,0.39849009786772954
Rajasthan,5.164582994249132,5.099999904632568,4.300000190734863,6.400000095367432,0.4808078695591018
Rajasthan,6.834027608235677,6.850000381469727,4.599999904632568,8.899999618530273,1.0388403980820646
Rajasthan,8.127659574468085,8.0,7.0,10.600000381469727,0.6512515460587488
Rajasthan,9.549651032561188,9.600000381469727,6.800000190734863,18.0,1.3281183771345055
Rajasthan,10.205556233723959,9.899999618530273,8.199999809265137,19.299999237060547,1.4141043801818074
Rajasthan,10.20486111111111,10.199999809265137,8.800000190734863,13.300000190734863,0.5917640890637913
Rajasthan,10.700000339084202,10.699999809265137,8.800000190734863,11.899999618530273,0.5796310758365407
Rajasthan,10.136690647482014,10.199999809265137,8.800000190734863,11.100000381469727,0.45425942798625935
Rajasthan,10.44848447857481,10.399999618530273,9.300000190734863,11.699999809265137,0.447295717268409
Rajasthan,10.651723927464978,10.600000381469727,9.699999809265137,12.100000381469727,0.5021476043181623
Rajasthan,11.101219363328887,11.199999809265137,9.199999809265137,12.800000190734863,0.7743595383251033
Rajasthan,11.362500508626303,10.899999618530273,9.300000190734863,18.600000381469727,1.5787598612793043
Rajasthan,11.805318629488031,11.649999618530273,10.399999618530273,15.100000381469727,0.9156287276322728
Rajasthan,13.164705164292279,11.800000190734863,9.100000381469727,45.20000076293945,5.499886809059144
Rajasthan,23.558731321304563,21.25,10.399999618530273,45.5,10.798840867578852
Rajasthan,16.42924528301887,12.199999809265137,9.399999618530273,44.29999923706055,9.242365249862527
Rajasthan,10.956944783528646,10.600000381469727,8.5,15.300000190734863,1.485749592518815
Rajasthan,9.901388380262587,9.399999618530273,7.900000095367432,23.0,2.026148039014372
Rajasthan,9.85763888888889,9.5,7.900000095367432,22.100000381469727,1.8112142897343262
Rajasthan,9.580555386013454,9.300000190734863,7.900000095367432,12.899999618530273,0.9599824542825103
Rajasthan,9.768055386013454,9.600000381469727,8.300000190734863,12.399999618530273,0.8907434585641089
Rajasthan,11.64652845594618,11.399999618530273,9.800000190734863,14.600000381469727,1.2019032147379476
Rajasthan,10.58263905843099,10.5,8.0,21.899999618530273,1.4153096063554613
Rajasthan,9.349305046929253,9.300000190734863,8.300000190734863,15.899999618530273,0.7245684867989112
Rajasthan,8.950693766276041,8.899999618530273,7.800000190734863,10.699999809265137,0.5784313190071458
Rajasthan,8.581944783528646,8.300000190734863,7.800000190734863,12.300000190734863,0.7851621017311389
Rajasthan,9.395833333333334,9.100000381469727,8.0,13.0,1.0187052979951932
Rajasthan,9.435416327582466,8.800000190734863,7.800000190734863,26.0,2.2795731997271633
Rajasthan,8.829165988498264,8.399999618530273,7.599999904632568,23.799999237060547,2.0850950780794566
Rajasthan,8.395833333333334,8.100000381469727,7.400000095367432,17.5,1.4185710682252755
Rajasthan,7.896527608235677,7.699999809265137,7.199999809265137,14.199999809265137,0.7854946083871321
Rajasthan,8.493749830457899,8.5,7.300000190734863,9.5,0.3912619761406526
Rajasthan,8.497222052680122,8.399999618530273,7.900000095367432,10.399999618530273,0.42572556876796513
Rajasthan,9.165035647945805,8.399999618530273,7.599999904632568,28.100000381469727,2.9364661972157515
Rajasthan,8.081944783528646,8.100000381469727,7.300000190734863,8.800000190734863,0.28251173495067966
Rajasthan,8.161110772026909,8.100000381469727,7.5,9.0,0.30643808464598565
Rajasthan,8.327777438693577,8.300000190734863,7.5,11.0,0.45022287587573967
Rajasthan,8.383332994249132,8.100000381469727,7.0,18.100000381469727,1.645321639133834
Rajasthan,8.290278116861979,8.199999809265137,7.300000190734863,10.800000190734863,0.6299602355791522
Rajasthan,7.964583502875434,8.0,7.0,8.899999618530273,0.43420883147385453
Rajasthan,8.301388210720486,8.300000190734863,7.300000190734863,9.399999618530273,0.34034008664312704
Rajasthan,8.622916327582466,8.300000190734863,7.199999809265137,12.699999809265137,1.102315672899393
Rajasthan,8.10347154405382,7.5,6.900000095367432,13.699999809265137,1.4933842091358809
Rajasthan,10.782638549804688,10.100000381469727,7.300000190734863,19.700000762939453,2.9828987191960166
Rajasthan,9.384028116861979,8.399999618530273,7.400000095367432,19.100000381469727,2.208778703856047
Rajasthan,8.390972561306423,8.199999809265137,6.5,13.5,1.1001207612081891
Rajasthan,7.484722561306423,7.300000190734863,6.699999809265137,8.800000190734863,0.518587769451485
Rajasthan,7.2965282864040795,7.300000190734863,6.5,8.300000190734863,0.3673125536482388
Rajasthan,7.094444274902344,7.099999904632568,5.400000095367432,8.800000190734863,0.6926978442918207
Rajasthan,6.079166836208767,6.099999904632568,5.400000095367432,6.800000190734863,0.2964781577676084
Rajasthan,5.996527777777778,6.0,5.099999904632568,6.800000190734863,0.37275498845443855
Rajasthan,5.8354165818956165,5.599999904632568,4.900000095367432,7.099999904632568,0.4933542749652664
Rajasthan,5.402083502875434,5.300000190734863,4.699999809265137,6.800000190734863,0.43723701656232744
Rajasthan,5.586620062169894,5.400000095367432,5.0,11.899999618530273,0.8507849501119578
Rajasthan,5.460417005750868,5.400000095367432,5.099999904632568,6.300000190734863,0.258257728882497
Rajasthan,5.448251577524038,5.400000095367432,5.0,6.0,0.2304914774100662
Rajasthan,5.817361195882161,5.699999809265137,5.400000095367432,6.5,0.27445145206762334
Rajasthan,6.416666666666667,6.400000095367432,5.699999809265137,7.199999809265137,0.28771128339069363
Rajasthan,6.5638885498046875,6.550000190734863,6.099999904632568,7.300000190734863,0.23793415139345925
Rajasthan,6.676389058430989,6.599999904632568,6.199999809265137,7.400000095367432,0.23213564993032604
Rajasthan,6.6548614501953125,6.599999904632568,6.099999904632568,7.800000190734863,0.32292710136023184
Rajasthan,6.556944529215495,6.5,5.900000095367432,7.199999809265137,0.25128910526786097
Rajasthan,6.548611111111111,6.5,5.800000190734863,7.400000095367432,0.3246763477450861
Rajasthan,7.449285016741071,7.5,6.0,9.100000381469727,0.6111460348522474
Rajasthan,6.477082994249132,6.400000095367432,5.599999904632568,8.100000381469727,0.5056237574518633
Rajasthan,5.84375,5.800000190734863,5.199999809265137,6.599999904632568,0.28399890264615907
Rajasthan,6.094444274902344,6.099999904632568,5.400000095367432,7.0,0.37836963093326914
Rajasthan,5.905555725097656,5.900000095367432,5.300000190734863,6.599999904632568,0.27329716958434547
Rajasthan,5.841666327582465,5.800000190734863,5.300000190734863,6.900000095367432,0.34470193101129537
Rajasthan,6.025694529215495,6.0,5.199999809265137,7.0,0.4063295406774996
Rajasthan,6.320832994249132,6.050000190734863,5.199999809265137,9.0,0.839136069406908
Rajasthan,8.55833265516493,8.550000190734863,6.800000190734863,10.100000381469727,0.7937691231510904
Rajasthan,9.824305216471354,9.899999618530273,7.300000190734863,12.699999809265137,0.7970645967340289
Rajasthan,10.402829728036556,10.100000381469727,9.100000381469727,17.700000762939453,1.3255442397008215
Rajasthan,10.640713936941964,10.600000381469727,9.199999809265137,15.699999809265137,0.639184347065349
Rajasthan,10.425757205847537,10.399999618530273,9.5,11.699999809265137,0.4177176710309387
Rajasthan,10.315967207195378,10.300000190734863,9.300000190734863,11.399999618530273,0.3812811299904668
Rajasthan,10.50689697265625,10.5,9.800000190734863,11.199999809265137,0.3289806141506015
Rajasthan,10.67173899774966,10.699999809265137,9.399999618530273,12.0,0.5452016090893267
Rajasthan,11.283332824707031,11.399999618530273,10.399999618530273,11.800000190734863,0.4297933860324999
Rajasthan,10.409448818897637,10.399999618530273,9.300000190734863,11.600000381469727,0.44251133166135065
Rajasthan,10.341665903727213,10.25,9.199999809265137,11.899999618530273,0.8558215271975464
Rajasthan,23.252940458409928,23.5,12.0,38.0,8.474815042958609
Rajasthan,12.172661870503598,11.600000381469727,9.699999809265137,32.79999923706055,2.9336255580556942
Rajasthan,15.650365676322993,12.399999618530273,9.399999618530273,41.0,7.494105915868183
Rajasthan,13.856250339084202,11.699999809265137,8.699999809265137,40.79999923706055,6.613703312872147
Rajasthan,11.552083333333334,11.149999618530273,8.5,27.200000762939453,2.1801175354736753
Rajasthan,12.574305216471354,12.550000190734863,8.800000190734863,17.100000381469727,2.118298103195951
Rajasthan,11.04513888888889,10.899999618530273,8.699999809265137,13.800000190734863,1.1791493023063861
Rajasthan,11.844055602600525,9.399999618530273,7.900000095367432,38.20000076293945,6.448045379417207
Rajasthan,10.869444105360243,9.0,7.800000190734863,45.29999923706055,5.3111553892203
Rajasthan,8.715277777777779,8.600000381469727,7.599999904632568,11.5,0.7101759375847005
Rajasthan,9.059722052680122,9.149999618530273,7.599999904632568,10.5,0.7574921870615268
Rajasthan,9.934722900390625,8.800000190734863,7.5,29.399999618530273,3.6811894601673574
Rajasthan,9.025873784418707,8.0,7.300000190734863,35.900001525878906,3.6169515137419403
Rajasthan,9.121527777777779,8.100000381469727,7.099999904632568,36.5,4.2911919722087735
Rajasthan,8.711188469733392,8.300000190734863,7.5,20.399999618530273,1.7790586117266467
Rajasthan,9.367376232823581,8.800000190734863,7.599999904632568,19.299999237060547,1.9792719208029805
Rajasthan,9.678471883138021,8.699999809265137,7.199999809265137,25.799999237060547,3.1633570401405144
Rajasthan,8.563195122612846,8.25,7.599999904632568,20.600000381469727,1.3170224707950242
Rajasthan,9.365034623579545,8.600000381469727,7.400000095367432,23.5,2.497082414239425
Rajasthan,8.2578125,8.300000190734863,7.300000190734863,9.399999618530273,0.3320413253322403
Rajasthan,8.404894421984265,8.300000190734863,7.5,10.5,0.5280030350795673
Rajasthan,8.424999660915798,7.900000095367432,7.099999904632568,21.299999237060547,1.774921674429322
Rajasthan,8.121527777777779,8.0,7.5,12.300000190734863,0.528252259421273
Rajasthan,8.631468872923952,8.699999809265137,7.599999904632568,11.899999618530273,0.6657893028136179
Rajasthan,7.856250339084202,7.699999809265137,6.900000095367432,17.100000381469727,1.2539226655226154
Rajasthan,7.881944444444445,7.5,6.599999904632568,19.299999237060547,1.8073020403053683
Rajasthan,7.581943935818142,7.599999904632568,6.599999904632568,8.5,0.46810086331840134
Rajasthan,8.191666497124565,8.199999809265137,7.5,9.300000190734863,0.26835400862235365
Rajasthan,8.075000339084202,8.100000381469727,7.099999904632568,10.0,0.35069374205073267
Rajasthan,8.757638719346788,7.900000095367432,7.099999904632568,14.300000190734863,1.77175291977077
Rajasthan,10.118320610687023,8.800000190734863,7.300000190734863,20.100000381469727,3.0532375544698387
Rajasthan,11.634532901022931,11.100000381469727,7.300000190734863,31.0,3.884348094816103
Rajasthan,9.663194444444445,8.550000190734863,6.699999809265137,17.600000381469727,2.624794865456281
Rajasthan,7.68333265516493,7.699999809265137,6.400000095367432,9.399999618530273,0.549241905715528
Rajasthan,7.492361280653212,7.400000095367432,6.699999809265137,9.5,0.5100490242102768
Rajasthan,7.71458265516493,7.699999809265137,6.5,8.899999618530273,0.43043398870991184
Rajasthan,6.402777777777778,6.300000190734863,5.400000095367432,7.900000095367432,0.47006859911687426
Rajasthan,5.889583163791233,5.900000095367432,5.199999809265137,6.599999904632568,0.32052880671137823
Rajasthan,5.9701385498046875,5.949999809265137,5.300000190734863,6.699999809265137,0.30665757957846473
Rajasthan,6.060416327582465,6.099999904632568,5.300000190734863,6.800000190734863,0.31185351942071016
Rajasthan,5.74513922797309,5.800000190734863,5.099999904632568,6.400000095367432,0.33743924204600606
Rajasthan,5.540277269151476,5.5,5.0,6.0,0.2337257018050628
Rajasthan,5.4875000847710504,5.5,5.0,6.099999904632568,0.22999848892953056
Rajasthan,6.21875,6.199999809265137,5.599999904632568,7.099999904632568,0.23862127488117274
Rajasthan,6.479166666666667,6.5,5.900000095367432,7.300000190734863,0.24406142132041148
Rajasthan,6.625694274902344,6.599999904632568,6.199999809265137,7.199999809265137,0.2537897185696688
Rajasthan,7.097916920979817,7.099999904632568,6.599999904632568,8.100000381469727,0.2545335466543039
Rajasthan,7.180434959522192,7.099999904632568,6.300000190734863,8.300000190734863,0.38652271478421596
Rajasthan,7.344444274902344,7.400000095367432,6.199999809265137,8.399999618530273,0.47401620583744214
Rajasthan,7.395139058430989,7.300000190734863,6.199999809265137,8.899999618530273,0.5209939572900972
Rajasthan,7.77638922797309,7.800000190734863,6.900000095367432,8.699999809265137,0.30481920061058954
Rajasthan,7.278472900390625,7.5,5.900000095367432,8.699999809265137,0.7515875246080902
Rajasthan,6.267361111111111,6.300000190734863,5.800000190734863,6.800000190734863,0.20810984081999664
Rajasthan,6.056944953070746,6.0,5.5,6.800000190734863,0.2370691366784379
Rajasthan,6.067361195882161,6.099999904632568,5.199999809265137,7.0,0.3632090360319481
Rajasthan,6.220833248562283,6.199999809265137,5.400000095367432,7.099999904632568,0.39297212342674454
Rajasthan,6.023611280653212,6.0,5.5,7.099999904632568,0.33911365897171997
Rajasthan,6.197916666666667,6.0,5.199999809265137,12.600000381469727,0.9789782880540858
Rajasthan,6.691666497124566,6.5,5.5,9.899999618530273,0.8749999880475645
Rajasthan,7.589166259765625,7.300000190734863,5.699999809265137,10.399999618530273,1.0581269608320354
Rajasthan,9.649999618530273,9.649999618530273,9.100000381469727,10.199999809265137,0.5499997138979118
Rajasthan,10.676470588235293,10.699999809265137,10.0,11.800000190734863,0.4976762619330847
Rajasthan,,,,,
Rajasthan,10.789473684210526,10.899999618530273,10.0,11.300000190734863,0.31936563942951934
Rajasthan,,,,,
Rajasthan,10.4947365208676,10.5,9.300000190734863,12.300000190734863,0.7677538099113553
Rajasthan,11.050000190734863,11.050000190734863,11.0,11.100000381469727,0.05000019073486328
Rajasthan,10.714473523591694,10.699999809265137,8.800000190734863,13.600000381469727,1.178056385372577
Rajasthan,12.505555894639757,12.5,9.5,16.100000381469727,1.3827196082858697
Rajasthan,12.163194444444445,12.050000190734863,9.399999618530273,15.600000381469727,1.200621760633328
Rajasthan,10.654166327582466,10.699999809265137,8.699999809265137,12.899999618530273,0.7554317462235578
Rajasthan,10.6875,10.5,9.100000381469727,12.800000190734863,0.9964433513142608
Rajasthan,10.443749321831596,10.449999809265137,8.399999618530273,12.699999809265137,1.0968210633272988
Rajasthan,10.152777777777779,10.100000381469727,8.699999809265137,11.800000190734863,0.7999951391621074
Rajasthan,9.604166666666666,9.399999618530273,7.800000190734863,12.399999618530273,1.0313067927547468
Rajasthan,9.66793893129771,9.100000381469727,7.900000095367432,29.299999237060547,2.622109885313026
Rajasthan,9.231943766276041,9.25,7.5,17.200000762939453,1.0442071114977212
Rajasthan,7.835484002226142,7.800000190734863,7.199999809265137,8.699999809265137,0.3198269403544433
Rajasthan,8.39920673673115,7.900000095367432,6.900000095367432,28.700000762939453,2.6098560678143863
Rajasthan,11.290225380345396,8.800000190734863,6.900000095367432,36.099998474121094,6.198955286649014
Rajasthan,11.476389567057291,10.649999618530273,8.300000190734863,33.79999923706055,3.222856416429497
Rajasthan,11.54236094156901,11.149999618530273,8.899999618530273,23.399999618530273,1.852610012400305
Rajasthan,9.420833163791233,8.899999618530273,7.199999809265137,15.5,1.936523043054543
Rajasthan,8.063194274902344,7.900000095367432,7.199999809265137,15.5,0.8993629417250978
Rajasthan,7.865277608235677,7.800000190734863,7.0,9.899999618530273,0.47115683226488336
Rajasthan,7.9222217135959205,7.800000190734863,7.400000095367432,9.300000190734863,0.3665614605341948
Rajasthan,8.304167005750868,8.300000190734863,7.400000095367432,9.699999809265137,0.37339928600140543
Rajasthan,8.325693766276041,8.100000381469727,7.400000095367432,19.5,1.2104146696003433
Rajasthan,8.627777099609375,8.100000381469727,7.5,20.799999237060547,1.9918041569994251
Rajasthan,8.327084011501736,8.100000381469727,7.199999809265137,15.300000190734863,1.0793013900757176
Rajasthan,8.104895104895105,7.699999809265137,6.599999904632568,23.399999618530273,2.2709268647813685
Rajasthan,7.600694444444445,7.599999904632568,6.599999904632568,10.100000381469727,0.506005167651618
Rajasthan,8.162500169542101,8.0,7.0,13.899999618530273,0.933695918885598
Rajasthan,8.009028116861979,8.100000381469727,7.199999809265137,12.0,0.5030342886270532
Rajasthan,7.670834011501736,7.699999809265137,7.099999904632568,8.399999618530273,0.2705126691447367
Rajasthan,7.6875,7.699999809265137,7.0,11.5,0.44812498678337265
Rajasthan,9.534722222222221,9.149999618530273,7.199999809265137,14.5,1.8143456069123178
Rajasthan,7.736111111111111,7.400000095367432,6.699999809265137,14.300000190734863,1.0512301806590574
Rajasthan,7.84791734483507,7.300000190734863,6.5,13.699999809265137,1.460924776975512
Rajasthan,8.003472222222221,7.699999809265137,6.400000095367432,13.5,1.2766826047124293
Rajasthan,7.860416836208767,7.400000095367432,6.599999904632568,12.800000190734863,1.175869596101087
Rajasthan,8.067360772026909,7.599999904632568,5.800000190734863,12.300000190734863,1.4666112745919024
Rajasthan,6.930656934306569,6.5,5.300000190734863,11.0,1.1282414408568855
Rajasthan,6.226388719346788,6.199999809265137,5.599999904632568,6.900000095367432,0.26140276245290206
Rajasthan,6.388888888888889,6.300000190734863,5.5,7.699999809265137,0.5099170703049635
Rajasthan,6.7319446139865455,6.800000190734863,5.800000190734863,7.5,0.3058805128579177
Rajasthan,6.3347218831380205,6.300000190734863,5.5,7.599999904632568,0.28995197277022916
Rajasthan,5.7381947835286455,5.699999809265137,5.099999904632568,6.699999809265137,0.39458074637979024
Rajasthan,5.784722222222222,5.699999809265137,5.300000190734863,6.400000095367432,0.27394227772018204
Rajasthan,6.438461197006119,6.5,5.400000095367432,7.800000190734863,0.4630278959574079
Rajasthan,6.863889058430989,6.850000381469727,6.099999904632568,7.5,0.2652595836526812
Rajasthan,6.889583587646484,6.800000190734863,6.400000095367432,7.800000190734863,0.3045303260713149
Rajasthan,7.054861280653212,7.0,6.5,7.699999809265137,0.26583982262785794
Rajasthan,6.853472391764323,6.900000095367432,6.400000095367432,7.5,0.2245097205006125
Rajasthan,7.6069446139865455,7.699999809265137,6.599999904632568,8.5,0.40408556108868526
Rajasthan,7.618749830457899,7.599999904632568,7.0,8.600000381469727,0.27713036507009076
Rajasthan,7.663194444444445,7.599999904632568,7.099999904632568,8.600000381469727,0.28449435064553913
Rajasthan,7.938195122612847,7.949999809265137,6.599999904632568,8.699999809265137,0.3478098952665392
Rajasthan,6.37986077202691,6.300000190734863,5.900000095367432,7.800000190734863,0.39256634831698034
Rajasthan,6.214583502875434,6.199999809265137,5.599999904632568,7.199999809265137,0.30435923371923734
Rajasthan,6.436111026340061,6.400000095367432,6.0,7.400000095367432,0.2529303492516145
Rajasthan,6.65625,6.699999809265137,5.900000095367432,7.5,0.3309747454116167
Rajasthan,7.136111789279514,7.099999904632568,5.900000095367432,8.699999809265137,0.601111371690757
Rajasthan,6.3972218831380205,6.400000095367432,5.699999809265137,7.699999809265137,0.40016391005947666
Rajasthan,6.729370970826049,6.800000190734863,5.900000095367432,8.0,0.4062160492283333
Rajasthan,8.207970660665762,8.25,5.900000095367432,10.699999809265137,1.1398615046629534
Rajasthan,,,,,
Rajasthan,12.50500030517578,12.75,9.899999618530273,14.0,1.0993066333812476
Rajasthan,10.178417617468526,9.800000190734863,8.800000190734863,13.800000190734863,1.1821065397880373
Rajasthan,9.558334350585938,9.5,8.399999618530273,12.100000381469727,0.635467888031394
Rajasthan,9.86111111111111,9.600000381469727,8.0,13.100000381469727,1.209230225137016
Rajasthan,10.137500339084202,9.300000190734863,7.900000095367432,34.099998474121094,3.423993602803078
Rajasthan,9.677083333333334,9.100000381469727,8.5,29.899999618530273,2.6153850012775854
Rajasthan,9.572727443454983,9.0,7.599999904632568,30.399999618530273,2.50432296815457
Rajasthan,9.774305555555555,9.800000190734863,7.800000190734863,11.800000190734863,0.88284159157089
Rajasthan,9.845454822887074,10.100000381469727,8.399999618530273,11.300000190734863,0.9198456053418066
Rajasthan,8.539285932268415,8.600000381469727,7.300000190734863,9.100000381469727,0.384836936419603
Rajasthan,8.807142530168806,8.850000381469727,8.300000190734863,9.300000190734863,0.3058110775791087
Rajasthan,7.657143184116909,7.699999809265137,7.199999809265137,8.0,0.277010304968303
Rajasthan,8.6796875,8.050000190734863,6.900000095367432,19.0,1.9993107478330092
Rajasthan,11.192793012739301,10.600000381469727,9.100000381469727,33.5,2.8867423610514074
Rajasthan,11.197402755935471,11.0,8.800000190734863,13.800000190734863,1.1783737512390833
Rajasthan,12.695620794365876,11.199999809265137,8.399999618530273,39.29999923706055,5.421420995021397
Rajasthan,8.612499660915798,8.300000190734863,6.900000095367432,11.800000190734863,0.9773031931482081
Rajasthan,7.814583672417535,7.699999809265137,7.300000190734863,9.5,0.38441311154255564
Rajasthan,7.711111280653212,7.699999809265137,7.199999809265137,8.5,0.30530289320847587
Rajasthan,8.12916734483507,8.199999809265137,7.099999904632568,8.800000190734863,0.3613007062762468
Rajasthan,8.101388719346788,8.0,7.400000095367432,9.600000381469727,0.3179766955408285
Rajasthan,8.013194613986546,8.0,7.300000190734863,10.899999618530273,0.4142004390226421
Rajasthan,7.798611111111111,7.800000190734863,7.199999809265137,8.399999618530273,0.28357497303838497
Rajasthan,7.7798614501953125,7.599999904632568,6.900000095367432,14.199999809265137,0.8971854062167659
Rajasthan,7.41111077202691,7.199999809265137,6.599999904632568,9.0,0.5829893308370917
Rajasthan,8.008333841959635,7.699999809265137,6.5,15.300000190734863,1.363436244006367
Rajasthan,8.131250169542101,8.0,6.900000095367432,13.5,0.9529536427697622
Rajasthan,7.697222391764323,7.699999809265137,7.099999904632568,8.399999618530273,0.2605934791643065
Rajasthan,7.542360941569011,7.5,6.800000190734863,8.600000381469727,0.3461253712163504
Rajasthan,7.9152781168619795,7.800000190734863,7.0,12.600000381469727,0.6837721663938219
Rajasthan,8.77708265516493,7.850000381469727,6.900000095367432,17.0,2.0732328048262993
Rajasthan,7.888888888888889,7.199999809265137,6.5,17.299999237060547,1.7473224165386467
Rajasthan,7.565277947319879,7.449999809265137,6.599999904632568,10.800000190734863,0.7112508289745246
Rajasthan,7.456250508626302,7.400000095367432,6.199999809265137,9.100000381469727,0.4474804421593815
Rajasthan,7.65625,7.400000095367432,5.900000095367432,11.600000381469727,1.1333161135813554
Rajasthan,7.494444105360243,7.0,5.199999809265137,13.300000190734863,1.7063923109917531
Rajasthan,6.857042339486136,6.699999809265137,5.699999809265137,9.800000190734863,0.8727807203127338
Rajasthan,7.113888210720486,7.199999809265137,6.400000095367432,7.900000095367432,0.4105570619320131
Rajasthan,7.181249830457899,7.199999809265137,6.5,8.100000381469727,0.29249139979398736
Rajasthan,6.969444274902344,7.0,6.199999809265137,7.699999809265137,0.3470666360259169
Rajasthan,6.717361026340061,6.599999904632568,5.900000095367432,8.300000190734863,0.56535753124794
Rajasthan,6.346527947319879,6.199999809265137,5.5,8.600000381469727,0.6222621590424479
Rajasthan,6.536805894639757,6.699999809265137,5.300000190734863,8.199999809265137,0.6439619547366022
Rajasthan,7.377082824707031,7.400000095367432,6.699999809265137,8.100000381469727,0.3166049854246888
Rajasthan,7.368750678168403,7.400000095367432,6.599999904632568,8.300000190734863,0.32392318127103853
Rajasthan,7.233334011501736,7.199999809265137,6.599999904632568,8.0,0.27309951068814564
Rajasthan,7.073610941569011,7.099999904632568,6.5,7.699999809265137,0.23422034754172624
Rajasthan,7.244444105360243,7.199999809265137,6.800000190734863,7.900000095367432,0.25132367141135287
Rajasthan,7.8868052164713545,7.900000095367432,6.900000095367432,9.199999809265137,0.3842826205233715
Rajasthan,7.679860432942708,7.699999809265137,7.0,8.399999618530273,0.28664241763443893
Rajasthan,7.869444105360243,7.900000095367432,7.199999809265137,8.699999809265137,0.3502534417467884
Rajasthan,6.8215281168619795,6.550000190734863,5.900000095367432,8.5,0.6652237881914035
Rajasthan,6.403472052680121,6.300000190734863,5.699999809265137,7.699999809265137,0.4253124939166717
Rajasthan,6.673611111111111,6.599999904632568,6.099999904632568,7.900000095367432,0.40551512301323767
Rajasthan,6.70979020979021,6.699999809265137,6.099999904632568,7.800000190734863,0.2969105871955184
Rajasthan,6.651388804117839,6.599999904632568,5.900000095367432,7.599999904632568,0.3681760831760192
Rajasthan,6.462499830457899,6.5,5.900000095367432,7.199999809265137,0.32550709484361495
Rajasthan,7.513888888888889,7.400000095367432,6.300000190734863,8.899999618530273,0.6268983812684955
Rajasthan,8.637500339084202,8.5,6.699999809265137,10.399999618530273,0.9553849537206308
Rajasthan,8.663158215974507,8.550000190734863,7.599999904632568,9.899999618530273,0.5602729827680362
Rajasthan,9.497058644014245,9.600000381469727,8.899999618530273,9.899999618530273,0.2864440491700936
Rajasthan,8.998361055968237,9.0,8.399999618530273,9.899999618530273,0.3437935530297918
Rajasthan,8.899999880323223,8.899999618530273,8.300000190734863,10.0,0.35424591726542615
Rajasthan,9.26603785100973,8.800000190734863,7.800000190734863,24.899999618530273,2.3007745062443274
Rajasthan,9.679411944221048,9.5,7.699999809265137,24.899999618530273,1.9093853751289862
Rajasthan,9.820652173913043,9.899999618530273,8.0,11.600000381469727,0.8373792064389046
Rajasthan,8.516666836208767,8.5,7.800000190734863,9.600000381469727,0.44503439346101303
Rajasthan,,,,,
Rajasthan,8.633333841959635,8.449999809265137,7.5,10.300000190734863,0.9012338269495204
Rajasthan,8.599242239287406,8.0,6.900000095367432,24.200000762939453,2.082957416245251
Rajasthan,9.899999373998398,9.100000381469727,7.699999809265137,22.200000762939453,2.755972675323149
Rajasthan,9.841414018110795,9.0,7.900000095367432,28.399999618530273,2.685727727134735
Rajasthan,9.196528116861979,9.0,7.400000095367432,14.0,1.3374111003484037
Rajasthan,10.202797202797203,9.899999618530273,7.800000190734863,14.199999809265137,1.362738107028681
Rajasthan,8.471527947319878,8.399999618530273,7.5,11.199999809265137,0.5811462703392591
Rajasthan,8.265734265734265,7.800000190734863,7.099999904632568,23.799999237060547,2.0801460421332627
Rajasthan,9.060838819383742,8.100000381469727,7.300000190734863,30.899999618530273,3.3699625640868343
Rajasthan,8.162937404392483,8.0,7.599999904632568,27.299999237060547,1.657898105907524
Rajasthan,8.543056064181858,8.399999618530273,7.599999904632568,15.899999618530273,1.116396264986442
Rajasthan,7.790780141843972,7.800000190734863,7.099999904632568,8.699999809265137,0.44719786436733566
Rajasthan,7.99513922797309,8.0,6.800000190734863,8.800000190734863,0.4435228238567589
Rajasthan,7.6069446139865455,7.599999904632568,6.599999904632568,8.600000381469727,0.47808257537454013
Rajasthan,7.629861619737413,7.699999809265137,6.599999904632568,8.199999809265137,0.3553324076501862
Rajasthan,7.877083672417535,7.900000095367432,6.900000095367432,9.0,0.4751781776060235
Rajasthan,7.786805894639757,7.699999809265137,7.199999809265137,8.699999809265137,0.3450536351920797
Rajasthan,7.37013922797309,7.300000190734863,6.900000095367432,8.0,0.22456126826470793
Rajasthan,7.620138380262587,7.5,6.800000190734863,8.5,0.42566612173600843
Rajasthan,7.372222052680121,7.350000381469727,6.400000095367432,8.5,0.442443401915843
Rajasthan,7.700000339084202,7.400000095367432,6.300000190734863,13.0,1.0724452800446278
Rajasthan,7.493749830457899,7.449999809265137,6.300000190734863,13.800000190734863,0.9444442014011445
Rajasthan,7.505555894639757,7.0,5.900000095367432,22.5,2.287337676108731
Rajasthan,6.495833502875434,6.350000381469727,5.800000190734863,9.100000381469727,0.5653016611993991
Rajasthan,6.897222730848524,6.5,5.599999904632568,12.0,1.071080997707047
Rajasthan,7.588194105360243,7.599999904632568,5.800000190734863,10.300000190734863,0.7109751208128129
Rajasthan,7.939583672417535,7.800000190734863,7.099999904632568,9.800000190734863,0.4916269471060995
Rajasthan,7.634722391764323,7.599999904632568,6.900000095367432,8.899999618530273,0.362153991445001
Rajasthan,7.53125,7.5,6.699999809265137,8.5,0.3152311173115674
Rajasthan,7.694444444444445,7.800000190734863,6.300000190734863,8.699999809265137,0.5589893907000306
Rajasthan,7.370833502875434,7.300000190734863,6.099999904632568,9.0,0.578896814753675
Rajasthan,8.056944953070747,8.100000381469727,5.800000190734863,10.199999809265137,1.0229758214616207
Rajasthan,7.852082994249132,7.699999809265137,6.900000095367432,9.300000190734863,0.6012681977625236
Rajasthan,8.061111450195312,8.0,7.199999809265137,9.100000381469727,0.4886363197463525
Rajasthan,7.5,7.5,6.599999904632568,8.600000381469727,0.39365472776843724
Rajasthan,7.333333333333333,7.300000190734863,6.699999809265137,8.199999809265137,0.3009245331860032
Rajasthan,6.915492957746479,6.900000095367432,6.199999809265137,7.599999904632568,0.27070481644536054
Rajasthan,7.733571079799107,7.800000190734863,6.699999809265137,9.0,0.5188738706392009
Rajasthan,7.798611111111111,7.800000190734863,7.0,8.899999618530273,0.363047728861596
Rajasthan,7.849305894639757,7.900000095367432,7.199999809265137,8.699999809265137,0.33291568316712455
Rajasthan,7.264583163791233,7.400000095367432,6.199999809265137,8.5,0.5993594678601958
Rajasthan,6.372222052680121,6.300000190734863,5.699999809265137,7.199999809265137,0.3271179847694024
Rajasthan,7.020138634575738,7.0,6.300000190734863,8.199999809265137,0.37315840926940463
Rajasthan,6.828472561306423,6.800000190734863,6.199999809265137,7.599999904632568,0.2652732349064644
Rajasthan,7.179167005750868,7.149999618530273,6.199999809265137,9.100000381469727,0.6579508546081455
Rajasthan,7.390972561306423,7.300000190734863,6.199999809265137,9.100000381469727,0.7013789281195271
Rajasthan,8.018055386013454,8.199999809265137,6.199999809265137,9.199999809265137,0.6805484675195139
Rajasthan,8.26451652280746,8.199999809265137,6.400000095367432,10.699999809265137,1.012039874260845
Rajasthan,10.019999694824218,10.0,9.699999809265137,10.5,0.263818200139166
Rajasthan,9.699999809265137,9.699999809265137,9.399999618530273,10.0,0.3000001907348633
Rajasthan,9.786666870117188,10.100000381469727,8.699999809265137,11.100000381469727,0.7640826279950341
Rajasthan,8.88888888888889,8.600000381469727,7.900000095367432,10.300000190734863,0.7163866489147857
Rajasthan,8.30373097889459,8.199999809265137,7.5,14.600000381469727,0.7445731074276823
Rajasthan,8.159722222222221,8.0,7.400000095367432,20.799999237060547,1.332359971811705
Rajasthan,10.302097560642483,9.699999809265137,7.599999904632568,14.800000190734863,2.156936062861868
Rajasthan,8.85347154405382,8.699999809265137,8.0,11.5,0.5846310593638593
Rajasthan,8.37971976753715,8.300000190734863,7.300000190734863,13.0,0.6736353239261997
Rajasthan,8.793055216471354,8.399999618530273,7.400000095367432,12.0,1.0113695723511744
Rajasthan,8.117360432942709,8.0,7.400000095367432,18.200000762939453,1.0488307278524471
Rajasthan,8.731250339084202,8.199999809265137,7.699999809265137,22.5,2.043195631389128
Rajasthan,8.141665988498264,8.199999809265137,7.300000190734863,8.800000190734863,0.38306148029995335
Rajasthan,8.29236094156901,8.199999809265137,7.300000190734863,9.600000381469727,0.4123240078473673
Rajasthan,8.007639567057291,8.0,7.199999809265137,9.100000381469727,0.3195222160318514
Rajasthan,8.145454886909965,8.100000381469727,7.599999904632568,8.800000190734863,0.2590264774369686
Rajasthan,8.661805894639757,8.600000381469727,7.699999809265137,10.399999618530273,0.4976327766811641
Rajasthan,7.722916497124566,7.699999809265137,7.0,8.699999809265137,0.31528619607904634
Rajasthan,7.770833333333333,7.800000190734863,7.099999904632568,8.600000381469727,0.33641803449764823
Rajasthan,8.194444444444445,7.900000095367432,7.199999809265137,19.299999237060547,1.4590606414815595
Rajasthan,8.439582824707031,8.449999809265137,6.599999904632568,16.600000381469727,1.1240563385229385
Rajasthan,7.5715281168619795,7.5,6.699999809265137,9.5,0.5047913622397033
Rajasthan,7.600694444444445,7.599999904632568,6.699999809265137,8.399999618530273,0.371277216636919
Rajasthan,6.843055725097656,6.900000095367432,5.699999809265137,7.800000190734863,0.4448240764827263
Rajasthan,6.885416666666667,6.5,5.699999809265137,10.899999618530273,0.9332565905138099
Rajasthan,7.018055809868707,6.800000190734863,5.800000190734863,12.199999809265137,0.9268114899031045
Rajasthan,8.047916836208767,7.699999809265137,5.900000095367432,12.100000381469727,1.1393814477121558
Rajasthan,8.240971883138021,8.199999809265137,6.699999809265137,10.800000190734863,0.6411159159529329
Rajasthan,8.216666327582466,8.0,7.400000095367432,14.100000381469727,0.9660918119854194
Rajasthan,7.775000678168403,7.75,7.199999809265137,8.399999618530273,0.2678359856041858
Rajasthan,7.861111111111111,7.900000095367432,7.199999809265137,9.0,0.40945614516636164
Rajasthan,8.579165988498264,8.5,7.0,9.899999618530273,0.5417147209638448
Rajasthan,9.081944783528646,9.0,7.300000190734863,11.0,0.6820773854250998
Rajasthan,8.786619374449824,8.800000190734863,8.300000190734863,9.5,0.29412770813608774
Rajasthan,8.676388210720486,8.800000190734863,7.5,9.699999809265137,0.4642775213276486
Rajasthan,7.668750339084202,7.649999618530273,6.800000190734863,8.699999809265137,0.517803696595264
Rajasthan,8.065277947319878,8.100000381469727,7.199999809265137,9.0,0.2856083582006949
Rajasthan,7.670629541357081,7.699999809265137,7.0,8.5,0.35475435512865333
Rajasthan,8.079166836208767,8.100000381469727,6.599999904632568,9.199999809265137,0.5287399785012772
Rajasthan,8.128472222222221,8.199999809265137,7.400000095367432,8.899999618530273,0.32991227545109597
Rajasthan,7.836805555555555,7.800000190734863,7.099999904632568,8.5,0.36242746863111874
Rajasthan,8.029166327582466,8.100000381469727,6.5,8.800000190734863,0.4555026415223121
Rajasthan,7.219013912577025,7.199999809265137,6.300000190734863,8.100000381469727,0.367123026789015
Rajasthan,7.249305725097656,7.300000190734863,6.300000190734863,8.300000190734863,0.43795556893927384
Rajasthan,7.166666666666667,7.149999618530273,6.5,8.100000381469727,0.3492054528292081
Rajasthan,7.5090281168619795,7.400000095367432,6.5,9.399999618530273,0.6054054396081753
Rajasthan,7.9465281168619795,7.75,6.699999809265137,9.399999618530273,0.8913093462604095
Rajasthan,8.421804327713815,8.5,6.400000095367432,9.800000190734863,0.5259203733598147
Rajasthan,8.087499618530273,8.25,6.800000190734863,9.100000381469727,0.5956876876583689
Rajasthan,8.014999389648438,8.0,7.599999904632568,8.399999618530273,0.1878163535677099
Rajasthan,9.294594154701576,8.699999809265137,7.699999809265137,13.5,1.391663581182959
Rajasthan,9.963194105360243,9.699999809265137,8.100000381469727,16.5,1.3104147946401306
Rajasthan,9.787499321831596,9.399999618530273,7.5,20.0,1.7190870782318006
Rajasthan,8.210417005750868,8.199999809265137,7.400000095367432,12.300000190734863,0.5770758134185793
Rajasthan,8.503472222222221,8.100000381469727,7.400000095367432,16.799999237060547,1.393407743271051
Rajasthan,8.980555216471354,8.350000381469727,7.5,19.700000762939453,1.6795038287635142
Rajasthan,7.943749321831597,7.900000095367432,7.300000190734863,8.600000381469727,0.3244051725318109
Rajasthan,8.465248053800975,8.199999809265137,7.300000190734863,21.100000381469727,1.3139721663506003
Rajasthan,8.417605977662852,8.300000190734863,7.400000095367432,10.0,0.5787673718349091
Rajasthan,7.846527947319879,7.900000095367432,7.0,8.800000190734863,0.43762513198995295
Rajasthan,8.746808856937056,8.600000381469727,7.5,12.800000190734863,0.8171523984784833
Rajasthan,8.064583672417534,8.0,7.300000190734863,9.699999809265137,0.48555075947195314
Rajasthan,7.677083333333333,7.699999809265137,6.900000095367432,8.5,0.3471548618251887
Rajasthan,8.099305894639757,8.100000381469727,7.199999809265137,9.199999809265137,0.3596867028063399
Rajasthan,8.029861450195312,8.0,7.099999904632568,9.0,0.4823380521922806
Rajasthan,8.899999830457899,8.800000190734863,8.100000381469727,10.399999618530273,0.5197488735322874
Rajasthan,8.858333163791233,8.699999809265137,7.699999809265137,10.0,0.6093598444776557
Rajasthan,8.033333672417534,8.0,7.0,9.800000190734863,0.4876246384928044
Rajasthan,7.18263922797309,7.25,6.199999809265137,8.0,0.4602731563504671
Rajasthan,7.535416497124566,7.300000190734863,6.199999809265137,9.899999618530273,0.8300325295136842
Rajasthan,6.969444274902344,6.900000095367432,5.900000095367432,7.800000190734863,0.41387022474706053
Rajasthan,7.3659718831380205,6.949999809265137,6.0,11.899999618530273,1.273673739684812
Rajasthan,7.8631947835286455,7.699999809265137,6.599999904632568,12.199999809265137,0.876446950715421
Rajasthan,8.123611450195312,7.900000095367432,6.800000190734863,12.199999809265137,0.940374196282651
Rajasthan,8.259028116861979,8.100000381469727,7.599999904632568,10.100000381469727,0.4800771306713281
Rajasthan,8.297222561306423,7.599999904632568,6.900000095367432,20.899999618530273,2.4162052314839206
Rajasthan,9.15625,9.300000190734863,7.400000095367432,10.399999618530273,0.677397364029864
Rajasthan,8.813194274902344,8.699999809265137,7.599999904632568,10.199999809265137,0.6042955495216945
Rajasthan,9.340277777777779,9.300000190734863,8.5,10.399999618530273,0.40779205046534756
Rajasthan,8.965277777777779,9.0,7.800000190734863,9.699999809265137,0.40022898907321547
Rajasthan,7.595833672417535,7.5,6.599999904632568,9.199999809265137,0.6577397158234475
Rajasthan,8.294444613986546,8.300000190734863,7.400000095367432,9.399999618530273,0.3487632086895582
Rajasthan,8.05138905843099,8.0,7.300000190734863,8.800000190734863,0.3100147720212934
Rajasthan,7.921527438693577,7.900000095367432,7.300000190734863,8.5,0.2672293882347413
Rajasthan,8.059722052680122,8.100000381469727,7.099999904632568,8.800000190734863,0.33815667579645636
Rajasthan,8.234027438693577,8.199999809265137,7.5,9.399999618530273,0.3160439109933115
Rajasthan,8.395833333333334,8.300000190734863,7.699999809265137,9.199999809265137,0.36890883465771607
Rajasthan,7.790972391764323,7.900000095367432,6.599999904632568,8.899999618530273,0.5117932938391947
Rajasthan,7.475694444444445,7.5,6.800000190734863,8.399999618530273,0.3212921897378153
Rajasthan,7.188889397515191,7.199999809265137,6.400000095367432,8.199999809265137,0.3649793142239072
Rajasthan,7.423611111111111,7.400000095367432,6.5,8.600000381469727,0.4965137085777854
Rajasthan,8.057746135013204,8.149999618530273,6.400000095367432,9.899999618530273,0.8120851004947187
Rajasthan,9.055357796805245,9.199999809265137,7.300000190734863,10.600000381469727,0.7370112172690501
Rajasthan,,,,,
Rajasthan,9.992857433500744,9.550000190734863,8.699999809265137,17.399999618530273,1.5798422038165627
Rajasthan,9.306895990481323,8.899999618530273,7.699999809265137,12.899999618530273,1.3924915935440303
Rajasthan,8.254545269590436,8.300000190734863,7.5,9.0,0.3542733727536657
Rajasthan,9.897368581671463,9.399999618530273,7.800000190734863,21.899999618530273,2.4298025434112596
Rajasthan,9.058333502875435,8.899999618530273,7.400000095367432,21.799999237060547,1.6629750146961537
Rajasthan,11.168310031084948,10.800000190734863,8.300000190734863,22.399999618530273,2.126670678000764
Rajasthan,8.963889227973091,8.899999618530273,7.699999809265137,11.5,0.5684544155405122
Rajasthan,8.422915988498264,8.0,7.300000190734863,24.200000762939453,2.082590533994541
Rajasthan,8.679167005750868,8.199999809265137,7.599999904632568,12.0,1.0020032010128652
Rajasthan,8.991667005750868,8.600000381469727,7.5,13.399999618530273,1.239763641097535
Rajasthan,8.411805894639757,8.300000190734863,7.300000190734863,11.100000381469727,0.6783861883574895
Rajasthan,8.852082994249132,8.699999809265137,7.300000190734863,12.699999809265137,0.784836184221184
Rajasthan,8.225174483719405,8.199999809265137,7.199999809265137,10.0,0.562644652539185
Rajasthan,8.45347171359592,8.399999618530273,7.5,10.0,0.4878970111716355
Rajasthan,8.377777947319878,8.300000190734863,7.5,9.399999618530273,0.39041364368731346
Rajasthan,8.700693766276041,8.800000190734863,7.400000095367432,9.800000190734863,0.5171363892348291
Rajasthan,8.815277099609375,8.800000190734863,7.599999904632568,10.199999809265137,0.4050582240217815
Rajasthan,8.943055894639757,9.0,8.100000381469727,9.699999809265137,0.3241768689097612
Rajasthan,9.270833333333334,9.199999809265137,8.399999618530273,10.600000381469727,0.4401507377939674
Rajasthan,9.481944613986546,9.600000381469727,8.100000381469727,10.699999809265137,0.6799359225855415
Rajasthan,8.447916666666666,8.5,7.5,9.600000381469727,0.4112934487540423
Rajasthan,7.685416327582465,7.699999809265137,6.099999904632568,9.0,0.6412843858614996
Rajasthan,7.457746478873239,7.400000095367432,6.400000095367432,8.600000381469727,0.5441525025639505
Rajasthan,7.752083672417535,7.75,6.5,9.300000190734863,0.6840411608368686
Rajasthan,7.724999321831597,7.699999809265137,6.5,9.199999809265137,0.6416666827680585
Rajasthan,7.869444953070746,7.900000095367432,6.699999809265137,9.5,0.4314507009224353
Rajasthan,8.384722391764322,8.399999618530273,7.099999904632568,11.100000381469727,0.6989396354631876
Rajasthan,9.209027608235678,8.199999809265137,6.900000095367432,24.200000762939453,3.4339181075376555
Rajasthan,10.620139227973091,9.149999618530273,7.0,25.200000762939453,3.857020669659528
Rajasthan,8.096527099609375,8.0,7.199999809265137,9.399999618530273,0.5572019589237507
Rajasthan,8.795834011501736,8.699999809265137,7.5,10.100000381469727,0.718203275375711
Rajasthan,8.304347826086957,8.300000190734863,7.5,9.600000381469727,0.3915538700932887
Rajasthan,8.838194105360243,8.899999618530273,7.599999904632568,9.800000190734863,0.4065430793109922
Rajasthan,8.594444274902344,8.600000381469727,7.300000190734863,9.899999618530273,0.5704259986265636
Rajasthan,8.44166734483507,8.399999618530273,7.800000190734863,9.399999618530273,0.3296672886001567
Rajasthan,8.068055894639757,8.100000381469727,7.300000190734863,8.699999809265137,0.31350454998443
Rajasthan,8.063194274902344,8.0,7.199999809265137,9.199999809265137,0.40047655230450857
Rajasthan,8.181944953070747,8.199999809265137,7.400000095367432,9.0,0.33904534949718657
Rajasthan,8.040277269151476,8.0,7.5,8.899999618530273,0.21644839447646547
Rajasthan,8.290972391764322,8.300000190734863,7.599999904632568,8.800000190734863,0.23831381881928007
Rajasthan,8.363194783528646,8.300000190734863,7.5,9.699999809265137,0.4179557565242685
Rajasthan,8.333333333333334,8.300000190734863,7.199999809265137,9.600000381469727,0.5774705566627681
Rajasthan,7.804166158040364,7.800000190734863,6.900000095367432,8.699999809265137,0.39945711708210774
Rajasthan,7.5444446139865455,7.5,6.400000095367432,8.5,0.44686841293790636
Rajasthan,7.722916497124566,7.599999904632568,6.599999904632568,9.699999809265137,0.6471861114107649
Rajasthan,9.430832926432291,9.5,7.900000095367432,11.0,0.5904512157711679
Rajasthan,11.199999809265137,11.199999809265137,11.199999809265137,11.199999809265137,0.0
Rajasthan,14.193150350492294,10.100000381469727,8.899999618530273,40.5,8.076896315112853
Rajasthan,9.96808510638298,8.850000381469727,7.900000095367432,15.199999809265137,2.0265898403210367
Rajasthan,8.205769465519833,8.100000381469727,7.300000190734863,9.100000381469727,0.45442837831421834
Rajasthan,9.294504689646292,8.899999618530273,7.599999904632568,13.899999618530273,1.3511380656640104
Rajasthan,8.744444105360243,8.600000381469727,7.5,16.0,1.028670784663388
Rajasthan,10.864583333333334,10.0,8.199999809265137,28.899999618530273,2.852958193129762
Rajasthan,9.29513888888889,9.0,8.199999809265137,13.0,0.8395046114388983
Rajasthan,8.42013888888889,8.100000381469727,7.5,14.699999809265137,0.9877428970217009
Rajasthan,8.507638719346788,8.199999809265137,7.400000095367432,11.100000381469727,0.8315881746774334
Rajasthan,8.871527777777779,8.600000381469727,7.599999904632568,12.0,0.8494821406919402
Rajasthan,8.643749660915798,8.600000381469727,7.300000190734863,11.0,0.6306652581278847
Rajasthan,9.657626911745233,8.75,7.5,34.599998474121094,3.624782944753193
Rajasthan,8.92835839114972,8.899999618530273,8.0,11.199999809265137,0.37007703296405464
Rajasthan,8.779850746268657,8.75,7.5,11.600000381469727,0.6242344274033929
Rajasthan,8.202777438693577,8.199999809265137,7.300000190734863,9.5,0.3994691175744672
Rajasthan,8.899305555555555,8.899999618530273,7.900000095367432,9.699999809265137,0.3684608553652372
Rajasthan,8.746853488308567,8.800000190734863,7.599999904632568,10.399999618530273,0.41489811760454853
Rajasthan,8.894444783528646,8.800000190734863,8.199999809265137,10.600000381469727,0.42586154641637686
Rajasthan,9.776388380262587,9.850000381469727,8.300000190734863,10.899999618530273,0.6088452190675709
Rajasthan,9.71875,9.699999809265137,8.699999809265137,11.300000190734863,0.4450294460598985
Rajasthan,8.988194783528646,8.899999618530273,8.199999809265137,10.300000190734863,0.4463582409713274
Rajasthan,8.563194274902344,8.300000190734863,6.900000095367432,14.699999809265137,1.2480955352230771
Rajasthan,8.053471883138021,8.0,7.400000095367432,9.199999809265137,0.3386889020715637
Rajasthan,8.422915988498264,8.5,7.300000190734863,9.300000190734863,0.4080302684332585
Rajasthan,8.20763905843099,8.300000190734863,7.199999809265137,9.300000190734863,0.44222919498920543
Rajasthan,8.544444613986546,8.699999809265137,7.400000095367432,9.699999809265137,0.5587408448955288
Rajasthan,8.573611789279514,8.699999809265137,7.0,9.699999809265137,0.534372150998423
Rajasthan,7.952777438693577,7.900000095367432,6.900000095367432,9.600000381469727,0.5324138686573662
Rajasthan,8.477082994249132,8.5,7.5,9.5,0.3487514728576013
Rajasthan,12.038888719346788,10.600000381469727,8.399999618530273,23.100000381469727,3.9172890885604246
Rajasthan,8.669444613986546,8.199999809265137,7.300000190734863,17.299999237060547,1.8181674783165498
Rajasthan,8.154167175292969,8.100000381469727,7.400000095367432,9.600000381469727,0.46470943973593004
Rajasthan,8.705555386013454,8.699999809265137,8.0,9.300000190734863,0.3056818177428962
Rajasthan,8.784722222222221,8.800000190734863,8.199999809265137,9.5,0.3156385890478371
Rajasthan,8.059155101507482,8.100000381469727,7.0,8.899999618530273,0.38348935857913763
Rajasthan,8.083333333333334,8.0,7.400000095367432,8.899999618530273,0.3511884478679641
Rajasthan,7.927777608235677,7.900000095367432,7.300000190734863,8.600000381469727,0.28319715680846097
Rajasthan,8.10416751437717,8.100000381469727,7.5,8.699999809265137,0.2597741732351078
Rajasthan,8.251388549804688,8.300000190734863,7.699999809265137,8.800000190734863,0.2368737433340294
Rajasthan,8.328472561306423,8.300000190734863,7.699999809265137,9.699999809265137,0.32843544130550834
Rajasthan,8.409027099609375,8.399999618530273,7.699999809265137,9.5,0.36665021370545314
Rajasthan,8.356944613986546,8.350000381469727,7.699999809265137,9.199999809265137,0.3471416074473374
Rajasthan,8.038194444444445,8.0,7.300000190734863,9.100000381469727,0.37062195729198355
Rajasthan,8.383332994249132,8.300000190734863,7.400000095367432,9.600000381469727,0.4293082357904868
Rajasthan,8.610949439723996,8.399999618530273,7.400000095367432,10.600000381469727,0.7298313790742847
Rajasthan,10.64065080348069,10.600000381469727,8.699999809265137,13.600000381469727,0.8945033272767269
Rajasthan,9.736363497647373,9.699999809265137,9.0,10.300000190734863,0.3960549976899429
Rajasthan,11.350001017252604,9.549999237060547,7.5,20.299999237060547,3.769799486067851
Rajasthan,10.61999969482422,10.0,9.399999618530273,13.899999618530273,1.6545693165014268
Rajasthan,17.548530129825366,11.0,8.5,40.70000076293945,10.288107065597906
Rajasthan,10.426315422344924,8.800000190734863,7.900000095367432,28.299999237060547,4.07168642448093
Rajasthan,8.163157527608083,8.199999809265137,7.400000095367432,9.100000381469727,0.3601323262549398
Rajasthan,10.850694444444445,9.899999618530273,8.199999809265137,15.399999618530273,2.135643175534284
Rajasthan,9.904166327582466,9.600000381469727,7.800000190734863,26.200000762939453,2.1309842769742096
Rajasthan,10.677083333333334,10.350000381469727,8.800000190734863,14.399999618530273,1.248761524230753
Rajasthan,11.619013396786972,11.199999809265137,8.600000381469727,15.899999618530273,1.8740606666664932
Rajasthan,12.531945122612846,12.449999809265137,7.900000095367432,27.700000762939453,3.16114988322084
Rajasthan,8.981203007518797,8.600000381469727,8.0,16.799999237060547,1.2386719600499656
Rajasthan,8.345833672417534,8.300000190734863,7.800000190734863,9.600000381469727,0.27458931438827966
Rajasthan,8.613194783528646,8.5,7.599999904632568,11.0,0.6057876361027466
Rajasthan,8.965492785816462,8.75,7.599999904632568,17.399999618530273,1.2073743724233106
Rajasthan,14.705263157894738,13.199999809265137,8.100000381469727,40.79999923706055,6.280250845858605
Rajasthan,10.176562309265137,9.25,7.900000095367432,23.5,2.658608706103689
Rajasthan,8.217361450195312,8.199999809265137,7.300000190734863,9.5,0.4833806979827802
Rajasthan,9.38472154405382,9.199999809265137,8.0,14.399999618530273,1.1657328866230878
Rajasthan,9.59513939751519,9.100000381469727,7.900000095367432,20.299999237060547,1.7713510582491307
Rajasthan,8.940972222222221,8.899999618530273,8.199999809265137,10.0,0.3243397563496168
Rajasthan,9.547916836208767,9.300000190734863,8.5,18.399999618530273,1.2108862645101945
Rajasthan,9.295833163791233,9.300000190734863,8.699999809265137,10.300000190734863,0.3447775194552367
Rajasthan,8.9375,9.100000381469727,7.599999904632568,9.800000190734863,0.5352666539412871
Rajasthan,8.23263888888889,8.100000381469727,6.900000095367432,13.699999809265137,0.9139223867712876
Rajasthan,8.654861450195312,8.649999618530273,7.5,11.100000381469727,0.6357224759988589
Rajasthan,8.689582824707031,8.600000381469727,7.599999904632568,10.699999809265137,0.5705405021800033
Rajasthan,8.110415988498264,8.100000381469727,7.400000095367432,9.899999618530273,0.41411195945845475
Rajasthan,7.968055725097656,7.900000095367432,7.199999809265137,8.800000190734863,0.40425734839730476
Rajasthan,8.616667005750868,8.699999809265137,7.900000095367432,9.800000190734863,0.3935239115308088
Rajasthan,8.42361111111111,8.300000190734863,7.5,10.399999618530273,0.5647007381105771
Rajasthan,8.57986111111111,8.600000381469727,7.0,10.100000381469727,0.6579197101784975
Rajasthan,13.75,12.899999618530273,7.0,23.799999237060547,4.384141239847725
Rajasthan,11.689583672417534,10.100000381469727,8.100000381469727,22.299999237060547,3.581835291338932
Rajasthan,8.241667005750868,8.199999809265137,7.199999809265137,9.5,0.4599969479246002
Rajasthan,8.649305555555555,8.699999809265137,7.599999904632568,9.699999809265137,0.3499992826963607
Rajasthan,9.074999491373697,9.100000381469727,8.300000190734863,9.800000190734863,0.32307123484234945
Rajasthan,8.780146879308363,8.899999618530273,7.400000095367432,10.600000381469727,0.7625248101953258
Rajasthan,8.954166836208767,8.899999618530273,7.599999904632568,11.0,0.8078498913799136
Rajasthan,8.799306233723959,8.800000190734863,7.699999809265137,10.0,0.5188791925373684
Rajasthan,8.70902845594618,8.649999618530273,7.5,10.5,0.5712939749536621
Rajasthan,8.588194105360243,8.550000190734863,8.100000381469727,9.5,0.29545081729813677
Rajasthan,8.200709566156915,8.199999809265137,7.5,8.899999618530273,0.275602832156902
Rajasthan,7.939583672417535,7.900000095367432,7.300000190734863,9.0,0.33772500829364127
Rajasthan,8.35972171359592,8.399999618530273,7.5,9.199999809265137,0.4040282303357447
Rajasthan,8.079710144927537,8.100000381469727,7.300000190734863,9.100000381469727,0.3319156823561994
Rajasthan,8.562726939808238,8.5,7.699999809265137,9.899999618530273,0.44042519648700484
Rajasthan,8.449999809265137,8.449999809265137,8.399999618530273,8.5,0.05000019073486328
Rajasthan,12.066666497124565,11.799999237060547,10.199999809265137,14.0,1.1080513409791797
Rajasthan,,,,,
Rajasthan,8.961538461538462,9.199999809265137,8.0,9.699999809265137,0.5313820763642918
Rajasthan,7.8629027335874495,7.800000190734863,7.099999904632568,9.5,0.5121850428525321
Rajasthan,8.947436210436699,8.050000190734863,7.099999904632568,23.799999237060547,3.165103154060838
Rajasthan,17.038027481294016,13.199999809265137,9.5,33.400001525878906,7.973995894726733
Rajasthan,13.816666920979818,11.0,7.800000190734863,38.29999923706055,7.286598178668138
Rajasthan,12.041844144780585,9.899999618530273,7.599999904632568,43.0,5.877220729327931
Rajasthan,10.39236111111111,9.600000381469727,7.900000095367432,25.799999237060547,2.3886618520041134
Rajasthan,9.553472730848524,9.699999809265137,7.599999904632568,11.600000381469727,0.8875616820672174
Rajasthan,10.519444783528646,10.300000190734863,9.300000190734863,14.100000381469727,0.9526482038735096
Rajasthan,9.722222222222221,9.300000190734863,8.300000190734863,12.800000190734863,1.0449245454308378
Rajasthan,10.958333333333334,9.899999618530273,8.199999809265137,20.200000762939453,2.6032165553560995
Rajasthan,8.873611450195312,8.600000381469727,7.900000095367432,12.699999809265137,0.9488286546619737
Rajasthan,8.66014003086757,8.300000190734863,7.900000095367432,17.100000381469727,1.2766399946705154
Rajasthan,8.456944783528646,8.399999618530273,7.599999904632568,9.699999809265137,0.4054580157443255
Rajasthan,8.842361450195312,8.800000190734863,7.699999809265137,10.100000381469727,0.5159376454834825
Rajasthan,9.439582824707031,9.050000190734863,8.0,17.299999237060547,1.4197132898346836
Rajasthan,9.530555725097656,9.0,8.0,18.200000762939453,1.820267030106332
Rajasthan,8.474305894639757,8.5,7.400000095367432,9.800000190734863,0.5041145366502862
Rajasthan,9.215972052680122,9.300000190734863,8.199999809265137,10.0,0.4023650891424443
Rajasthan,9.131250169542101,9.100000381469727,8.300000190734863,10.0,0.3428776502489107
Rajasthan,8.95486111111111,8.899999618530273,8.0,10.300000190734863,0.45166818371310546
Rajasthan,9.172915988498264,9.100000381469727,7.900000095367432,13.399999618530273,0.610125061794211
Rajasthan,9.374304877387154,9.5,8.5,10.300000190734863,0.3938320740556265
Rajasthan,8.400694105360243,8.399999618530273,7.599999904632568,9.399999618530273,0.4180803157966362
Rajasthan,8.882394710057218,8.800000190734863,7.800000190734863,9.899999618530273,0.44267101254014474
Rajasthan,9.304861280653212,9.300000190734863,8.300000190734863,10.800000190734863,0.4886674197430935
Rajasthan,9.129860772026909,9.100000381469727,8.100000381469727,11.899999618530273,0.4787251128495598
Rajasthan,8.81388939751519,8.800000190734863,7.699999809265137,10.199999809265137,0.532891853881251
Rajasthan,8.256944444444445,8.199999809265137,7.199999809265137,9.199999809265137,0.3943441500596653
Rajasthan,8.20486111111111,8.199999809265137,7.5,9.199999809265137,0.34547266782106567
Rajasthan,8.245139227973091,8.0,7.099999904632568,9.600000381469727,0.6427836308669298
Rajasthan,9.297916836208767,9.399999618530273,7.099999904632568,10.699999809265137,0.6819568088573923
Rajasthan,9.05138905843099,8.199999809265137,6.800000190734863,19.5,2.3988419257219014
Rajasthan,11.422222561306423,10.300000190734863,7.900000095367432,20.299999237060547,2.9011837409317325
Rajasthan,10.250694274902344,8.800000190734863,7.400000095367432,24.0,3.5416763837299152
Rajasthan,8.756944444444445,8.800000190734863,7.400000095367432,11.5,0.711088036196827
Rajasthan,9.447222391764322,9.5,8.199999809265137,10.399999618530273,0.4752111522858254
Rajasthan,9.731250339084202,9.600000381469727,8.699999809265137,11.100000381469727,0.518607764663875
Rajasthan,9.514584011501736,9.399999618530273,8.600000381469727,10.899999618530273,0.4644244955715807
Rajasthan,8.903472900390625,9.0,7.099999904632568,10.399999618530273,0.7637092349768847
Rajasthan,9.210417005750868,9.199999809265137,7.5,10.699999809265137,0.756336083306071
Rajasthan,9.014584011501736,9.0,8.300000190734863,9.899999618530273,0.3928119387217456
Rajasthan,8.066102108712924,7.900000095367432,7.0,10.300000190734863,0.7136941633129271
Rajasthan,7.7985503708106885,7.699999809265137,7.0,8.699999809265137,0.42169182988228715
Rajasthan,8.583871164629537,8.600000381469727,8.0,9.100000381469727,0.21417027956050103
Rajasthan,8.900000138716264,9.0,8.300000190734863,9.399999618530273,0.3516195650893998
Rajasthan,8.722726995294744,8.75,8.399999618530273,9.0,0.16768967348308045
Rajasthan,,,,,
Rajasthan,8.52745086071538,8.5,7.800000190734863,9.899999618530273,0.3799268793552315
Rajasthan,8.075000339084202,8.0,7.300000190734863,9.300000190734863,0.4091827666806671
Rajasthan,8.05483910345262,8.100000381469727,7.0,9.100000381469727,0.47981093366888994
Rajasthan,14.549999036287007,11.0,9.699999809265137,36.400001525878906,6.692110644966375
Rajasthan,16.94250030517578,11.899999618530273,9.5,45.70000076293945,9.548596269555704
Rajasthan,12.558394160583942,11.300000190734863,9.5,38.29999923706055,4.641130666685339
Rajasthan,14.62083265516493,12.949999809265137,8.5,44.20000076293945,6.229788180431807
Rajasthan,10.029166327582466,10.149999618530273,8.600000381469727,11.100000381469727,0.586287139692186
Rajasthan,9.72027972027972,9.899999618530273,8.100000381469727,11.300000190734863,0.7379388675052555
Rajasthan,9.304167005750868,9.149999618530273,7.900000095367432,11.300000190734863,0.7433851603243022
Rajasthan,10.697841726618705,9.699999809265137,8.5,26.899999618530273,2.7282288571925197
Rajasthan,9.630555894639757,8.850000381469727,7.900000095367432,14.600000381469727,1.7110051235992263
Rajasthan,8.394444783528646,8.300000190734863,7.800000190734863,11.699999809265137,0.42537196236645136
Rajasthan,8.96357160295759,8.600000381469727,7.599999904632568,21.700000762939453,1.5927160342412605
Rajasthan,8.602778116861979,8.699999809265137,7.5,10.199999809265137,0.5739657731500888
Rajasthan,8.960000174386161,8.899999618530273,7.900000095367432,12.399999618530273,0.5851495215659317
Rajasthan,9.297222561306423,9.399999618530273,8.199999809265137,10.300000190734863,0.44968266838242726
Rajasthan,9.109722561306423,9.0,8.199999809265137,10.300000190734863,0.43721331432345767
Rajasthan,9.116666158040365,9.100000381469727,8.199999809265137,10.199999809265137,0.3719318491291255
Rajasthan,9.340971204969618,9.199999809265137,8.100000381469727,19.299999237060547,1.1259201413659328
Rajasthan,8.669443766276041,8.600000381469727,8.0,10.0,0.41521040442812207
Rajasthan,8.899999830457899,8.800000190734863,8.199999809265137,10.399999618530273,0.38115320140717607
Rajasthan,8.871527777777779,8.899999618530273,8.0,9.600000381469727,0.34352403793102615
Rajasthan,8.920834011501736,8.899999618530273,8.0,9.899999618530273,0.33662438548451906
Rajasthan,8.84375,8.699999809265137,7.699999809265137,20.100000381469727,1.137597309866837
Rajasthan,8.649999830457899,8.600000381469727,7.900000095367432,9.800000190734863,0.3862210203169336
Rajasthan,9.190277947319878,9.100000381469727,8.300000190734863,10.899999618530273,0.48581538661360474
Rajasthan,9.280554877387154,9.300000190734863,8.199999809265137,10.600000381469727,0.35400051226408114
Rajasthan,8.681944105360243,8.699999809265137,7.800000190734863,9.800000190734863,0.37111931127489645
Rajasthan,8.54236094156901,8.5,7.800000190734863,9.399999618530273,0.3392351985400574
Rajasthan,8.583333333333334,8.600000381469727,7.199999809265137,10.600000381469727,0.6164413995449008
Rajasthan,8.461111280653212,8.300000190734863,7.400000095367432,10.300000190734863,0.6678230801836205
Rajasthan,8.411110772026909,8.300000190734863,7.0,10.199999809265137,0.8407264649376667
Rajasthan,10.545833163791233,9.600000381469727,7.5,17.600000381469727,2.491816377941932
Rajasthan,12.906945122612846,10.699999809265137,8.0,23.700000762939453,4.283392575746645
Rajasthan,9.846527099609375,9.899999618530273,8.300000190734863,11.100000381469727,0.5325401840364086
Rajasthan,9.749305725097656,9.800000190734863,8.800000190734863,10.800000190734863,0.46755814950452007
Rajasthan,9.674305386013454,9.600000381469727,8.699999809265137,11.0,0.4855904963731802
Rajasthan,9.707091852282801,9.699999809265137,8.5,11.0,0.5579401199981298
Rajasthan,9.80281690140845,9.850000381469727,8.5,10.899999618530273,0.619398094444383
Rajasthan,9.57021207335993,9.600000381469727,8.5,10.600000381469727,0.4797672258863995
Rajasthan,9.603418594751602,9.600000381469727,8.5,10.800000190734863,0.44316878227927714
Rajasthan,9.58636405251243,9.600000381469727,9.0,10.199999809265137,0.3195101735595307
Rajasthan,,,,,
Rajasthan,8.268571254185268,8.199999809265137,7.599999904632568,9.199999809265137,0.33871300621237455
Rajasthan,8.295041423198604,8.300000190734863,7.699999809265137,9.399999618530273,0.3456580913878877
Rajasthan,8.268420570775083,8.199999809265137,7.699999809265137,9.199999809265137,0.32044804755298895
Rajasthan,8.273333740234374,8.199999809265137,7.800000190734863,9.5,0.4122565631212009
Rajasthan,8.433333333333334,8.5,7.699999809265137,9.399999618530273,0.5274676439467694
Rajasthan,7.962963528103298,7.900000095367432,7.400000095367432,8.899999618530273,0.38020279288802883
Rajasthan,7.841463414634147,7.800000190734863,7.5,8.199999809265137,0.15769009127580824
Rajasthan,10.35,10.350000381469727,9.100000381469727,11.399999618530273,0.48321827648104027
Rajasthan,9.446528116861979,9.300000190734863,7.400000095367432,13.399999618530273,1.5572818598535867
Rajasthan,10.943749321831596,10.350000381469727,7.800000190734863,31.0,2.722991578913948
Rajasthan,9.924999660915798,9.399999618530273,8.5,18.899999618530273,1.9563465052794784
Rajasthan,13.175000508626303,10.699999809265137,9.100000381469727,39.099998474121094,5.2907741899505245
Rajasthan,9.465714808872768,9.5,8.100000381469727,11.5,0.6415128843210296
Rajasthan,9.374305725097656,9.399999618530273,7.900000095367432,10.300000190734863,0.39365568597230943
Rajasthan,8.939583672417534,8.899999618530273,7.900000095367432,13.899999618530273,0.6918391825918265
Rajasthan,12.75972154405382,13.350000381469727,8.300000190734863,17.700000762939453,2.1827709139180773
Rajasthan,8.763194613986546,8.800000190734863,7.699999809265137,10.300000190734863,0.49465847319262896
Rajasthan,8.684722900390625,8.5,7.599999904632568,15.800000190734863,1.114133907857205
Rajasthan,8.716666327582466,8.649999618530273,8.0,10.199999809265137,0.3822448295247812
Rajasthan,9.491608733063812,9.199999809265137,8.0,14.600000381469727,1.1989212203963138
Rajasthan,9.106993348448427,9.0,8.100000381469727,11.600000381469727,0.5841317382836789
Rajasthan,8.956643698098777,9.0,7.5,10.399999618530273,0.5947978888926067
Rajasthan,8.943055046929253,8.899999618530273,7.900000095367432,11.199999809265137,0.4827083163582165
Rajasthan,9.139583163791233,9.050000190734863,7.699999809265137,14.899999618530273,1.0781425886657512
Rajasthan,9.616782875327797,8.699999809265137,7.699999809265137,22.399999618530273,2.6864588126099864
Rajasthan,8.950693766276041,8.899999618530273,7.900000095367432,10.0,0.37638565236181276
Rajasthan,8.985416836208767,9.0,8.300000190734863,10.199999809265137,0.33808462955360963
Rajasthan,9.265972561306423,9.199999809265137,7.900000095367432,11.5,0.5561728625397238
Rajasthan,8.713138329721716,8.199999809265137,7.300000190734863,25.0,2.233122224158664
Rajasthan,8.592770496046686,8.600000381469727,7.5,10.300000190734863,0.5428135357213452
Rajasthan,9.110157012939453,8.899999618530273,7.699999809265137,11.5,0.7538277449374281
Rajasthan,9.079165988498264,9.100000381469727,8.0,10.199999809265137,0.3936783584555958
Rajasthan,9.000695122612846,8.899999618530273,7.800000190734863,10.899999618530273,0.6518666263701147
Rajasthan,8.708333333333334,8.800000190734863,7.5,9.600000381469727,0.3904235687125022
Rajasthan,8.063888549804688,8.100000381469727,7.099999904632568,8.800000190734863,0.37502056969071274
Rajasthan,8.347222222222221,8.300000190734863,7.300000190734863,9.399999618530273,0.43316409521847926
Rajasthan,9.307639227973091,9.0,7.900000095367432,15.100000381469727,1.1082443546859306
Rajasthan,9.879166497124565,9.899999618530273,7.400000095367432,16.600000381469727,1.3999937884234126
Rajasthan,9.963194105360243,10.100000381469727,8.100000381469727,13.600000381469727,0.809727882486604
Rajasthan,11.706250508626303,10.850000381469727,8.800000190734863,18.0,2.3416583045302333
Rajasthan,11.559027777777779,10.899999618530273,8.899999618530273,17.600000381469727,1.9690103456256625
Rajasthan,9.407638549804688,9.199999809265137,8.5,16.200000762939453,0.981784089066795
Rajasthan,9.875,9.899999618530273,8.600000381469727,11.199999809265137,0.5580845101049308
Rajasthan,10.06666734483507,10.199999809265137,8.699999809265137,11.0,0.4931474693430669
Rajasthan,9.670073349110401,9.699999809265137,7.900000095367432,10.800000190734863,0.6377841265075209
Rajasthan,9.828571137927828,9.800000190734863,9.399999618530273,10.199999809265137,0.2490800042258294
Rajasthan,,,,,
Rajasthan,8.259503829577737,8.199999809265137,7.599999904632568,10.5,0.41212584568481003
Rajasthan,9.45763905843099,8.600000381469727,7.599999904632568,32.900001525878906,3.4184869301512513
Rajasthan,8.928070068359375,8.5,7.699999809265137,21.5,1.7196750063087292
Rajasthan,8.285714285714286,8.199999809265137,7.5,9.5,0.4380175803050305
Rajasthan,7.96904790969122,7.900000095367432,7.400000095367432,9.800000190734863,0.3150873829701943
Rajasthan,8.174038813664364,7.900000095367432,7.400000095367432,19.899999618530273,1.5732740674217056
Rajasthan,8.433333079020182,8.399999618530273,8.199999809265137,8.699999809265137,0.20548047707941217
Rajasthan,7.545714460100446,7.5,7.099999904632568,8.300000190734863,0.28318883364724645
Rajasthan,7.9525001525878904,7.800000190734863,7.199999809265137,9.800000190734863,0.6117546487849461
Rajasthan,8.198611789279514,7.900000095367432,7.300000190734863,12.899999618530273,1.114362406918677
Rajasthan,10.276389227973091,9.600000381469727,8.199999809265137,14.399999618530273,1.560359014779676
Rajasthan,9.795000348772321,9.300000190734863,8.300000190734863,33.599998474121094,2.749320010504187
Rajasthan,10.663934426229508,10.050000190734863,8.899999618530273,26.200000762939453,2.659442436528728
Rajasthan,11.14954932960304,9.899999618530273,8.800000190734863,34.400001525878906,3.9185600990408553
Rajasthan,9.200000339084202,9.100000381469727,8.5,10.899999618530273,0.5070338291756706
Rajasthan,8.61388905843099,8.600000381469727,7.800000190734863,9.699999809265137,0.3616342276650172
Rajasthan,11.390972561306423,11.75,7.699999809265137,16.5,2.1375581110031914
Rajasthan,8.873611450195312,8.699999809265137,7.599999904632568,13.0,0.9279596426908719
Rajasthan,8.726618705035971,8.399999618530273,7.5,21.5,1.5527453188300726
Rajasthan,8.518749660915798,8.399999618530273,7.900000095367432,16.600000381469727,0.8284833193659898
Rajasthan,8.79090977381993,8.600000381469727,7.599999904632568,14.100000381469727,0.8606315251568958
Rajasthan,8.880555894639757,8.800000190734863,8.300000190734863,10.5,0.38320250828053776
Rajasthan,8.209091079818618,8.100000381469727,7.199999809265137,14.199999809265137,0.7561319441023403
Rajasthan,8.923943318111796,8.800000190734863,7.699999809265137,11.600000381469727,0.7756804966470039
Rajasthan,9.206249660915798,9.199999809265137,8.100000381469727,10.699999809265137,0.4715840201444345
Rajasthan,9.91736094156901,9.699999809265137,7.699999809265137,18.299999237060547,1.4123625270225437
Rajasthan,9.928471883138021,10.0,8.199999809265137,20.899999618530273,1.2347212088147776
Rajasthan,10.197222391764322,10.0,8.5,20.700000762939453,1.5788069587934535
Rajasthan,10.318055894639757,10.199999809265137,8.800000190734863,11.800000190734863,0.5505871699851972
Rajasthan,9.073042629076086,8.899999618530273,7.699999809265137,12.899999618530273,1.0470930211569038
Rajasthan,13.699998938519022,13.550000190734863,9.100000381469727,29.0,3.381792694579137
Rajasthan,11.166901924240758,10.5,7.800000190734863,17.899999618530273,2.4009012963685543
Rajasthan,9.278472900390625,9.100000381469727,7.699999809265137,13.5,0.9040159828447727
Rajasthan,10.902777777777779,10.25,8.300000190734863,18.799999237060547,2.354367836115502
Rajasthan,9.315277947319878,8.899999618530273,7.199999809265137,14.899999618530273,1.4360110296427604
Rajasthan,9.479166666666666,8.899999618530273,7.0,14.699999809265137,1.848831273227816
Rajasthan,9.21875,8.800000190734863,7.699999809265137,14.0,1.326177110819306
Rajasthan,11.617361280653212,11.5,8.399999618530273,19.0,2.357444762304633
Rajasthan,12.972916497124565,11.199999809265137,9.699999809265137,21.899999618530273,3.305030186269379
Rajasthan,10.943055046929253,10.600000381469727,8.600000381469727,17.399999618530273,1.7259318249052582
Rajasthan,10.590972052680122,10.5,8.800000190734863,14.399999618530273,1.170346160115039
Rajasthan,10.28125,9.949999809265137,8.399999618530273,15.399999618530273,1.4270194516073336
Rajasthan,10.057639227973091,9.600000381469727,8.199999809265137,15.800000190734863,1.4878013336369162
Rajasthan,10.023076410893793,9.899999618530273,8.699999809265137,11.300000190734863,0.6079533553765845
Rajasthan,10.179166158040365,10.199999809265137,8.899999618530273,11.5,0.5247850531229802
Rajasthan,10.517646340762868,10.600000381469727,9.600000381469727,11.399999618530273,0.4642961156396187
Rajasthan,8.404937367380402,8.300000190734863,7.5,9.899999618530273,0.5621609929866863
Rajasthan,9.074804110789863,8.800000190734863,7.800000190734863,20.0,1.3201627537400535
Rajasthan,8.419444613986546,8.399999618530273,7.400000095367432,11.600000381469727,0.5612829878250374
Rajasthan,7.938195122612847,7.900000095367432,7.199999809265137,9.399999618530273,0.39422860057196696
Rajasthan,8.206293706293707,8.100000381469727,7.5,14.199999809265137,0.7642553509743569
Rajasthan,8.376470229204964,8.100000381469727,7.5,28.799999237060547,2.114975792578319
Rajasthan,7.724761672247023,7.699999809265137,7.199999809265137,8.800000190734863,0.3000891953765064
Rajasthan,7.602206061868107,7.599999904632568,7.099999904632568,8.199999809265137,0.24237397467813934
Rajasthan,7.579861111111111,7.599999904632568,7.0,8.399999618530273,0.2933475466587445
Rajasthan,9.10763888888889,8.199999809265137,7.0,12.899999618530273,1.6669616291304235
Rajasthan,8.983916596099213,8.699999809265137,7.199999809265137,20.100000381469727,1.522036325686529
Rajasthan,9.35673793495124,9.100000381469727,7.0,19.5,1.6511463610912325
Rajasthan,9.643750508626303,9.149999618530273,8.300000190734863,23.5,2.041197867844441
Rajasthan,10.23120463486259,9.300000190734863,8.5,20.799999237060547,2.456317158952369
Rajasthan,10.183916425371503,9.0,8.300000190734863,25.200000762939453,3.2517590915798738
Rajasthan,8.481945461697048,8.5,7.599999904632568,9.300000190734863,0.41107120340707093
Rajasthan,9.654861450195312,8.75,7.199999809265137,14.699999809265137,2.1166282806030003
Rajasthan,9.613194783528646,9.100000381469727,7.5,13.899999618530273,1.595229292410082
Rajasthan,8.81478838853433,8.300000190734863,7.599999904632568,19.100000381469727,1.7210767617049447
Rajasthan,8.776389227973091,8.699999809265137,8.100000381469727,9.699999809265137,0.3702450501161469
Rajasthan,8.842253349196742,8.75,8.100000381469727,11.199999809265137,0.46743590013235664
Rajasthan,8.741957017591783,8.399999618530273,7.699999809265137,12.399999618530273,1.0220925145260629
Rajasthan,9.158333672417534,9.0,7.900000095367432,11.399999618530273,0.6906619099417625
Rajasthan,9.897917005750868,9.899999618530273,8.300000190734863,12.199999809265137,0.8049731618905257
Rajasthan,10.398601398601398,10.100000381469727,8.399999618530273,19.299999237060547,1.544490997313451
Rajasthan,10.211805555555555,10.199999809265137,9.199999809265137,15.0,0.5435859003186096
Rajasthan,10.621527777777779,10.300000190734863,9.600000381469727,25.600000381469727,1.707262395968369
Rajasthan,10.104895104895105,9.899999618530273,9.100000381469727,18.799999237060547,1.1477145049550166
Rajasthan,9.988193935818142,10.100000381469727,8.899999618530273,10.800000190734863,0.4182464048427103
Rajasthan,9.79861111111111,9.850000381469727,8.300000190734863,10.899999618530273,0.5494929510266172
Rajasthan,9.711111280653212,9.699999809265137,8.199999809265137,13.699999809265137,0.9084564923135667
Rajasthan,9.409027099609375,9.100000381469727,7.900000095367432,14.800000190734863,1.2639177140987623
Rajasthan,10.80277845594618,9.949999809265137,8.600000381469727,17.399999618530273,2.071766014813608
Rajasthan,11.123611450195312,10.600000381469727,8.399999618530273,15.0,1.5618270125361564
Rajasthan,10.908333672417534,10.600000381469727,7.699999809265137,15.300000190734863,1.7084552520573932
Rajasthan,10.402083502875435,10.199999809265137,8.699999809265137,14.100000381469727,0.9030402665719667
Rajasthan,9.61111111111111,9.100000381469727,7.699999809265137,15.300000190734863,1.5715840736154632
Rajasthan,10.882517141062063,10.399999618530273,8.800000190734863,17.899999618530273,1.596075354458287
Rajasthan,13.612499660915798,12.5,10.100000381469727,22.5,2.8698595653862937
Rajasthan,14.79513888888889,14.75,10.199999809265137,22.299999237060547,3.321318569106378
Rajasthan,10.300900021114865,10.100000381469727,8.699999809265137,16.299999237060547,1.0913662064979543
Rajasthan,10.42878769383286,10.100000381469727,9.0,15.699999809265137,1.1041608655258075
Rajasthan,9.91869918699187,9.899999618530273,8.600000381469727,12.800000190734863,0.6458560408151248
Rajasthan,10.345833672417534,10.199999809265137,8.899999618530273,12.300000190734863,0.8146978756512891
Rajasthan,10.020175866913377,9.800000190734863,8.800000190734863,12.600000381469727,0.7677924472232364
Rajasthan,10.024999618530273,10.0,9.699999809265137,10.399999618530273,0.22220482287931284
Rajasthan,8.538888719346788,8.5,7.599999904632568,9.699999809265137,0.6438935190393036
Rajasthan,8.05109489051095,8.0,7.300000190734863,9.300000190734863,0.42307821432282194
Rajasthan,10.525694105360243,7.900000095367432,7.199999809265137,39.0,7.2224068203840766
Rajasthan,8.134722391764322,8.100000381469727,7.5,9.399999618530273,0.3545966815501981
Rajasthan,8.614583333333334,8.0,7.5,28.0,2.654450439203929
Rajasthan,7.5923614501953125,7.599999904632568,7.0,8.899999618530273,0.2922802780804251
Rajasthan,8.113194783528646,8.0,7.300000190734863,10.0,0.5281317265763734
Rajasthan,8.943750169542101,8.600000381469727,7.400000095367432,12.899999618530273,1.2648407525263068
Rajasthan,9.890908407998252,9.600000381469727,8.0,19.200000762939453,1.4021417260641245
Rajasthan,9.036805894639757,9.0,7.900000095367432,10.699999809265137,0.5727306124640509
Rajasthan,8.434027777777779,8.300000190734863,7.699999809265137,10.199999809265137,0.502654468431926
Rajasthan,8.178471883138021,8.100000381469727,7.599999904632568,9.100000381469727,0.32084158917025
Rajasthan,9.553471883138021,9.0,7.800000190734863,20.100000381469727,2.1959847514484285
Rajasthan,9.484027438693577,8.899999618530273,7.900000095367432,22.299999237060547,2.074871567330199
Rajasthan,8.83402845594618,8.800000190734863,8.100000381469727,10.100000381469727,0.3766008874437467
Rajasthan,8.795834011501736,8.600000381469727,7.400000095367432,16.100000381469727,1.3597832101672092
Rajasthan,11.592361450195312,11.0,7.800000190734863,26.100000381469727,3.058391949270483
Rajasthan,9.23888905843099,8.399999618530273,7.800000190734863,29.200000762939453,3.117092537687736
Rajasthan,8.738888210720486,8.399999618530273,7.599999904632568,20.299999237060547,1.494346254285683
Rajasthan,9.642647238338695,8.699999809265137,7.599999904632568,27.899999618530273,2.974688111499463
Rajasthan,8.867360432942709,8.800000190734863,8.0,17.899999618530273,0.9769446093949798
Rajasthan,9.386111789279514,9.0,8.0,19.799999237060547,1.3643583340962173
Rajasthan,10.535416497124565,9.699999809265137,8.399999618530273,27.600000381469727,3.1058518061590705
Rajasthan,10.407638549804688,10.300000190734863,9.199999809265137,11.600000381469727,0.41734611115714154
Rajasthan,10.211111280653212,10.149999618530273,9.600000381469727,11.300000190734863,0.3592258979079051
Rajasthan,10.465972052680122,10.5,9.899999618530273,11.199999809265137,0.23925906064206576
Rajasthan,10.08402845594618,10.100000381469727,9.0,11.800000190734863,0.519169122959478
Rajasthan,10.088194105360243,10.050000190734863,8.699999809265137,11.5,0.6587548289720615
Rajasthan,10.189583672417534,10.199999809265137,8.600000381469727,14.399999618530273,0.9087321825456999
Rajasthan,11.672222561306423,11.0,9.300000190734863,17.200000762939453,1.928638127000728
Rajasthan,13.036363294908217,13.199999809265137,8.600000381469727,18.600000381469727,2.882028846646487
Rajasthan,12.16041734483507,11.850000381469727,8.899999618530273,17.200000762939453,2.1593536327311296
Rajasthan,10.116667005750868,9.600000381469727,8.0,16.700000762939453,1.4138206381096252
Rajasthan,11.723610772026909,11.5,8.399999618530273,19.0,1.8226958921832048
Rajasthan,10.85763888888889,10.399999618530273,8.800000190734863,17.700000762939453,1.505525920146114
Rajasthan,13.066666497124565,12.149999618530273,9.100000381469727,19.100000381469727,2.687987717887694
Rajasthan,11.202098072825612,10.800000190734863,9.199999809265137,18.200000762939453,1.6554833573508168
Rajasthan,12.99861060248481,12.199999809265137,9.5,19.600000381469727,2.20230260730913
Rajasthan,10.657143244667658,10.449999809265137,8.300000190734863,16.600000381469727,1.4965266443171594
Rajasthan,,,,,
Rajasthan,10.5,10.050000190734863,9.699999809265137,12.0,0.806225751172129
Rajasthan,9.970000457763671,9.649999618530273,9.300000190734863,12.399999618530273,0.7463912197659435
Rajasthan,10.550000446598704,10.25,9.5,13.199999809265137,0.7791881185001829
Rajasthan,11.027273004705256,11.0,10.199999809265137,12.100000381469727,0.5706312600126906
Rajasthan,8.287037037037036,8.300000190734863,7.699999809265137,9.0,0.31916918215762347
Rajasthan,11.351282364282852,8.800000190734863,7.800000190734863,39.099998474121094,7.033668881554537
Rajasthan,8.368293079903456,8.300000190734863,7.800000190734863,9.600000381469727,0.350914462042889
Rajasthan,7.9284718831380205,7.900000095367432,7.199999809265137,9.600000381469727,0.4292537733223954
Rajasthan,8.081295315310252,7.800000190734863,7.199999809265137,17.600000381469727,1.2372846238440696
Rajasthan,9.77357177734375,8.949999809265137,7.800000190734863,21.399999618530273,2.2351608748306133
Rajasthan,9.374304877387154,9.100000381469727,7.699999809265137,21.399999618530273,1.5284226621896269
Rajasthan,8.920833163791233,8.300000190734863,7.5,28.5,2.4156571553709334
Rajasthan,8.095833672417534,8.0,7.5,14.699999809265137,0.6084902487052629
Rajasthan,10.021527608235678,8.100000381469727,7.400000095367432,26.200000762939453,4.257610297682725
Rajasthan,8.553471883138021,8.199999809265137,7.699999809265137,16.700000762939453,1.1942520432961203
Rajasthan,8.674305386013454,8.699999809265137,7.699999809265137,9.600000381469727,0.44374453347014153
Rajasthan,8.970833672417534,8.800000190734863,7.400000095367432,11.399999618530273,0.7874779131034124
Rajasthan,9.15208265516493,9.100000381469727,7.400000095367432,11.300000190734863,0.8730508785268092
Rajasthan,8.598610772026909,8.600000381469727,7.400000095367432,10.5,0.5771079567086861
Rajasthan,10.864583333333334,9.399999618530273,7.400000095367432,18.200000762939453,2.988809442918257
Rajasthan,10.43006993006993,8.800000190734863,7.5,26.299999237060547,3.41328197162686
Rajasthan,9.011805216471354,8.600000381469727,7.5,18.299999237060547,1.639084079347822
Rajasthan,8.89097171359592,8.699999809265137,7.800000190734863,17.200000762939453,1.1876045767542898
Rajasthan,8.786110772026909,8.800000190734863,7.800000190734863,11.5,0.5302791471353412
Rajasthan,8.853472391764322,8.800000190734863,7.699999809265137,11.399999618530273,0.574082977118427
Rajasthan,11.080000523158482,9.699999809265137,8.100000381469727,31.100000381469727,4.4615212312515675
Rajasthan,10.349305046929253,10.399999618530273,8.800000190734863,12.399999618530273,0.49986060717810654
Rajasthan,10.470833672417534,10.399999618530273,9.800000190734863,13.699999809265137,0.5998697687858248
Rajasthan,10.367360432942709,10.399999618530273,9.600000381469727,11.100000381469727,0.3150903514595136
Rajasthan,10.288889567057291,10.100000381469727,9.100000381469727,12.300000190734863,0.5454497324608247
Rajasthan,10.26388888888889,10.199999809265137,9.399999618530273,11.699999809265137,0.4507110033290604
Rajasthan,11.034027099609375,10.199999809265137,8.699999809265137,17.0,2.1415909053317868
Rajasthan,11.372916327582466,10.75,9.199999809265137,17.700000762939453,1.775888602735821
Rajasthan,10.113193935818142,9.600000381469727,8.399999618530273,18.100000381469727,1.7995850177718495
Rajasthan,13.007639567057291,12.600000381469727,9.199999809265137,20.299999237060547,2.7307426942653894
Rajasthan,14.875,14.899999618530273,10.300000190734863,20.600000381469727,2.706640505447028
Rajasthan,14.92916531032986,15.199999809265137,10.5,20.299999237060547,2.5790252594959813
Rajasthan,12.891666836208767,12.25,9.600000381469727,19.0,2.380724073286061
Rajasthan,11.68333265516493,10.800000190734863,9.899999618530273,29.899999618530273,2.817652616845201
Rajasthan,10.036805894639757,9.899999618530273,9.100000381469727,11.699999809265137,0.5521104095510222
Rajasthan,10.027777777777779,9.899999618530273,8.5,12.800000190734863,0.98159764956331
Rajasthan,10.116666906020221,10.0,8.300000190734863,13.399999618530273,0.9805044221534518
Rajasthan,9.980000305175782,10.0,9.5,10.399999618530273,0.26758167909402436
Rajasthan,10.206249237060547,10.25,9.800000190734863,10.399999618530273,0.17842608612614339
Rajasthan,9.449999809265137,9.449999809265137,9.399999618530273,9.5,0.05000019073486328
Rajasthan,,,,,
Rajasthan,8.509803921568627,8.5,8.100000381469727,9.100000381469727,0.268806375819574
Rajasthan,8.561832806536259,8.5,7.800000190734863,10.0,0.48148275233213766
Rajasthan,8.447916666666666,8.100000381469727,7.5,21.899999618530273,1.545691470332726
Rajasthan,8.381249321831596,8.100000381469727,7.199999809265137,22.299999237060547,1.7714152568562955
Rajasthan,10.272917005750868,9.399999618530273,7.699999809265137,22.899999618530273,2.3488536472810435
Rajasthan,8.306249830457899,8.0,7.300000190734863,11.199999809265137,0.7686765826971121
Rajasthan,8.114583333333334,7.900000095367432,7.400000095367432,10.199999809265137,0.5484787734276327
Rajasthan,8.328472561306423,8.100000381469727,7.300000190734863,11.800000190734863,0.7501539775051558
Rajasthan,8.684027777777779,8.300000190734863,7.300000190734863,15.600000381469727,1.3077580082849958
Rajasthan,9.728472391764322,8.899999618530273,7.599999904632568,27.399999618530273,3.078750294309078
Rajasthan,10.17013888888889,9.399999618530273,7.800000190734863,18.299999237060547,2.2125927006036874
Rajasthan,9.106250339084202,9.100000381469727,8.399999618530273,13.699999809265137,0.5290477154044703
Rajasthan,8.495833502875435,8.5,7.400000095367432,9.699999809265137,0.3782038605331771
Rajasthan,9.180555555555555,8.800000190734863,7.400000095367432,17.0,1.5175033176926347
Rajasthan,8.465972052680122,8.199999809265137,7.199999809265137,12.100000381469727,0.9860247974896056
Rajasthan,11.049305386013454,10.149999618530273,8.199999809265137,18.700000762939453,2.6258860315375117
Rajasthan,9.803495820585665,9.0,7.900000095367432,26.200000762939453,2.4387435910209097
Rajasthan,9.259858467209508,8.800000190734863,7.800000190734863,21.799999237060547,1.7946343491826657
Rajasthan,8.854166666666666,8.699999809265137,8.199999809265137,16.700000762939453,1.0071187926203147
Rajasthan,9.623611450195312,8.699999809265137,7.400000095367432,26.299999237060547,2.829801309724734
Rajasthan,8.740971883138021,8.600000381469727,7.400000095367432,10.699999809265137,0.5838584435576608
Rajasthan,9.954165988498264,9.399999618530273,7.699999809265137,15.0,1.6462025027082283
Rajasthan,10.528472052680122,10.300000190734863,9.199999809265137,18.600000381469727,1.1108469980873419
Rajasthan,10.430555555555555,10.300000190734863,9.399999618530273,18.0,0.9481178229357148
Rajasthan,10.925694783528646,11.100000381469727,9.5,12.0,0.5598544388189709
Rajasthan,10.193749321831596,10.199999809265137,9.100000381469727,11.399999618530273,0.46251405781982324
Rajasthan,10.319444444444445,10.149999618530273,9.300000190734863,17.899999618530273,0.9235557460962239
Rajasthan,9.927776760525173,10.0,8.600000381469727,10.800000190734863,0.39254235945486426
Rajasthan,9.313888549804688,9.199999809265137,8.300000190734863,12.800000190734863,0.7089321823171361
Rajasthan,12.92777845594618,12.399999618530273,9.0,20.100000381469727,2.8042240564847125
Rajasthan,13.779861450195312,13.350000381469727,9.699999809265137,20.399999618530273,2.7414913837184227
Rajasthan,13.252777099609375,13.050000190734863,8.5,18.299999237060547,2.7468655121023176
Rajasthan,12.84791734483507,12.399999618530273,9.800000190734863,18.399999618530273,1.916665543366549
Rajasthan,14.42777845594618,14.100000381469727,9.899999618530273,20.600000381469727,2.3981023850392775
Rajasthan,10.168055216471354,10.149999618530273,8.899999618530273,11.300000190734863,0.4949260226274518
Rajasthan,9.22097970388986,9.100000381469727,8.199999809265137,11.399999618530273,0.5818770668539479
Rajasthan,9.418320983420802,9.199999809265137,8.300000190734863,17.299999237060547,1.060015902904376
Rajasthan,10.452898550724637,9.850000381469727,8.899999618530273,18.399999618530273,1.8521899733508462
Rajasthan,11.477099236641221,11.199999809265137,9.199999809265137,16.299999237060547,1.4761495580904385
Rajasthan,,,,,
Rajasthan,9.699999809265137,9.699999809265137,9.699999809265137,9.699999809265137,0.0
Rajasthan,8.879411585190716,8.899999618530273,8.199999809265137,9.600000381469727,0.31133432663152455
Rajasthan,8.863194783528646,8.800000190734863,7.900000095367432,9.899999618530273,0.34835851472000484
Rajasthan,8.811804877387154,8.699999809265137,7.800000190734863,10.600000381469727,0.5713648996107092
Rajasthan,12.603759765625,9.899999618530273,7.400000095367432,38.0,6.522400992120813
Rajasthan,8.93888939751519,8.800000190734863,7.900000095367432,10.899999618530273,0.5412320135476892
Rajasthan,8.36111111111111,8.399999618530273,7.699999809265137,9.300000190734863,0.3242750579632059
Rajasthan,8.28263939751519,8.100000381469727,7.5,19.100000381469727,1.3020458826529486
Rajasthan,8.213194105360243,8.100000381469727,7.199999809265137,10.199999809265137,0.5497785512656272
Rajasthan,9.240971883138021,8.300000190734863,7.300000190734863,22.700000762939453,2.7902711186018827
Rajasthan,8.693750169542101,8.5,7.599999904632568,10.300000190734863,0.6309405015709246
Rajasthan,9.675000508626303,9.449999809265137,8.199999809265137,18.100000381469727,1.3845125658399497
Rajasthan,10.299305386013454,9.0,7.5,20.399999618530273,3.0575837974982063
Rajasthan,10.269444783528646,9.050000190734863,8.0,21.299999237060547,2.981756501300522
Rajasthan,9.739583333333334,8.5,7.199999809265137,21.600000381469727,2.89386848216763
Rajasthan,10.29097154405382,9.0,7.400000095367432,21.100000381469727,3.18202228780089
Rajasthan,11.518055386013454,9.0,7.400000095367432,34.70000076293945,5.183462627332878
Rajasthan,11.441666497124565,10.5,7.699999809265137,26.799999237060547,3.384964677193714
Rajasthan,11.034722222222221,10.25,7.800000190734863,16.799999237060547,2.494001666337722
Rajasthan,9.788111546656468,8.699999809265137,7.5,28.0,3.235175747051621
Rajasthan,9.862937233664773,8.699999809265137,7.800000190734863,29.100000381469727,3.96155788764814
Rajasthan,9.090277777777779,9.0,7.800000190734863,11.600000381469727,0.7010229857625427
Rajasthan,9.743055555555555,9.5,8.399999618530273,12.0,0.7768036547359193
Rajasthan,11.072727443454983,10.699999809265137,9.899999618530273,19.700000762939453,1.5947107504676261
Rajasthan,10.090277777777779,10.100000381469727,8.600000381469727,12.899999618530273,0.6549299476484242
Rajasthan,12.101389567057291,11.600000381469727,9.899999618530273,16.600000381469727,1.4579278395981732
Rajasthan,10.269444783528646,10.300000190734863,9.199999809265137,11.600000381469727,0.5119784626340477
Rajasthan,9.831249660915798,9.800000190734863,9.199999809265137,10.5,0.254533596578676
Rajasthan,9.57394366197183,9.399999618530273,8.0,16.100000381469727,1.2488688024546521
Rajasthan,9.74583265516493,9.5,8.800000190734863,14.899999618530273,0.858039995230194
Rajasthan,13.720833672417534,11.649999618530273,9.199999809265137,21.399999618530273,4.11458914332379
Rajasthan,15.242360432942709,15.75,9.800000190734863,20.600000381469727,2.9020485740831
Rajasthan,15.263193766276041,15.149999618530273,9.399999618530273,22.200000762939453,2.9772924853989586
Rajasthan,14.121527777777779,12.600000381469727,9.5,21.799999237060547,3.6092312483706257
Rajasthan,13.317360772026909,12.399999618530273,10.600000381469727,21.100000381469727,2.707841740858662
Rajasthan,12.379860772026909,11.550000190734863,9.0,20.100000381469727,2.7766532066434073
Rajasthan,9.694444444444445,9.300000190734863,8.5,17.200000762939453,1.4028630945282126
Rajasthan,9.625,9.399999618530273,8.5,14.5,0.9973227993592731
Rajasthan,9.665733924278847,9.5,8.399999618530273,12.300000190734863,0.7388429049498851
Rajasthan,9.8845458984375,9.899999618530273,9.0,11.600000381469727,0.4671356252711288
Rajasthan,10.454929405534772,10.399999618530273,9.0,13.100000381469727,0.844333019056718
Rajasthan,9.76153799203726,9.699999809265137,9.300000190734863,10.5,0.3199481483500751
Rajasthan,8.798507462686567,8.699999809265137,8.199999809265137,9.699999809265137,0.3248386621834458
Rajasthan,11.413194444444445,9.100000381469727,7.800000190734863,37.20000076293945,5.777004834580276
Rajasthan,9.599999321831596,9.600000381469727,8.199999809265137,12.199999809265137,0.7427426906737333
Rajasthan,10.069444444444445,9.399999618530273,7.699999809265137,28.299999237060547,2.965315141639135
Rajasthan,8.332167832167832,8.399999618530273,7.599999904632568,9.100000381469727,0.4078943306721991
Rajasthan,8.877777947319878,8.699999809265137,7.599999904632568,13.0,0.9186678609576008
Rajasthan,9.100000169542101,8.899999618530273,7.800000190734863,19.299999237060547,1.357540629094878
Rajasthan,8.81666734483507,8.5,7.199999809265137,19.299999237060547,1.5511196184565241
Rajasthan,8.884028116861979,8.300000190734863,7.5,25.200000762939453,2.539347681793007
Rajasthan,8.104166666666666,8.0,7.099999904632568,12.800000190734863,0.6528649549040149
Rajasthan,8.727082994249132,8.600000381469727,7.800000190734863,9.699999809265137,0.4755433484626904
Rajasthan,9.149999830457899,9.199999809265137,8.5,9.899999618530273,0.3450040182550622
Rajasthan,9.021527608235678,8.800000190734863,8.300000190734863,16.899999618530273,0.9456892235875071
Rajasthan,8.63888888888889,8.600000381469727,7.599999904632568,10.699999809265137,0.34743328864837736
Rajasthan,8.844445122612846,8.800000190734863,7.599999904632568,9.899999618530273,0.5445152929846901
Rajasthan,9.483802473041374,8.699999809265137,7.300000190734863,23.299999237060547,2.822161658447317
Rajasthan,9.773610432942709,8.300000190734863,7.099999904632568,22.600000381469727,3.113166190937057
Rajasthan,13.659027099609375,13.0,7.699999809265137,32.79999923706055,4.213032227115851
Rajasthan,14.690972222222221,14.600000381469727,8.199999809265137,33.20000076293945,3.588405611641246
Rajasthan,9.18333265516493,9.0,8.100000381469727,14.199999809265137,0.8176014798944481
Rajasthan,9.358333163791233,9.300000190734863,8.0,10.899999618530273,0.701832896633355
Rajasthan,10.411111619737413,10.399999618530273,9.0,12.699999809265137,0.6041650609110963
Rajasthan,10.82638888888889,10.800000190734863,10.0,12.0,0.4025933434486992
Rajasthan,11.347916497124565,10.75,9.199999809265137,16.600000381469727,1.6332470130199137
Rajasthan,13.73611111111111,14.149999618530273,10.199999809265137,17.0,1.7547004802328767
Rajasthan,12.491667005750868,11.5,9.5,16.799999237060547,2.305383195592775
Rajasthan,9.730556064181858,9.899999618530273,8.600000381469727,11.899999618530273,0.5559373250177482
Rajasthan,9.627972369427448,9.100000381469727,8.100000381469727,21.100000381469727,1.959570616907056
Rajasthan,10.85763888888889,9.899999618530273,8.699999809265137,18.5,2.1637666262510904
Rajasthan,14.88888888888889,14.449999809265137,9.699999809265137,30.899999618530273,3.5443051276892925
Rajasthan,13.831943935818142,12.800000190734863,9.399999618530273,31.899999618530273,4.083208351553168
Rajasthan,18.919443766276043,19.450000762939453,11.699999809265137,23.899999618530273,2.7793703260073688
Rajasthan,17.608334011501736,18.299999237060547,10.100000381469727,23.899999618530273,3.6021887582279337
Rajasthan,18.379167344835068,19.0,10.300000190734863,24.299999237060547,3.6807281917110863
Rajasthan,16.19236077202691,16.700000762939453,10.199999809265137,22.0,3.0405838095888766
Rajasthan,11.038888719346788,10.350000381469727,8.699999809265137,17.600000381469727,1.9834422909925808
Rajasthan,10.11388905843099,9.649999618530273,8.300000190734863,20.0,1.535714266076937
Rajasthan,10.34236060248481,10.100000381469727,8.800000190734863,13.699999809265137,0.9948185075783849
Rajasthan,10.206569699475365,9.800000190734863,8.399999618530273,14.100000381469727,1.2678048591072704
Rajasthan,10.218268761268028,10.199999809265137,8.800000190734863,14.199999809265137,0.8140313177003852
Rajasthan,9.453846988514957,9.5,8.5,10.399999618530273,0.45527078609816857
Rajasthan,10.509722391764322,9.899999618530273,8.800000190734863,36.70000076293945,3.251075060523984
Rajasthan,8.898610432942709,8.699999809265137,7.699999809265137,19.299999237060547,1.1122415762569529
Rajasthan,8.86388905843099,8.699999809265137,7.599999904632568,11.5,0.9265835366535708
Rajasthan,9.225694444444445,9.0,7.699999809265137,13.0,1.081970059745735
Rajasthan,9.523610432942709,8.800000190734863,7.699999809265137,19.600000381469727,1.8824107603262317
Rajasthan,9.780554877387154,8.899999618530273,8.100000381469727,20.899999618530273,2.380309198309045
Rajasthan,8.78125,8.399999618530273,7.900000095367432,16.799999237060547,1.2995174331420585
Rajasthan,8.215277777777779,8.199999809265137,7.5,9.600000381469727,0.38175750548893445
Rajasthan,8.553901401817376,8.5,7.599999904632568,10.199999809265137,0.507324671660627
Rajasthan,8.918056064181858,8.5,7.5,21.5,1.874301869051243
Rajasthan,10.195832994249132,9.100000381469727,7.599999904632568,24.700000762939453,2.970991110723162
Rajasthan,9.509629991319445,9.100000381469727,8.199999809265137,20.399999618530273,1.6920675216797403
Rajasthan,10.133784113703546,9.100000381469727,7.900000095367432,18.399999618530273,2.4223774364450987
Rajasthan,11.071794558794071,9.699999809265137,7.599999904632568,17.0,3.1138193346192975
Rajasthan,10.812902635143649,9.5,7.699999809265137,16.899999618530273,3.094713556577142
Rajasthan,10.786021899151546,8.600000381469727,7.400000095367432,22.0,3.837214245018988
Rajasthan,10.531945122612846,9.100000381469727,7.599999904632568,17.600000381469727,2.794479975373926
Rajasthan,15.157638549804688,15.050000190734863,10.199999809265137,19.700000762939453,2.1803598760027874
Rajasthan,12.425693935818142,12.699999809265137,8.800000190734863,16.399999618530273,2.156989516914712
Rajasthan,9.647222730848524,9.600000381469727,8.0,15.100000381469727,1.029221972628303
Rajasthan,10.757638719346788,10.600000381469727,9.300000190734863,13.800000190734863,0.7368834589524653
Rajasthan,10.402777777777779,10.399999618530273,9.300000190734863,11.399999618530273,0.38925572336566266
Rajasthan,10.172222561306423,10.199999809265137,8.699999809265137,15.699999809265137,0.8618813733931319
Rajasthan,10.526572914390297,9.699999809265137,8.600000381469727,19.299999237060547,2.016260816405103
Rajasthan,12.767605633802816,12.949999809265137,8.899999618530273,17.600000381469727,2.177624669539212
Rajasthan,11.189583672417534,10.100000381469727,8.5,16.899999618530273,2.303250084375586
Rajasthan,9.586110432942709,9.699999809265137,8.600000381469727,10.899999618530273,0.5263357339111998
Rajasthan,9.357341632976398,9.300000190734863,8.5,10.600000381469727,0.34204022090434527
Rajasthan,10.861805386013454,9.600000381469727,8.399999618530273,19.799999237060547,2.4625245396811364
Rajasthan,14.877777099609375,14.549999237060547,9.600000381469727,22.700000762939453,3.4071502298898135
Rajasthan,15.211805555555555,16.200000762939453,9.100000381469727,22.899999618530273,3.771834522203755
Rajasthan,14.34930419921875,12.050000190734863,8.699999809265137,24.100000381469727,4.60211298866671
Rajasthan,17.465972900390625,18.0,9.800000190734863,32.400001525878906,3.9118972590593515
Rajasthan,16.657640245225693,17.349998474121094,9.899999618530273,23.5,3.299023055711287
Rajasthan,14.168750339084202,13.299999237060547,9.800000190734863,22.899999618530273,3.2882887572972574
Rajasthan,11.729861789279514,11.399999618530273,10.100000381469727,15.899999618530273,1.1191564403703678
Rajasthan,10.753472222222221,10.800000190734863,9.399999618530273,13.199999809265137,0.5895988585671176
Rajasthan,11.044776119402986,11.100000381469727,9.699999809265137,12.399999618530273,0.47764456996025795
Rajasthan,10.460000610351562,10.399999618530273,10.100000381469727,10.899999618530273,0.2727634437395965
Rajasthan,9.983333163791233,10.050000190734863,9.199999809265137,10.699999809265137,0.3919324924213882
Rajasthan,9.758155335771276,9.399999618530273,8.199999809265137,37.70000076293945,3.090345479468383
Rajasthan,8.966666327582466,8.600000381469727,8.100000381469727,23.899999618530273,1.735295356071358
Rajasthan,9.30833265516493,9.199999809265137,7.699999809265137,11.199999809265137,0.8877640292019146
Rajasthan,8.75,8.5,7.599999904632568,10.899999618530273,0.7906572531352729
Rajasthan,8.980556064181858,8.699999809265137,7.800000190734863,15.800000190734863,1.0142236657301802
Rajasthan,8.76736111111111,8.800000190734863,7.900000095367432,10.399999618530273,0.41413056753248345
Rajasthan,8.368750678168404,8.300000190734863,7.800000190734863,9.300000190734863,0.3336391431870382
Rajasthan,9.092361450195312,8.600000381469727,7.800000190734863,23.299999237060547,1.974563202525781
Rajasthan,10.047552789007867,9.0,7.800000190734863,26.200000762939453,3.004002772979506
Rajasthan,9.940277099609375,9.199999809265137,7.900000095367432,24.200000762939453,2.5721348832511657
Rajasthan,9.88561133515063,9.399999618530273,7.599999904632568,23.0,2.133378482880128
Rajasthan,13.833333333333334,13.25,8.300000190734863,23.200000762939453,4.600784991037504
Rajasthan,9.82818270596591,8.699999809265137,8.0,21.299999237060547,2.8622347211598034
Rajasthan,9.693055894639757,8.899999618530273,7.800000190734863,17.600000381469727,2.107382915080742
Rajasthan,12.768749660915798,12.699999809265137,8.0,18.700000762939453,2.688671460926745
Rajasthan,9.935416327582466,9.5,7.800000190734863,18.600000381469727,1.6758277080659938
Rajasthan,10.874304877387154,10.800000190734863,9.300000190734863,14.100000381469727,0.8773180997083676
Rajasthan,9.719445122612846,9.600000381469727,8.300000190734863,13.0,0.6279682845378286
Rajasthan,8.966667175292969,8.899999618530273,8.0,10.300000190734863,0.45184805266082384
Rajasthan,9.068055894639757,9.0,8.5,9.899999618530273,0.2586430245257644
Rajasthan,10.820832994249132,9.600000381469727,8.399999618530273,16.299999237060547,2.413931639040646
Rajasthan,12.351048609593532,11.600000381469727,9.0,18.100000381469727,2.308750972778179
Rajasthan,10.14236111111111,9.899999618530273,8.800000190734863,14.699999809265137,1.00847656208215
Rajasthan,9.519443935818142,9.5,8.399999618530273,10.899999618530273,0.5080296607701114
Rajasthan,10.602082994249132,9.800000190734863,8.300000190734863,16.5,2.0620401031315163
Rajasthan,12.495833502875435,12.199999809265137,9.5,16.299999237060547,1.7863632418641997
Rajasthan,10.915972391764322,10.699999809265137,9.199999809265137,13.300000190734863,0.8338883966748933
Rajasthan,11.100694444444445,11.0,8.5,13.399999618530273,1.0767425410622224
Rajasthan,10.313138864336223,9.899999618530273,8.0,18.5,1.9142499998553575
Rajasthan,11.467857142857143,10.300000190734863,9.0,20.200000762939453,2.7584743840414676
Rajasthan,13.35763888888889,13.199999809265137,9.600000381469727,17.600000381469727,2.2324493954346236
Rajasthan,10.024999830457899,9.800000190734863,8.600000381469727,13.300000190734863,0.8266817882171801
Rajasthan,10.293750339084202,10.300000190734863,9.100000381469727,11.5,0.4460036980588371
Rajasthan,10.026190621512276,10.100000381469727,8.399999618530273,12.899999618530273,0.8617699103378236
Rajasthan,10.149999618530273,10.149999618530273,9.699999809265137,10.600000381469727,0.2645751266011925
Rajasthan,9.5,9.350000381469727,9.0,10.300000190734863,0.4949748527998094
Rajasthan,9.638930924976146,9.600000381469727,8.600000381469727,11.0,0.5024478474055464
Rajasthan,9.156338543959066,9.199999809265137,8.0,10.800000190734863,0.4959646554531238
Rajasthan,9.247222052680122,9.100000381469727,8.100000381469727,11.600000381469727,0.7224518869376022
Rajasthan,8.889583163791233,8.800000190734863,7.900000095367432,10.100000381469727,0.5143387058400076
Rajasthan,9.083333333333334,8.5,7.699999809265137,30.200000762939453,2.6883752521058355
Rajasthan,8.493749830457899,8.5,7.599999904632568,10.0,0.40743413457485056
Rajasthan,8.197916666666666,8.199999809265137,7.5,9.0,0.3241374803239876
Rajasthan,8.078472561306423,7.900000095367432,7.5,22.5,1.2534487430433658
Rajasthan,9.277777777777779,8.699999809265137,7.699999809265137,25.299999237060547,2.4379078871493984
Rajasthan,9.042142159598214,8.699999809265137,7.599999904632568,17.200000762939453,1.6322669782239834
Rajasthan,9.42340390902039,8.600000381469727,7.400000095367432,19.600000381469727,2.411898333101648
Rajasthan,8.72264185491598,8.600000381469727,7.699999809265137,10.300000190734863,0.5254437454829101
Rajasthan,10.463513348553631,9.350000381469727,7.800000190734863,19.299999237060547,2.8620807966273953
Rajasthan,8.54652828640408,8.5,7.5,13.600000381469727,0.6339813987695623
Rajasthan,11.733334011501736,11.300000190734863,8.0,21.799999237060547,2.1943424872631194
Rajasthan,11.498611450195312,11.050000190734863,8.800000190734863,24.0,1.9337279038011819
Rajasthan,11.540278116861979,11.100000381469727,9.300000190734863,21.100000381469727,1.5020504370316379
Rajasthan,11.145138210720486,10.949999809265137,8.399999618530273,14.699999809265137,1.521687203421925
Rajasthan,8.796402526416367,8.800000190734863,8.0,9.800000190734863,0.33787529598066135
Rajasthan,8.887499491373697,8.899999618530273,8.199999809265137,9.699999809265137,0.2570870306424022
Rajasthan,8.738194783528646,8.699999809265137,8.199999809265137,9.5,0.3079945528412245
Rajasthan,12.043750339084202,11.850000381469727,8.699999809265137,16.0,2.1629685793830693
Rajasthan,11.640972561306423,10.25,9.0,17.899999618530273,2.5669212848516056
Rajasthan,9.406944274902344,9.399999618530273,8.399999618530273,10.600000381469727,0.405458055762432
Rajasthan,9.290277269151476,9.300000190734863,8.399999618530273,10.699999809265137,0.5253728323515385
Rajasthan,10.84375,10.5,8.899999618530273,14.899999618530273,1.2317962697355498
Rajasthan,11.669444613986546,11.199999809265137,9.100000381469727,16.0,1.5758717500565826
Rajasthan,11.237499660915798,10.949999809265137,9.5,15.600000381469727,1.3873373188149714
Rajasthan,10.765713936941964,10.649999618530273,9.199999809265137,17.100000381469727,1.0041180458678594
Rajasthan,11.230555216471354,10.850000381469727,9.0,16.0,1.6201541787614007
Rajasthan,12.717361450195312,11.899999618530273,10.100000381469727,17.700000762939453,1.9615162633015069
Rajasthan,10.899998982747396,10.699999809265137,9.0,14.199999809265137,1.2350213446001541
Rajasthan,10.251388549804688,10.199999809265137,9.0,13.0,0.5994194411394735
Rajasthan,10.417361789279514,10.399999618530273,8.899999618530273,12.199999809265137,0.6388281122662194
Rajasthan,10.38631591796875,10.5,9.0,11.5,0.6634218274275032
Rajasthan,9.69199951171875,9.699999809265137,8.899999618530273,10.300000190734863,0.30452591428488557
Rajasthan,10.33402845594618,9.399999618530273,8.399999618530273,34.599998474121094,3.850075085951783
Rajasthan,9.79019583907782,9.800000190734863,8.699999809265137,11.0,0.5132575225761425
Rajasthan,9.343011015204974,9.300000190734863,8.199999809265137,10.399999618530273,0.49042391189193923
Rajasthan,8.9738637750799,9.0,8.0,11.100000381469727,0.5781031457129527
Rajasthan,8.41597154405382,8.300000190734863,7.699999809265137,10.699999809265137,0.5427121663256506
Rajasthan,8.101482024016203,8.0,7.5,9.800000190734863,0.36676465370637185
Rajasthan,8.255696357051029,8.199999809265137,7.699999809265137,9.100000381469727,0.29327771931201896
Rajasthan,9.053571428571429,8.300000190734863,7.400000095367432,24.200000762939453,2.5532167467805693
Rajasthan,8.830159505208334,8.600000381469727,7.5,16.899999618530273,1.3246305454065872
Rajasthan,8.299999660915798,7.900000095367432,7.199999809265137,27.5,2.199368627096444
Rajasthan,8.260416666666666,8.100000381469727,7.300000190734863,11.899999618530273,0.6247464482533668
Rajasthan,8.078823673023898,8.0,7.5,9.100000381469727,0.37545080367948397
Rajasthan,12.16666751437717,11.5,8.199999809265137,17.700000762939453,3.090846808651049
Rajasthan,9.642500305175782,8.800000190734863,7.800000190734863,18.600000381469727,2.2496541145739535
Rajasthan,12.016084257539335,11.100000381469727,8.199999809265137,18.799999237060547,2.8349134827255913
Rajasthan,10.861538120083042,10.5,9.199999809265137,16.200000762939453,1.2909542000997298
Rajasthan,12.385106729277481,11.800000190734863,9.800000190734863,30.100000381469727,2.6311266982217894
Rajasthan,10.794444613986546,10.5,8.800000190734863,13.899999618530273,1.186133876982133
Rajasthan,9.336805555555555,9.0,8.100000381469727,12.399999618530273,0.88071518445097
Rajasthan,9.004860772026909,9.0,8.5,10.0,0.34061417123655546
Rajasthan,8.90625,8.850000381469727,7.900000095367432,9.800000190734863,0.4203534572036282
Rajasthan,10.736804538302952,9.649999618530273,8.300000190734863,16.799999237060547,2.3495491688271275
Rajasthan,10.843055725097656,10.100000381469727,8.399999618530273,16.600000381469727,1.966972173105572
Rajasthan,9.75972154405382,9.399999618530273,7.800000190734863,14.300000190734863,1.0699376772719797
Rajasthan,10.970138549804688,10.899999618530273,8.899999618530273,14.800000190734863,1.2010458178815402
Rajasthan,11.749305725097656,11.399999618530273,9.5,15.0,1.3642761808545205
Rajasthan,10.472222222222221,9.949999809265137,8.899999618530273,16.100000381469727,1.452461717813274
Rajasthan,10.409027099609375,10.100000381469727,8.699999809265137,15.399999618530273,1.3881399065433289
Rajasthan,11.16993041138549,11.199999809265137,9.399999618530273,13.899999618530273,0.6909034165183744
Rajasthan,10.959721883138021,10.800000190734863,8.699999809265137,15.800000190734863,1.1617347756070484
Rajasthan,12.264583163791233,11.649999618530273,9.800000190734863,17.600000381469727,1.7186262381288304
Rajasthan,10.804861280653212,10.600000381469727,9.100000381469727,14.300000190734863,1.0298550058188154
Rajasthan,10.856943766276041,11.0,9.0,12.300000190734863,0.625239159058616
Rajasthan,10.541666666666666,10.600000381469727,9.100000381469727,13.199999809265137,0.6653632853894708
Rajasthan,9.586713457440997,9.600000381469727,8.199999809265137,12.300000190734863,0.6945581078784009
Rajasthan,9.549122592859101,9.5,8.0,11.600000381469727,0.9590058057131529
Rajasthan,9.69000015258789,9.649999618530273,9.399999618530273,10.0,0.1920936754911238
Rajasthan,9.431818181818182,9.300000190734863,8.899999618530273,10.399999618530273,0.40997373829591777
Rajasthan,8.600000381469727,8.600000381469727,8.600000381469727,8.600000381469727,0.0
Rajasthan,10.5,9.199999809265137,8.0,38.599998474121094,4.526842970713062
Rajasthan,9.167605977662852,8.100000381469727,7.5,31.299999237060547,3.680468957401289
Rajasthan,8.242148659446023,8.100000381469727,7.699999809265137,9.300000190734863,0.35506998713733884
Rajasthan,7.774999618530273,7.800000190734863,7.400000095367432,8.300000190734863,0.21937419934739616
Rajasthan,8.071428571428571,8.100000381469727,7.599999904632568,8.600000381469727,0.2894047875887128
Rajasthan,7.880644767515121,7.800000190734863,7.599999904632568,8.399999618530273,0.23884040272076917
Rajasthan,8.004895617078235,8.0,7.5,9.0,0.32003688571713307
Rajasthan,7.639583163791233,7.599999904632568,7.199999809265137,8.5,0.2273698639496038
Rajasthan,7.741666793823242,7.699999809265137,7.300000190734863,8.300000190734863,0.24224074677363078
Rajasthan,10.597646915211397,9.699999809265137,7.800000190734863,17.200000762939453,2.5859792117459475
Rajasthan,11.959027608235678,11.449999809265137,8.300000190734863,16.799999237060547,1.9749265950785433
Rajasthan,10.904861450195312,10.899999618530273,9.0,13.300000190734863,0.6242027613634711
Rajasthan,11.880555894639757,11.300000190734863,9.399999618530273,30.700000762939453,2.6930022363733213
Rajasthan,9.587500678168404,9.300000190734863,8.100000381469727,13.100000381469727,1.0550062396822504
Rajasthan,9.259028116861979,9.199999809265137,8.100000381469727,10.800000190734863,0.5190018542806004
Rajasthan,9.12916734483507,9.0,8.0,11.199999809265137,0.7327530766921933
Rajasthan,8.756944444444445,8.699999809265137,8.100000381469727,10.5,0.4519484025326705
Rajasthan,9.445832994249132,9.0,7.900000095367432,14.800000190734863,1.4589700767735856
Rajasthan,9.113986355441433,9.0,8.100000381469727,12.300000190734863,0.682611325761081
Rajasthan,10.873611450195312,10.600000381469727,8.800000190734863,17.0,1.4596416237862042
Rajasthan,10.455554538302952,10.399999618530273,9.300000190734863,13.300000190734863,0.7367135932219191
Rajasthan,10.393750508626303,10.0,8.899999618530273,15.899999618530273,1.4423273027685113
Rajasthan,10.728472391764322,10.800000190734863,8.899999618530273,11.800000190734863,0.5609594122343534
Rajasthan,10.411805894639757,10.399999618530273,8.800000190734863,11.699999809265137,0.5718508671429213
Rajasthan,10.027142333984376,9.699999809265137,8.5,13.800000190734863,1.1480943095106975
Rajasthan,12.578260338824728,12.399999618530273,9.300000190734863,16.0,1.8927680366561355
Rajasthan,12.154054383973818,11.300000190734863,10.0,15.699999809265137,1.7862227294736606
Rajasthan,12.113115154328893,12.0,9.800000190734863,15.100000381469727,0.9817140424288506
Rajasthan,10.755384239783654,10.600000381469727,8.800000190734863,13.0,1.0376053280706188
Rajasthan,10.50624974568685,10.100000381469727,8.0,19.200000762939453,1.6221008175350042
Rajasthan,9.211111280653212,9.100000381469727,8.600000381469727,10.100000381469727,0.45078805749006684
Rajasthan,8.508823170381433,8.399999618530273,8.0,9.899999618530273,0.3394351479754773
Rajasthan,9.237036810980904,8.199999809265137,7.800000190734863,31.299999237060547,3.760678352202748
Rajasthan,8.352631418328537,8.350000381469727,7.699999809265137,8.899999618530273,0.3176697972034964
Rajasthan,8.933333079020182,9.0,8.600000381469727,9.199999809265137,0.24944358789696194
Rajasthan,8.989706600413603,8.5,7.699999809265137,24.600000381469727,2.4937946094869283
Rajasthan,8.527272898000437,8.5,7.900000095367432,10.899999618530273,0.3899402301656025
Rajasthan,8.62941068761489,8.5,8.0,9.600000381469727,0.4065850588826167
Rajasthan,9.725000381469727,9.0,8.300000190734863,13.100000381469727,1.5473768641609413
Rajasthan,13.076923076923077,12.75,8.300000190734863,18.0,2.426885896137767
Rajasthan,11.26111094156901,11.199999809265137,9.300000190734863,14.399999618530273,0.9626432940218942
Rajasthan,11.01388888888889,11.0,9.300000190734863,13.199999809265137,0.7638182038491458
Rajasthan,10.798601057145978,10.399999618530273,8.0,20.399999618530273,1.839009577228209
Rajasthan,10.164582994249132,9.899999618530273,8.100000381469727,14.0,1.2131495393794287
Rajasthan,9.165492957746478,8.899999618530273,7.800000190734863,13.199999809265137,1.0066711196123952
Rajasthan,9.495139227973091,9.449999809265137,8.5,10.899999618530273,0.5338968084480045
Rajasthan,9.328472561306423,9.199999809265137,7.900000095367432,12.199999809265137,0.879446088575194
Rajasthan,9.399305555555555,9.300000190734863,8.0,12.699999809265137,0.6485556761361275
Rajasthan,10.799305386013454,10.600000381469727,9.100000381469727,16.5,1.316903837652886
Rajasthan,10.549306233723959,10.5,9.199999809265137,13.199999809265137,0.6998012264975669
Rajasthan,10.077084011501736,9.800000190734863,8.899999618530273,12.399999618530273,0.8618228922310759
Rajasthan,11.136111789279514,11.300000190734863,9.300000190734863,12.0,0.6546427335105679
Rajasthan,10.234027438693577,10.100000381469727,8.600000381469727,11.699999809265137,0.6317043455893063
Rajasthan,10.84375,10.5,9.0,15.600000381469727,1.2992368663914862
Rajasthan,11.006363192471591,10.100000381469727,9.0,15.800000190734863,1.8112415480442408
Rajasthan,12.411427525111607,12.5,9.300000190734863,15.5,1.6191305178582749
Rajasthan,,,,,
Rajasthan,8.676068167401175,8.5,7.900000095367432,11.100000381469727,0.528932089219899
Rajasthan,10.01527828640408,9.5,8.5,13.800000190734863,1.3762529334439395
Rajasthan,11.285882927389705,10.600000381469727,8.600000381469727,21.700000762939453,2.450361546025468
Rajasthan,11.481482611762154,10.899999618530273,7.900000095367432,15.699999809265137,2.1222868791572784
Rajasthan,12.861805386013454,12.649999618530273,9.699999809265137,26.799999237060547,2.4390911936468673
Rajasthan,10.668055216471354,10.699999809265137,9.0,12.300000190734863,0.6509237868198605
Rajasthan,10.758332994249132,10.850000381469727,8.800000190734863,13.399999618530273,0.9841451410056511
Rajasthan,10.935416327582466,10.899999618530273,8.300000190734863,13.399999618530273,1.226188136206775
Rajasthan,10.622917175292969,9.899999618530273,8.300000190734863,22.700000762939453,2.307106172141493
Rajasthan,9.703472561306423,9.699999809265137,8.399999618530273,11.600000381469727,0.6350211326487808
Rajasthan,11.081944783528646,10.649999618530273,8.199999809265137,15.899999618530273,2.067326968453122
Rajasthan,10.739583333333334,10.199999809265137,9.0,14.5,1.308212241262793
Rajasthan,10.402777777777779,10.300000190734863,9.0,12.199999809265137,0.745630288481341
Rajasthan,10.850000169542101,10.75,9.600000381469727,12.600000381469727,0.5998842605691519
Rajasthan,10.718054877387154,10.850000381469727,9.100000381469727,12.199999809265137,0.7780542631099989
Rajasthan,10.852778116861979,10.800000190734863,9.800000190734863,12.399999618530273,0.4188184764413743
Rajasthan,10.770833333333334,10.600000381469727,9.699999809265137,14.100000381469727,0.7609273616035512
Rajasthan,10.480556064181858,10.449999809265137,9.5,14.199999809265137,0.5889347463487998
Rajasthan,9.945832994249132,9.699999809265137,8.199999809265137,14.899999618530273,0.971172999275923
Rajasthan,9.543590056590546,9.600000381469727,9.0,10.300000190734863,0.3535859492633783
Rajasthan,9.812820825821314,9.0,7.800000190734863,14.800000190734863,1.7452763470307493
Rajasthan,9.200000339084202,8.600000381469727,7.699999809265137,14.800000190734863,1.6292465715578164
Rajasthan,8.589075425091911,8.399999618530273,7.800000190734863,17.0,1.0361361512459704
Rajasthan,8.492592705620659,8.300000190734863,7.699999809265137,9.800000190734863,0.6253449003206494
Rajasthan,10.743749618530273,10.050000190734863,8.899999618530273,16.399999618530273,1.9393840469014159
Rajasthan,11.748921565872303,11.199999809265137,8.399999618530273,23.5,2.508327614932013
Rajasthan,11.099305894639757,11.0,9.600000381469727,14.800000190734863,0.9412976174088281
Rajasthan,10.634722391764322,10.600000381469727,8.5,13.399999618530273,0.9655395302792462
Rajasthan,10.552083333333334,10.449999809265137,8.5,13.699999809265137,1.136207653735194
Rajasthan,11.797916836208767,11.199999809265137,8.800000190734863,28.299999237060547,2.6256868495591643
Rajasthan,10.474305894639757,10.100000381469727,8.0,15.100000381469727,1.664738329921956
Rajasthan,11.663888719346788,11.800000190734863,8.0,15.399999618530273,1.4877560909379957
Rajasthan,10.940278795030382,10.399999618530273,9.600000381469727,14.899999618530273,1.1904317361022914
Rajasthan,10.344444274902344,10.399999618530273,9.100000381469727,11.5,0.4902915173096214
Rajasthan,11.454167683919271,11.5,9.800000190734863,13.0,0.6112231373226572
Rajasthan,9.563194274902344,9.5,8.399999618530273,11.100000381469727,0.5679821160320432
Rajasthan,10.056944105360243,9.949999809265137,9.199999809265137,11.899999618530273,0.5032743798278304
Rajasthan,11.221527947319878,10.899999618530273,9.199999809265137,15.800000190734863,1.3389549927240683
Rajasthan,10.550693935818142,10.399999618530273,8.699999809265137,14.0,0.9940794474851147
Rajasthan,10.302083333333334,9.800000190734863,8.199999809265137,20.600000381469727,1.9242050695484587
Rajasthan,9.01568603515625,8.899999618530273,8.100000381469727,10.800000190734863,0.5077333420579607
Rajasthan,8.431313254616477,8.399999618530273,7.599999904632568,9.899999618530273,0.5135824364358319
Rajasthan,8.83260887256567,8.699999809265137,8.100000381469727,10.5,0.4995886436724319
Rajasthan,9.697321210588727,9.649999618530273,7.900000095367432,12.699999809265137,1.2281272204510492
Rajasthan,10.74918052798412,10.899999618530273,8.399999618530273,13.199999809265137,1.2105578208181151
Rajasthan,9.91764741785386,9.449999809265137,8.100000381469727,14.699999809265137,1.5207331969066058
Rajasthan,11.70763905843099,11.5,9.0,14.600000381469727,1.2727965937308205
Rajasthan,10.008332994249132,9.899999618530273,8.399999618530273,11.899999618530273,0.8251683115257951
Rajasthan,9.315972222222221,9.199999809265137,8.0,11.399999618530273,0.6879582762859188
Rajasthan,10.427776760525173,10.149999618530273,8.600000381469727,14.600000381469727,1.175114939413946
Rajasthan,10.233333163791233,10.0,8.100000381469727,20.600000381469727,1.3780521770205538
Rajasthan,11.241957017591783,9.800000190734863,8.199999809265137,31.799999237060547,4.359579350499024
Rajasthan,10.41041734483507,10.25,9.0,13.800000190734863,0.9792796864678928
Rajasthan,10.497916327582466,10.399999618530273,9.600000381469727,11.699999809265137,0.4717680280491632
Rajasthan,10.132639567057291,10.199999809265137,8.800000190734863,11.5,0.6459090826677161
Rajasthan,10.029166327582466,10.100000381469727,9.0,11.300000190734863,0.6414907936731234
Rajasthan,10.386111789279514,10.399999618530273,8.600000381469727,12.899999618530273,0.8245883574239709
Rajasthan,10.890089430250564,10.899999618530273,9.800000190734863,12.300000190734863,0.5116577201095617
Rajasthan,10.414285714285715,10.199999809265137,8.600000381469727,13.399999618530273,1.0402315446286248
Rajasthan,9.736734818439094,9.699999809265137,9.0,11.199999809265137,0.4632158594100592
Rajasthan,10.537500381469727,9.399999618530273,8.399999618530273,15.800000190734863,2.4954648295649378
Rajasthan,9.040000915527344,8.899999618530273,8.300000190734863,10.100000381469727,0.6248200375679095
Rajasthan,8.968420731393914,9.0,8.699999809265137,9.399999618530273,0.18932748697922627
Rajasthan,,,,,
Rajasthan,11.023214067731585,10.399999618530273,8.199999809265137,18.299999237060547,1.7727088596883445
Rajasthan,9.824305216471354,9.399999618530273,8.100000381469727,14.800000190734863,1.3669332599330815
Rajasthan,11.570138719346788,9.199999809265137,7.800000190734863,28.299999237060547,5.014466269172441
Rajasthan,9.24744454265511,9.199999809265137,8.0,10.800000190734863,0.7250552558311713
Rajasthan,9.755555894639757,9.75,8.300000190734863,11.300000190734863,0.7914278130365955
Rajasthan,9.890076149510973,9.800000190734863,8.199999809265137,11.899999618530273,0.6519325382099357
Rajasthan,9.756944444444445,9.800000190734863,8.800000190734863,11.300000190734863,0.4294137873143989
Rajasthan,9.898612128363716,9.899999618530273,8.600000381469727,11.199999809265137,0.587719963352862
Rajasthan,9.914685656140735,9.899999618530273,8.0,12.5,0.7518702119582584
Rajasthan,10.381250169542101,10.399999618530273,9.0,12.600000381469727,0.766935556998623
Rajasthan,10.58974358974359,10.600000381469727,8.899999618530273,12.399999618530273,0.7059436413086991
Rajasthan,10.737500190734863,10.800000190734863,10.199999809265137,11.199999809265137,0.3159805768811577
Rajasthan,10.666072300502233,10.649999618530273,8.300000190734863,15.199999809265137,1.7445094698419121
Rajasthan,10.375695122612846,9.899999618530273,8.199999809265137,14.5,1.4670097906519903
Rajasthan,8.936879259474734,8.800000190734863,7.800000190734863,15.399999618530273,0.8549738501859739
Rajasthan,9.228670987215908,9.100000381469727,8.0,11.399999618530273,0.6307529007592245
Rajasthan,9.062790271847748,8.899999618530273,8.300000190734863,10.399999618530273,0.4380310734460306
Rajasthan,9.11883987205616,9.100000381469727,8.100000381469727,10.300000190734863,0.4981924996073949
Rajasthan,9.440441355985755,9.399999618530273,8.300000190734863,10.800000190734863,0.5637816786498729
Rajasthan,9.739000244140625,9.550000190734863,8.300000190734863,14.199999809265137,1.035557361047438
Rajasthan,10.297777416087962,10.199999809265137,8.100000381469727,14.399999618530273,1.2008309375046615
Rajasthan,11.46583251953125,11.399999618530273,10.600000381469727,12.800000190734863,0.4714332404064099
Rajasthan,12.1,12.199999809265137,11.399999618530273,12.800000190734863,0.49799612180134656
Rajasthan,11.639999389648438,12.300000190734863,9.899999618530273,12.699999809265137,1.0423052745427954
Rajasthan,10.837606837606838,10.600000381469727,7.900000095367432,15.800000190734863,1.7328266568614326
Rajasthan,9.514894309618795,8.899999618530273,7.5,24.399999618530273,2.357361654612283
Rajasthan,9.161805894639757,9.199999809265137,7.699999809265137,10.600000381469727,0.5629777843118599
Rajasthan,9.089167277018229,9.100000381469727,7.800000190734863,10.800000190734863,0.5638846991915302
Rajasthan,8.859999593098959,8.899999618530273,8.399999618530273,9.300000190734863,0.23888639644969745
Rajasthan,9.02134858892205,8.899999618530273,8.0,10.600000381469727,0.6075317781147106
Rajasthan,9.819999694824219,9.75,9.5,10.5,0.2993325667286398
Rajasthan,11.178651273920295,11.300000190734863,9.800000190734863,12.199999809265137,0.5395528427864347
Rajasthan,11.251851399739584,11.300000190734863,9.899999618530273,12.300000190734863,0.5166633740050239
Rajasthan,11.398275441136853,10.5,8.5,23.399999618530273,2.854427370329839
Rajasthan,9.752448235358392,9.199999809265137,7.400000095367432,16.100000381469727,1.7253693803436716
Rajasthan,9.094445122612846,9.100000381469727,8.0,10.600000381469727,0.4531951054489873
Rajasthan,9.438194274902344,9.5,8.5,10.800000190734863,0.4302771331057182
Rajasthan,9.804477976329292,9.699999809265137,8.699999809265137,11.300000190734863,0.5337652710707624
Rajasthan,9.534615736741285,9.600000381469727,8.300000190734863,10.199999809265137,0.4131886242444279
Rajasthan,13.071428571428571,10.100000381469727,8.699999809265137,20.399999618530273,4.495939257786689
Rajasthan,9.753921807981005,9.5,8.0,15.399999618530273,1.2837346940943388
Rajasthan,9.12097936243444,9.0,7.800000190734863,12.5,0.7432543306705812
Rajasthan,9.772222730848524,9.800000190734863,8.699999809265137,11.100000381469727,0.43420497910293065
Rajasthan,10.115277608235678,10.100000381469727,9.0,11.0,0.3766296620633143
Rajasthan,10.199999809265137,10.700000762939453,8.5,10.899999618530273,0.987420882906644
Rajasthan,9.022963686342592,8.800000190734863,7.800000190734863,10.899999618530273,0.7396637093045815
Rajasthan,10.100694444444445,10.100000381469727,9.199999809265137,11.0,0.41824643445519083
Rajasthan,10.112281130071272,10.0,9.199999809265137,11.199999809265137,0.5331371120327404
Rajasthan,9.36944467050058,9.100000381469727,7.699999809265137,21.700000762939453,1.6296136123971396
Rajasthan,9.716083233173077,9.699999809265137,8.600000381469727,11.399999618530273,0.4832365198007265
Rajasthan,10.20800048828125,10.199999809265137,9.300000190734863,11.100000381469727,0.45114964373018057
Rajasthan,14.385713849748884,13.299999237060547,8.5,24.700000762939453,4.904787328017576
Rajasthan,11.155445061107674,10.600000381469727,8.699999809265137,26.899999618530273,2.75312512956633
Rajasthan,10.843118370126147,10.800000190734863,9.399999618530273,12.5,0.6640668396426348
Rajasthan,10.458333333333334,10.399999618530273,9.899999618530273,12.0,0.5171369102094312
Rajasthan,11.633898718882415,11.699999809265137,10.0,13.199999809265137,0.7601539598266109
Uttar Pradesh,,,,,
Uttar Pradesh,10.300000190734863,10.300000190734863,10.300000190734863,10.300000190734863,0.0
Uttar Pradesh,14.65000025431315,13.600000381469727,10.699999809265137,19.200000762939453,3.0543685941744445
Uttar Pradesh,12.516665988498264,12.0,9.5,24.700000762939453,2.876292014955712
Uttar Pradesh,12.073529411764707,11.800000190734863,10.0,15.100000381469727,1.1875107077743323
Uttar Pradesh,12.91029447667739,12.200000762939453,10.600000381469727,22.299999237060547,2.140652736000229
Uttar Pradesh,12.832468008066153,12.5,10.600000381469727,15.300000190734863,1.4671680902344015
Uttar Pradesh,12.626316003632127,12.399999618530273,10.800000190734863,15.800000190734863,1.1953897351580223
Uttar Pradesh,14.28230002074115,14.199999809265137,11.300000190734863,17.799999237060547,1.602444484246247
Uttar Pradesh,16.982142857142858,17.100000381469727,14.600000381469727,19.700000762939453,1.2682159288686625
Uttar Pradesh,17.029411764705884,16.549999237060547,15.100000381469727,19.399999618530273,1.3378052926484283
Uttar Pradesh,,,,,
Uttar Pradesh,9.899999618530273,9.899999618530273,9.899999618530273,9.899999618530273,0.0
Uttar Pradesh,9.216666539510092,8.399999618530273,7.400000095367432,15.800000190734863,2.28357664062644
Uttar Pradesh,10.697272283380682,10.199999809265137,8.100000381469727,19.700000762939453,2.19894433375137
Uttar Pradesh,11.149586575090392,10.399999618530273,9.5,20.899999618530273,1.977565222829309
Uttar Pradesh,11.932031631469727,11.949999809265137,9.600000381469727,17.5,1.49785959188484
Uttar Pradesh,12.448227469802749,12.600000381469727,9.399999618530273,14.699999809265137,0.9952085833110537
Uttar Pradesh,13.313195122612846,13.300000190734863,11.899999618530273,14.800000190734863,0.5283946341015433
Uttar Pradesh,14.11388905843099,14.100000381469727,11.800000190734863,16.100000381469727,0.8778612711286606
Uttar Pradesh,14.181818181818182,14.0,12.0,16.5,0.8212761692252784
Uttar Pradesh,14.588194105360243,14.5,12.699999809265137,17.0,0.7356494629139075
Uttar Pradesh,15.926388210720486,15.800000190734863,14.0,17.799999237060547,0.956918192005605
Uttar Pradesh,18.572916666666668,18.600000381469727,16.299999237060547,20.0,0.7322168689904113
Uttar Pradesh,18.565735290100523,18.600000381469727,15.600000381469727,21.200000762939453,1.1747998420093326
Uttar Pradesh,18.384615384615383,18.700000762939453,15.300000190734863,20.5,1.253004279318941
Uttar Pradesh,19.775999755859374,19.200000762939453,17.700000762939453,23.299999237060547,1.7511778542448646
Uttar Pradesh,10.86153783553686,10.699999809265137,10.100000381469727,11.800000190734863,0.4359577322237263
Uttar Pradesh,10.247297957136825,10.100000381469727,9.100000381469727,13.600000381469727,0.8549099338463211
Uttar Pradesh,9.782828282828282,9.800000190734863,8.399999618530273,11.0,0.5089185035520883
Uttar Pradesh,9.968367596061862,10.0,8.699999809265137,11.0,0.5060041414631447
Uttar Pradesh,11.899999803112399,9.649999618530273,8.5,24.899999618530273,4.158512391681868
Uttar Pradesh,9.213043212890625,9.199999809265137,8.300000190734863,10.300000190734863,0.5527043249271735
Uttar Pradesh,9.223656439012096,9.199999809265137,8.300000190734863,10.699999809265137,0.5099857955683749
Uttar Pradesh,10.681944105360243,10.699999809265137,9.0,13.199999809265137,0.824423463886018
Uttar Pradesh,12.390277438693577,12.449999809265137,10.800000190734863,15.0,0.9741320425276305
Uttar Pradesh,13.60763888888889,13.699999809265137,11.399999618530273,15.800000190734863,0.8853812948446471
Uttar Pradesh,12.816666497124565,12.800000190734863,10.899999618530273,14.399999618530273,0.5469613243475435
Uttar Pradesh,13.050694783528646,13.0,12.100000381469727,14.300000190734863,0.47827763241249377
Uttar Pradesh,13.844445122612846,13.800000190734863,12.600000381469727,17.399999618530273,0.715287179648872
Uttar Pradesh,13.770212592808067,13.899999618530273,11.300000190734863,15.699999809265137,0.792584815049292
Uttar Pradesh,15.260416666666666,15.5,12.5,17.0,0.9729836095806805
Uttar Pradesh,16.8125,16.799999237060547,15.399999618530273,19.5,0.6538215849523765
Uttar Pradesh,19.225001017252605,19.399999618530273,16.299999237060547,21.100000381469727,1.107079543977853
Uttar Pradesh,18.676388210720486,18.450000762939453,17.799999237060547,20.799999237060547,0.7057291888035561
Uttar Pradesh,19.841666327582466,19.849998474121094,18.100000381469727,22.399999618530273,1.0044690980819406
Uttar Pradesh,22.229545824455492,22.650001525878906,18.799999237060547,24.600000381469727,1.69167920732435
Uttar Pradesh,22.314287458147323,22.5,20.700000762939453,23.200000762939453,0.7548481791510051
Uttar Pradesh,8.529999542236329,8.399999618530273,8.199999809265137,9.100000381469727,0.30347991678369085
Uttar Pradesh,9.405405405405405,9.199999809265137,8.199999809265137,11.399999618530273,0.7486730486072399
Uttar Pradesh,11.225000381469727,11.199999809265137,10.5,12.300000190734863,0.5739119549642456
Uttar Pradesh,10.32162145666174,10.300000190734863,8.899999618530273,11.600000381469727,0.6016352593632448
Uttar Pradesh,10.007142857142858,10.050000190734863,7.900000095367432,12.199999809265137,0.9178890851587492
Uttar Pradesh,9.874304877387154,9.850000381469727,8.199999809265137,17.600000381469727,1.1160288703364385
Uttar Pradesh,9.685417175292969,9.600000381469727,8.5,12.300000190734863,0.6422582531981028
Uttar Pradesh,9.705839059648723,9.699999809265137,8.699999809265137,10.899999618530273,0.42576959726132513
Uttar Pradesh,10.1875,10.399999618530273,9.199999809265137,11.0,0.5019234282619408
Uttar Pradesh,15.300000190734863,15.300000190734863,11.5,19.100000381469727,3.8000001907348633
Uttar Pradesh,10.720000457763671,10.699999809265137,10.100000381469727,11.300000190734863,0.44000006589049506
Uttar Pradesh,15.700000762939453,15.700000762939453,15.600000381469727,15.800000190734863,0.09999990463370523
Uttar Pradesh,13.533332824707031,13.299999237060547,9.5,19.399999618530273,3.4315527594968445
Uttar Pradesh,11.218519422743055,9.75,8.600000381469727,20.399999618530273,3.076678960327669
Uttar Pradesh,9.090225563909774,9.100000381469727,8.199999809265137,13.699999809265137,0.6356412218273496
Uttar Pradesh,9.321239370160399,9.300000190734863,8.5,10.5,0.4137998566247295
Uttar Pradesh,9.796992481203008,9.600000381469727,8.0,12.800000190734863,0.9164282059507389
Uttar Pradesh,11.772221883138021,11.300000190734863,10.300000190734863,14.399999618530273,1.147003566615286
Uttar Pradesh,11.869444105360243,11.5,10.0,19.899999618530273,1.3438272897374457
Uttar Pradesh,13.106250339084202,13.0,11.0,15.199999809265137,1.071228463054683
Uttar Pradesh,13.611805386013454,13.5,11.699999809265137,15.800000190734863,0.7729360115563058
Uttar Pradesh,14.376388549804688,14.300000190734863,12.399999618530273,16.600000381469727,0.7420866298059219
Uttar Pradesh,14.923776906687063,14.899999618530273,13.100000381469727,16.799999237060547,0.7612061189073189
Uttar Pradesh,15.303471883138021,15.300000190734863,14.300000190734863,16.399999618530273,0.41355724953976103
Uttar Pradesh,16.354861789279514,16.299999237060547,15.300000190734863,18.100000381469727,0.5638199874964934
Uttar Pradesh,17.367832850743007,17.0,15.699999809265137,19.899999618530273,0.9776953079656274
Uttar Pradesh,19.150000678168404,19.200000762939453,17.799999237060547,20.100000381469727,0.474341711854913
Uttar Pradesh,19.916666666666668,19.899999618530273,18.399999618530273,21.700000762939453,0.7552593527914649
Uttar Pradesh,21.331944783528645,21.299999237060547,20.200000762939453,22.899999618530273,0.5847189256626515
Uttar Pradesh,23.831944783528645,23.799999237060547,21.600000381469727,26.200000762939453,1.158222590674548
Uttar Pradesh,24.151850947627313,24.200000762939453,21.200000762939453,25.799999237060547,1.0069647401578146
Uttar Pradesh,24.75,24.600000381469727,23.799999237060547,25.899999618530273,0.7365459758690417
Uttar Pradesh,8.75,8.75,8.5,9.0,0.25
Uttar Pradesh,9.12029056272645,9.0,8.5,11.399999618530273,0.533671862791686
Uttar Pradesh,11.092062329489087,11.0,9.100000381469727,13.100000381469727,1.0408027629472316
Uttar Pradesh,9.741666793823242,9.699999809265137,8.800000190734863,11.0,0.5589548205781336
Uttar Pradesh,9.857499694824218,9.899999618530273,9.100000381469727,10.899999618530273,0.37675423583576023
Uttar Pradesh,11.624242609197443,11.5,10.899999618530273,12.600000381469727,0.4235709426227528
Uttar Pradesh,10.252817073338468,10.199999809265137,8.100000381469727,12.300000190734863,0.9432259548062781
Uttar Pradesh,9.342361450195312,9.199999809265137,8.300000190734863,11.100000381469727,0.6169571261281003
Uttar Pradesh,9.362500508626303,9.199999809265137,8.199999809265137,11.199999809265137,0.7316149490595915
Uttar Pradesh,9.131249321831596,9.0,8.300000190734863,11.100000381469727,0.6013259437862818
Uttar Pradesh,11.306944105360243,10.300000190734863,9.100000381469727,27.799999237060547,3.4066653375384197
Uttar Pradesh,12.802521008403362,11.300000190734863,9.399999618530273,23.700000762939453,3.4274095508624107
Uttar Pradesh,12.2877197265625,10.75,9.100000381469727,23.600000381469727,3.527837677054174
Uttar Pradesh,10.102381146143353,9.800000190734863,9.100000381469727,21.600000381469727,1.3787770646574535
Uttar Pradesh,10.56494895699098,10.5,9.699999809265137,14.300000190734863,0.5986309716511551
Uttar Pradesh,10.040145985401459,9.5,8.5,21.200000762939453,1.8988071775084758
Uttar Pradesh,10.044603965265289,9.699999809265137,8.800000190734863,20.200000762939453,1.622644354451282
Uttar Pradesh,10.036690471841277,9.699999809265137,8.5,25.299999237060547,1.8759417278947803
Uttar Pradesh,11.028472900390625,10.5,8.699999809265137,27.799999237060547,2.554072573751557
Uttar Pradesh,10.665035647945805,10.5,8.5,20.200000762939453,1.316079112247952
Uttar Pradesh,11.424285016741072,11.550000190734863,9.5,14.199999809265137,1.1292773298746124
Uttar Pradesh,13.597221374511719,13.399999618530273,11.800000190734863,21.799999237060547,1.490522973108009
Uttar Pradesh,13.960417005750868,14.100000381469727,11.899999618530273,16.200000762939453,0.9176675403309482
Uttar Pradesh,14.779861450195312,14.899999618530273,12.699999809265137,16.100000381469727,0.6783947332368453
Uttar Pradesh,15.95138888888889,15.800000190734863,14.0,19.0,0.9230073593450728
Uttar Pradesh,15.698610093858507,15.699999809265137,14.5,16.5,0.46412786836630476
Uttar Pradesh,16.18402777777778,16.200000762939453,14.899999618530273,17.600000381469727,0.5936776445488089
Uttar Pradesh,17.108334011501736,17.100000381469727,15.699999809265137,19.100000381469727,0.7993486066146286
Uttar Pradesh,18.398610432942707,18.399999618530273,16.700000762939453,20.299999237060547,0.6763860174217786
Uttar Pradesh,19.181944105360245,19.100000381469727,18.299999237060547,20.399999618530273,0.36735775644028373
Uttar Pradesh,20.65625,20.700000762939453,19.0,22.0,0.7461679678460104
Uttar Pradesh,20.768991869549417,21.100000381469727,16.899999618530273,23.399999618530273,1.4751060390478636
Uttar Pradesh,23.39485258214614,23.799999237060547,18.899999618530273,26.0,1.544931020729387
Uttar Pradesh,24.207639906141495,24.299999237060547,22.399999618530273,25.600000381469727,0.7627690954560349
Uttar Pradesh,23.273983342860774,23.399999618530273,20.100000381469727,27.399999618530273,1.6379064414795355
Uttar Pradesh,26.95769324669471,24.399999618530273,22.600000381469727,43.0,5.873092099022701
Uttar Pradesh,39.4,40.099998474121094,36.900001525878906,42.70000076293945,2.1707143298706826
Uttar Pradesh,8.78529447667739,8.699999809265137,8.100000381469727,9.899999618530273,0.37661990270839574
Uttar Pradesh,9.099181128329919,8.800000190734863,7.800000190734863,12.100000381469727,0.8638928372250326
Uttar Pradesh,9.7421875,9.800000190734863,8.600000381469727,10.600000381469727,0.4201207548852898
Uttar Pradesh,9.765648295861164,9.600000381469727,8.399999618530273,12.5,0.6544936895805267
Uttar Pradesh,10.405454323508522,10.399999618530273,9.600000381469727,11.300000190734863,0.4358557529347657
Uttar Pradesh,10.106667073567708,10.199999809265137,7.900000095367432,12.0,0.9015481080763547
Uttar Pradesh,10.564583672417534,10.699999809265137,8.300000190734863,12.100000381469727,0.7971711499099273
Uttar Pradesh,9.767691744290865,9.699999809265137,7.800000190734863,14.600000381469727,0.8913443246586875
Uttar Pradesh,10.477778116861979,9.899999618530273,8.699999809265137,26.299999237060547,2.4551375376000344
Uttar Pradesh,10.115971883138021,9.5,8.5,21.0,2.2506376403671453
Uttar Pradesh,13.48611111111111,11.300000190734863,8.899999618530273,27.700000762939453,4.597094674770061
Uttar Pradesh,11.331944783528646,11.300000190734863,10.300000190734863,13.199999809265137,0.4732647527110553
Uttar Pradesh,11.031945122612846,10.800000190734863,9.199999809265137,22.299999237060547,1.2078247248343599
Uttar Pradesh,10.51111094156901,10.399999618530273,9.399999618530273,12.199999809265137,0.6799827227713289
Uttar Pradesh,10.547916836208767,10.399999618530273,9.600000381469727,12.300000190734863,0.5925426599298458
Uttar Pradesh,11.332638210720486,11.0,9.699999809265137,22.100000381469727,1.3697034110562967
Uttar Pradesh,11.453472561306423,11.699999809265137,9.0,12.5,0.7164644156208061
Uttar Pradesh,11.370834350585938,11.449999809265137,9.199999809265137,19.600000381469727,1.2475462246450995
Uttar Pradesh,11.591667175292969,11.5,8.899999618530273,18.799999237060547,1.204303642385406
Uttar Pradesh,11.71971796599912,11.600000381469727,9.800000190734863,14.100000381469727,0.79825861386
Uttar Pradesh,13.277083502875435,13.399999618530273,10.300000190734863,14.800000190734863,1.0001193994776942
Uttar Pradesh,13.670713588169642,13.5,11.699999809265137,18.200000762939453,0.9463083844686084
Uttar Pradesh,14.27000034877232,14.199999809265137,12.800000190734863,16.799999237060547,0.8391066278584846
Uttar Pradesh,15.51388888888889,15.300000190734863,14.0,17.799999237060547,0.784362058625265
Uttar Pradesh,16.661112467447918,16.849998474121094,15.100000381469727,18.299999237060547,0.7587554488194679
Uttar Pradesh,16.59722222222222,16.5,15.100000381469727,19.100000381469727,0.8138509669745246
Uttar Pradesh,17.44652642144097,17.299999237060547,16.399999618530273,19.299999237060547,0.5684912722492826
Uttar Pradesh,18.995832655164932,18.700000762939453,16.600000381469727,22.5,1.3608551854536415
Uttar Pradesh,19.549306233723957,19.600000381469727,18.299999237060547,20.299999237060547,0.37304983891848165
Uttar Pradesh,19.45972357855903,19.5,17.100000381469727,20.899999618530273,0.7722908469046927
Uttar Pradesh,20.89236111111111,20.899999618530273,19.5,22.100000381469727,0.5696099786595946
Uttar Pradesh,21.401387532552082,21.450000762939453,17.399999618530273,24.100000381469727,1.216380494401102
Uttar Pradesh,22.5,22.650001525878906,19.0,24.100000381469727,0.8613619487924882
Uttar Pradesh,22.935416327582466,22.799999237060547,20.299999237060547,27.0,1.440894237923265
Uttar Pradesh,23.815277099609375,23.399999618530273,20.899999618530273,36.29999923706055,2.027735427838237
Uttar Pradesh,36.77762374344405,35.79999923706055,22.899999618530273,52.400001525878906,9.969677234227081
Uttar Pradesh,49.00555419921875,50.150001525878906,38.5,52.599998474121094,3.478421026156314
Uttar Pradesh,9.311236092213834,9.199999809265137,8.600000381469727,10.600000381469727,0.3978702476104245
Uttar Pradesh,9.682203389830509,9.800000190734863,8.100000381469727,11.0,0.6214569388494301
Uttar Pradesh,9.709027608235678,9.600000381469727,8.600000381469727,11.0,0.5083897537468671
Uttar Pradesh,9.913889567057291,9.699999809265137,8.800000190734863,19.600000381469727,1.100669703615256
Uttar Pradesh,11.098610772026909,10.300000190734863,8.899999618530273,23.799999237060547,2.703238397867956
Uttar Pradesh,11.76923076923077,10.199999809265137,8.0,23.700000762939453,3.737023814260732
Uttar Pradesh,11.566901408450704,10.350000381469727,8.399999618530273,23.200000762939453,3.2005440299755494
Uttar Pradesh,12.195070078675176,10.399999618530273,8.699999809265137,27.799999237060547,4.2242646816583855
Uttar Pradesh,10.945139567057291,10.199999809265137,9.0,21.0,2.36657360412384
Uttar Pradesh,11.725001017252604,10.899999618530273,9.800000190734863,26.299999237060547,2.6987779468570703
Uttar Pradesh,10.997222052680122,10.899999618530273,9.899999618530273,12.699999809265137,0.6209250134837333
Uttar Pradesh,10.657638549804688,10.600000381469727,9.399999618530273,12.199999809265137,0.6934795437989891
Uttar Pradesh,11.550694783528646,11.300000190734863,9.800000190734863,14.199999809265137,1.0187135358677217
Uttar Pradesh,11.667361789279514,11.699999809265137,9.800000190734863,13.699999809265137,0.7009744741155521
Uttar Pradesh,11.219445122612846,11.199999809265137,10.300000190734863,12.699999809265137,0.5523029642070549
Uttar Pradesh,10.953520439040492,10.800000190734863,9.300000190734863,12.699999809265137,0.8147981803806498
Uttar Pradesh,11.499305725097656,11.399999618530273,9.5,13.399999618530273,0.6127688084974376
Uttar Pradesh,12.554167005750868,12.399999618530273,11.100000381469727,14.399999618530273,0.8083655709175819
Uttar Pradesh,13.167133037860577,13.100000381469727,11.0,16.100000381469727,1.0260779090718195
Uttar Pradesh,15.19722154405382,15.5,11.899999618530273,17.200000762939453,1.131428816564824
Uttar Pradesh,14.613386019008367,14.5,12.600000381469727,17.100000381469727,1.1413048651957602
Uttar Pradesh,15.304,14.899999618530273,13.0,19.5,1.4982335526206814
Uttar Pradesh,16.661805894639755,16.600000381469727,14.699999809265137,18.700000762939453,0.6707164834117237
Uttar Pradesh,17.222917344835068,17.200000762939453,16.200000762939453,18.5,0.5109521316869816
Uttar Pradesh,17.3986013986014,17.399999618530273,15.600000381469727,19.799999237060547,0.6745094755401316
Uttar Pradesh,17.16567127740205,17.200000762939453,14.899999618530273,19.100000381469727,0.8982657285397259
Uttar Pradesh,19.48686095745894,19.799999237060547,14.699999809265137,22.600000381469727,1.4208468122290405
Uttar Pradesh,19.872916327582466,19.799999237060547,18.899999618530273,21.5,0.4912030544485639
Uttar Pradesh,20.39430894308943,20.399999618530273,18.0,21.5,0.582020639344539
Uttar Pradesh,20.99113985858386,21.0,19.799999237060547,22.0,0.46990164795099265
Uttar Pradesh,22.966101694915253,22.700000762939453,21.0,25.5,1.1885912632167275
Uttar Pradesh,22.551456784739077,22.399999618530273,20.799999237060547,25.799999237060547,1.0083018798484475
Uttar Pradesh,22.158042640952797,22.100000381469727,20.799999237060547,24.600000381469727,0.6760035737150369
Uttar Pradesh,30.898610432942707,26.5,20.399999618530273,50.20000076293945,9.3904796687134
Uttar Pradesh,50.61341225228659,51.099998474121094,45.599998474121094,54.0,1.901973517659746
Uttar Pradesh,9.789285568963914,9.699999809265137,8.600000381469727,11.399999618530273,0.543142921234169
Uttar Pradesh,9.934027777777779,9.899999618530273,8.699999809265137,11.699999809265137,0.5892748778832736
Uttar Pradesh,10.226389567057291,10.100000381469727,9.100000381469727,12.300000190734863,0.6153122713064506
Uttar Pradesh,11.936111450195312,10.300000190734863,9.399999618530273,29.5,4.198223977277008
Uttar Pradesh,12.654861450195312,11.0,9.399999618530273,26.600000381469727,3.7389064199601467
Uttar Pradesh,10.984722561306423,10.699999809265137,9.199999809265137,22.299999237060547,1.718822168431028
Uttar Pradesh,11.126388549804688,11.199999809265137,9.899999618530273,12.899999618530273,0.6413945304243889
Uttar Pradesh,11.086111280653212,11.100000381469727,9.199999809265137,12.699999809265137,0.5822145550241429
Uttar Pradesh,10.214583502875435,10.199999809265137,9.0,11.800000190734863,0.5748150466710442
Uttar Pradesh,10.795834011501736,10.600000381469727,9.600000381469727,20.600000381469727,1.3965172361803708
Uttar Pradesh,10.029861450195312,10.0,8.899999618530273,11.5,0.5726497831706093
Uttar Pradesh,10.229166666666666,10.100000381469727,9.300000190734863,11.600000381469727,0.5897121473132695
Uttar Pradesh,11.145138210720486,11.199999809265137,9.699999809265137,12.699999809265137,0.6780107844194567
Uttar Pradesh,11.295774647887324,11.300000190734863,9.5,13.800000190734863,0.7571139775700739
Uttar Pradesh,11.89236111111111,11.800000190734863,10.899999618530273,13.699999809265137,0.5661860353727655
Uttar Pradesh,12.008391266936188,11.699999809265137,10.399999618530273,15.0,0.9624776125377321
Uttar Pradesh,13.330555386013454,13.25,11.100000381469727,16.200000762939453,1.1597580169216375
Uttar Pradesh,13.254861619737413,13.300000190734863,11.699999809265137,15.199999809265137,0.6947051580655071
Uttar Pradesh,13.91958041958042,13.899999618530273,12.5,15.899999618530273,0.719582083882065
Uttar Pradesh,15.12083265516493,14.800000190734863,13.800000190734863,17.600000381469727,0.9830418912529324
Uttar Pradesh,16.28472222222222,16.200000762939453,15.0,17.899999618530273,0.6564127280722497
Uttar Pradesh,16.48055691189236,16.299999237060547,14.699999809265137,18.299999237060547,0.7483571883609133
Uttar Pradesh,17.515277438693577,17.5,16.100000381469727,19.399999618530273,0.570491863169775
Uttar Pradesh,17.60277642144097,17.5,16.100000381469727,19.399999618530273,0.6951163880897681
Uttar Pradesh,18.471527099609375,18.299999237060547,17.299999237060547,20.799999237060547,0.7733103073329797
Uttar Pradesh,19.179860432942707,18.899999618530273,17.100000381469727,21.799999237060547,1.149733065039003
Uttar Pradesh,19.755555894639755,19.700000762939453,17.899999618530273,22.200000762939453,0.817072884564085
Uttar Pradesh,20.221830985915492,20.100000381469727,19.100000381469727,22.399999618530273,0.5509423775278854
Uttar Pradesh,20.552942612591913,20.600000381469727,20.0,21.200000762939453,0.3805841668843871
Uttar Pradesh,24.63333393614969,23.799999237060547,20.899999618530273,38.5,3.8721865231076356
Uttar Pradesh,43.01666598849826,46.79999923706055,24.0,54.099998474121094,8.421228017501939
Uttar Pradesh,48.57500076293945,48.55000305175781,46.70000076293945,50.5,0.9902649631337362
Uttar Pradesh,10.277777777777779,10.199999809265137,9.100000381469727,11.399999618530273,0.48274376468726193
Uttar Pradesh,10.79861111111111,10.649999618530273,9.399999618530273,12.800000190734863,0.7337107254731534
Uttar Pradesh,10.58881084735577,10.5,8.800000190734863,17.600000381469727,1.0442051170943547
Uttar Pradesh,13.68230731670673,11.399999618530273,8.699999809265137,26.600000381469727,4.870799453819011
Uttar Pradesh,12.318750169542101,11.5,9.600000381469727,26.0,2.8615741544833826
Uttar Pradesh,11.419443766276041,11.399999618530273,10.100000381469727,12.699999809265137,0.5957345727168282
Uttar Pradesh,11.375694274902344,11.399999618530273,10.5,12.399999618530273,0.4062440565414802
Uttar Pradesh,11.03125,11.0,9.600000381469727,12.5,0.6518636341258839
Uttar Pradesh,10.679167005750868,10.600000381469727,9.300000190734863,12.300000190734863,0.6296907047443603
Uttar Pradesh,10.911110772026909,10.899999618530273,9.699999809265137,12.600000381469727,0.6560732345863366
Uttar Pradesh,10.081250508626303,10.0,9.300000190734863,11.699999809265137,0.4213022844152126
Uttar Pradesh,10.920834011501736,10.899999618530273,9.5,14.0,0.7682840966599687
Uttar Pradesh,10.999304877387154,11.0,9.399999618530273,12.699999809265137,0.7336643713720663
Uttar Pradesh,12.320833841959635,12.300000190734863,10.5,14.0,0.7646599817505297
Uttar Pradesh,12.87083265516493,13.0,10.800000190734863,14.899999618530273,1.0273938602820405
Uttar Pradesh,13.02708265516493,13.100000381469727,10.800000190734863,15.899999618530273,1.0711635893149283
Uttar Pradesh,13.972916497124565,13.699999809265137,11.899999618530273,18.899999618530273,1.0166132829788843
Uttar Pradesh,14.219443427191841,14.100000381469727,12.600000381469727,22.399999618530273,1.1310809061494496
Uttar Pradesh,14.756249321831596,14.550000190734863,13.800000190734863,22.399999618530273,0.874461606055868
Uttar Pradesh,15.029861450195312,15.0,13.899999618530273,16.899999618530273,0.5661860395724486
Uttar Pradesh,15.973612467447916,15.850000381469727,14.699999809265137,17.899999618530273,0.7604810584264026
Uttar Pradesh,16.817362467447918,16.899999618530273,15.300000190734863,18.5,0.66273105838767
Uttar Pradesh,17.612499660915798,17.5,16.200000762939453,19.5,0.6190129365232491
Uttar Pradesh,18.031945122612846,18.100000381469727,16.700000762939453,19.899999618530273,0.5544834238678729
Uttar Pradesh,19.179860432942707,19.299999237060547,17.700000762939453,21.200000762939453,0.6988660915068925
Uttar Pradesh,19.95138888888889,20.0,18.799999237060547,21.399999618530273,0.5045606196762614
Uttar Pradesh,20.073943661971832,19.950000762939453,18.899999618530273,22.399999618530273,0.5940644174067067
Uttar Pradesh,21.127966929290253,20.399999618530273,18.299999237060547,27.299999237060547,1.8058701329309188
Uttar Pradesh,23.183869392641128,23.5,20.600000381469727,25.5,1.3917027488603413
Uttar Pradesh,48.194287109375,48.400001525878906,44.400001525878906,51.0,1.4724019005209175
Uttar Pradesh,9.299999237060547,9.299999237060547,8.899999618530273,9.699999809265137,0.40000009536771586
Uttar Pradesh,10.581904529389881,10.399999618530273,9.399999618530273,12.899999618530273,0.7798389353092897
Uttar Pradesh,10.604166666666666,10.5,9.100000381469727,12.699999809265137,0.7029575668792144
Uttar Pradesh,9.782677357591043,9.5,8.600000381469727,22.5,1.6058992629952766
Uttar Pradesh,15.12056097583236,12.199999809265137,8.899999618530273,42.0,6.792598099815649
Uttar Pradesh,11.961805555555555,11.899999618530273,10.699999809265137,13.899999618530273,0.6712339814773721
Uttar Pradesh,11.547916836208767,11.600000381469727,10.199999809265137,13.600000381469727,0.6787416016431774
Uttar Pradesh,10.800694783528646,10.800000190734863,9.5,12.0,0.6081045716947151
Uttar Pradesh,10.33873222243618,10.300000190734863,9.300000190734863,11.800000190734863,0.5996300298293303
Uttar Pradesh,10.641666836208767,10.600000381469727,9.199999809265137,12.5,0.6384117054194515
Uttar Pradesh,10.271739130434783,10.199999809265137,9.199999809265137,12.300000190734863,0.665396165619851
Uttar Pradesh,10.652458816278177,10.5,9.699999809265137,12.600000381469727,0.6345532882057369
Uttar Pradesh,10.992360432942709,11.0,9.899999618530273,12.699999809265137,0.5387846071200607
Uttar Pradesh,12.190972222222221,12.100000381469727,10.5,17.299999237060547,0.929001316030779
Uttar Pradesh,12.590277777777779,12.699999809265137,10.699999809265137,14.800000190734863,0.8564558193202289
Uttar Pradesh,13.14236111111111,13.300000190734863,10.699999809265137,18.600000381469727,1.2023461008398473
Uttar Pradesh,13.699305216471354,13.649999618530273,11.899999618530273,15.5,0.7059761258048661
Uttar Pradesh,14.225694444444445,14.300000190734863,11.899999618530273,16.200000762939453,0.9204276553238986
Uttar Pradesh,13.956943935818142,13.899999618530273,13.0,15.399999618530273,0.4818443491143279
Uttar Pradesh,14.75,14.699999809265137,13.899999618530273,16.0,0.39913096000769577
Uttar Pradesh,15.00416734483507,15.0,13.899999618530273,16.399999618530273,0.5154387075238965
Uttar Pradesh,16.38333299424913,15.899999618530273,14.399999618530273,31.299999237060547,2.5093435897188585
Uttar Pradesh,21.14236111111111,17.100000381469727,14.699999809265137,38.099998474121094,6.720455670221317
Uttar Pradesh,19.726389567057293,17.600000381469727,16.100000381469727,36.5,4.579179629358003
Uttar Pradesh,18.645138210720486,18.299999237060547,16.299999237060547,29.0,1.607094915727829
Uttar Pradesh,21.320139567057293,19.849998474121094,17.700000762939453,36.20000076293945,4.052529710823987
Uttar Pradesh,24.643509959446565,22.600000381469727,19.700000762939453,41.599998474121094,4.287904079726987
Uttar Pradesh,23.776983351934526,21.799999237060547,19.299999237060547,39.0,4.444653715447257
Uttar Pradesh,28.292855398995535,26.649999618530273,19.799999237060547,40.400001525878906,7.149571874411716
Uttar Pradesh,8.485713958740234,8.5,8.199999809265137,8.899999618530273,0.2294625927376953
Uttar Pradesh,8.633333841959635,8.600000381469727,8.300000190734863,9.0,0.28674408687838243
Uttar Pradesh,11.146809030086436,11.100000381469727,9.699999809265137,13.0,0.8186265146090344
Uttar Pradesh,10.779861450195312,10.699999809265137,9.300000190734863,13.100000381469727,0.6133446339566668
Uttar Pradesh,10.70138888888889,10.600000381469727,8.699999809265137,15.600000381469727,1.2805156947923098
Uttar Pradesh,11.677777608235678,10.800000190734863,9.600000381469727,25.100000381469727,2.7191564154292536
Uttar Pradesh,11.386805216471354,11.199999809265137,10.100000381469727,13.5,0.6806090779976528
Uttar Pradesh,11.066666497124565,11.0,9.600000381469727,12.899999618530273,0.6214901235625225
Uttar Pradesh,10.796527438693577,10.699999809265137,9.699999809265137,12.199999809265137,0.5235314182462276
Uttar Pradesh,11.154861450195312,11.300000190734863,9.5,13.199999809265137,0.7370012696865313
Uttar Pradesh,11.63888888888889,11.600000381469727,9.800000190734863,13.0,0.7066264744399822
Uttar Pradesh,11.143663003411092,11.199999809265137,9.0,13.199999809265137,0.7861893081201972
Uttar Pradesh,11.21567091301306,11.199999809265137,9.199999809265137,15.699999809265137,1.0195737011957497
Uttar Pradesh,11.139583163791233,10.800000190734863,10.0,20.899999618530273,1.3164144496933141
Uttar Pradesh,12.612499660915798,12.600000381469727,10.800000190734863,14.399999618530273,0.7722509210277486
Uttar Pradesh,13.502082824707031,13.100000381469727,11.300000190734863,25.700000762939453,1.8347899201600055
Uttar Pradesh,13.23472171359592,13.100000381469727,11.399999618530273,15.199999809265137,0.9272360043501298
Uttar Pradesh,13.16597154405382,13.100000381469727,11.699999809265137,14.800000190734863,0.7163917630650667
Uttar Pradesh,13.829165988498264,13.899999618530273,11.899999618530273,15.300000190734863,0.6399734342363227
Uttar Pradesh,14.569444444444445,14.5,13.300000190734863,19.100000381469727,0.7551929351338401
Uttar Pradesh,16.04513888888889,14.699999809265137,13.600000381469727,28.899999618530273,3.354905794390268
Uttar Pradesh,18.7216796875,16.0,13.600000381469727,37.20000076293945,5.94128778097434
Uttar Pradesh,19.747553471918707,17.200000762939453,15.199999809265137,36.29999923706055,5.0685211148502
Uttar Pradesh,17.636803521050346,17.100000381469727,16.0,34.099998474121094,2.3709100205644695
Uttar Pradesh,18.518182501092657,17.899999618530273,16.399999618530273,33.79999923706055,2.714391395649884
Uttar Pradesh,19.896526760525173,18.600000381469727,17.200000762939453,31.799999237060547,3.1091802372520014
Uttar Pradesh,20.451409138424296,19.5,17.100000381469727,33.900001525878906,3.3344918833990516
Uttar Pradesh,20.54965103256119,20.600000381469727,17.899999618530273,23.0,0.6826392588764467
Uttar Pradesh,21.518747965494793,21.399999618530273,19.5,26.399999618530273,1.1310619286040615
Uttar Pradesh,24.533626590154867,23.0,21.200000762939453,37.900001525878906,3.978206448761381
Uttar Pradesh,28.633331298828125,26.600000381469727,26.200000762939453,33.099998474121094,3.162628009067431
Uttar Pradesh,13.669999694824218,13.649999618530273,9.899999618530273,19.299999237060547,2.781384477840354
Uttar Pradesh,18.808929443359375,15.200000762939453,9.100000381469727,37.0,8.30142578141195
Uttar Pradesh,32.400001525878906,32.400001525878906,32.400001525878906,32.400001525878906,0.0
Uttar Pradesh,16.778260604194973,13.300000190734863,8.899999618530273,39.5,8.118629124854566
Uttar Pradesh,9.357142857142858,9.300000190734863,8.399999618530273,11.399999618530273,0.5484234814598251
Uttar Pradesh,9.45890327349101,9.399999618530273,8.199999809265137,11.600000381469727,0.6065477947841844
Uttar Pradesh,11.42558182117551,11.0,10.0,19.100000381469727,1.5715632024347121
Uttar Pradesh,11.83563162266523,11.899999618530273,10.5,13.600000381469727,0.6981053271859683
Uttar Pradesh,11.692360772026909,11.600000381469727,9.899999618530273,17.0,0.9560538331372114
Uttar Pradesh,14.645138210720486,12.399999618530273,10.5,32.099998474121094,4.853632993762072
Uttar Pradesh,11.197902439357517,10.899999618530273,9.600000381469727,13.5,0.9254345799408272
Uttar Pradesh,11.527777777777779,11.550000190734863,10.300000190734863,13.300000190734863,0.6467272724658777
Uttar Pradesh,11.20138888888889,11.25,10.100000381469727,12.100000381469727,0.5131582647898301
Uttar Pradesh,11.736805386013454,11.699999809265137,10.399999618530273,13.0,0.4510399438358653
Uttar Pradesh,11.600000169542101,11.600000381469727,10.600000381469727,12.600000381469727,0.43060033763593136
Uttar Pradesh,12.002777947319878,11.600000381469727,10.600000381469727,16.700000762939453,1.0050528600138808
Uttar Pradesh,13.188888549804688,12.699999809265137,10.600000381469727,25.5,2.3895638781564728
Uttar Pradesh,12.137500339084202,12.199999809265137,10.300000190734863,13.600000381469727,0.7447851490190374
Uttar Pradesh,11.990971883138021,11.800000190734863,10.100000381469727,15.199999809265137,1.0253666207152676
Uttar Pradesh,12.580556233723959,12.399999618530273,11.100000381469727,15.5,0.8974715853328947
Uttar Pradesh,12.930555555555555,12.850000381469727,11.699999809265137,18.0,0.8084860642205486
Uttar Pradesh,14.075523109702797,13.100000381469727,11.699999809265137,31.5,3.356180298169115
Uttar Pradesh,14.90069964215472,14.0,12.600000381469727,30.299999237060547,3.3417782824811226
Uttar Pradesh,16.264084507042252,14.899999618530273,12.899999618530273,29.399999618530273,3.490577664735823
Uttar Pradesh,16.476760219520248,15.300000190734863,13.399999618530273,29.200000762939453,3.0877008260474317
Uttar Pradesh,16.643356643356643,15.100000381469727,13.699999809265137,33.0,4.202289715474322
Uttar Pradesh,15.902777777777779,15.699999809265137,13.699999809265137,19.799999237060547,1.3939325225350925
Uttar Pradesh,16.537499321831596,16.399999618530273,14.300000190734863,25.100000381469727,1.3845815355486994
Uttar Pradesh,17.504167344835068,17.399999618530273,15.800000190734863,20.799999237060547,0.9056822713230097
Uttar Pradesh,19.40069580078125,19.399999618530273,17.200000762939453,24.5,1.1002838331469944
Uttar Pradesh,18.867360432942707,18.899999618530273,17.299999237060547,19.899999618530273,0.5842646953895537
Uttar Pradesh,19.904166327582466,19.799999237060547,18.0,25.600000381469727,0.9472823178868022
Uttar Pradesh,21.987501356336807,21.75,19.799999237060547,25.200000762939453,1.457112628504621
Uttar Pradesh,23.19305419921875,23.200000762939453,20.799999237060547,25.600000381469727,1.2938236693921366
Uttar Pradesh,25.06180657280816,24.549999237060547,21.700000762939453,32.099998474121094,2.6865145019627255
Uttar Pradesh,32.16721231429303,32.099998474121094,28.100000381469727,36.29999923706055,1.833273621422305
Uttar Pradesh,9.39811274690448,9.300000190734863,8.300000190734863,11.100000381469727,0.6566037994694027
Uttar Pradesh,10.428155102776092,10.300000190734863,8.600000381469727,13.5,1.0750856977791559
Uttar Pradesh,10.856250339084202,9.699999809265137,8.899999618530273,31.5,3.126826564161052
Uttar Pradesh,14.135833740234375,9.75,8.600000381469727,38.5,8.421607027003732
Uttar Pradesh,12.794530868530273,9.800000190734863,8.600000381469727,36.599998474121094,6.632428752663522
Uttar Pradesh,9.625693427191841,9.399999618530273,8.699999809265137,15.300000190734863,0.9416111045222632
Uttar Pradesh,10.570422535211268,9.949999809265137,8.899999618530273,27.100000381469727,2.3390677437731355
Uttar Pradesh,15.535292681525736,13.100000381469727,9.600000381469727,34.29999923706055,6.361366857579346
Uttar Pradesh,17.971429007393972,17.200000762939453,10.5,28.399999618530273,5.663848782583956
Uttar Pradesh,9.779999796549479,9.800000190734863,9.399999618530273,10.100000381469727,0.1681269573493674
Uttar Pradesh,9.57093065838481,9.399999618530273,9.0,13.0,0.5768531645652295
Uttar Pradesh,9.99321992518538,9.800000190734863,9.199999809265137,17.600000381469727,1.1562453384926648
Uttar Pradesh,16.5500005086263,15.699999809265137,11.899999618530273,23.100000381469727,3.3302904819113337
Uttar Pradesh,11.870139227973091,11.800000190734863,10.100000381469727,14.0,0.8351712911343894
Uttar Pradesh,13.475694444444445,12.25,10.399999618530273,31.600000381469727,4.01077105860429
Uttar Pradesh,15.180419921875,13.199999809265137,11.0,31.399999618530273,4.43891343550185
Uttar Pradesh,12.248611450195312,12.300000190734863,10.699999809265137,13.899999618530273,0.7869585129335714
Uttar Pradesh,12.250694274902344,12.300000190734863,10.800000190734863,13.5,0.6447433123931929
Uttar Pradesh,11.570139567057291,11.5,10.600000381469727,13.100000381469727,0.47347415529773634
Uttar Pradesh,12.070832994249132,11.699999809265137,10.800000190734863,22.200000762939453,1.603593015484175
Uttar Pradesh,12.51388888888889,12.399999618530273,10.699999809265137,14.600000381469727,0.9587760648212333
Uttar Pradesh,12.891666836208767,12.899999618530273,11.199999809265137,14.300000190734863,0.6487702295567446
Uttar Pradesh,12.57361094156901,12.600000381469727,11.0,18.600000381469727,0.9856601455568618
Uttar Pradesh,12.320139567057291,12.199999809265137,10.800000190734863,13.899999618530273,0.6765496361730026
Uttar Pradesh,14.087412587412587,14.300000190734863,11.100000381469727,15.899999618530273,1.1578172598418377
Uttar Pradesh,12.888194613986546,12.899999618530273,11.300000190734863,15.100000381469727,0.8562269491293317
Uttar Pradesh,15.004860772026909,12.850000381469727,11.699999809265137,34.400001525878906,4.589697597318068
Uttar Pradesh,15.25,13.199999809265137,12.0,34.5,4.850944920818117
Uttar Pradesh,15.218181476726398,13.800000190734863,12.199999809265137,31.5,3.9400690922405177
Uttar Pradesh,14.030555725097656,13.899999618530273,12.800000190734863,15.699999809265137,0.6617818795139759
Uttar Pradesh,14.49444580078125,14.399999618530273,13.199999809265137,16.5,0.7722422403959919
Uttar Pradesh,14.349999321831596,14.300000190734863,13.300000190734863,15.399999618530273,0.4053462012162924
Uttar Pradesh,16.36111111111111,16.25,14.300000190734863,18.700000762939453,1.0374990564039641
Uttar Pradesh,17.818751017252605,17.899999618530273,15.600000381469727,19.799999237060547,0.9757453830512356
Uttar Pradesh,18.968054877387154,18.700000762939453,17.100000381469727,21.5,0.9091856068415054
Uttar Pradesh,19.88888888888889,19.899999618530273,18.5,21.600000381469727,0.6476571820380059
Uttar Pradesh,19.925001356336807,19.899999618530273,18.299999237060547,21.299999237060547,0.6661977561315158
Uttar Pradesh,21.61111111111111,21.200000762939453,19.700000762939453,25.399999618530273,1.3669263042815145
Uttar Pradesh,24.082638210720486,24.100000381469727,21.5,26.0,0.8906403769189176
Uttar Pradesh,24.18472120496962,24.0,22.799999237060547,27.299999237060547,0.7132008636000035
Uttar Pradesh,28.3373232559419,28.600000381469727,24.200000762939453,32.400001525878906,2.0068758912738356
Uttar Pradesh,35.17407407407408,35.29999923706055,30.200000762939453,40.20000076293945,2.5638214904240044
Uttar Pradesh,37.80999755859375,38.349998474121094,34.900001525878906,39.5,1.4397565937981183
Uttar Pradesh,9.789246918052756,9.899999618530273,8.100000381469727,11.5,0.8706025911911691
Uttar Pradesh,11.115971883138021,11.0,9.0,14.800000190734863,1.0425438286349773
Uttar Pradesh,9.98888905843099,9.800000190734863,8.699999809265137,13.199999809265137,0.7492692028793554
Uttar Pradesh,13.040151885061553,9.800000190734863,8.899999618530273,33.0,6.465665365475267
Uttar Pradesh,9.886232237884963,9.649999618530273,8.5,32.099998474121094,2.1214975806713006
Uttar Pradesh,10.343054877387154,9.899999618530273,8.800000190734863,22.299999237060547,1.8245871324383973
Uttar Pradesh,11.176923418378497,10.300000190734863,9.399999618530273,28.200000762939453,2.9303498061146027
Uttar Pradesh,10.795833163791233,10.100000381469727,9.100000381469727,29.899999618530273,2.692862824913403
Uttar Pradesh,12.487388267173424,10.300000190734863,9.300000190734863,32.20000076293945,5.182630686673178
Uttar Pradesh,9.897014560984141,9.699999809265137,8.800000190734863,16.200000762939453,0.9553417173763229
Uttar Pradesh,10.318253774491568,9.699999809265137,9.0,22.5,2.2316056087485183
Uttar Pradesh,11.38098574356294,9.899999618530273,8.899999618530273,35.20000076293945,4.507957607283856
Uttar Pradesh,9.245454961603338,9.300000190734863,8.600000381469727,10.0,0.29538458756240116
Uttar Pradesh,11.600000381469727,11.600000381469727,11.600000381469727,11.600000381469727,0.0
Uttar Pradesh,13.37272782759233,12.350000381469727,11.199999809265137,26.899999618530273,2.8819077772933603
Uttar Pradesh,12.805555555555555,12.699999809265137,11.199999809265137,24.100000381469727,1.370055639405289
Uttar Pradesh,14.868055555555555,13.0,11.199999809265137,29.100000381469727,4.103684936430897
Uttar Pradesh,11.466165413533835,11.399999618530273,10.699999809265137,13.199999809265137,0.4755507047324268
Uttar Pradesh,11.863194783528646,11.899999618530273,10.699999809265137,13.199999809265137,0.5726093678173841
Uttar Pradesh,12.019444783528646,11.899999618530273,10.800000190734863,14.100000381469727,0.6535456251167626
Uttar Pradesh,12.247916327582466,12.350000381469727,10.600000381469727,14.100000381469727,0.8800227499023726
Uttar Pradesh,12.868055555555555,12.399999618530273,11.100000381469727,24.299999237060547,2.0427939740764214
Uttar Pradesh,12.453472561306423,12.350000381469727,10.800000190734863,19.799999237060547,0.9236787109447618
Uttar Pradesh,13.004860772026909,13.199999809265137,11.199999809265137,15.300000190734863,0.9370706469777705
Uttar Pradesh,12.550000508626303,12.449999809265137,11.399999618530273,15.699999809265137,0.7208212732032513
Uttar Pradesh,12.980555216471354,12.800000190734863,11.399999618530273,15.300000190734863,0.8925056796224629
Uttar Pradesh,14.686111450195312,14.699999809265137,13.399999618530273,16.100000381469727,0.6812581532240494
Uttar Pradesh,17.078472561306423,15.25,12.800000190734863,30.299999237060547,4.179416492451973
Uttar Pradesh,15.10208468967014,14.199999809265137,11.800000190734863,31.5,3.5257478805658624
Uttar Pradesh,13.024305555555555,12.899999618530273,12.100000381469727,14.699999809265137,0.5566824655983917
Uttar Pradesh,13.075000339084202,12.899999618530273,11.899999618530273,19.700000762939453,0.9547033036002416
Uttar Pradesh,14.668748643663195,14.899999618530273,12.800000190734863,16.299999237060547,0.765712126297557
Uttar Pradesh,14.445139567057291,14.449999809265137,13.0,16.200000762939453,0.7377546389572336
Uttar Pradesh,15.070139567057291,15.100000381469727,13.5,16.700000762939453,0.6119277520918125
Uttar Pradesh,16.964582655164932,17.200000762939453,15.100000381469727,18.899999618530273,0.8384400805619836
Uttar Pradesh,18.064085194762324,18.200000762939453,14.300000190734863,19.899999618530273,1.155473304980111
Uttar Pradesh,19.185416327582466,19.100000381469727,17.200000762939453,22.100000381469727,0.8377356527455879
Uttar Pradesh,20.006944444444443,20.100000381469727,18.399999618530273,21.299999237060547,0.5178283314258073
Uttar Pradesh,20.311804877387154,20.200000762939453,19.5,21.299999237060547,0.39782330544260736
Uttar Pradesh,22.113888210720486,22.100000381469727,19.799999237060547,25.200000762939453,1.265548362836428
Uttar Pradesh,23.663194444444443,23.700000762939453,21.0,26.299999237060547,0.9924538456215014
Uttar Pradesh,26.395138210720486,25.600000381469727,23.0,31.200000762939453,2.2368855260759233
Uttar Pradesh,30.598612467447918,30.299999237060547,27.799999237060547,36.0,1.6442654417016491
Uttar Pradesh,37.78861788617886,38.599998474121094,29.0,44.5,3.8739322191769334
Uttar Pradesh,,,,,
Uttar Pradesh,12.37272782759233,12.600000381469727,11.0,13.399999618530273,0.6689080584636379
Uttar Pradesh,11.524265064912683,10.800000190734863,9.199999809265137,24.600000381469727,1.9588973799997573
Uttar Pradesh,11.197163466866135,10.100000381469727,9.5,36.79999923706055,4.023035467815329
Uttar Pradesh,9.911110772026909,9.899999618530273,8.899999618530273,11.0,0.3876766764856811
Uttar Pradesh,9.938461197006118,9.699999809265137,8.600000381469727,21.0,1.2760802556549946
Uttar Pradesh,10.639584011501736,10.300000190734863,9.399999618530273,18.600000381469727,1.2092363536250372
Uttar Pradesh,14.012686202775187,11.100000381469727,9.5,33.5,5.8119206050283925
Uttar Pradesh,10.238193935818142,10.0,9.399999618530273,16.200000762939453,0.9746079907508081
Uttar Pradesh,11.862590103698292,10.199999809265137,9.100000381469727,33.900001525878906,4.646361272583228
Uttar Pradesh,12.046154054821047,10.300000190734863,9.0,31.799999237060547,4.747964727080024
Uttar Pradesh,10.16521774513134,10.0,9.300000190734863,13.0,0.7068661206782189
Uttar Pradesh,10.539534694464631,10.0,9.199999809265137,22.600000381469727,2.0978549068859484
Uttar Pradesh,10.2448533002068,9.600000381469727,8.899999618530273,22.5,2.0714736328426264
Uttar Pradesh,9.350000381469727,9.350000381469727,9.300000190734863,9.399999618530273,0.04999971389997883
Uttar Pradesh,16.47777811686198,16.399999618530273,12.5,23.399999618530273,3.4385970229239753
Uttar Pradesh,12.366667374320652,12.0,10.600000381469727,28.399999618530273,2.5660078022283423
Uttar Pradesh,16.15277777777778,13.199999809265137,11.199999809265137,30.399999618530273,5.130829269519576
Uttar Pradesh,12.007639567057291,11.800000190734863,10.899999618530273,18.200000762939453,0.9806517572398092
Uttar Pradesh,12.164335664335665,12.0,10.600000381469727,14.5,0.80872907337672
Uttar Pradesh,12.779861450195312,12.800000190734863,11.199999809265137,14.199999809265137,0.5926142399263786
Uttar Pradesh,12.983334011501736,12.899999618530273,11.399999618530273,14.600000381469727,0.602886636732503
Uttar Pradesh,12.441666497124565,12.5,10.800000190734863,13.600000381469727,0.6087897894945749
Uttar Pradesh,12.75972154405382,12.800000190734863,11.100000381469727,14.399999618530273,0.671474258254689
Uttar Pradesh,13.043750339084202,13.0,11.300000190734863,17.700000762939453,0.9209534857523844
Uttar Pradesh,12.199305216471354,12.100000381469727,11.100000381469727,13.899999618530273,0.5790912742656272
Uttar Pradesh,12.377083672417534,12.350000381469727,11.300000190734863,14.199999809265137,0.5441250266092141
Uttar Pradesh,13.343054877387154,13.199999809265137,11.800000190734863,18.799999237060547,0.9827436205260313
Uttar Pradesh,16.68402777777778,14.949999809265137,13.5,29.799999237060547,4.329207341694646
Uttar Pradesh,17.086110432942707,15.199999809265137,14.300000190734863,31.299999237060547,4.232490200005556
Uttar Pradesh,14.578470865885416,14.550000190734863,13.699999809265137,16.0,0.6045157842901255
Uttar Pradesh,13.78125,14.0,12.300000190734863,15.399999618530273,0.7497192279238768
Uttar Pradesh,14.277777777777779,14.100000381469727,12.800000190734863,16.299999237060547,0.8353678956228132
Uttar Pradesh,14.282638549804688,14.100000381469727,13.0,15.899999618530273,0.7814987233695766
Uttar Pradesh,14.39999965854458,14.399999618530273,13.100000381469727,15.699999809265137,0.5109979183741448
Uttar Pradesh,15.751390245225695,15.5,14.0,18.200000762939453,1.0758709059159353
Uttar Pradesh,17.807637532552082,17.799999237060547,15.5,19.399999618530273,0.6123814862156881
Uttar Pradesh,16.940277099609375,17.0,15.0,18.200000762939453,0.5802680515512633
Uttar Pradesh,18.525000678168404,18.5,16.899999618530273,21.700000762939453,0.946741450089159
Uttar Pradesh,19.92013888888889,19.899999618530273,18.600000381469727,21.200000762939453,0.5504518661635033
Uttar Pradesh,20.89722357855903,20.5,19.600000381469727,24.299999237060547,1.0059506778487888
Uttar Pradesh,23.092361450195312,23.150001525878906,20.0,27.899999618530273,1.4565502946012487
Uttar Pradesh,24.29861111111111,23.5,21.100000381469727,35.20000076293945,2.46964887220564
Uttar Pradesh,30.527082655164932,31.049999237060547,23.399999618530273,35.5,2.775318198992576
Uttar Pradesh,34.22191713934075,34.099998474121094,29.299999237060547,40.099998474121094,2.4033220850600676
Uttar Pradesh,37.48749923706055,37.45000076293945,34.5,42.79999923706055,2.124522040694599
Uttar Pradesh,12.399999237060547,12.299999237060547,11.899999618530273,13.199999809265137,0.4626014763114782
Uttar Pradesh,13.193578877580276,13.100000381469727,10.100000381469727,22.799999237060547,2.2002616707313267
Uttar Pradesh,10.41041734483507,10.199999809265137,9.399999618530273,25.799999237060547,1.8133270916610527
Uttar Pradesh,11.844202898550725,10.100000381469727,9.5,38.599998474121094,5.71566635715304
Uttar Pradesh,9.76736111111111,9.699999809265137,8.899999618530273,10.899999618530273,0.31265659692257775
Uttar Pradesh,9.509028116861979,9.399999618530273,8.699999809265137,11.199999809265137,0.4638176882167804
Uttar Pradesh,9.924305386013454,9.800000190734863,8.699999809265137,13.300000190734863,0.6429367058918923
Uttar Pradesh,10.62169719192217,10.300000190734863,9.399999618530273,17.100000381469727,1.2040031512139546
Uttar Pradesh,10.203896262428977,9.800000190734863,9.100000381469727,19.600000381469727,1.708074165052892
Uttar Pradesh,10.099999321831596,10.0,9.5,11.0,0.3496029493907774
Uttar Pradesh,,,,,
Uttar Pradesh,12.183333959334936,11.100000381469727,9.5,32.70000076293945,4.169468390741018
Uttar Pradesh,11.27000034877232,10.699999809265137,8.899999618530273,29.200000762939453,2.5896690471765282
Uttar Pradesh,10.177777608235678,10.300000190734863,9.199999809265137,10.800000190734863,0.5072316551933669
Uttar Pradesh,14.199999809265137,13.550000190734863,13.199999809265137,17.600000381469727,1.420387418846279
Uttar Pradesh,12.685106209829344,12.699999809265137,11.0,15.5,0.7397465611708052
Uttar Pradesh,15.722222222222221,13.399999618530273,11.100000381469727,27.899999618530273,4.655827339507561
Uttar Pradesh,11.912500169542101,11.800000190734863,10.800000190734863,14.100000381469727,0.778609475974316
Uttar Pradesh,12.029166327582466,11.899999618530273,10.600000381469727,14.100000381469727,0.8958914867644704
Uttar Pradesh,12.772221883138021,12.75,11.300000190734863,15.300000190734863,0.6637900665098464
Uttar Pradesh,12.216666327582466,12.199999809265137,11.0,13.5,0.5516389292548203
Uttar Pradesh,12.067361619737413,11.899999618530273,10.699999809265137,14.199999809265137,0.8198771815900224
Uttar Pradesh,12.627659574468085,12.5,10.899999618530273,14.800000190734863,0.9673467817542377
Uttar Pradesh,12.513194613986546,12.300000190734863,11.199999809265137,14.899999618530273,0.7248799035437687
Uttar Pradesh,12.593055725097656,12.5,11.399999618530273,14.399999618530273,0.5862608310752632
Uttar Pradesh,12.955943714488637,12.899999618530273,11.5,15.199999809265137,0.6986122185465787
Uttar Pradesh,15.03680419921875,15.0,12.899999618530273,25.700000762939453,1.679481865904192
Uttar Pradesh,17.432637532552082,15.350000381469727,14.0,30.899999618530273,4.199368815117491
Uttar Pradesh,14.544445461697048,14.5,13.800000190734863,15.399999618530273,0.37170362088453607
Uttar Pradesh,14.519444783528646,14.5,13.600000381469727,15.899999618530273,0.4324153547188533
Uttar Pradesh,14.596527099609375,14.550000190734863,13.800000190734863,15.699999809265137,0.40610158713371547
Uttar Pradesh,14.233334011501736,14.199999809265137,12.699999809265137,16.100000381469727,0.6609126789849911
Uttar Pradesh,14.159722222222221,14.0,12.800000190734863,15.699999809265137,0.7078252767268403
Uttar Pradesh,14.846527099609375,14.899999618530273,13.399999618530273,17.200000762939453,0.7902103613707907
Uttar Pradesh,16.739583333333332,17.049999237060547,13.899999618530273,18.899999618530273,1.1877978478949276
Uttar Pradesh,17.67569308810764,17.700000762939453,15.100000381469727,19.600000381469727,0.8125958352647829
Uttar Pradesh,17.399305555555557,17.5,15.399999618530273,18.700000762939453,0.7166178857577504
Uttar Pradesh,18.714684973229897,18.399999618530273,17.299999237060547,22.100000381469727,1.1564932719752459
Uttar Pradesh,20.948611789279514,20.899999618530273,19.299999237060547,22.600000381469727,0.5858263675249356
Uttar Pradesh,22.05874057583042,21.600000381469727,18.100000381469727,25.399999618530273,1.6495530484173955
Uttar Pradesh,24.320137871636284,24.299999237060547,22.200000762939453,26.600000381469727,0.975219324485505
Uttar Pradesh,29.518052842881943,27.849998474121094,21.600000381469727,44.79999923706055,4.760028189776882
Uttar Pradesh,34.05238095238095,33.70000076293945,29.600000381469727,40.29999923706055,2.7191767410824794
Uttar Pradesh,,,,,
Uttar Pradesh,13.918181818181818,13.600000381469727,12.199999809265137,18.0,1.1368362213952379
Uttar Pradesh,13.307692307692308,12.100000381469727,9.699999809265137,37.0,4.102056039701374
Uttar Pradesh,10.086110432942709,10.100000381469727,9.399999618530273,12.199999809265137,0.3330438318684873
Uttar Pradesh,9.653472900390625,9.600000381469727,8.699999809265137,12.0,0.44455245452369546
Uttar Pradesh,9.67669914764108,9.5,8.600000381469727,17.799999237060547,1.1034107131043471
Uttar Pradesh,9.16749979654948,9.100000381469727,8.300000190734863,10.399999618530273,0.3050034192682369
Uttar Pradesh,9.745000203450521,9.699999809265137,8.800000190734863,11.399999618530273,0.47167251788298137
Uttar Pradesh,10.25,10.25,10.0,10.699999809265137,0.23979154633744587
Uttar Pradesh,14.955556233723959,11.950000762939453,10.800000190734863,27.0,5.178934117086827
Uttar Pradesh,13.70337188377809,11.300000190734863,10.0,31.700000762939453,5.001582868512839
Uttar Pradesh,11.651111291956019,10.5,9.300000190734863,29.299999237060547,3.576504872032688
Uttar Pradesh,10.393332926432292,10.399999618530273,9.600000381469727,11.600000381469727,0.43888755059907864
Uttar Pradesh,10.321052149722451,10.0,9.600000381469727,11.800000190734863,0.7149375435449961
Uttar Pradesh,,,,,
Uttar Pradesh,20.6999994913737,21.0,16.299999237060547,24.799999237060547,3.476588387953726
Uttar Pradesh,14.582538907490079,13.899999618530273,11.600000381469727,24.600000381469727,2.581499465447682
Uttar Pradesh,15.37083265516493,13.949999809265137,10.899999618530273,27.899999618530273,3.750534652653425
Uttar Pradesh,12.881249321831596,12.800000190734863,10.600000381469727,16.0,1.3515406815871218
Uttar Pradesh,13.178471883138021,13.25,10.600000381469727,17.200000762939453,1.378161181058604
Uttar Pradesh,13.840972900390625,13.850000381469727,11.300000190734863,16.5,1.4121699713695237
Uttar Pradesh,13.555555555555555,12.850000381469727,10.800000190734863,18.100000381469727,1.892300852610432
Uttar Pradesh,13.762500339084202,13.300000190734863,10.899999618530273,17.299999237060547,1.5884074217350206
Uttar Pradesh,14.511805216471354,14.300000190734863,11.899999618530273,19.399999618530273,1.6118268150839261
Uttar Pradesh,15.293055216471354,15.0,11.899999618530273,19.600000381469727,1.6376496730807182
Uttar Pradesh,16.288194444444443,16.5,12.300000190734863,19.899999618530273,2.00649980719424
Uttar Pradesh,16.040971544053818,15.899999618530273,12.600000381469727,25.100000381469727,1.8450540121326418
Uttar Pradesh,15.965277777777779,15.800000190734863,14.399999618530273,24.899999618530273,1.3176852178578007
Uttar Pradesh,17.15277777777778,15.600000381469727,14.300000190734863,28.899999618530273,3.608207136200168
Uttar Pradesh,15.398610432942709,15.300000190734863,14.5,16.799999237060547,0.512616718100857
Uttar Pradesh,14.38472154405382,14.399999618530273,12.800000190734863,16.0,0.5477630715060574
Uttar Pradesh,14.707693673513987,14.699999809265137,13.899999618530273,16.899999618530273,0.5071622433169777
Uttar Pradesh,15.121677638767483,15.300000190734863,13.5,16.600000381469727,0.7850116633319477
Uttar Pradesh,14.90625,14.800000190734863,13.699999809265137,16.299999237060547,0.5496487241684523
Uttar Pradesh,15.796529134114584,15.699999809265137,14.699999809265137,18.0,0.5739015280435046
Uttar Pradesh,17.364583333333332,17.399999618530273,15.100000381469727,19.299999237060547,1.0012817952825277
Uttar Pradesh,16.763779527559056,16.600000381469727,15.0,22.200000762939453,1.056265105186461
Uttar Pradesh,17.94055944055944,17.700000762939453,15.300000190734863,28.0,1.7627552287291939
Uttar Pradesh,20.544443766276043,20.399999618530273,17.799999237060547,30.899999618530273,1.899516716314671
Uttar Pradesh,20.64791700575087,20.700000762939453,19.5,22.200000762939453,0.674636613478301
Uttar Pradesh,21.480555216471355,21.399999618530273,19.899999618530273,24.299999237060547,0.9291032867251087
Uttar Pradesh,24.29029031401699,23.600000381469727,20.899999618530273,44.70000076293945,3.1204778520496554
Uttar Pradesh,29.29090977381993,29.0,25.200000762939453,33.5,2.2546272089185417
Uttar Pradesh,32.865712193080356,31.600000381469727,29.200000762939453,43.79999923706055,3.1749862298196794
Uttar Pradesh,17.137373490767047,17.200000762939453,11.100000381469727,22.200000762939453,2.3455776007123683
Uttar Pradesh,11.604195974923513,10.800000190734863,8.899999618530273,26.200000762939453,2.7091886076562903
Uttar Pradesh,9.814583672417534,9.899999618530273,9.100000381469727,10.399999618530273,0.29696819464663154
Uttar Pradesh,9.372222900390625,9.300000190734863,8.600000381469727,10.5,0.36750741529995823
Uttar Pradesh,10.098437309265137,9.199999809265137,8.5,21.5,2.4532180749436847
Uttar Pradesh,10.5,10.5,10.5,10.5,0.0
Uttar Pradesh,11.034375190734863,11.0,10.600000381469727,11.699999809265137,0.30270584328869277
Uttar Pradesh,12.763767408288043,11.5,10.600000381469727,31.5,3.7380135931154914
Uttar Pradesh,11.684614915114183,11.449999809265137,10.699999809265137,14.100000381469727,0.8729668936045645
Uttar Pradesh,13.36226438126474,12.899999618530273,10.100000381469727,22.299999237060547,2.466165451520624
Uttar Pradesh,11.856451219128024,12.149999618530273,9.899999618530273,13.100000381469727,0.9193477517273211
Uttar Pradesh,10.752205343807445,10.399999618530273,9.199999809265137,14.0,1.1679524060665472
Uttar Pradesh,10.604225695972712,10.399999618530273,9.300000190734863,12.899999618530273,0.865364297320434
Uttar Pradesh,12.600000381469727,12.600000381469727,12.600000381469727,12.600000381469727,0.0
Uttar Pradesh,17.172727272727272,16.0,14.600000381469727,23.799999237060547,2.4126525644970878
Uttar Pradesh,17.842361450195312,16.399999618530273,14.899999618530273,27.600000381469727,3.2096551743694315
Uttar Pradesh,16.011805216471355,16.0,13.300000190734863,21.5,1.303547371936417
Uttar Pradesh,15.953472561306423,15.899999618530273,13.699999809265137,18.200000762939453,1.2186008462449818
Uttar Pradesh,16.895138210720486,16.799999237060547,13.399999618530273,20.799999237060547,1.9732351645449993
Uttar Pradesh,17.799306233723957,17.899999618530273,15.399999618530273,20.0,1.113895703338275
Uttar Pradesh,17.643056233723957,17.600000381469727,16.299999237060547,19.5,0.5853124586690042
Uttar Pradesh,17.656945122612846,17.600000381469727,15.899999618530273,21.799999237060547,0.8897293412807852
Uttar Pradesh,17.126388549804688,16.75,15.199999809265137,23.100000381469727,1.308518317596508
Uttar Pradesh,16.586110432942707,16.399999618530273,14.699999809265137,19.899999618530273,1.0702161429001873
Uttar Pradesh,16.70138888888889,16.600000381469727,14.600000381469727,19.100000381469727,1.0357489445746366
Uttar Pradesh,16.006944444444443,16.0,14.800000190734863,17.5,0.4757527288024186
Uttar Pradesh,18.324305216471355,16.399999618530273,15.300000190734863,28.399999618530273,3.6745037959106743
Uttar Pradesh,15.888193766276041,15.800000190734863,14.300000190734863,19.799999237060547,0.6780789912959947
Uttar Pradesh,14.768056233723959,14.649999618530273,14.0,17.299999237060547,0.567358975210457
Uttar Pradesh,14.559722900390625,14.600000381469727,13.5,15.800000190734863,0.47218749193316556
Uttar Pradesh,14.990971883138021,14.899999618530273,14.0,17.0,0.6209215363106432
Uttar Pradesh,16.037499321831596,16.100000381469727,14.600000381469727,17.5,0.6766825982952087
Uttar Pradesh,15.811806572808159,15.699999809265137,14.300000190734863,17.600000381469727,0.7223126975988047
Uttar Pradesh,16.234722561306423,16.299999237060547,14.300000190734863,17.5,0.4816521474192996
Uttar Pradesh,16.739583333333332,16.799999237060547,15.399999618530273,18.299999237060547,0.603372321556135
Uttar Pradesh,17.010714285714286,17.0,15.199999809265137,19.899999618530273,0.6976180082793331
Uttar Pradesh,18.356248643663193,18.200000762939453,16.700000762939453,20.799999237060547,0.9677951558742162
Uttar Pradesh,20.172222561306423,20.200000762939453,18.399999618530273,22.5,0.925596321936388
Uttar Pradesh,21.126390245225693,21.100000381469727,19.600000381469727,24.299999237060547,0.8544805197947225
Uttar Pradesh,23.212500435965403,23.349998474121094,20.899999618530273,25.0,0.9425578013948352
Uttar Pradesh,35.53333197699653,34.29999923706055,24.899999618530273,53.0,8.591080674485351
Uttar Pradesh,34.406613184400825,33.099998474121094,26.700000762939453,46.29999923706055,4.000304316238016
Uttar Pradesh,,,,,
Uttar Pradesh,12.600000381469727,12.75,11.399999618530273,13.5,0.8860022465698612
Uttar Pradesh,10.337179330679087,9.699999809265137,8.899999618530273,14.399999618530273,1.5219007471057064
Uttar Pradesh,9.657522556001107,9.600000381469727,8.800000190734863,12.100000381469727,0.5211976579319116
Uttar Pradesh,9.507895218698602,9.5,8.800000190734863,10.100000381469727,0.3169605227421396
Uttar Pradesh,9.125,9.149999618530273,8.600000381469727,9.5,0.19843131679018305
Uttar Pradesh,10.600000381469727,10.600000381469727,10.600000381469727,10.600000381469727,0.0
Uttar Pradesh,12.0,11.100000381469727,10.300000190734863,25.100000381469727,2.1773582918092083
Uttar Pradesh,12.278333536783855,11.649999618530273,10.800000190734863,15.899999618530273,1.307808820996111
Uttar Pradesh,12.398460036057692,12.699999809265137,10.5,14.300000190734863,1.0354474636700521
Uttar Pradesh,14.501150547772989,13.699999809265137,12.5,27.100000381469727,2.249520673572485
Uttar Pradesh,14.0625,13.0,12.0,27.5,2.828694133349707
Uttar Pradesh,12.570138719346788,12.5,11.699999809265137,14.600000381469727,0.47930505781418303
Uttar Pradesh,12.825694613986546,12.699999809265137,12.0,15.100000381469727,0.6186619450693869
Uttar Pradesh,12.972950419441599,12.949999809265137,11.699999809265137,14.100000381469727,0.5308571298851353
Uttar Pradesh,13.086667209201389,13.100000381469727,12.199999809265137,14.100000381469727,0.5272991835381196
Uttar Pradesh,13.538889567057291,13.449999809265137,12.399999618530273,15.199999809265137,0.7994018200650627
Uttar Pradesh,14.899999618530273,14.899999618530273,14.899999618530273,14.899999618530273,0.0
Uttar Pradesh,26.19999885559082,26.799999237060547,21.299999237060547,29.899999618530273,3.150397027441552
Uttar Pradesh,19.949107578822545,18.899999618530273,15.600000381469727,33.70000076293945,3.761197495617486
Uttar Pradesh,18.88055419921875,18.0,16.0,28.899999618530273,2.420005732652565
Uttar Pradesh,17.87013922797309,17.600000381469727,16.100000381469727,21.0,1.0509307558309735
Uttar Pradesh,18.75833468967014,18.600000381469727,16.799999237060547,21.399999618530273,1.3148986328805048
Uttar Pradesh,19.635416666666668,19.100000381469727,17.399999618530273,27.399999618530273,1.7880571575262005
Uttar Pradesh,18.381944444444443,18.299999237060547,17.0,20.399999618530273,0.6702665520330974
Uttar Pradesh,17.884721544053818,17.849998474121094,16.600000381469727,21.200000762939453,0.6453164042862883
Uttar Pradesh,17.570139567057293,17.600000381469727,15.800000190734863,18.600000381469727,0.49862021411539675
Uttar Pradesh,17.191665649414062,17.299999237060547,15.199999809265137,19.200000762939453,0.8825074738239421
Uttar Pradesh,17.64791700575087,17.700000762939453,15.300000190734863,26.0,1.3964722335652422
Uttar Pradesh,16.695139567057293,16.600000381469727,14.699999809265137,20.5,1.0776987544499925
Uttar Pradesh,17.53216851507867,16.100000381469727,15.100000381469727,32.20000076293945,3.4514940690279334
Uttar Pradesh,16.780554877387154,16.200000762939453,14.5,31.5,2.7972029046026763
Uttar Pradesh,15.362499660915798,15.199999809265137,13.600000381469727,17.399999618530273,0.8236837324558137
Uttar Pradesh,15.037499321831596,15.0,14.199999809265137,16.0,0.3858387701971064
Uttar Pradesh,15.63472154405382,15.5,14.600000381469727,25.799999237060547,1.053190860037089
Uttar Pradesh,16.118055555555557,16.150001525878906,14.300000190734863,17.799999237060547,0.8319699708902797
Uttar Pradesh,17.172220865885418,17.200000762939453,15.699999809265137,19.100000381469727,0.5969186059267156
Uttar Pradesh,17.01388888888889,17.150001525878906,15.199999809265137,18.899999618530273,0.8518453506631743
Uttar Pradesh,16.281945122612846,16.25,14.699999809265137,17.799999237060547,0.6004226050004341
Uttar Pradesh,17.313886854383682,17.299999237060547,15.899999618530273,18.399999618530273,0.5590928446220249
Uttar Pradesh,17.699305216471355,17.600000381469727,16.700000762939453,19.899999618530273,0.609245513715176
Uttar Pradesh,17.814685314685313,17.799999237060547,16.5,19.799999237060547,0.6158692114167079
Uttar Pradesh,19.654861450195312,19.5,18.0,22.0,1.0187022884378227
Uttar Pradesh,21.973768890881146,21.700000762939453,20.600000381469727,25.399999618530273,1.023478694859485
Uttar Pradesh,24.700000762939453,24.650001525878906,24.0,25.200000762939453,0.35000010899180123
Uttar Pradesh,43.40833536783854,42.25,40.70000076293945,49.400001525878906,2.476038398361713
Uttar Pradesh,9.699999809265137,9.699999809265137,9.699999809265137,9.699999809265137,0.0
Uttar Pradesh,10.347059362074909,10.300000190734863,9.800000190734863,10.899999618530273,0.32379655263773743
Uttar Pradesh,11.105555216471354,10.600000381469727,9.600000381469727,34.29999923706055,2.8851577692013213
Uttar Pradesh,12.215384956840035,11.399999618530273,10.5,30.5,2.81042780153899
Uttar Pradesh,12.674999660915798,13.0,10.300000190734863,25.799999237060547,1.8428352262849161
Uttar Pradesh,13.379166497124565,13.300000190734863,12.199999809265137,14.699999809265137,0.49383353816772935
Uttar Pradesh,13.365277608235678,13.199999809265137,12.399999618530273,17.0,0.8506794735203766
Uttar Pradesh,14.196527269151476,13.399999618530273,12.100000381469727,29.600000381469727,2.6357956272297627
Uttar Pradesh,13.749304877387154,13.100000381469727,12.0,28.200000762939453,2.5168045213315335
Uttar Pradesh,12.801388210720486,12.699999809265137,12.0,14.800000190734863,0.5530202602337149
Uttar Pradesh,13.597916497124565,13.399999618530273,12.300000190734863,16.200000762939453,0.7929786752742589
Uttar Pradesh,15.284848299893467,15.199999809265137,13.199999809265137,17.899999618530273,1.0381718825643798
Uttar Pradesh,16.98735519935345,17.200000762939453,14.5,19.700000762939453,1.3345803382630435
Uttar Pradesh,16.139999389648438,16.100000381469727,15.800000190734863,16.5,0.3136876504059476
Uttar Pradesh,19.65833282470703,19.650001525878906,18.5,20.600000381469727,0.688547263842173
Uttar Pradesh,19.757534915453768,18.799999237060547,17.700000762939453,26.899999618530273,2.280345956389472
Uttar Pradesh,22.444615760216347,20.899999618530273,17.5,35.29999923706055,4.288536727855697
Uttar Pradesh,20.581560283687942,18.799999237060547,16.799999237060547,32.599998474121094,3.736718293121324
Uttar Pradesh,18.224460080373202,17.899999618530273,17.0,20.799999237060547,0.9520021531316903
Uttar Pradesh,18.849305894639755,18.650001525878906,16.399999618530273,22.299999237060547,1.4745054678845446
Uttar Pradesh,20.875695122612846,20.799999237060547,19.0,23.399999618530273,0.9404672023384161
Uttar Pradesh,19.373609754774307,19.100000381469727,17.600000381469727,22.700000762939453,1.019939160273913
Uttar Pradesh,18.22805720267536,18.100000381469727,16.799999237060547,20.100000381469727,0.6967580120102419
Uttar Pradesh,18.36597188313802,18.299999237060547,16.799999237060547,21.0,0.6257399195704954
Uttar Pradesh,17.42013888888889,17.299999237060547,14.300000190734863,21.0,1.3833624757447303
Uttar Pradesh,15.944444444444445,15.850000381469727,14.600000381469727,18.0,0.7496089334503518
Uttar Pradesh,16.58194308810764,16.25,14.699999809265137,29.200000762939453,1.8718549381472354
Uttar Pradesh,15.691665649414062,15.600000381469727,14.800000190734863,17.0,0.45727146708115324
Uttar Pradesh,18.20694308810764,16.200000762939453,14.5,30.899999618530273,4.105765811938908
Uttar Pradesh,14.95486111111111,14.899999618530273,14.100000381469727,16.299999237060547,0.4808600008298564
Uttar Pradesh,15.06805419921875,15.0,13.699999809265137,16.799999237060547,0.538987326003783
Uttar Pradesh,15.311109754774305,15.300000190734863,14.5,16.600000381469727,0.37714402007528824
Uttar Pradesh,15.372914632161459,15.199999809265137,14.600000381469727,21.600000381469727,0.6939439100889799
Uttar Pradesh,16.146528455946182,16.0,14.899999618530273,17.899999618530273,0.7858923194255903
Uttar Pradesh,17.247222900390625,17.299999237060547,16.0,19.100000381469727,0.6223771781265391
Uttar Pradesh,17.39236111111111,17.399999618530273,15.5,19.100000381469727,0.5817932680742747
Uttar Pradesh,16.77222357855903,16.600000381469727,15.899999618530273,18.399999618530273,0.556083070757324
Uttar Pradesh,17.315277099609375,17.299999237060547,16.0,18.799999237060547,0.4838100038926397
Uttar Pradesh,18.977443609022558,19.100000381469727,15.899999618530273,22.399999618530273,1.342347722825804
Uttar Pradesh,19.251388549804688,19.200000762939453,17.299999237060547,21.799999237060547,1.1679746519467566
Uttar Pradesh,20.270833333333332,20.399999618530273,18.200000762939453,22.399999618530273,0.7913486379129918
Uttar Pradesh,22.953922047334558,22.700000762939453,19.799999237060547,26.700000762939453,1.7259650236878914
Uttar Pradesh,9.491071428571429,9.5,8.600000381469727,11.5,0.48744112464717476
Uttar Pradesh,11.089780487283303,10.199999809265137,9.300000190734863,27.5,2.6142865302033553
Uttar Pradesh,10.877777099609375,10.600000381469727,10.0,18.5,1.136603446150112
Uttar Pradesh,12.86111111111111,13.100000381469727,10.100000381469727,16.100000381469727,1.1356050039210104
Uttar Pradesh,15.417482176027098,14.0,12.5,30.200000762939453,3.5124417154373697
Uttar Pradesh,13.303495820585665,13.300000190734863,12.600000381469727,15.600000381469727,0.4155058836258762
Uttar Pradesh,13.265277438693577,13.199999809265137,12.199999809265137,15.5,0.5573149243801797
Uttar Pradesh,14.663194444444445,13.600000381469727,12.300000190734863,28.5,3.0967669444927663
Uttar Pradesh,13.424306233723959,13.300000190734863,12.300000190734863,16.700000762939453,0.7499302738187917
Uttar Pradesh,14.979861789279514,15.0,12.899999618530273,21.600000381469727,1.1742952821296349
Uttar Pradesh,16.75069342719184,16.600000381469727,14.800000190734863,19.600000381469727,1.0894696286839414
Uttar Pradesh,17.98819308810764,18.0,16.100000381469727,20.299999237060547,0.8076453672348416
Uttar Pradesh,17.255084538863876,17.299999237060547,15.699999809265137,18.799999237060547,0.6676034580057035
Uttar Pradesh,18.829268292682926,18.700000762939453,15.899999618530273,22.200000762939453,1.0802538935589368
Uttar Pradesh,19.759721544053818,18.899999618530273,17.5,31.0,2.524500037369377
Uttar Pradesh,19.85277811686198,18.849998474121094,16.899999618530273,32.29999923706055,3.078440769451451
Uttar Pradesh,18.336805555555557,18.299999237060547,16.100000381469727,21.100000381469727,1.1858977953850685
Uttar Pradesh,18.80416700575087,19.100000381469727,16.899999618530273,20.899999618530273,1.0058077258609976
Uttar Pradesh,19.92916700575087,20.0,17.700000762939453,22.399999618530273,0.9711014826282385
Uttar Pradesh,19.930555555555557,19.899999618530273,18.100000381469727,22.200000762939453,0.8969297927268786
Uttar Pradesh,18.868750678168404,18.799999237060547,17.399999618530273,21.100000381469727,0.635245847541545
Uttar Pradesh,17.675525158435313,17.600000381469727,16.200000762939453,20.100000381469727,0.7564378662721908
Uttar Pradesh,17.45972188313802,17.5,15.600000381469727,20.299999237060547,0.8661311317822216
Uttar Pradesh,17.849305894639755,17.950000762939453,15.699999809265137,19.700000762939453,0.9667383316304269
Uttar Pradesh,16.17916700575087,16.200000762939453,14.5,17.5,0.5750452895978265
Uttar Pradesh,16.17916531032986,16.0,14.600000381469727,18.5,0.8178456657320626
Uttar Pradesh,17.185416327582466,16.200000762939453,14.899999618530273,32.099998474121094,3.074468504195278
Uttar Pradesh,18.18263922797309,16.600000381469727,14.899999618530273,30.5,3.676092590284764
Uttar Pradesh,15.179860432942709,15.0,14.100000381469727,18.0,0.7815209099318084
Uttar Pradesh,15.38014253656915,15.300000190734863,14.300000190734863,16.700000762939453,0.5205316490982126
Uttar Pradesh,15.543055216471354,15.5,14.600000381469727,16.399999618530273,0.3707448897242252
Uttar Pradesh,15.708333333333334,15.649999618530273,14.899999618530273,17.0,0.4261422555926253
Uttar Pradesh,16.95486111111111,16.5,15.300000190734863,20.700000762939453,1.152342354580761
Uttar Pradesh,18.13402811686198,18.5,15.699999809265137,20.200000762939453,1.0181112190548323
Uttar Pradesh,17.770833333333332,17.799999237060547,16.299999237060547,19.700000762939453,0.6322222006213715
Uttar Pradesh,17.71388922797309,17.899999618530273,16.0,19.600000381469727,0.8221424308215584
Uttar Pradesh,17.868055555555557,17.799999237060547,15.899999618530273,19.600000381469727,0.6629743940803341
Uttar Pradesh,18.945137871636284,18.899999618530273,17.200000762939453,20.700000762939453,0.786149965722361
Uttar Pradesh,19.188890245225693,19.200000762939453,18.0,20.799999237060547,0.6123849107101021
Uttar Pradesh,19.88487230829832,20.0,18.700000762939453,21.100000381469727,0.46248123554970166
Uttar Pradesh,22.142552152593087,22.399999618530273,19.5,25.200000762939453,1.3146870127775618
Uttar Pradesh,8.870175545675712,8.800000190734863,8.0,10.0,0.45149459633271377
Uttar Pradesh,10.382609049479166,9.699999809265137,8.5,23.899999618530273,2.3099944534651593
Uttar Pradesh,11.146456500676674,10.899999618530273,10.0,17.0,1.052391008846135
Uttar Pradesh,12.29722171359592,12.800000190734863,10.100000381469727,13.800000190734863,1.0561292440478212
Uttar Pradesh,13.659027099609375,13.5,12.399999618530273,23.5,1.3110859707669422
Uttar Pradesh,14.053471883138021,13.800000190734863,13.0,23.700000762939453,1.29292491653655
Uttar Pradesh,13.804167005750868,13.699999809265137,12.899999618530273,15.699999809265137,0.5210666183742453
Uttar Pradesh,14.595831976996529,14.100000381469727,12.899999618530273,24.899999618530273,1.837414960012393
Uttar Pradesh,14.502777099609375,14.350000381469727,12.800000190734863,17.299999237060547,0.9773791560033208
Uttar Pradesh,16.325693766276043,16.200000762939453,14.800000190734863,17.899999618530273,0.5325183927503114
Uttar Pradesh,16.15277777777778,15.800000190734863,15.300000190734863,18.700000762939453,0.7923194326178945
Uttar Pradesh,16.447916666666668,16.399999618530273,15.300000190734863,19.0,0.6422582552173765
Uttar Pradesh,16.96666802300347,16.75,15.600000381469727,19.100000381469727,0.714531674139414
Uttar Pradesh,22.201409138424296,19.799999237060547,16.899999618530273,37.599998474121094,5.14361332994888
Uttar Pradesh,23.032640245225693,21.950000762939453,17.200000762939453,34.599998474121094,4.457481649730706
Uttar Pradesh,18.77777777777778,18.650001525878906,15.899999618530273,28.700000762939453,1.592972663035467
Uttar Pradesh,18.27777777777778,18.600000381469727,15.899999618530273,20.100000381469727,1.1303542115110699
Uttar Pradesh,19.754862467447918,19.799999237060547,17.299999237060547,21.5,0.7668324343201689
Uttar Pradesh,19.845833672417534,19.899999618530273,17.799999237060547,21.600000381469727,0.8130766897398978
Uttar Pradesh,19.010416666666668,19.100000381469727,17.799999237060547,20.200000762939453,0.57381745766568
Uttar Pradesh,18.69652642144097,18.75,16.299999237060547,20.100000381469727,0.653984922819151
Uttar Pradesh,17.889584011501736,17.899999618530273,16.100000381469727,19.899999618530273,0.5930990932883158
Uttar Pradesh,18.028472900390625,18.049999237060547,15.5,21.399999618530273,1.0378036928200078
Uttar Pradesh,16.613194783528645,16.600000381469727,15.199999809265137,19.399999618530273,0.7345866604976757
Uttar Pradesh,15.90069580078125,15.800000190734863,15.0,17.5,0.5769287311666386
Uttar Pradesh,16.052778455946182,16.0,14.800000190734863,18.299999237060547,0.689801127427365
Uttar Pradesh,17.853471544053818,16.600000381469727,14.800000190734863,28.899999618530273,3.1801884899735384
Uttar Pradesh,15.67777845594618,15.699999809265137,14.199999809265137,17.700000762939453,0.5403759132302838
Uttar Pradesh,15.047222561306423,14.800000190734863,13.899999618530273,17.299999237060547,0.6908071630597413
Uttar Pradesh,15.372222900390625,15.300000190734863,14.399999618530273,16.700000762939453,0.4254808574788791
Uttar Pradesh,15.693055894639757,15.5,14.399999618530273,18.0,0.7383026528476542
Uttar Pradesh,16.966666327582466,16.899999618530273,15.300000190734863,18.700000762939453,0.7724419606120337
Uttar Pradesh,18.786807590060764,18.700000762939453,15.699999809265137,20.799999237060547,1.0409161505394608
Uttar Pradesh,19.471527099609375,19.100000381469727,17.899999618530273,36.400001525878906,2.1172134097352218
Uttar Pradesh,18.555555555555557,18.299999237060547,17.200000762939453,20.899999618530273,0.7844652982615703
Uttar Pradesh,19.188195122612846,19.100000381469727,17.200000762939453,21.399999618530273,0.960215319599568
Uttar Pradesh,18.313195122612846,18.25,17.100000381469727,20.100000381469727,0.6323727858284183
Uttar Pradesh,18.754862467447918,18.700000762939453,17.799999237060547,20.600000381469727,0.5275506911529866
Uttar Pradesh,20.268532492897727,19.899999618530273,18.399999618530273,28.299999237060547,1.6221551685051778
Uttar Pradesh,26.7452392578125,27.200000762939453,20.399999618530273,32.20000076293945,4.032440092759478
Uttar Pradesh,11.068750381469727,9.0,8.600000381469727,21.200000762939453,3.745617416754673
Uttar Pradesh,10.12272782759233,9.5,8.5,20.700000762939453,2.0469339203629233
Uttar Pradesh,10.752222357855903,11.0,9.100000381469727,12.0,0.7044663448754064
Uttar Pradesh,12.377083672417534,11.899999618530273,10.699999809265137,15.399999618530273,1.2793617759853944
Uttar Pradesh,13.501388549804688,13.5,12.199999809265137,15.300000190734863,0.6132774248670564
Uttar Pradesh,14.157638549804688,13.899999618530273,12.800000190734863,16.299999237060547,0.9218474981250198
Uttar Pradesh,14.479166666666666,13.800000190734863,12.800000190734863,26.799999237060547,2.225978955278223
Uttar Pradesh,15.119444105360243,14.0,12.0,29.100000381469727,3.3614083790551295
Uttar Pradesh,14.939581976996529,15.149999618530273,12.800000190734863,16.600000381469727,0.8674050437502886
Uttar Pradesh,16.25,16.100000381469727,15.300000190734863,18.5,0.6286006924980048
Uttar Pradesh,16.270833333333332,16.100000381469727,15.300000190734863,18.600000381469727,0.6785273133567108
Uttar Pradesh,16.520138210720486,16.450000762939453,15.0,18.399999618530273,0.7922874816640206
Uttar Pradesh,17.224999321831596,17.299999237060547,15.399999618530273,19.5,0.7966509336138604
Uttar Pradesh,20.245455228365383,19.200000762939453,16.399999618530273,33.70000076293945,3.3659073466055944
Uttar Pradesh,18.918053521050346,18.5,15.699999809265137,32.400001525878906,2.534557174536377
Uttar Pradesh,17.597917344835068,17.5,15.600000381469727,20.5,1.0245234991166756
Uttar Pradesh,19.131249321831596,19.200000762939453,17.0,21.299999237060547,0.9443154918517693
Uttar Pradesh,18.564583672417534,18.399999618530273,17.299999237060547,20.899999618530273,0.7761612223376124
Uttar Pradesh,18.231943766276043,18.100000381469727,17.299999237060547,20.399999618530273,0.5528527998993857
Uttar Pradesh,18.427083333333332,18.399999618530273,17.0,21.600000381469727,0.6650207097917598
Uttar Pradesh,18.990278455946182,18.950000762939453,17.200000762939453,21.5,0.7531710095677773
Uttar Pradesh,19.21041700575087,19.100000381469727,17.0,22.200000762939453,1.072427072060447
Uttar Pradesh,17.07152811686198,16.950000762939453,15.0,19.799999237060547,1.1814928529428081
Uttar Pradesh,16.231943766276043,16.399999618530273,14.699999809265137,18.0,0.7809941148570737
Uttar Pradesh,16.246155211975523,15.899999618530273,14.699999809265137,21.399999618530273,1.2021990455184572
Uttar Pradesh,16.935416327582466,16.200000762939453,14.800000190734863,27.100000381469727,2.1772647060345145
Uttar Pradesh,15.778472900390625,15.5,14.399999618530273,23.600000381469727,1.3239337427114357
Uttar Pradesh,15.41041734483507,15.449999809265137,13.899999618530273,17.299999237060547,0.7429033436598609
Uttar Pradesh,15.104166666666666,15.0,14.0,17.0,0.6839301388153383
Uttar Pradesh,15.873609754774305,15.800000190734863,14.800000190734863,18.100000381469727,0.5877199250875368
Uttar Pradesh,16.759721544053818,16.849998474121094,15.199999809265137,18.700000762939453,0.8945296643155753
Uttar Pradesh,17.868055555555557,17.700000762939453,16.5,24.200000762939453,0.9761498840730609
Uttar Pradesh,20.020833333333332,18.600000381469727,17.100000381469727,30.899999618530273,3.204139556216876
Uttar Pradesh,20.694444444444443,20.200000762939453,17.799999237060547,31.799999237060547,2.386500717421479
Uttar Pradesh,19.502777099609375,19.5,18.200000762939453,21.299999237060547,0.61191238470678
Uttar Pradesh,19.21041700575087,19.200000762939453,17.299999237060547,21.5,0.803094664653974
Uttar Pradesh,18.10277811686198,18.049999237060547,16.700000762939453,20.200000762939453,0.6327787408139957
Uttar Pradesh,19.909027099609375,19.0,17.700000762939453,30.399999618530273,2.384321266202148
Uttar Pradesh,20.28361984779095,20.100000381469727,18.799999237060547,27.600000381469727,1.1838674386006909
Uttar Pradesh,9.596386277532003,9.399999618530273,8.5,12.5,0.7646474556664926
Uttar Pradesh,10.109756097560975,9.899999618530273,8.800000190734863,13.100000381469727,0.8014635549573706
Uttar Pradesh,10.494244253035072,10.300000190734863,9.0,13.0,0.8999415980360923
Uttar Pradesh,11.526389227973091,11.300000190734863,10.600000381469727,14.100000381469727,0.6461409125541018
Uttar Pradesh,14.040277269151476,13.5,11.800000190734863,24.5,2.0178825755786938
Uttar Pradesh,13.759028116861979,13.399999618530273,12.600000381469727,16.0,0.8491346408336778
Uttar Pradesh,13.417360093858507,13.199999809265137,12.399999618530273,15.800000190734863,0.7036936165336549
Uttar Pradesh,15.858334011501736,14.800000190734863,12.600000381469727,27.399999618530273,3.0504211844687092
Uttar Pradesh,15.532638549804688,15.600000381469727,12.899999618530273,17.600000381469727,0.7630194308450794
Uttar Pradesh,16.976258641524282,16.799999237060547,15.399999618530273,20.0,0.9654895512487143
Uttar Pradesh,16.068751017252605,16.0,15.199999809265137,18.700000762939453,0.5309149379418585
Uttar Pradesh,16.020138210720486,15.899999618530273,14.800000190734863,18.5,0.7436378477410114
Uttar Pradesh,17.29513888888889,17.450000762939453,15.100000381469727,19.299999237060547,0.8662923595952368
Uttar Pradesh,19.141548264194544,18.100000381469727,15.899999618530273,32.599998474121094,3.2557909986242892
Uttar Pradesh,17.904861450195312,17.899999618530273,16.299999237060547,20.0,0.8155885824561344
Uttar Pradesh,18.531945122612846,18.5,16.299999237060547,21.299999237060547,1.0626651234332911
Uttar Pradesh,18.600694444444443,18.399999618530273,17.100000381469727,21.100000381469727,0.8930671317079523
Uttar Pradesh,19.012498643663193,18.899999618530273,16.899999618530273,22.200000762939453,0.925853622513236
Uttar Pradesh,18.610415988498264,18.650001525878906,17.200000762939453,20.399999618530273,0.6723423961302571
Uttar Pradesh,19.681944105360245,19.600000381469727,18.0,22.700000762939453,0.7754615951458113
Uttar Pradesh,19.180555555555557,19.200000762939453,17.700000762939453,21.100000381469727,0.631057130198454
Uttar Pradesh,18.973612467447918,18.950000762939453,16.799999237060547,20.600000381469727,0.7475874775713603
Uttar Pradesh,17.004167344835068,16.899999618530273,15.100000381469727,19.5,1.0936606859901858
Uttar Pradesh,16.875695122612846,16.799999237060547,15.0,18.5,0.7394861323690641
Uttar Pradesh,16.847917344835068,16.299999237060547,15.0,26.700000762939453,2.1774401782690704
Uttar Pradesh,18.53680419921875,17.0,15.0,31.200000762939453,3.569853474328458
Uttar Pradesh,14.71875,14.75,13.800000190734863,15.899999618530273,0.4869075544507644
Uttar Pradesh,15.495139227973091,14.949999809265137,14.100000381469727,25.0,1.7538580935510677
Uttar Pradesh,15.977082994249132,15.100000381469727,13.699999809265137,25.299999237060547,2.269383057789696
Uttar Pradesh,17.072221544053818,16.399999618530273,14.699999809265137,30.5,2.194957676169075
Uttar Pradesh,18.59375,17.650001525878906,15.699999809265137,32.0,2.850760576059946
Uttar Pradesh,19.050001356336807,18.200000762939453,16.399999618530273,29.200000762939453,2.5456116837905562
Uttar Pradesh,18.589343461834016,18.600000381469727,16.700000762939453,21.799999237060547,1.0810443116653612
Uttar Pradesh,19.60073673023897,19.399999618530273,17.600000381469727,22.799999237060547,1.2718961707702752
Uttar Pradesh,18.67916531032986,18.799999237060547,16.899999618530273,20.700000762939453,0.78145828741396
Uttar Pradesh,18.02291531032986,17.799999237060547,16.5,21.200000762939453,0.9574067000788095
Uttar Pradesh,18.099999321831596,18.0,17.100000381469727,19.299999237060547,0.5417307830431105
Uttar Pradesh,18.852344512939453,18.899999618530273,17.399999618530273,20.100000381469727,0.5402494220550367
Uttar Pradesh,20.60666707356771,20.399999618530273,20.0,21.799999237060547,0.49862010754818403
Uttar Pradesh,10.450908868963069,9.5,8.199999809265137,27.600000381469727,3.4413989103528726
Uttar Pradesh,11.618439370013299,10.199999809265137,9.199999809265137,31.600000381469727,4.185479880518164
Uttar Pradesh,10.477777269151476,10.199999809265137,8.800000190734863,20.0,1.3295490526135627
Uttar Pradesh,11.31666734483507,11.199999809265137,9.899999618530273,14.800000190734863,0.7103402832228294
Uttar Pradesh,12.724305046929253,13.100000381469727,10.199999809265137,14.399999618530273,0.9894054613170081
Uttar Pradesh,13.178471883138021,13.199999809265137,12.5,14.100000381469727,0.29490184084348164
Uttar Pradesh,13.119444105360243,13.100000381469727,12.300000190734863,14.399999618530273,0.30873346520157713
Uttar Pradesh,16.455556233723957,14.399999618530273,12.5,30.200000762939453,4.5687765932963185
Uttar Pradesh,17.004167344835068,16.399999618530273,14.399999618530273,26.799999237060547,2.360404716177063
Uttar Pradesh,16.969445122612846,16.899999618530273,15.600000381469727,19.299999237060547,0.7731858395188913
Uttar Pradesh,16.52638922797309,16.5,15.199999809265137,18.100000381469727,0.7440492162976147
Uttar Pradesh,17.07638888888889,16.100000381469727,15.100000381469727,36.599998474121094,3.493883295065415
Uttar Pradesh,20.66923042777535,17.899999618530273,15.300000190734863,36.400001525878906,5.314411548270642
Uttar Pradesh,18.25244823535839,17.600000381469727,15.399999618530273,29.799999237060547,2.601501112034557
Uttar Pradesh,17.755555894639755,17.700000762939453,16.299999237060547,19.600000381469727,0.7418800285229421
Uttar Pradesh,18.922376939466783,18.600000381469727,16.399999618530273,29.700000762939453,1.8901814410447109
Uttar Pradesh,18.25,18.200000762939453,17.100000381469727,19.899999618530273,0.600462791988625
Uttar Pradesh,19.25486077202691,19.100000381469727,17.899999618530273,21.299999237060547,0.6992883335382759
Uttar Pradesh,19.239583333333332,19.200000762939453,18.200000762939453,20.799999237060547,0.5193771315789462
Uttar Pradesh,20.176388210720486,20.049999237060547,18.5,22.5,0.903233885321683
Uttar Pradesh,19.821678321678323,19.799999237060547,17.600000381469727,21.299999237060547,0.7224799981334938
Uttar Pradesh,19.396528455946182,19.299999237060547,17.600000381469727,21.200000762939453,0.8119261252839082
Uttar Pradesh,17.96875,17.899999618530273,15.899999618530273,20.200000762939453,0.967418458215572
Uttar Pradesh,16.935914805237676,16.799999237060547,15.100000381469727,20.5,1.0698388266718022
Uttar Pradesh,18.983217466127623,16.600000381469727,15.199999809265137,36.20000076293945,4.711984115535092
Uttar Pradesh,15.700000339084202,15.75,14.199999809265137,18.200000762939453,0.8904586819627013
Uttar Pradesh,15.92916531032986,15.050000190734863,13.800000190734863,26.299999237060547,2.365753106783855
Uttar Pradesh,15.678471883138021,15.050000190734863,13.5,28.299999237060547,2.31147988967203
Uttar Pradesh,14.615973578559029,14.399999618530273,13.199999809265137,17.0,0.8219778924406412
Uttar Pradesh,16.523077264532343,15.199999809265137,13.899999618530273,31.299999237060547,3.480207664086356
Uttar Pradesh,16.922220865885418,16.100000381469727,14.699999809265137,28.100000381469727,2.4714043350529873
Uttar Pradesh,16.568055894639755,16.399999618530273,15.100000381469727,19.100000381469727,0.8498899352826347
Uttar Pradesh,17.160417344835068,16.899999618530273,15.5,20.700000762939453,1.1630431596828397
Uttar Pradesh,16.713194105360245,16.5,15.199999809265137,19.5,0.9126613554593891
Uttar Pradesh,17.288194444444443,17.200000762939453,15.800000190734863,19.0,0.43866851612645347
Uttar Pradesh,17.822916666666668,17.700000762939453,16.799999237060547,20.0,0.5878065525613769
Uttar Pradesh,19.011803521050346,18.899999618530273,17.799999237060547,21.200000762939453,0.6892524622015793
Uttar Pradesh,19.33280078125,19.299999237060547,17.899999618530273,21.299999237060547,0.6698985328740117
Uttar Pradesh,19.520001220703126,19.600000381469727,19.299999237060547,19.700000762939453,0.14696994521515572
Uttar Pradesh,10.014545232599431,9.5,8.199999809265137,24.399999618530273,2.7913124101005624
Uttar Pradesh,10.238461367733828,9.899999618530273,9.100000381469727,22.899999618530273,1.597372103074518
Uttar Pradesh,10.438888549804688,9.850000381469727,8.800000190734863,23.200000762939453,1.8975170514621538
Uttar Pradesh,11.511188640461102,10.899999618530273,9.100000381469727,30.200000762939453,2.894052367268785
Uttar Pradesh,13.873722271327555,13.199999809265137,10.100000381469727,30.399999618530273,4.184717931661697
Uttar Pradesh,13.650694953070747,13.600000381469727,12.800000190734863,16.600000381469727,0.563594232828688
Uttar Pradesh,13.34236060248481,13.300000190734863,12.800000190734863,14.600000381469727,0.32820638546926434
Uttar Pradesh,13.76736111111111,13.649999618530273,12.600000381469727,16.299999237060547,0.6194564915249077
Uttar Pradesh,17.15347120496962,16.0,13.300000190734863,28.600000381469727,3.6010398610150616
Uttar Pradesh,16.82083299424913,16.700000762939453,15.5,19.0,0.7775384366152308
Uttar Pradesh,16.705556233723957,16.600000381469727,15.600000381469727,19.100000381469727,0.64191313761663
Uttar Pradesh,19.520138210720486,17.150001525878906,15.399999618530273,34.400001525878906,4.796534962170195
Uttar Pradesh,16.864583333333332,16.799999237060547,15.899999618530273,18.700000762939453,0.538319023948835
Uttar Pradesh,17.135416666666668,17.200000762939453,15.300000190734863,19.700000762939453,0.8193382121296258
Uttar Pradesh,17.450693766276043,17.200000762939453,15.600000381469727,19.700000762939453,0.9296801151570812
Uttar Pradesh,18.181944105360245,18.100000381469727,16.700000762939453,20.5,0.7276915717526876
Uttar Pradesh,19.529859754774307,19.299999237060547,17.399999618530273,31.600000381469727,1.823651780805305
Uttar Pradesh,19.827777438693577,19.899999618530273,18.299999237060547,20.899999618530273,0.5110506198744437
Uttar Pradesh,20.00069342719184,19.700000762939453,18.100000381469727,28.700000762939453,1.4649846909867938
Uttar Pradesh,20.568749321831596,20.450000762939453,18.700000762939453,22.899999618530273,1.0793174402980352
Uttar Pradesh,20.381249321831596,20.399999618530273,18.5,22.600000381469727,0.7317188074078973
Uttar Pradesh,20.04791768391927,20.100000381469727,18.200000762939453,28.299999237060547,1.143275529017992
Uttar Pradesh,19.31049053485577,18.899999618530273,15.399999618530273,26.700000762939453,2.54862396331919
Uttar Pradesh,17.668750339084202,16.700000762939453,14.899999618530273,26.0,2.618456581963145
Uttar Pradesh,18.08881084735577,16.899999618530273,15.399999618530273,28.5,2.758486046375903
Uttar Pradesh,17.591666327582466,17.399999618530273,14.600000381469727,24.600000381469727,1.987932335267481
Uttar Pradesh,15.470140245225695,14.899999618530273,14.0,32.20000076293945,2.365906078384689
Uttar Pradesh,14.795834011501736,14.899999618530273,12.899999618530273,16.0,0.6898948095961456
Uttar Pradesh,14.777777777777779,14.649999618530273,13.399999618530273,17.200000762939453,0.7896416873966475
Uttar Pradesh,16.406945122612846,16.299999237060547,14.199999809265137,24.200000762939453,1.2658798413798882
Uttar Pradesh,16.604861789279514,16.5,15.199999809265137,18.799999237060547,0.6994372709489382
Uttar Pradesh,17.263193766276043,17.200000762939453,15.5,19.700000762939453,0.7767226687253329
Uttar Pradesh,16.988888210720486,16.899999618530273,15.699999809265137,19.399999618530273,0.6012846225203243
Uttar Pradesh,17.30902777777778,17.100000381469727,15.899999618530273,19.899999618530273,0.8181036653507215
Uttar Pradesh,17.509721544053818,17.5,16.299999237060547,19.0,0.48020825719025423
Uttar Pradesh,18.08541700575087,18.0,17.0,20.100000381469727,0.5104421281522248
Uttar Pradesh,18.850694444444443,18.799999237060547,17.799999237060547,20.200000762939453,0.5075809769962984
Uttar Pradesh,19.24380165289256,19.200000762939453,18.200000762939453,20.600000381469727,0.4595888367358532
Uttar Pradesh,9.484482337688577,8.899999618530273,8.0,18.600000381469727,2.2124882739001337
Uttar Pradesh,10.302777608235678,10.0,7.900000095367432,18.700000762939453,1.6531932691554196
Uttar Pradesh,10.5300694178868,9.600000381469727,8.5,26.100000381469727,2.950240846069185
Uttar Pradesh,11.288732394366198,10.800000190734863,8.899999618530273,29.600000381469727,2.5747719703808305
Uttar Pradesh,12.803030303030303,11.600000381469727,10.5,26.600000381469727,3.148591323231464
Uttar Pradesh,14.433093173898381,14.0,12.699999809265137,21.200000762939453,1.411891475924385
Uttar Pradesh,13.631944444444445,13.600000381469727,12.800000190734863,15.100000381469727,0.45485847418192454
Uttar Pradesh,13.947916666666666,13.600000381469727,12.300000190734863,26.799999237060547,1.7489666724067983
Uttar Pradesh,16.186109754774307,14.5,12.800000190734863,29.399999618530273,4.08540103542287
Uttar Pradesh,16.83541700575087,16.700000762939453,14.600000381469727,20.200000762939453,1.0220124468094844
Uttar Pradesh,19.0690127090669,17.549999237060547,15.600000381469727,34.400001525878906,3.8185460549397807
Uttar Pradesh,19.09860037423514,17.600000381469727,15.800000190734863,35.5,3.945732998277793
Uttar Pradesh,17.15972222222222,16.899999618530273,15.800000190734863,20.0,0.9538168571013963
Uttar Pradesh,16.915971544053818,16.799999237060547,15.399999618530273,19.700000762939453,0.9050524806840338
Uttar Pradesh,17.69236077202691,17.5,16.299999237060547,20.399999618530273,0.8547319027232516
Uttar Pradesh,18.135416666666668,18.100000381469727,16.399999618530273,20.299999237060547,0.9045002314029597
Uttar Pradesh,19.461805555555557,19.5,18.100000381469727,20.799999237060547,0.6436653179731344
Uttar Pradesh,20.099305894639755,20.0,18.600000381469727,22.100000381469727,0.7530028535710475
Uttar Pradesh,20.131944444444443,20.100000381469727,18.5,21.799999237060547,0.6912803152174245
Uttar Pradesh,20.424999660915798,20.399999618530273,18.5,22.399999618530273,0.7567749203606755
Uttar Pradesh,20.845138549804688,20.700000762939453,18.799999237060547,23.899999618530273,1.0717864930062073
Uttar Pradesh,22.702097219187063,21.799999237060547,18.899999618530273,31.700000762939453,2.820912572536903
Uttar Pradesh,20.268056233723957,20.349998474121094,16.700000762939453,26.399999618530273,1.785460236818905
Uttar Pradesh,17.782640245225693,17.399999618530273,15.199999809265137,22.899999618530273,1.8032120277975006
Uttar Pradesh,16.518751356336807,16.100000381469727,15.300000190734863,24.299999237060547,1.5276146759725513
Uttar Pradesh,16.161112467447918,16.200000762939453,14.600000381469727,17.600000381469727,0.6678230504068177
Uttar Pradesh,16.046527438693577,15.949999809265137,14.399999618530273,18.0,0.69351298001538
Uttar Pradesh,15.488888210720486,15.399999618530273,13.899999618530273,17.600000381469727,0.8083858547761242
Uttar Pradesh,16.127972369427447,16.100000381469727,14.199999809265137,17.899999618530273,0.7736395768907912
Uttar Pradesh,16.875001695421005,16.799999237060547,15.699999809265137,18.600000381469727,0.598551497354356
Uttar Pradesh,17.43194580078125,17.5,15.399999618530273,19.700000762939453,0.8406885736922401
Uttar Pradesh,18.370832655164932,18.399999618530273,16.799999237060547,19.899999618530273,0.6848433601387091
Uttar Pradesh,18.202777438693577,17.899999618530273,16.299999237060547,21.200000762939453,1.2392282690992569
Uttar Pradesh,18.103471544053818,18.100000381469727,17.0,20.299999237060547,0.6109433676033504
Uttar Pradesh,18.55763922797309,18.799999237060547,16.799999237060547,20.100000381469727,0.7679862227827222
Uttar Pradesh,19.172915988498264,19.0,17.799999237060547,21.799999237060547,0.7126065621311823
Uttar Pradesh,19.930555555555557,19.899999618530273,18.200000762939453,22.200000762939453,0.8669292405744975
Uttar Pradesh,20.75177304964539,20.700000762939453,18.799999237060547,23.799999237060547,0.9147028870310886
Uttar Pradesh,22.16428484235491,22.049999237060547,20.399999618530273,23.899999618530273,1.244764236470992
Uttar Pradesh,9.355072463768115,9.0,7.800000190734863,17.200000762939453,1.4822169887522467
Uttar Pradesh,10.409648694490132,9.600000381469727,8.600000381469727,21.600000381469727,2.229505889774983
Uttar Pradesh,10.180282377860916,9.600000381469727,8.5,22.5,2.046647538522954
Uttar Pradesh,10.566666839816046,10.100000381469727,8.5,29.700000762939453,2.5514192720195608
Uttar Pradesh,11.095833672417534,11.0,10.0,13.600000381469727,0.5877068318311239
Uttar Pradesh,13.35347154405382,13.300000190734863,11.199999809265137,15.399999618530273,0.604601958122521
Uttar Pradesh,13.60486094156901,13.5,12.800000190734863,15.5,0.5284056263768985
Uttar Pradesh,13.90625,13.600000381469727,12.5,22.899999618530273,1.6078029515920533
Uttar Pradesh,14.799306233723959,13.100000381469727,12.300000190734863,26.700000762939453,3.464131612475025
Uttar Pradesh,15.074305216471354,15.050000190734863,12.600000381469727,17.299999237060547,1.114970504141251
Uttar Pradesh,19.144754903299827,17.700000762939453,16.5,31.299999237060547,3.557060889460315
Uttar Pradesh,17.465972900390625,17.399999618530273,16.5,19.299999237060547,0.5345251076974623
Uttar Pradesh,17.32986111111111,17.399999618530273,16.100000381469727,18.700000762939453,0.5296854360531453
Uttar Pradesh,17.049304538302952,17.0,15.899999618530273,18.600000381469727,0.5848783829571821
Uttar Pradesh,17.188888549804688,17.100000381469727,16.100000381469727,19.700000762939453,0.6430301480899585
Uttar Pradesh,18.626386854383682,18.5,17.0,20.899999618530273,0.8485269461702591
Uttar Pradesh,19.506249321831596,19.5,18.0,21.100000381469727,0.6882161395307266
Uttar Pradesh,19.740278455946182,19.75,18.399999618530273,21.799999237060547,0.635010812957313
Uttar Pradesh,20.231945461697048,20.299999237060547,18.5,21.600000381469727,0.6626601430219723
Uttar Pradesh,20.208333333333332,20.200000762939453,18.600000381469727,21.600000381469727,0.6433959117094538
Uttar Pradesh,21.844445122612846,21.450000762939453,19.200000762939453,32.599998474121094,1.9413545399487233
Uttar Pradesh,22.794443766276043,22.399999618530273,20.0,30.299999237060547,1.6530182254643506
Uttar Pradesh,20.824305216471355,20.75,17.700000762939453,23.200000762939453,1.1085680120064414
Uttar Pradesh,17.952084011501736,18.150001525878906,15.699999809265137,21.200000762939453,1.1880755299536596
Uttar Pradesh,16.971527099609375,16.950000762939453,15.800000190734863,18.299999237060547,0.6605620436447392
Uttar Pradesh,15.93333265516493,15.899999618530273,14.699999809265137,17.100000381469727,0.6058741315057897
Uttar Pradesh,16.455556233723957,16.399999618530273,15.5,17.899999618530273,0.5108242073930471
Uttar Pradesh,16.07638888888889,16.100000381469727,14.0,18.5,0.7731596534686017
Uttar Pradesh,16.037499321831596,16.100000381469727,14.399999618530273,17.5,0.5817687935601729
Uttar Pradesh,16.58819580078125,16.5,14.600000381469727,18.5,0.9074151038198873
Uttar Pradesh,17.489583333333332,17.5,16.399999618530273,19.299999237060547,0.5739385609435783
Uttar Pradesh,18.671529134114582,19.049999237060547,16.299999237060547,20.600000381469727,1.106399544090708
Uttar Pradesh,20.201397235576923,20.200000762939453,19.100000381469727,21.899999618530273,0.48775008175807405
Uttar Pradesh,19.381249321831596,19.25,17.700000762939453,21.0,0.7313390588827892
Uttar Pradesh,19.46319580078125,19.399999618530273,18.100000381469727,20.700000762939453,0.4360088230903596
Uttar Pradesh,20.345070422535212,20.399999618530273,18.700000762939453,22.899999618530273,0.7997867012555655
Uttar Pradesh,20.33472357855903,20.299999237060547,18.5,23.600000381469727,0.9420958062215959
Uttar Pradesh,21.848101265822784,21.700000762939453,19.600000381469727,26.0,1.2723804552954703
Uttar Pradesh,23.399999618530273,23.399999618530273,23.399999618530273,23.399999618530273,0.0
Uttar Pradesh,9.363999633789062,9.300000190734863,8.399999618530273,10.300000190734863,0.4655148411405262
Uttar Pradesh,10.23611111111111,9.399999618530273,8.300000190734863,23.899999618530273,2.351938073951912
Uttar Pradesh,10.634286063058036,10.149999618530273,8.5,22.600000381469727,2.3808093080315267
Uttar Pradesh,10.800694783528646,10.800000190734863,9.899999618530273,12.199999809265137,0.40250889246837773
Uttar Pradesh,12.588194105360243,13.0,10.199999809265137,14.399999618530273,0.9243989523602795
Uttar Pradesh,13.379861619737413,13.300000190734863,12.600000381469727,14.899999618530273,0.39221233072221784
Uttar Pradesh,13.57986111111111,13.199999809265137,12.600000381469727,24.200000762939453,1.66114000834612
Uttar Pradesh,15.487501356336805,13.550000190734863,12.699999809265137,30.700000762939453,4.300014101673678
Uttar Pradesh,14.935418023003471,14.300000190734863,12.800000190734863,31.600000381469727,2.5449697063482137
Uttar Pradesh,21.060416327582466,18.850000381469727,16.399999618530273,33.20000076293945,4.5739027375558985
Uttar Pradesh,17.206946478949654,17.150001525878906,16.200000762939453,18.600000381469727,0.472971152552281
Uttar Pradesh,17.33194308810764,17.299999237060547,15.800000190734863,18.799999237060547,0.5725979158615722
Uttar Pradesh,17.523775540865383,17.5,16.0,19.299999237060547,0.8020914860873016
Uttar Pradesh,17.497222900390625,17.5,16.100000381469727,20.100000381469727,0.6576413982241436
Uttar Pradesh,19.347917344835068,19.25,17.100000381469727,25.5,1.3372322465978155
Uttar Pradesh,20.013193766276043,20.0,18.799999237060547,21.299999237060547,0.5252309477579754
Uttar Pradesh,20.536805894639755,20.600000381469727,18.899999618530273,22.200000762939453,0.6300073609076104
Uttar Pradesh,19.862501356336807,19.899999618530273,17.5,21.5,0.763205466256373
Uttar Pradesh,21.04861111111111,20.299999237060547,19.0,31.5,2.333600721458596
Uttar Pradesh,23.15174961756993,22.399999618530273,20.100000381469727,30.899999618530273,2.256888566612609
Uttar Pradesh,22.100694444444443,22.200000762939453,19.799999237060547,23.600000381469727,0.7947306403798078
Uttar Pradesh,20.319444444444443,20.299999237060547,17.799999237060547,23.100000381469727,1.3162065989416032
Uttar Pradesh,18.55347188313802,18.399999618530273,16.5,20.799999237060547,1.0538891408206859
Uttar Pradesh,17.189583672417534,17.100000381469727,15.5,18.799999237060547,0.6425554598793164
Uttar Pradesh,16.869013396786972,16.5,15.199999809265137,19.799999237060547,1.1941279157297393
Uttar Pradesh,16.78680419921875,16.700000762939453,15.100000381469727,20.100000381469727,0.959473729269334
Uttar Pradesh,15.786524130097519,15.800000190734863,14.199999809265137,18.200000762939453,0.7502453711680066
Uttar Pradesh,15.809999302455358,15.800000190734863,14.5,17.399999618530273,0.5638262034149473
Uttar Pradesh,16.791666666666668,16.5,15.199999809265137,19.100000381469727,0.9808230996681893
Uttar Pradesh,18.311109754774307,18.200000762939453,16.600000381469727,21.299999237060547,1.0777490991651633
Uttar Pradesh,20.023610432942707,20.0,17.0,21.899999618530273,1.0434309112213958
Uttar Pradesh,22.96527777777778,21.25,19.200000762939453,31.0,3.5328678877710042
Uttar Pradesh,22.77847120496962,21.399999618530273,18.899999618530273,30.899999618530273,3.384485859026963
Uttar Pradesh,22.287501017252605,21.100000381469727,19.200000762939453,31.200000762939453,3.0739017425457034
Uttar Pradesh,26.663196139865452,27.5,20.200000762939453,32.599998474121094,3.6727930471630224
Uttar Pradesh,26.295651643172555,24.100000381469727,21.200000762939453,32.70000076293945,3.654030307332611
Uttar Pradesh,23.625,23.600000381469727,23.399999618530273,23.899999618530273,0.1785356572975247
Uttar Pradesh,8.949999809265137,8.949999809265137,8.899999618530273,9.0,0.05000019073486328
Uttar Pradesh,10.086566981984609,9.600000381469727,8.0,18.899999618530273,1.7704788980569122
Uttar Pradesh,10.294443766276041,10.199999809265137,8.5,19.700000762939453,1.562351227245228
Uttar Pradesh,10.965972900390625,10.899999618530273,9.800000190734863,12.199999809265137,0.4455276610084503
Uttar Pradesh,12.181944105360243,12.649999618530273,10.100000381469727,14.300000190734863,1.2988591515746784
Uttar Pradesh,13.625,13.600000381469727,12.800000190734863,14.300000190734863,0.319613469724368
Uttar Pradesh,13.67152828640408,13.5,12.800000190734863,22.0,1.0687260888468062
Uttar Pradesh,15.234720865885416,13.699999809265137,12.600000381469727,28.5,3.685582266524225
Uttar Pradesh,15.763193766276041,14.199999809265137,12.600000381469727,32.0,4.363687660759454
Uttar Pradesh,16.973609076605904,16.899999618530273,15.600000381469727,19.700000762939453,0.6816020962223134
Uttar Pradesh,17.444444444444443,17.399999618530273,16.5,18.899999618530273,0.4239000897467657
Uttar Pradesh,17.708333333333332,17.700000762939453,16.5,19.899999618530273,0.6547369473053083
Uttar Pradesh,18.091666327582466,18.0,16.100000381469727,20.0,0.8276052285450237
Uttar Pradesh,17.854166666666668,17.799999237060547,16.799999237060547,19.700000762939453,0.631672836671249
Uttar Pradesh,19.255555894639755,19.299999237060547,17.100000381469727,22.0,0.8363095489839235
Uttar Pradesh,20.42916531032986,20.399999618530273,18.899999618530273,24.100000381469727,0.7956370309528412
Uttar Pradesh,19.939583672417534,19.950000762939453,18.200000762939453,21.899999618530273,0.7842386985076354
Uttar Pradesh,22.278322019777097,21.0,18.799999237060547,32.29999923706055,3.1128908023390855
Uttar Pradesh,21.802128352171987,21.0,19.600000381469727,32.70000076293945,2.323834850074837
Uttar Pradesh,21.62013922797309,21.399999618530273,20.5,29.100000381469727,1.2587791639383756
Uttar Pradesh,22.381944444444443,22.5,20.399999618530273,24.100000381469727,0.8714333595858407
Uttar Pradesh,20.994444105360245,21.0,18.700000762939453,23.700000762939453,0.9769408973597076
Uttar Pradesh,18.15625,18.0,16.100000381469727,21.200000762939453,0.9710188589820388
Uttar Pradesh,17.981943766276043,17.700000762939453,16.100000381469727,25.399999618530273,1.3887770509305508
Uttar Pradesh,17.497222900390625,17.5,15.600000381469727,19.299999237060547,0.7064134684398751
Uttar Pradesh,17.669443766276043,17.600000381469727,15.199999809265137,20.600000381469727,1.0604819402230732
Uttar Pradesh,16.39236111111111,16.0,14.899999618530273,20.799999237060547,1.1689310491995084
Uttar Pradesh,16.66180419921875,16.700000762939453,14.899999618530273,18.399999618530273,0.5606291843446652
Uttar Pradesh,17.11597357855903,17.100000381469727,15.399999618530273,18.600000381469727,0.7750146019918238
Uttar Pradesh,17.320137871636284,17.150001525878906,15.899999618530273,19.5,0.6918754851878391
Uttar Pradesh,19.400694105360245,19.700000762939453,16.899999618530273,22.5,1.4557117957162649
Uttar Pradesh,21.87708197699653,21.200000762939453,19.799999237060547,29.5,1.9090325960082974
Uttar Pradesh,24.995832655164932,25.600000381469727,19.299999237060547,30.799999237060547,3.5069350322917052
Uttar Pradesh,23.455556233723957,22.100000381469727,20.200000762939453,32.70000076293945,3.0432479946800566
Uttar Pradesh,24.07986111111111,22.75,20.100000381469727,33.900001525878906,3.31253058670331
Uttar Pradesh,31.21875,30.150001525878906,24.799999237060547,64.80000305175781,5.907796754454694
Uttar Pradesh,40.34285627092634,38.04999923706055,27.600000381469727,64.69999694824219,10.615131012370142
Uttar Pradesh,9.72,8.899999618530273,8.100000381469727,15.699999809265137,2.0757648630181107
Uttar Pradesh,10.135915836817782,9.699999809265137,8.300000190734863,22.399999618530273,1.6000150425998434
Uttar Pradesh,10.934722052680122,10.899999618530273,10.199999809265137,12.600000381469727,0.3584921767412327
Uttar Pradesh,11.694444444444445,11.199999809265137,9.899999618530273,14.5,1.3350914150459412
Uttar Pradesh,13.734027438693577,13.699999809265137,13.0,15.100000381469727,0.3988113227524231
Uttar Pradesh,13.780556572808159,13.800000190734863,12.699999809265137,15.0,0.4938901402519597
Uttar Pradesh,16.885416666666668,14.300000190734863,12.5,35.0,5.165348903413298
Uttar Pradesh,16.795834011501736,15.199999809265137,13.300000190734863,31.600000381469727,4.017010310983819
Uttar Pradesh,16.86992938701923,17.0,15.600000381469727,18.299999237060547,0.5342840253746797
Uttar Pradesh,17.243750678168404,17.200000762939453,16.299999237060547,19.5,0.5080899698964552
Uttar Pradesh,17.391665988498264,17.399999618530273,16.600000381469727,18.5,0.4451122923518153
Uttar Pradesh,17.978473239474827,17.75,16.0,22.0,1.4282936115094058
Uttar Pradesh,18.95486111111111,18.899999618530273,17.200000762939453,21.5,0.8997553681616574
Uttar Pradesh,19.78611077202691,19.600000381469727,17.299999237060547,23.0,1.3625757462883494
Uttar Pradesh,21.555555555555557,20.549999237060547,17.899999618530273,32.0,2.948534978298124
Uttar Pradesh,23.154166327582466,22.299999237060547,19.200000762939453,32.099998474121094,3.0613829961230596
Uttar Pradesh,22.88680691189236,22.600000381469727,20.399999618530273,30.700000762939453,1.8343272717880026
Uttar Pradesh,21.57152811686198,21.5,20.0,23.299999237060547,0.807659761586329
Uttar Pradesh,21.529861450195312,21.399999618530273,20.0,24.100000381469727,0.9714736521984757
Uttar Pradesh,22.54027642144097,22.5,21.200000762939453,24.299999237060547,0.6938538685781157
Uttar Pradesh,20.600694444444443,20.650001525878906,17.399999618530273,23.100000381469727,1.4641786365654714
Uttar Pradesh,17.151825173927918,17.100000381469727,15.399999618530273,19.100000381469727,0.8091720910169936
Uttar Pradesh,16.924999660915798,16.849998474121094,15.5,24.0,1.0694300297218786
Uttar Pradesh,17.37986077202691,17.5,15.699999809265137,19.299999237060547,0.9437351648074837
Uttar Pradesh,17.510416666666668,17.700000762939453,15.0,20.0,1.2874780722054615
Uttar Pradesh,15.707638210720486,15.699999809265137,14.199999809265137,17.299999237060547,0.6470102118209372
Uttar Pradesh,16.07152642144097,16.0,14.899999618530273,18.200000762939453,0.6812634853498393
Uttar Pradesh,16.22083197699653,16.150001525878906,15.199999809265137,18.299999237060547,0.5835565371328674
Uttar Pradesh,16.46041700575087,16.200000762939453,15.100000381469727,19.100000381469727,0.8931232530134707
Uttar Pradesh,19.09722222222222,18.399999618530273,16.899999618530273,30.700000762939453,2.0837981966465806
Uttar Pradesh,21.48263888888889,21.299999237060547,20.100000381469727,29.5,1.2940209250214043
Uttar Pradesh,22.98819308810764,21.75,19.200000762939453,34.5,3.4670972760028684
Uttar Pradesh,22.593705610795453,22.299999237060547,20.200000762939453,26.700000762939453,1.3619821541456039
Uttar Pradesh,24.50347222222222,22.799999237060547,20.399999618530273,34.099998474121094,3.8229644329466685
Uttar Pradesh,33.323387884324596,31.650001525878906,23.600000381469727,61.5,6.985585583208679
Uttar Pradesh,30.01,29.5,25.200000762939453,40.400001525878906,2.730439504940031
Uttar Pradesh,20.474998474121094,21.099998474121094,13.5,26.200000762939453,4.816313659322747
Uttar Pradesh,10.081522402556047,10.199999809265137,8.800000190734863,11.199999809265137,0.4953982711991004
Uttar Pradesh,11.231249491373697,10.800000190734863,10.100000381469727,19.899999618530273,1.5159553687868637
Uttar Pradesh,11.259027269151476,10.899999618530273,10.0,23.700000762939453,1.7848285769125545
Uttar Pradesh,13.50138939751519,13.800000190734863,10.600000381469727,15.100000381469727,0.9417025141363174
Uttar Pradesh,13.850694444444445,13.850000381469727,13.0,15.0,0.372117922935159
Uttar Pradesh,16.081249660915798,14.199999809265137,12.899999618530273,30.799999237060547,4.129096792410503
Uttar Pradesh,15.487499660915798,15.649999618530273,13.399999618530273,17.399999618530273,1.0543478587958224
Uttar Pradesh,17.118055555555557,17.100000381469727,15.199999809265137,18.399999618530273,0.49182943189005046
Uttar Pradesh,17.360415988498264,17.200000762939453,16.5,19.899999618530273,0.5632518296411164
Uttar Pradesh,17.54513888888889,17.5,16.799999237060547,18.600000381469727,0.4018757827086756
Uttar Pradesh,17.427350427350426,17.299999237060547,16.100000381469727,20.700000762939453,0.8208421588080123
Uttar Pradesh,18.40746341534515,18.100000381469727,16.200000762939453,29.100000381469727,1.4821639860243097
Uttar Pradesh,20.409027099609375,19.100000381469727,17.399999618530273,30.600000381469727,2.964440089391675
Uttar Pradesh,21.707638210720486,20.700000762939453,18.399999618530273,31.899999618530273,2.9587929774121955
Uttar Pradesh,22.697221544053818,22.700000762939453,20.100000381469727,26.399999618530273,1.2012114392079762
Uttar Pradesh,21.943751017252605,21.799999237060547,19.899999618530273,24.100000381469727,1.002269576105501
Uttar Pradesh,21.638193766276043,21.600000381469727,19.700000762939453,23.700000762939453,0.8557806592678296
Uttar Pradesh,22.203472561306423,22.299999237060547,20.399999618530273,23.799999237060547,0.778657415073295
Uttar Pradesh,21.85208299424913,21.899999618530273,19.299999237060547,24.0,1.0298981081407765
Uttar Pradesh,20.65625,20.200000762939453,18.600000381469727,25.799999237060547,1.2739766286211638
Uttar Pradesh,18.575693766276043,18.600000381469727,16.399999618530273,20.799999237060547,1.084246170721875
Uttar Pradesh,19.172220865885418,19.200000762939453,17.100000381469727,22.200000762939453,1.0743502195329242
Uttar Pradesh,18.07638888888889,18.100000381469727,17.200000762939453,19.299999237060547,0.38078610351655356
Uttar Pradesh,17.407640245225693,17.5,14.899999618530273,20.0,1.060730851491131
Uttar Pradesh,15.682637532552084,15.600000381469727,14.300000190734863,16.700000762939453,0.5766679134677748
Uttar Pradesh,16.070139567057293,16.0,15.100000381469727,17.5,0.41584591750907074
Uttar Pradesh,17.33541531032986,16.700000762939453,15.399999618530273,26.700000762939453,1.9311938542724028
Uttar Pradesh,16.907640245225693,16.700000762939453,15.300000190734863,21.0,0.8687538114036683
Uttar Pradesh,18.827084011501736,18.299999237060547,17.299999237060547,28.700000762939453,1.566233114566296
Uttar Pradesh,22.052778455946182,21.700000762939453,19.200000762939453,28.299999237060547,1.7915676035262686
Uttar Pradesh,23.263193766276043,23.0,20.0,35.70000076293945,2.8574889282500675
Uttar Pradesh,28.145833333333332,27.700000762939453,20.600000381469727,36.79999923706055,5.242837353025509
Uttar Pradesh,26.734027438693577,26.450000762939453,20.399999618530273,34.79999923706055,3.747242802316725
Uttar Pradesh,28.337615126863533,28.0,20.600000381469727,37.400001525878906,3.5875879311600998
Uttar Pradesh,,,,,
Uttar Pradesh,11.623750305175781,10.350000381469727,8.899999618530273,25.200000762939453,3.207422865500818
Uttar Pradesh,12.165516820447198,10.899999618530273,10.0,23.5,3.1527520286339485
Uttar Pradesh,17.923075749323917,18.299999237060547,9.300000190734863,25.600000381469727,6.200143195066243
Uttar Pradesh,11.730187757959905,10.899999618530273,9.199999809265137,23.799999237060547,2.588988575329106
Uttar Pradesh,12.887692495492788,11.5,10.399999618530273,25.100000381469727,3.2901956219358373
Uttar Pradesh,12.656337684308978,11.399999618530273,10.5,26.299999237060547,3.2055292324499565
Uttar Pradesh,12.784722222222221,11.0,10.0,27.899999618530273,3.7656215342738464
Uttar Pradesh,15.149305555555555,13.200000762939453,11.0,26.899999618530273,4.063916281238048
Uttar Pradesh,13.288194444444445,13.5,10.899999618530273,14.699999809265137,0.9195029393554639
Uttar Pradesh,16.864583333333332,15.449999809265137,12.800000190734863,32.0,3.7695871675568373
Uttar Pradesh,16.86111111111111,17.0,15.300000190734863,18.600000381469727,0.6315887522724521
Uttar Pradesh,17.373609754774307,17.299999237060547,16.299999237060547,19.600000381469727,0.5638392983403813
Uttar Pradesh,17.301388210720486,17.25,16.399999618530273,18.700000762939453,0.45946606645499033
Uttar Pradesh,17.252777099609375,17.299999237060547,16.299999237060547,18.200000762939453,0.38458936073132016
Uttar Pradesh,18.12962962962963,17.150001525878906,15.899999618530273,35.70000076293945,2.977796315368717
Uttar Pradesh,22.02748166149809,20.200000762939453,17.0,35.400001525878906,4.849994939897436
Uttar Pradesh,19.62152777777778,18.899999618530273,17.399999618530273,34.5,2.660335334747943
Uttar Pradesh,20.069444444444443,19.849998474121094,17.600000381469727,23.700000762939453,1.377612509720669
Uttar Pradesh,21.26180691189236,21.299999237060547,19.5,23.899999618530273,0.9553210396496472
Uttar Pradesh,21.80902777777778,21.549999237060547,20.399999618530273,24.200000762939453,0.9022282397959176
Uttar Pradesh,21.245832655164932,21.200000762939453,20.200000762939453,23.399999618530273,0.5836754688486432
Uttar Pradesh,21.386805216471355,21.299999237060547,20.200000762939453,23.600000381469727,0.7165937095968772
Uttar Pradesh,21.431250678168404,21.299999237060547,20.100000381469727,23.399999618530273,0.7939414396739438
Uttar Pradesh,20.126390245225693,19.799999237060547,17.100000381469727,30.100000381469727,2.0221683044977725
Uttar Pradesh,18.73541768391927,18.600000381469727,16.700000762939453,21.200000762939453,1.095538180775704
Uttar Pradesh,17.265279134114582,17.299999237060547,15.5,19.600000381469727,1.0026574702835518
Uttar Pradesh,16.910417344835068,16.899999618530273,15.600000381469727,18.600000381469727,0.6571950204596544
Uttar Pradesh,16.612499660915798,16.299999237060547,14.5,21.0,1.5312881988402733
Uttar Pradesh,16.214584350585938,16.100000381469727,14.899999618530273,19.700000762939453,0.8156429975290626
Uttar Pradesh,16.95208231608073,17.0,15.399999618530273,19.5,0.6646812489996323
Uttar Pradesh,19.39236111111111,17.100000381469727,15.300000190734863,37.0,4.912739776897301
Uttar Pradesh,19.536805894639755,17.849998474121094,15.5,34.599998474121094,4.2953259139930475
Uttar Pradesh,21.350694444444443,19.799999237060547,17.200000762939453,28.200000762939453,3.5136835197125493
Uttar Pradesh,23.386805216471355,22.549999237060547,18.0,34.400001525878906,4.127991378772871
Uttar Pradesh,27.452777438693577,28.0,20.0,35.900001525878906,4.324653965681798
Uttar Pradesh,27.997916327582466,27.200000762939453,21.100000381469727,37.099998474121094,4.094177093017024
Uttar Pradesh,27.944169108072916,26.600000381469727,22.299999237060547,40.20000076293945,4.323362819165742
Uttar Pradesh,26.41176470588235,26.100000381469727,23.5,33.099998474121094,2.2686821649437166
Uttar Pradesh,10.273333740234374,10.199999809265137,9.800000190734863,10.699999809265137,0.23228319056309163
Uttar Pradesh,11.138686131386862,10.5,9.300000190734863,26.799999237060547,2.6695429784915867
Uttar Pradesh,12.427731297597164,11.199999809265137,9.899999618530273,22.399999618530273,2.9791410521917827
Uttar Pradesh,11.794444613986546,11.699999809265137,10.199999809265137,14.300000190734863,0.8287187105873222
Uttar Pradesh,11.153472052680122,11.199999809265137,8.899999618530273,13.199999809265137,0.945230179122347
Uttar Pradesh,11.268749660915798,11.199999809265137,10.300000190734863,19.399999618530273,0.8572783552746445
Uttar Pradesh,11.153472052680122,11.199999809265137,10.5,11.699999809265137,0.2867231858555304
Uttar Pradesh,13.620833502875435,11.399999618530273,10.600000381469727,34.099998474121094,4.747263452678287
Uttar Pradesh,13.05874057583042,12.0,11.0,28.700000762939453,3.311293022711785
Uttar Pradesh,15.497222900390625,14.899999618530273,12.0,27.100000381469727,2.76063466786067
Uttar Pradesh,16.194444444444443,16.100000381469727,14.5,18.700000762939453,0.7708921776708956
Uttar Pradesh,17.356945461697048,17.25,15.699999809265137,19.5,0.7942198004673706
Uttar Pradesh,16.908333672417534,16.899999618530273,15.800000190734863,18.100000381469727,0.4503855916207739
Uttar Pradesh,17.447221544053818,17.399999618530273,16.100000381469727,19.799999237060547,0.6292570231129583
Uttar Pradesh,19.847287200218023,17.899999618530273,16.100000381469727,31.799999237060547,3.9764048110476784
Uttar Pradesh,17.77112676056338,17.600000381469727,16.0,20.600000381469727,0.8736019927888423
Uttar Pradesh,18.454165988498264,18.299999237060547,17.200000762939453,21.200000762939453,0.7467405866121248
Uttar Pradesh,20.029861450195312,20.0,18.0,22.5,0.8111274136548152
Uttar Pradesh,22.23819308810764,22.0,20.399999618530273,28.600000381469727,1.3504112916163613
Uttar Pradesh,21.11319308810764,21.100000381469727,19.5,22.899999618530273,0.6798944601668714
Uttar Pradesh,21.390972561306423,21.299999237060547,20.0,23.0,0.701378905539773
Uttar Pradesh,20.530554877387154,20.549999237060547,18.899999618530273,23.0,0.8625123562906616
Uttar Pradesh,20.453474256727432,20.299999237060547,17.5,23.399999618530273,1.3785516020174087
Uttar Pradesh,18.70972188313802,18.650001525878906,16.600000381469727,21.700000762939453,1.0622512056913307
Uttar Pradesh,18.417360093858505,18.349998474121094,17.0,21.0,0.8650087830471789
Uttar Pradesh,17.448611789279514,17.5,15.699999809265137,19.600000381469727,0.9241352277465446
Uttar Pradesh,17.480555216471355,17.200000762939453,15.800000190734863,20.299999237060547,1.0030701400328363
Uttar Pradesh,17.073611789279514,17.0,15.399999618530273,19.600000381469727,0.8440959882184834
Uttar Pradesh,16.154166327582466,16.100000381469727,15.0,17.5,0.5194648717590394
Uttar Pradesh,17.78333197699653,17.100000381469727,15.5,31.100000381469727,2.4557472400222577
Uttar Pradesh,17.76180691189236,17.700000762939453,15.300000190734863,21.100000381469727,0.930725304441865
Uttar Pradesh,18.464083819322184,17.200000762939453,15.199999809265137,36.0,3.9009990451170298
Uttar Pradesh,22.381249321831596,22.599998474121094,16.700000762939453,28.700000762939453,3.915478037239336
Uttar Pradesh,26.053470187717014,26.5,20.0,30.399999618530273,2.14394872136237
Uttar Pradesh,27.22097970388986,26.200000762939453,21.700000762939453,38.5,4.406572494308319
Uttar Pradesh,23.819446139865452,23.899999618530273,21.399999618530273,26.200000762939453,0.8535284827313322
Uttar Pradesh,24.476389567057293,24.049999237060547,22.100000381469727,30.100000381469727,1.6944757508165986
Uttar Pradesh,11.314285278320312,9.800000190734863,9.399999618530273,16.700000762939453,2.6166658504546296
Uttar Pradesh,10.125197042630413,9.800000190734863,8.800000190734863,20.799999237060547,1.5727986344923306
Uttar Pradesh,11.004166497124565,11.0,9.899999618530273,13.0,0.5280828926181078
Uttar Pradesh,11.283915913188373,11.100000381469727,10.100000381469727,13.699999809265137,0.8725535761781184
Uttar Pradesh,10.281944274902344,10.199999809265137,9.100000381469727,11.800000190734863,0.5429667725541918
Uttar Pradesh,11.262500339084202,11.199999809265137,10.0,16.0,0.7276174173399098
Uttar Pradesh,11.440277947319878,11.5,10.300000190734863,12.899999618530273,0.4333845407252321
Uttar Pradesh,13.512676400198064,11.199999809265137,10.300000190734863,30.0,4.764168739474461
Uttar Pradesh,15.46808510638298,12.800000190734863,10.300000190734863,31.600000381469727,5.280652721240064
Uttar Pradesh,16.106293364838287,15.199999809265137,12.199999809265137,31.0,3.4364402365241946
Uttar Pradesh,16.652446186625873,16.5,14.699999809265137,20.399999618530273,1.0043843209321694
Uttar Pradesh,16.154166327582466,16.0,14.399999618530273,18.799999237060547,1.1647528766558184
Uttar Pradesh,16.53958299424913,15.350000381469727,13.199999809265137,32.400001525878906,3.7893714396881433
Uttar Pradesh,19.362936380026223,17.600000381469727,14.399999618530273,33.70000076293945,4.752558085933716
Uttar Pradesh,15.931250678168404,15.399999618530273,13.899999618530273,28.700000762939453,2.403223225007342
Uttar Pradesh,16.190844038842428,16.200000762939453,14.0,18.200000762939453,0.9900138908251862
Uttar Pradesh,17.586112128363716,17.5,15.5,19.799999237060547,1.0860614126651604
Uttar Pradesh,19.083333333333332,19.0,16.100000381469727,23.299999237060547,1.2399037086579456
Uttar Pradesh,21.143749660915798,21.299999237060547,17.299999237060547,24.700000762939453,1.8660608184782113
Uttar Pradesh,21.450693766276043,21.399999618530273,18.600000381469727,24.600000381469727,1.2818713080821305
Uttar Pradesh,19.969445122612846,19.849998474121094,17.399999618530273,23.299999237060547,1.1656708388803645
Uttar Pradesh,18.90069580078125,19.049999237060547,16.299999237060547,21.0,1.1051329983922382
Uttar Pradesh,19.332638210720486,19.349998474121094,17.399999618530273,21.299999237060547,0.841611421074813
Uttar Pradesh,18.06527879503038,17.700000762939453,16.5,21.5,1.1737474823340501
Uttar Pradesh,18.665971544053818,18.600000381469727,17.5,20.299999237060547,0.6054339880623175
Uttar Pradesh,18.921527438693577,18.899999618530273,18.0,20.299999237060547,0.5077405456547257
Uttar Pradesh,18.686111450195312,18.5,17.700000762939453,20.5,0.7170165157401237
Uttar Pradesh,17.13888888888889,16.799999237060547,15.800000190734863,20.200000762939453,0.9713328911880172
Uttar Pradesh,16.194444444444443,16.200000762939453,14.5,17.899999618530273,0.6598376814659587
Uttar Pradesh,17.058334350585938,16.700000762939453,15.699999809265137,24.5,1.3990324260511264
Uttar Pradesh,18.498609754774307,18.100000381469727,15.899999618530273,24.799999237060547,1.5801277136289986
Uttar Pradesh,20.690277099609375,19.600000381469727,16.200000762939453,35.29999923706055,3.9418044799609895
Uttar Pradesh,23.15416802300347,23.25,17.100000381469727,29.799999237060547,3.364600669621624
Uttar Pradesh,23.825873101507867,21.799999237060547,19.5,39.70000076293945,4.805718076403101
Uttar Pradesh,23.487501356336807,22.450000762939453,20.899999618530273,34.20000076293945,2.9466523668783875
Uttar Pradesh,24.401448567708332,23.700000762939453,21.0,32.29999923706055,2.2222844872724035
Uttar Pradesh,33.463366820080445,33.79999923706055,23.5,43.599998474121094,5.618793075938773
Uttar Pradesh,31.816665649414062,31.100000381469727,24.700000762939453,39.20000076293945,4.217588637131268
Uttar Pradesh,19.299999237060547,19.299999237060547,19.0,19.600000381469727,0.3000001907363791
Uttar Pradesh,10.199999560106981,9.600000381469727,8.600000381469727,24.399999618530273,2.1952446076464422
Uttar Pradesh,10.117361280653212,10.100000381469727,9.0,11.199999809265137,0.502539333053904
Uttar Pradesh,11.531944274902344,11.5,10.199999809265137,13.199999809265137,0.6907778353988402
Uttar Pradesh,10.479166666666666,10.399999618530273,8.899999618530273,12.5,0.6645670313399166
Uttar Pradesh,10.475694444444445,10.550000190734863,9.0,11.899999618530273,0.6713632992836711
Uttar Pradesh,11.364583333333334,11.300000190734863,10.300000190734863,13.399999618530273,0.5904881478501576
Uttar Pradesh,13.563888549804688,11.5,10.600000381469727,31.399999618530273,4.499129721865721
Uttar Pradesh,12.547222561306423,12.199999809265137,10.699999809265137,15.899999618530273,1.1273089719884646
Uttar Pradesh,14.260416666666666,14.100000381469727,11.199999809265137,19.0,1.8655956625133292
Uttar Pradesh,15.541666666666666,15.100000381469727,13.600000381469727,22.299999237060547,1.3709536111397804
Uttar Pradesh,17.60277811686198,15.5,14.399999618530273,36.70000076293945,4.83304519509333
Uttar Pradesh,18.426388210720486,15.399999618530273,14.5,36.0,5.690732949533657
Uttar Pradesh,15.958333333333334,15.699999809265137,14.100000381469727,18.799999237060547,1.0647443176435922
Uttar Pradesh,15.686109754774305,15.5,14.600000381469727,17.899999618530273,0.6824802758150248
Uttar Pradesh,16.202777438693577,16.100000381469727,14.600000381469727,23.200000762939453,1.0480103744119313
Uttar Pradesh,16.376390245225693,16.200000762939453,15.0,21.799999237060547,0.9574985638289225
Uttar Pradesh,17.424306233723957,17.200000762939453,15.399999618530273,27.600000381469727,1.68882134996444
Uttar Pradesh,19.579165988498264,19.399999618530273,17.100000381469727,22.299999237060547,1.0259057791847248
Uttar Pradesh,19.211110432942707,19.0,17.700000762939453,21.0,0.8179506248980475
Uttar Pradesh,18.95972188313802,19.049999237060547,17.299999237060547,20.399999618530273,0.5903529206053626
Uttar Pradesh,19.068751017252605,18.950000762939453,16.700000762939453,21.700000762939453,1.0658505669786948
Uttar Pradesh,19.257639567057293,19.0,17.399999618530273,22.299999237060547,1.0745528873111478
Uttar Pradesh,17.995832655164932,17.799999237060547,16.5,20.0,0.9081326378287339
Uttar Pradesh,19.04513719346788,19.0,18.100000381469727,20.399999618530273,0.4428175883932432
Uttar Pradesh,19.180555555555557,19.299999237060547,17.5,21.100000381469727,0.8758549672194373
Uttar Pradesh,18.050694783528645,18.0,16.700000762939453,19.600000381469727,0.41683267388515494
Uttar Pradesh,16.605555216471355,16.349998474121094,15.399999618530273,18.5,0.8045683267451358
Uttar Pradesh,15.983334011501736,16.0,14.600000381469727,17.399999618530273,0.5744562555850222
Uttar Pradesh,16.40416802300347,16.299999237060547,15.399999618530273,18.799999237060547,0.6544585404224021
Uttar Pradesh,18.22083197699653,18.200000762939453,16.700000762939453,22.5,0.9077502622989629
Uttar Pradesh,18.29513888888889,17.950000762939453,16.700000762939453,26.799999237060547,1.566902839810098
Uttar Pradesh,21.00486077202691,19.899999618530273,18.200000762939453,32.599998474121094,2.8860134082652333
Uttar Pradesh,24.58041958041958,23.200000762939453,19.100000381469727,35.400001525878906,3.6657222227887614
Uttar Pradesh,23.288194444444443,23.049999237060547,20.399999618530273,33.20000076293945,1.8017544162291075
Uttar Pradesh,33.75,34.70000076293945,22.700000762939453,42.70000076293945,5.08524557128231
Uttar Pradesh,27.47422680412371,26.200000762939453,20.100000381469727,39.099998474121094,5.648488263602397
Uttar Pradesh,25.299999237060547,25.299999237060547,25.299999237060547,25.299999237060547,0.0
Uttar Pradesh,18.61666700575087,18.25,14.0,23.299999237060547,2.686643753203886
Uttar Pradesh,16.532258064516128,16.200000762939453,10.5,27.399999618530273,4.392617432307197
Uttar Pradesh,11.347222222222221,10.399999618530273,8.899999618530273,24.100000381469727,2.558046841697706
Uttar Pradesh,10.330555386013454,10.199999809265137,9.300000190734863,11.699999809265137,0.5215198916330896
Uttar Pradesh,10.765277438693577,10.800000190734863,9.5,12.300000190734863,0.6487508670860715
Uttar Pradesh,9.94722154405382,9.850000381469727,8.800000190734863,12.100000381469727,0.5703245520391372
Uttar Pradesh,10.963889227973091,10.899999618530273,10.100000381469727,12.800000190734863,0.5236902925281564
Uttar Pradesh,12.570921985815604,11.300000190734863,10.600000381469727,25.5,3.386090433023482
Uttar Pradesh,11.452084011501736,11.300000190734863,10.600000381469727,13.300000190734863,0.5333292403519916
Uttar Pradesh,11.86388905843099,11.850000381469727,10.800000190734863,14.0,0.6749085375921338
Uttar Pradesh,13.999305725097656,13.699999809265137,11.5,28.299999237060547,2.441666519785808
Uttar Pradesh,17.02112676056338,15.0,12.300000190734863,35.29999923706055,5.126331182399543
Uttar Pradesh,15.986806233723959,15.649999618530273,14.699999809265137,19.799999237060547,0.9317879115970227
Uttar Pradesh,15.764584011501736,15.699999809265137,14.199999809265137,18.200000762939453,0.818999119950448
Uttar Pradesh,16.08888922797309,16.100000381469727,15.0,17.399999618530273,0.44707552334866396
Uttar Pradesh,16.289581298828125,16.0,14.5,22.799999237060547,1.4082455405003766
Uttar Pradesh,15.729168362087673,15.699999809265137,14.199999809265137,17.299999237060547,0.480577622268779
Uttar Pradesh,15.938888549804688,15.899999618530273,14.699999809265137,17.700000762939453,0.576039032779906
Uttar Pradesh,18.07152811686198,18.049999237060547,15.399999618530273,21.600000381469727,1.4025107725154928
Uttar Pradesh,19.645833333333332,19.200000762939453,17.299999237060547,24.899999618530273,1.6616120438939446
Uttar Pradesh,18.60208468967014,18.600000381469727,16.600000381469727,20.5,0.846600042868996
Uttar Pradesh,18.738194783528645,18.600000381469727,17.200000762939453,20.600000381469727,0.7710919506985273
Uttar Pradesh,19.195139567057293,19.100000381469727,17.700000762939453,21.0,0.8238064179194154
Uttar Pradesh,18.042360093858505,18.0,16.200000762939453,20.299999237060547,0.8031690763359426
Uttar Pradesh,18.96527777777778,18.899999618530273,16.899999618530273,21.200000762939453,0.7299466485325637
Uttar Pradesh,18.59166802300347,18.150001525878906,16.899999618530273,25.100000381469727,1.2858471232115931
Uttar Pradesh,17.83541700575087,17.799999237060547,16.100000381469727,19.899999618530273,0.6311880983175389
Uttar Pradesh,16.45694308810764,16.399999618530273,15.199999809265137,18.5,0.5668691490222234
Uttar Pradesh,15.954165988498264,16.0,14.600000381469727,17.299999237060547,0.48874485588936956
Uttar Pradesh,17.413287396197553,17.5,15.199999809265137,19.600000381469727,0.9652882146029794
Uttar Pradesh,18.47777642144097,18.299999237060547,16.299999237060547,24.700000762939453,1.3679082293509455
Uttar Pradesh,19.88888888888889,19.799999237060547,16.799999237060547,29.200000762939453,1.7317344660264913
Uttar Pradesh,22.89574502714982,21.299999237060547,19.0,33.0,3.523595713281761
Uttar Pradesh,22.285417344835068,21.650001525878906,19.700000762939453,26.600000381469727,1.8517997946313978
Uttar Pradesh,30.004862467447918,30.799999237060547,20.200000762939453,40.0,4.983128849627371
Uttar Pradesh,28.122960069444446,27.899999618530273,21.399999618530273,35.599998474121094,3.7060097881236613
Uttar Pradesh,24.019998168945314,24.200000762939453,22.5,25.700000762939453,1.1267655105444034
Uttar Pradesh,11.778260604194973,11.0,9.600000381469727,18.700000762939453,2.0048759418588076
Uttar Pradesh,13.579309923895474,12.649999618530273,9.100000381469727,22.200000762939453,3.6850003881619764
Uttar Pradesh,15.0,12.800000190734863,9.899999618530273,25.0,5.071847441969203
Uttar Pradesh,11.394736842105264,10.5,9.199999809265137,36.70000076293945,3.243184158837612
Uttar Pradesh,9.943055894639757,9.949999809265137,9.199999809265137,10.899999618530273,0.34933522431092534
Uttar Pradesh,10.04861111111111,10.0,9.100000381469727,11.5,0.497491785410388
Uttar Pradesh,10.01527828640408,9.949999809265137,9.100000381469727,11.199999809265137,0.39145730684587443
Uttar Pradesh,10.471527947319878,10.449999809265137,9.300000190734863,16.5,0.8393667894055762
Uttar Pradesh,13.779577980578786,11.699999809265137,10.5,29.600000381469727,4.30719251430586
Uttar Pradesh,11.684027777777779,11.25,10.399999618530273,14.399999618530273,1.0327056662399197
Uttar Pradesh,11.524285016741072,11.449999809265137,10.800000190734863,13.100000381469727,0.44527221625168056
Uttar Pradesh,15.64652845594618,13.149999618530273,10.800000190734863,33.0,5.4720363717801925
Uttar Pradesh,12.577777438693577,12.100000381469727,10.899999618530273,26.5,1.801868041785592
Uttar Pradesh,14.674999660915798,14.699999809265137,12.199999809265137,17.5,0.917310435128963
Uttar Pradesh,15.256249321831596,15.100000381469727,13.899999618530273,17.700000762939453,0.6409323822244367
Uttar Pradesh,15.600694444444445,15.399999618530273,14.699999809265137,21.700000762939453,0.9943937834691583
Uttar Pradesh,15.779166327582466,15.550000190734863,14.0,22.899999618530273,1.19831332449395
Uttar Pradesh,15.294443766276041,15.199999809265137,14.199999809265137,17.299999237060547,0.5928717201116559
Uttar Pradesh,14.842361450195312,14.800000190734863,14.199999809265137,16.299999237060547,0.38180490862344585
Uttar Pradesh,16.55338235726034,16.700000762939453,14.0,18.5,0.8777576595145656
Uttar Pradesh,17.25902811686198,17.399999618530273,14.699999809265137,19.5,1.0545149987808848
Uttar Pradesh,18.222915649414062,18.200000762939453,16.399999618530273,20.100000381469727,0.6361471739828575
Uttar Pradesh,18.143056233723957,18.0,17.100000381469727,19.899999618530273,0.6108569637784235
Uttar Pradesh,18.19097222222222,18.100000381469727,16.100000381469727,20.399999618530273,1.154214172017583
Uttar Pradesh,17.27222188313802,17.200000762939453,16.100000381469727,19.100000381469727,0.6623238380200317
Uttar Pradesh,17.500695122612846,17.399999618530273,15.5,19.600000381469727,1.103120408006222
Uttar Pradesh,17.542361789279514,17.700000762939453,15.800000190734863,19.5,0.8405173495964142
Uttar Pradesh,16.49444580078125,16.399999618530273,14.600000381469727,18.200000762939453,0.6665393330371733
Uttar Pradesh,15.779168023003471,15.699999809265137,14.300000190734863,17.5,0.6239296079361427
Uttar Pradesh,15.900694105360243,15.800000190734863,14.800000190734863,17.5,0.6154827341356754
Uttar Pradesh,16.576923076923077,16.399999618530273,14.800000190734863,19.399999618530273,0.9451156945440534
Uttar Pradesh,19.231943766276043,19.450000762939453,16.100000381469727,21.5,1.1692027544745809
Uttar Pradesh,23.376388549804688,21.25,17.700000762939453,33.5,4.607798176618297
Uttar Pradesh,21.295834011501736,20.899999618530273,18.0,32.5,2.329248721977455
Uttar Pradesh,22.315277099609375,21.950000762939453,20.100000381469727,27.100000381469727,1.479081865003332
Uttar Pradesh,32.96527777777778,33.20000076293945,23.600000381469727,44.400001525878906,3.543329293553852
Uttar Pradesh,28.65555374710648,28.5,21.700000762939453,36.20000076293945,4.435741694845976
Uttar Pradesh,18.424242424242426,18.600000381469727,12.600000381469727,24.600000381469727,2.385693525789104
Uttar Pradesh,12.614583333333334,12.399999618530273,9.300000190734863,20.299999237060547,2.102642798299221
Uttar Pradesh,12.136765423943014,11.300000190734863,8.899999618530273,22.0,2.9720712143351937
Uttar Pradesh,11.55138905843099,10.800000190734863,9.399999618530273,18.600000381469727,1.9971850606574784
Uttar Pradesh,9.984722561306423,10.0,8.899999618530273,11.300000190734863,0.4522044021300485
Uttar Pradesh,10.53125,10.449999809265137,9.5,12.199999809265137,0.5050397206807302
Uttar Pradesh,9.790278116861979,9.699999809265137,9.0,10.800000190734863,0.3721781802951577
Uttar Pradesh,12.311111450195312,10.199999809265137,9.0,30.399999618530273,4.88188414594465
Uttar Pradesh,12.729166666666666,11.600000381469727,9.399999618530273,27.600000381469727,3.579918444591969
Uttar Pradesh,12.48888905843099,12.100000381469727,10.699999809265137,15.300000190734863,1.1199027618578137
Uttar Pradesh,11.43333265516493,11.399999618530273,10.800000190734863,12.100000381469727,0.28795254530034436
Uttar Pradesh,13.432395397777288,11.699999809265137,11.100000381469727,32.900001525878906,4.211512562981016
Uttar Pradesh,11.788811530266608,11.800000190734863,10.699999809265137,13.5,0.5016204183237065
Uttar Pradesh,12.967361450195312,13.0,11.300000190734863,14.800000190734863,0.7573555852790571
Uttar Pradesh,14.94583468967014,14.949999809265137,13.199999809265137,17.399999618530273,0.7434785908457602
Uttar Pradesh,15.137500339084202,15.100000381469727,14.300000190734863,16.299999237060547,0.36072357259164417
Uttar Pradesh,15.9375,16.0,14.5,17.299999237060547,0.5163809849800408
Uttar Pradesh,15.827082316080729,15.600000381469727,14.0,18.5,1.1036064096482903
Uttar Pradesh,14.476595398382091,14.699999809265137,12.800000190734863,17.100000381469727,0.9992648757164373
Uttar Pradesh,15.823863636363637,15.949999809265137,13.899999618530273,17.200000762939453,0.7627692270357695
Uttar Pradesh,15.259632355576262,15.300000190734863,12.699999809265137,16.899999618530273,0.865879176286011
Uttar Pradesh,16.256944444444443,16.100000381469727,14.399999618530273,19.600000381469727,1.059982496109004
Uttar Pradesh,16.654166327582466,16.549999237060547,14.899999618530273,18.899999618530273,0.7532221838563514
Uttar Pradesh,16.158333672417534,16.100000381469727,14.800000190734863,17.700000762939453,0.515926884754226
Uttar Pradesh,16.118750678168404,16.0,14.5,18.100000381469727,0.8315788562655656
Uttar Pradesh,15.627777099609375,15.550000190734863,14.100000381469727,17.399999618530273,0.7075431479759903
Uttar Pradesh,15.615973578559029,15.5,14.399999618530273,17.200000762939453,0.6245735081199855
Uttar Pradesh,15.520139906141493,15.5,14.399999618530273,17.100000381469727,0.5503256615444743
Uttar Pradesh,16.20139894285402,16.0,14.100000381469727,19.799999237060547,1.0220633295904653
Uttar Pradesh,18.380555894639755,18.200000762939453,15.199999809265137,26.399999618530273,1.8060190970329166
Uttar Pradesh,19.08819580078125,18.5,17.200000762939453,28.5,2.104013816372818
Uttar Pradesh,22.695071797975352,21.650001525878906,19.0,32.599998474121094,3.4391559044989846
Uttar Pradesh,22.91527642144097,21.299999237060547,17.899999618530273,34.5,3.967862489626421
Uttar Pradesh,20.556944105360245,20.600000381469727,18.0,25.700000762939453,1.0134275010398246
Uttar Pradesh,21.764584011501736,21.549999237060547,20.200000762939453,27.600000381469727,1.2205684099613918
Uttar Pradesh,25.52892561983471,23.399999618530273,21.100000381469727,36.400001525878906,4.236196748616953
Uttar Pradesh,24.099997780539773,24.299999237060547,22.399999618530273,26.399999618530273,1.1241158295834481
Uttar Pradesh,22.375,21.799999237060547,17.700000762939453,30.399999618530273,3.3474431004008536
Uttar Pradesh,11.135416666666666,10.149999618530273,8.0,21.899999618530273,3.0251828701924315
Uttar Pradesh,12.516783387510927,11.800000190734863,8.899999618530273,30.700000762939453,3.5202309557458102
Uttar Pradesh,11.006251017252604,10.199999809265137,8.800000190734863,17.600000381469727,1.8111621091355994
Uttar Pradesh,9.68333265516493,9.699999809265137,8.899999618530273,11.100000381469727,0.49609586833776814
Uttar Pradesh,10.423611958821615,10.399999618530273,9.199999809265137,11.800000190734863,0.48073816827228943
Uttar Pradesh,12.763194613986546,10.449999809265137,9.199999809265137,29.299999237060547,4.824211914840174
Uttar Pradesh,12.509154413787412,10.699999809265137,9.199999809265137,27.200000762939453,4.063542861563558
Uttar Pradesh,10.874305725097656,10.75,9.800000190734863,13.199999809265137,0.731222941859949
Uttar Pradesh,11.968055725097656,11.800000190734863,10.600000381469727,14.699999809265137,0.8122031165877472
Uttar Pradesh,11.972222222222221,11.800000190734863,11.199999809265137,14.300000190734863,0.5959870666351507
Uttar Pradesh,14.42569308810764,11.800000190734863,10.600000381469727,28.5,4.896097534920439
Uttar Pradesh,12.844445122612846,12.300000190734863,10.600000381469727,21.899999618530273,1.6890076338545597
Uttar Pradesh,11.95486111111111,12.0,10.300000190734863,13.300000190734863,0.6582626299679415
Uttar Pradesh,12.843055725097656,12.699999809265137,10.899999618530273,15.5,1.1177018036556152
Uttar Pradesh,13.956943935818142,13.600000381469727,12.300000190734863,18.299999237060547,1.323487156626226
Uttar Pradesh,14.901387532552084,14.699999809265137,13.100000381469727,17.299999237060547,1.02299845155456
Uttar Pradesh,14.28125,14.300000190734863,12.800000190734863,15.899999618530273,0.6313530911983138
Uttar Pradesh,14.032638549804688,13.800000190734863,12.600000381469727,16.399999618530273,0.9925997044904104
Uttar Pradesh,14.751908396946565,14.699999809265137,12.899999618530273,16.799999237060547,0.8788742529067928
Uttar Pradesh,14.755555555555556,14.5,12.600000381469727,18.0,1.1476653332042697
Uttar Pradesh,15.644444783528646,15.699999809265137,14.100000381469727,17.0,0.7298951663401954
Uttar Pradesh,15.354166666666666,15.199999809265137,14.300000190734863,17.899999618530273,0.6878786336028561
Uttar Pradesh,15.156945122612846,15.050000190734863,14.100000381469727,17.399999618530273,0.6434123980310703
Uttar Pradesh,15.52569580078125,15.5,14.199999809265137,16.799999237060547,0.5322575792856109
Uttar Pradesh,15.463889227973091,15.300000190734863,14.5,17.799999237060547,0.6423277080948627
Uttar Pradesh,15.567362467447916,15.5,14.399999618530273,17.5,0.6335339530515262
Uttar Pradesh,16.08472188313802,16.0,14.800000190734863,17.600000381469727,0.6083127564249146
Uttar Pradesh,17.339582655164932,16.799999237060547,14.699999809265137,26.299999237060547,2.044851836601283
Uttar Pradesh,23.230281346280808,21.200000762939453,17.799999237060547,34.29999923706055,4.46122553684872
Uttar Pradesh,23.697204163024477,22.299999237060547,18.700000762939453,33.20000076293945,3.4771772304622837
Uttar Pradesh,21.62847222222222,20.799999237060547,17.299999237060547,33.5,3.697027019150503
Uttar Pradesh,20.109720865885418,19.899999618530273,17.5,28.899999618530273,1.6968647489279984
Uttar Pradesh,22.49857177734375,21.100000381469727,18.700000762939453,35.5,3.7541783066704117
Uttar Pradesh,26.112592230902777,24.299999237060547,20.200000762939453,47.5,5.302779571443545
Uttar Pradesh,24.80615234375,23.5,20.0,36.5,3.6269026731478924
Uttar Pradesh,27.276711659888697,28.899999618530273,12.199999809265137,35.099998474121094,4.976369263264745
Uttar Pradesh,11.015277438693577,9.850000381469727,7.800000190734863,19.100000381469727,2.8314779197879085
Uttar Pradesh,11.206249660915798,11.300000190734863,8.899999618530273,21.100000381469727,1.6034779845650327
Uttar Pradesh,10.132167149256993,9.600000381469727,8.5,28.700000762939453,2.2073495332854494
Uttar Pradesh,9.819444444444445,9.699999809265137,8.600000381469727,18.700000762939453,0.9976555016829974
Uttar Pradesh,12.111188981916522,10.5,9.199999809265137,28.299999237060547,4.046963902416875
Uttar Pradesh,12.36993024065778,10.600000381469727,9.600000381469727,26.899999618530273,4.087983990297905
Uttar Pradesh,10.752083672417534,10.699999809265137,9.699999809265137,12.399999618530273,0.4558217149526973
Uttar Pradesh,10.36111111111111,10.300000190734863,9.300000190734863,12.100000381469727,0.5226948143226384
Uttar Pradesh,10.527777777777779,10.399999618530273,9.0,14.100000381469727,0.8259207426379224
Uttar Pradesh,12.952447210992133,11.800000190734863,9.800000190734863,30.600000381469727,3.903357595520768
Uttar Pradesh,11.855555216471354,10.699999809265137,9.699999809265137,30.200000762939453,3.745697137265902
Uttar Pradesh,11.375695122612846,11.100000381469727,10.0,15.899999618530273,1.2170231230622386
Uttar Pradesh,11.16597154405382,11.100000381469727,10.300000190734863,13.5,0.5680330421149381
Uttar Pradesh,12.032638549804688,11.899999618530273,11.199999809265137,13.899999618530273,0.5070105487693642
Uttar Pradesh,13.76388888888889,13.600000381469727,11.800000190734863,16.299999237060547,0.9300994222078144
Uttar Pradesh,15.32430691189236,15.100000381469727,12.899999618530273,25.100000381469727,1.6695078583544778
Uttar Pradesh,14.552083333333334,14.399999618530273,13.199999809265137,21.200000762939453,0.9884730945746703
Uttar Pradesh,14.811111450195312,15.100000381469727,13.100000381469727,16.600000381469727,1.0609947966360596
Uttar Pradesh,14.830556233723959,14.5,13.600000381469727,16.600000381469727,0.8899342276636716
Uttar Pradesh,14.40769094187063,14.399999618530273,12.800000190734863,16.200000762939453,0.6188278052086562
Uttar Pradesh,16.022918701171875,16.100000381469727,14.0,18.100000381469727,0.883546992137561
Uttar Pradesh,16.78611077202691,16.700000762939453,15.0,18.799999237060547,0.8596358572485383
Uttar Pradesh,16.464582655164932,16.5,14.899999618530273,18.5,0.8302835173738462
Uttar Pradesh,15.538194444444445,15.600000381469727,14.100000381469727,17.399999618530273,0.6080474533545965
Uttar Pradesh,15.278472900390625,15.100000381469727,14.300000190734863,18.799999237060547,0.7148390840375434
Uttar Pradesh,15.797222561306423,15.699999809265137,14.5,18.200000762939453,0.6859648868803809
Uttar Pradesh,16.162501017252605,15.949999809265137,14.699999809265137,19.0,0.9397011663808604
Uttar Pradesh,18.155554877387154,18.200000762939453,14.300000190734863,29.399999618530273,1.9937324222349728
Uttar Pradesh,20.866197183098592,19.799999237060547,15.699999809265137,30.799999237060547,3.6771063996566564
Uttar Pradesh,19.920834011501736,20.049999237060547,16.299999237060547,24.299999237060547,1.9983630437600026
Uttar Pradesh,19.734964010598777,18.799999237060547,16.399999618530273,32.29999923706055,3.354764083037049
Uttar Pradesh,23.144998604910715,22.25,16.600000381469727,32.900001525878906,4.45242033988404
Uttar Pradesh,23.86013986013986,22.700000762939453,18.200000762939453,34.0,3.744462368731593
Uttar Pradesh,30.589707318474264,30.100000381469727,22.399999618530273,46.0,5.085927604477067
Uttar Pradesh,26.633331298828125,26.399999618530273,26.299999237060547,27.200000762939453,0.4027688410610827
Uttar Pradesh,22.99333292643229,23.700000762939453,15.5,28.5,3.585799256036667
Uttar Pradesh,10.808571079799107,8.800000190734863,7.5,23.799999237060547,4.210623982004652
Uttar Pradesh,10.941441441441441,11.100000381469727,8.800000190734863,14.399999618530273,1.5678910912138166
Uttar Pradesh,9.827777438693577,9.5,8.600000381469727,19.899999618530273,1.3205346084506886
Uttar Pradesh,12.341258229075612,10.100000381469727,8.800000190734863,28.100000381469727,4.912896233304869
Uttar Pradesh,12.238194783528646,10.699999809265137,9.699999809265137,25.200000762939453,3.3473454927675523
Uttar Pradesh,11.415972391764322,11.0,10.199999809265137,23.5,1.8973542858451753
Uttar Pradesh,10.4375,10.399999618530273,9.800000190734863,11.300000190734863,0.3242244944645488
Uttar Pradesh,10.159722222222221,10.149999618530273,8.800000190734863,11.199999809265137,0.4815079684322404
Uttar Pradesh,12.51337959397007,11.0,9.199999809265137,31.600000381469727,4.200808607655635
Uttar Pradesh,13.688111205201048,12.199999809265137,9.899999618530273,28.299999237060547,4.151863439979108
Uttar Pradesh,12.78125,13.0,10.199999809265137,15.600000381469727,1.3702680647561922
Uttar Pradesh,11.760416666666666,11.600000381469727,10.5,14.199999809265137,0.7903250487577719
Uttar Pradesh,11.23597069609937,11.199999809265137,9.800000190734863,13.199999809265137,0.6943769085166343
Uttar Pradesh,12.072916666666666,11.800000190734863,11.100000381469727,15.300000190734863,0.7871554737880148
Uttar Pradesh,12.925694783528646,13.0,11.600000381469727,14.300000190734863,0.5724880444592392
Uttar Pradesh,14.468054877387154,14.149999618530273,13.0,17.399999618530273,1.0316957714456743
Uttar Pradesh,14.470831976996529,14.199999809265137,13.100000381469727,21.399999618530273,1.100181482979433
Uttar Pradesh,14.104165818956163,14.0,12.600000381469727,15.899999618530273,0.818439798867456
Uttar Pradesh,15.077082316080729,15.0,13.399999618530273,17.0,0.698482303117984
Uttar Pradesh,15.202141462053572,15.399999618530273,12.300000190734863,17.100000381469727,1.1146086702523348
Uttar Pradesh,16.373611450195312,16.450000762939453,14.800000190734863,17.799999237060547,0.5522662966629813
Uttar Pradesh,17.118748982747395,17.299999237060547,15.399999618530273,19.0,0.7764742853609586
Uttar Pradesh,16.820137871636284,16.700000762939453,15.100000381469727,18.600000381469727,0.5611966586276487
Uttar Pradesh,15.855555216471354,15.899999618530273,14.600000381469727,17.100000381469727,0.5451526072102248
Uttar Pradesh,16.22361077202691,16.299999237060547,14.800000190734863,17.799999237060547,0.6981111398383527
Uttar Pradesh,17.000695122612846,17.0,15.5,18.299999237060547,0.5500626337095955
Uttar Pradesh,18.55347188313802,17.5,15.699999809265137,31.399999618530273,2.9143065619252018
Uttar Pradesh,23.505594747049827,23.100000381469727,17.399999618530273,32.0,4.1013690474091105
Uttar Pradesh,21.214788732394368,19.399999618530273,16.0,30.899999618530273,4.143719919907368
Uttar Pradesh,24.797120897032375,24.200000762939453,17.200000762939453,35.29999923706055,5.0995688791113425
Uttar Pradesh,23.00902642144097,21.600000381469727,17.299999237060547,32.70000076293945,4.175505760953896
Uttar Pradesh,22.02291531032986,21.100000381469727,18.5,33.20000076293945,2.856588819942597
Uttar Pradesh,30.60224026352612,30.75,19.600000381469727,43.29999923706055,5.629287317045641
Uttar Pradesh,30.916946669756356,29.899999618530273,23.399999618530273,44.900001525878906,4.9938660902080265
Uttar Pradesh,10.189285278320312,9.699999809265137,8.5,13.800000190734863,1.2885039101810118
Uttar Pradesh,10.838194105360243,10.350000381469727,9.0,18.100000381469727,1.4599275844656399
Uttar Pradesh,12.17013888888889,10.600000381469727,9.0,25.899999618530273,3.70491568608321
Uttar Pradesh,10.51736111111111,10.5,9.100000381469727,12.5,0.4799203783425135
Uttar Pradesh,10.878472222222221,10.899999618530273,9.5,12.399999618530273,0.4550889883391372
Uttar Pradesh,10.750694274902344,10.600000381469727,9.800000190734863,13.0,0.5460714009206425
Uttar Pradesh,11.752447381719843,10.5,9.399999618530273,30.399999618530273,3.6570811534693606
Uttar Pradesh,14.451063656637855,13.300000190734863,10.300000190734863,28.799999237060547,4.032344722525607
Uttar Pradesh,12.818750169542101,12.600000381469727,10.100000381469727,22.0,1.8189576406339127
Uttar Pradesh,12.110415988498264,11.399999618530273,10.199999809265137,23.600000381469727,1.965385116959027
Uttar Pradesh,11.159027947319878,11.050000190734863,10.0,13.0,0.6056921312547946
Uttar Pradesh,12.074999491373697,11.850000381469727,10.0,14.699999809265137,1.0650704699521696
Uttar Pradesh,12.328472561306423,12.0,11.100000381469727,15.100000381469727,0.9074279164013396
Uttar Pradesh,13.222222222222221,13.199999809265137,11.600000381469727,19.399999618530273,0.988576687134942
Uttar Pradesh,14.070832994249132,13.850000381469727,12.699999809265137,16.5,0.864892018012889
Uttar Pradesh,15.125,15.199999809265137,13.100000381469727,17.200000762939453,0.8926007927878807
Uttar Pradesh,13.9375,13.850000381469727,13.0,15.100000381469727,0.42326035440298543
Uttar Pradesh,15.134028116861979,15.100000381469727,13.800000190734863,16.399999618530273,0.5850169994694887
Uttar Pradesh,15.702777438693577,15.600000381469727,14.699999809265137,17.100000381469727,0.5174649992092196
Uttar Pradesh,15.843056572808159,15.649999618530273,14.699999809265137,18.100000381469727,0.8173171517871851
Uttar Pradesh,17.183334350585938,17.600000381469727,14.199999809265137,19.0,1.3659042545555315
Uttar Pradesh,16.507639567057293,16.5,15.699999809265137,17.299999237060547,0.41282897157595894
Uttar Pradesh,16.830556233723957,16.299999237060547,15.600000381469727,25.299999237060547,1.8443712052953398
Uttar Pradesh,18.669443766276043,17.299999237060547,14.899999618530273,28.899999618530273,3.440976032581634
Uttar Pradesh,21.863380969410212,20.700000762939453,15.899999618530273,30.600000381469727,4.198465178729322
Uttar Pradesh,21.248590173855632,19.200000762939453,16.0,30.600000381469727,4.068666556055508
Uttar Pradesh,19.841666327582466,18.549999237060547,15.5,30.0,3.7633927456002847
Uttar Pradesh,17.698610093858505,17.399999618530273,14.800000190734863,24.799999237060547,1.3941836244479833
Uttar Pradesh,20.95138888888889,20.399999618530273,17.200000762939453,28.700000762939453,2.6126823859042267
Uttar Pradesh,22.237499660915798,21.799999237060547,17.799999237060547,28.899999618530273,2.474028320781563
Uttar Pradesh,22.892239274649786,22.25,17.5,31.799999237060547,3.7856842336306418
Uttar Pradesh,29.3,29.200000762939453,22.399999618530273,38.400001525878906,4.298650974598483
Uttar Pradesh,9.559574208361036,9.600000381469727,8.699999809265137,10.699999809265137,0.40247086502898555
Uttar Pradesh,13.050704741142166,11.100000381469727,9.300000190734863,29.5,4.933369302001358
Uttar Pradesh,12.412500169542101,10.800000190734863,9.699999809265137,29.600000381469727,3.8611648069446693
Uttar Pradesh,10.724305894639757,10.699999809265137,9.600000381469727,11.899999618530273,0.43592916693011313
Uttar Pradesh,10.713194105360243,10.699999809265137,9.300000190734863,13.399999618530273,0.5909322308593676
Uttar Pradesh,14.695000348772322,11.0,9.800000190734863,32.29999923706055,6.428344844938074
Uttar Pradesh,13.604166666666666,12.0,10.100000381469727,27.0,3.9715808305673663
Uttar Pradesh,11.215277777777779,10.800000190734863,9.899999618530273,15.100000381469727,1.1162511452004849
Uttar Pradesh,12.413194444444445,12.600000381469727,10.100000381469727,22.5,1.8610498206162085
Uttar Pradesh,12.84236060248481,11.949999809265137,9.800000190734863,28.700000762939453,3.548172092456055
Uttar Pradesh,11.165972391764322,11.199999809265137,9.600000381469727,12.699999809265137,0.6351031225229536
Uttar Pradesh,11.719444274902344,11.600000381469727,10.699999809265137,14.100000381469727,0.7573049332053408
Uttar Pradesh,13.632637871636284,13.600000381469727,10.800000190734863,17.200000762939453,1.328105893469724
Uttar Pradesh,13.690278795030382,13.600000381469727,12.600000381469727,15.699999809265137,0.6394788777208071
Uttar Pradesh,14.83402845594618,14.800000190734863,13.199999809265137,17.899999618530273,0.8112202075649055
Uttar Pradesh,15.03680419921875,14.899999618530273,13.0,18.399999618530273,1.260497394340471
Uttar Pradesh,13.828472561306423,13.800000190734863,13.0,15.100000381469727,0.48357228033259964
Uttar Pradesh,15.200000339084202,15.199999809265137,14.100000381469727,16.299999237060547,0.45613101673553924
Uttar Pradesh,15.38055419921875,15.399999618530273,14.5,16.600000381469727,0.3912724651324759
Uttar Pradesh,15.090972900390625,15.0,14.100000381469727,19.600000381469727,0.6674904990326659
Uttar Pradesh,17.167142159598214,15.399999618530273,14.0,29.200000762939453,3.964637304384676
Uttar Pradesh,19.56690682610162,17.600000381469727,14.699999809265137,29.200000762939453,4.152894308654755
Uttar Pradesh,18.847886636223592,16.600000381469727,14.199999809265137,29.600000381469727,4.435733936412963
Uttar Pradesh,19.726761938820424,17.799999237060547,14.899999618530273,32.400001525878906,4.562367771404727
Uttar Pradesh,18.143749660915798,17.650001525878906,15.399999618530273,26.200000762939453,1.7470895701116143
Uttar Pradesh,19.922222561306423,20.100000381469727,15.899999618530273,23.0,1.4904531627110866
Uttar Pradesh,20.25347222222222,20.299999237060547,17.399999618530273,30.0,1.6985251609027698
Uttar Pradesh,20.429860432942707,20.450000762939453,17.299999237060547,23.100000381469727,1.265135018049723
Uttar Pradesh,18.17569308810764,18.0,15.899999618530273,24.600000381469727,1.3821906730894808
Uttar Pradesh,19.994444105360245,18.75,16.700000762939453,31.799999237060547,3.1249394941760276
Uttar Pradesh,22.421848329175422,21.200000762939453,16.399999618530273,31.100000381469727,3.9238371213675736
Uttar Pradesh,,,,,
Uttar Pradesh,9.554166158040365,9.199999809265137,8.600000381469727,11.899999618530273,0.8215731578205592
Uttar Pradesh,10.525396437872024,9.5,8.699999809265137,29.600000381469727,3.1954814034943384
Uttar Pradesh,12.22112607284331,10.5,9.199999809265137,30.700000762939453,4.714255132809781
Uttar Pradesh,10.420832316080729,10.399999618530273,9.699999809265137,12.399999618530273,0.448899139275615
Uttar Pradesh,10.912499321831596,10.699999809265137,9.600000381469727,18.799999237060547,1.2387198950649465
Uttar Pradesh,13.322302509554856,11.5,10.199999809265137,24.700000762939453,3.856379296348902
Uttar Pradesh,12.890972561306423,13.100000381469727,10.5,15.5,1.2358034610665434
Uttar Pradesh,12.178471883138021,12.449999809265137,9.800000190734863,13.899999618530273,1.1488619815683765
Uttar Pradesh,12.595833672417534,12.899999618530273,10.399999618530273,14.899999618530273,1.0814647127711465
Uttar Pradesh,12.913194444444445,13.199999809265137,10.5,15.0,1.0531201193489546
Uttar Pradesh,11.9375,11.699999809265137,10.5,14.699999809265137,0.9441247227359773
Uttar Pradesh,11.918182159637238,11.899999618530273,10.600000381469727,14.0,0.5838905170082059
Uttar Pradesh,13.609027438693577,13.600000381469727,11.899999618530273,15.800000190734863,0.8246138368169559
Uttar Pradesh,13.341666327582466,13.100000381469727,12.300000190734863,15.399999618530273,0.6544187532682127
Uttar Pradesh,14.623611450195312,14.5,12.5,21.5,1.263537100685366
Uttar Pradesh,15.375,15.0,13.0,23.100000381469727,1.6434846444686457
Uttar Pradesh,14.193055894639757,13.899999618530273,12.800000190734863,17.399999618530273,0.8681599559904367
Uttar Pradesh,14.344445122612846,14.300000190734863,13.100000381469727,16.0,0.505357083842056
Uttar Pradesh,15.345138549804688,15.199999809265137,14.399999618530273,17.100000381469727,0.5171811792503698
Uttar Pradesh,17.991790315998134,16.5,14.699999809265137,29.100000381469727,3.3375307938368026
Uttar Pradesh,17.474305894639755,16.0,15.0,30.399999618530273,3.3424613724625942
Uttar Pradesh,17.597917344835068,17.25,14.800000190734863,26.600000381469727,1.9771075204335644
Uttar Pradesh,15.34791734483507,15.300000190734863,14.199999809265137,17.100000381469727,0.642366340617808
Uttar Pradesh,16.995832655164932,16.549999237060547,13.899999618530273,29.5,2.492735978731563
Uttar Pradesh,19.193749321831596,19.100000381469727,16.399999618530273,24.899999618530273,1.2859939031979244
Uttar Pradesh,19.521528455946182,19.299999237060547,17.0,22.5,1.1065564331630846
Uttar Pradesh,17.888193766276043,17.200000762939453,15.399999618530273,26.899999618530273,2.0098194960733435
Uttar Pradesh,17.915971544053818,17.799999237060547,15.399999618530273,23.0,1.2794130416314784
Uttar Pradesh,18.086805555555557,18.0,16.100000381469727,20.899999618530273,1.010654715259953
Uttar Pradesh,20.49830549854343,19.5,17.0,27.899999618530273,2.6535548306145857
Uttar Pradesh,,,,,
Uttar Pradesh,9.3999997652494,9.199999809265137,8.800000190734863,10.199999809265137,0.44721354628911114
Uttar Pradesh,10.121818403764205,10.149999618530273,8.699999809265137,11.800000190734863,0.5705471119675632
Uttar Pradesh,10.038889567057291,9.600000381469727,8.399999618530273,21.700000762939453,1.7091304031812447
Uttar Pradesh,12.614789076254402,10.600000381469727,9.199999809265137,30.5,4.842911914539125
Uttar Pradesh,10.936804877387154,10.800000190734863,10.100000381469727,13.300000190734863,0.6102989356942473
Uttar Pradesh,12.555944055944057,10.899999618530273,9.5,30.299999237060547,4.240590039441296
Uttar Pradesh,13.13007061298077,12.0,9.600000381469727,30.899999618530273,3.975273838121127
Uttar Pradesh,11.824305216471354,11.399999618530273,9.699999809265137,15.600000381469727,1.4829234928755304
Uttar Pradesh,12.911805046929253,13.100000381469727,10.399999618530273,14.800000190734863,1.0042615335732492
Uttar Pradesh,12.494444105360243,12.5,10.0,15.100000381469727,1.374559453647645
Uttar Pradesh,13.496527777777779,13.800000190734863,10.800000190734863,15.100000381469727,0.9824440085019162
Uttar Pradesh,13.024999830457899,13.199999809265137,10.399999618530273,15.199999809265137,1.3344005917525592
Uttar Pradesh,12.690972222222221,12.5,11.600000381469727,15.5,0.7081777117786635
Uttar Pradesh,13.364583333333334,13.399999618530273,12.100000381469727,16.5,0.6552638050123056
Uttar Pradesh,13.118055555555555,13.149999618530273,12.100000381469727,14.0,0.42207370654948956
Uttar Pradesh,13.941666497124565,13.699999809265137,12.699999809265137,16.399999618530273,0.6886480250558729
Uttar Pradesh,14.960417005750868,15.0,13.100000381469727,19.899999618530273,1.1732089387655666
Uttar Pradesh,14.935416327582466,14.699999809265137,13.699999809265137,17.399999618530273,0.8237338155164483
Uttar Pradesh,15.469443427191841,15.5,13.5,17.700000762939453,0.6402341848450791
Uttar Pradesh,16.848507098297574,15.25,14.199999809265137,29.200000762939453,3.6236317186677587
Uttar Pradesh,18.694404228583917,17.700000762939453,13.100000381469727,30.5,3.663613813688775
Uttar Pradesh,16.43402777777778,16.100000381469727,14.800000190734863,23.700000762939453,1.3250347929903283
Uttar Pradesh,16.484029134114582,16.299999237060547,15.0,19.799999237060547,0.8727879487337921
Uttar Pradesh,16.311804877387154,16.200000762939453,14.600000381469727,23.200000762939453,1.0246609843561982
Uttar Pradesh,17.54861111111111,16.799999237060547,14.699999809265137,29.799999237060547,2.6781000986568304
Uttar Pradesh,17.8281679825044,17.650001525878906,15.0,21.700000762939453,1.7018783183262463
Uttar Pradesh,17.20212765957447,17.0,15.0,19.299999237060547,0.9107293944631283
Uttar Pradesh,17.18402777777778,16.899999618530273,15.199999809265137,25.5,1.2846131141715642
Uttar Pradesh,17.57986111111111,17.600000381469727,15.399999618530273,19.799999237060547,0.8312957703722835
Uttar Pradesh,20.30416700575087,18.25,15.5,31.700000762939453,4.394976246763418
Uttar Pradesh,20.735714867001487,18.349998474121094,15.899999618530273,32.099998474121094,5.161894178124174
Uttar Pradesh,11.325454989346591,10.399999618530273,9.399999618530273,19.600000381469727,2.451509276804648
Uttar Pradesh,10.965972900390625,10.800000190734863,9.300000190734863,13.699999809265137,1.0352243206260912
Uttar Pradesh,12.215277777777779,11.850000381469727,9.199999809265137,19.399999618530273,1.7577336791526055
Uttar Pradesh,11.917143031529017,10.699999809265137,9.5,26.899999618530273,3.282528323163959
Uttar Pradesh,10.670212765957446,10.300000190734863,9.100000381469727,18.200000762939453,1.4335763648235949
Uttar Pradesh,14.180281518210828,13.199999809265137,9.300000190734863,31.100000381469727,4.9511876408332505
Uttar Pradesh,13.294443766276041,13.399999618530273,10.600000381469727,14.699999809265137,0.8050860947923717
Uttar Pradesh,12.300694783528646,12.449999809265137,9.800000190734863,14.800000190734863,1.323583956502708
Uttar Pradesh,13.01736111111111,13.300000190734863,10.100000381469727,24.299999237060547,1.8976713968745496
Uttar Pradesh,13.101388719346788,13.300000190734863,10.399999618530273,16.200000762939453,1.3549286100731461
Uttar Pradesh,14.367360432942709,14.5,11.800000190734863,15.800000190734863,0.9029911490347504
Uttar Pradesh,12.890277438693577,12.550000190734863,10.899999618530273,15.0,1.1474803552066086
Uttar Pradesh,12.363888210720486,12.399999618530273,11.0,13.699999809265137,0.565146404719014
Uttar Pradesh,13.059721204969618,13.0,12.199999809265137,14.300000190734863,0.4975383352445981
Uttar Pradesh,13.55277845594618,13.5,12.300000190734863,15.100000381469727,0.5919535052179034
Uttar Pradesh,15.008332994249132,14.699999809265137,13.100000381469727,23.200000762939453,1.518565779975923
Uttar Pradesh,14.704165988498264,14.300000190734863,13.300000190734863,19.700000762939453,1.2043252655297287
Uttar Pradesh,15.38055419921875,15.300000190734863,13.800000190734863,17.600000381469727,0.9638808804544502
Uttar Pradesh,16.642253177266724,15.5,14.399999618530273,30.899999618530273,3.5033851641955964
Uttar Pradesh,18.535506538722824,15.899999618530273,14.199999809265137,33.900001525878906,5.332954764698173
Uttar Pradesh,16.084028455946182,15.800000190734863,14.600000381469727,18.399999618530273,0.9085751072351694
Uttar Pradesh,16.413192749023438,16.100000381469727,15.199999809265137,18.0,0.8308502062835018
Uttar Pradesh,16.572916666666668,16.299999237060547,14.899999618530273,23.200000762939453,1.521613675439256
Uttar Pradesh,16.431248982747395,16.399999618530273,15.100000381469727,18.700000762939453,0.6244407358172454
Uttar Pradesh,16.49444580078125,15.300000190734863,14.300000190734863,36.099998474121094,3.698888301766596
Uttar Pradesh,16.532640245225693,16.399999618530273,14.600000381469727,25.700000762939453,1.357583212267825
Uttar Pradesh,17.77638922797309,17.899999618530273,15.699999809265137,19.899999618530273,1.0287523537991465
Uttar Pradesh,17.819444444444443,17.650001525878906,15.800000190734863,22.0,1.226177306651663
Uttar Pradesh,18.57152811686198,17.799999237060547,15.399999618530273,28.200000762939453,2.5754897553774336
Uttar Pradesh,19.786555442489497,19.200000762939453,15.600000381469727,33.20000076293945,3.0239637659942007
Uttar Pradesh,23.1999994913737,21.899999618530273,20.299999237060547,28.200000762939453,3.008876080218927
Uttar Pradesh,11.385105863530585,10.800000190734863,9.699999809265137,22.200000762939453,1.9745702086046413
Uttar Pradesh,12.240972730848524,10.699999809265137,8.899999618530273,24.5,3.6385172959901086
Uttar Pradesh,12.505555894639757,12.300000190734863,9.899999618530273,18.200000762939453,1.6662406838696422
Uttar Pradesh,12.355633802816902,11.950000762939453,9.5,26.399999618530273,2.992655898025804
Uttar Pradesh,12.599998549659654,10.800000190734863,9.300000190734863,26.399999618530273,3.9491318702149143
Uttar Pradesh,14.584615384615384,13.350000381469727,9.699999809265137,33.599998474121094,5.411717454086656
Uttar Pradesh,13.809027777777779,13.800000190734863,12.800000190734863,14.600000381469727,0.3977215277908009
Uttar Pradesh,13.318055046929253,13.600000381469727,10.100000381469727,15.100000381469727,1.0745576003603399
Uttar Pradesh,13.118055555555555,13.699999809265137,10.699999809265137,14.899999618530273,1.3112045260714906
Uttar Pradesh,14.759723239474827,15.050000190734863,11.0,17.100000381469727,1.3807867667721339
Uttar Pradesh,15.898610432942709,16.0,12.0,18.399999618530273,1.3370254433838513
Uttar Pradesh,14.906945122612846,14.800000190734863,12.199999809265137,18.0,1.43757377568054
Uttar Pradesh,13.213889227973091,12.899999618530273,11.199999809265137,15.300000190734863,1.167060102279701
Uttar Pradesh,12.772221883138021,12.699999809265137,12.0,14.0,0.4182377778777164
Uttar Pradesh,13.772916158040365,13.899999618530273,12.199999809265137,15.199999809265137,0.711924105938298
Uttar Pradesh,14.209722730848524,14.0,12.600000381469727,21.600000381469727,1.2635553908031367
Uttar Pradesh,15.099999321831596,14.800000190734863,13.800000190734863,19.899999618530273,1.1220022230349973
Uttar Pradesh,14.948611789279514,15.100000381469727,13.800000190734863,16.0,0.4817482682487079
Uttar Pradesh,20.451824104698904,17.399999618530273,14.699999809265137,34.599998474121094,5.639706712649595
Uttar Pradesh,15.90625,15.399999618530273,14.399999618530273,29.899999618530273,2.2765781214997287
Uttar Pradesh,15.474999321831596,15.449999809265137,14.600000381469727,16.899999618530273,0.32861238542234494
Uttar Pradesh,15.806944105360243,15.800000190734863,14.800000190734863,17.600000381469727,0.4246980172767316
Uttar Pradesh,16.198610093858505,16.299999237060547,15.0,19.899999618530273,0.6372668918249804
Uttar Pradesh,16.27777777777778,16.299999237060547,15.300000190734863,18.0,0.5003393637196506
Uttar Pradesh,16.271528455946182,16.0,14.699999809265137,24.399999618530273,1.475242980567911
Uttar Pradesh,16.322221544053818,16.200000762939453,14.600000381469727,20.100000381469727,1.0738329548937675
Uttar Pradesh,17.993055555555557,17.399999618530273,15.100000381469727,29.100000381469727,2.480693597654536
Uttar Pradesh,18.788194444444443,18.049999237060547,15.699999809265137,26.899999618530273,2.2261543708303284
Uttar Pradesh,19.21957973666958,19.200000762939453,16.5,23.0,1.2928127872091382
Uttar Pradesh,20.22592502170139,19.899999618530273,18.600000381469727,23.799999237060547,1.260391355972528
Uttar Pradesh,12.495999755859375,12.399999618530273,10.5,15.800000190734863,1.3805738574826476
Uttar Pradesh,10.525217603600543,9.899999618530273,8.300000190734863,18.700000762939453,2.105762031321696
Uttar Pradesh,9.940287418502697,9.800000190734863,8.600000381469727,11.800000190734863,0.6565354212435028
Uttar Pradesh,11.965972052680122,10.600000381469727,8.899999618530273,27.100000381469727,4.016842359855348
Uttar Pradesh,12.873611450195312,13.149999618530273,9.5,15.300000190734863,1.2134653341369108
Uttar Pradesh,14.165956754210994,12.699999809265137,9.699999809265137,30.299999237060547,4.751242115280276
Uttar Pradesh,14.354348003000453,12.300000190734863,9.800000190734863,30.5,5.1820638024762715
Uttar Pradesh,12.54236094156901,11.800000190734863,9.5,32.29999923706055,3.5406092075317575
Uttar Pradesh,14.012500339084202,14.100000381469727,11.800000190734863,14.899999618530273,0.5447826911135157
Uttar Pradesh,13.20347171359592,13.399999618530273,10.100000381469727,15.199999809265137,1.2228957580639532
Uttar Pradesh,14.85763888888889,14.699999809265137,12.5,17.299999237060547,0.9727237293144502
Uttar Pradesh,15.065277099609375,15.100000381469727,12.399999618530273,20.100000381469727,1.1630491866993082
Uttar Pradesh,16.05763922797309,16.049999237060547,13.800000190734863,18.399999618530273,1.1615710191695652
Uttar Pradesh,15.979861789279514,15.699999809265137,13.100000381469727,18.899999618530273,1.362981848973382
Uttar Pradesh,14.052083333333334,14.149999618530273,12.399999618530273,17.100000381469727,0.9876999476373239
Uttar Pradesh,13.206944783528646,13.100000381469727,11.800000190734863,15.100000381469727,0.7860461046860164
Uttar Pradesh,13.589584350585938,13.199999809265137,12.0,17.100000381469727,1.2048927090436374
Uttar Pradesh,13.369444105360243,13.399999618530273,12.199999809265137,17.700000762939453,0.6891296894594126
Uttar Pradesh,14.68333265516493,14.300000190734863,13.5,29.399999618530273,1.6475570832962867
Uttar Pradesh,15.060418023003471,15.0,13.600000381469727,20.299999237060547,0.8498544310555526
Uttar Pradesh,18.600728501368614,16.100000381469727,14.800000190734863,31.899999618530273,4.791773616172342
Uttar Pradesh,15.572916666666666,15.5,14.600000381469727,17.0,0.4446001470065272
Uttar Pradesh,15.629860772026909,15.600000381469727,14.600000381469727,16.700000762939453,0.4532413768851121
Uttar Pradesh,15.578724096852836,15.600000381469727,14.300000190734863,17.0,0.5675389902789874
Uttar Pradesh,16.192362467447918,16.049999237060547,15.300000190734863,18.399999618530273,0.5749492316831433
Uttar Pradesh,17.0625,17.0,15.899999618530273,18.200000762939453,0.462462566768543
Uttar Pradesh,16.904166327582466,16.849998474121094,16.100000381469727,19.100000381469727,0.5396598184844704
Uttar Pradesh,18.12430657280816,17.700000762939453,15.800000190734863,24.100000381469727,1.6617530183917675
Uttar Pradesh,18.35208299424913,18.0,16.299999237060547,25.5,1.5391180480397957
Uttar Pradesh,20.044443766276043,19.799999237060547,16.399999618530273,25.299999237060547,2.47175085600843
Uttar Pradesh,19.92330863780545,18.899999618530273,16.600000381469727,32.0,2.7690526503736974
Uttar Pradesh,25.43599853515625,25.0,18.899999618530273,32.79999923706055,4.042759441925342
Uttar Pradesh,12.714546342329545,12.199999809265137,9.800000190734863,17.799999237060547,1.9097278880537756
Uttar Pradesh,10.703472561306423,10.350000381469727,9.100000381469727,17.100000381469727,1.434467238679688
Uttar Pradesh,10.30138905843099,10.300000190734863,9.199999809265137,12.0,0.6822131040294025
Uttar Pradesh,11.439583672417534,10.300000190734863,9.0,27.700000762939453,3.4122576925494603
Uttar Pradesh,13.343055725097656,12.100000381469727,10.0,23.899999618530273,3.1034624200656276
Uttar Pradesh,14.469014772227112,11.399999618530273,9.199999809265137,31.399999618530273,5.712528627004171
Uttar Pradesh,12.743750678168404,13.100000381469727,9.800000190734863,14.399999618530273,1.1564264292760305
Uttar Pradesh,13.366666158040365,13.5,10.699999809265137,15.300000190734863,0.8238628566301337
Uttar Pradesh,13.720833672417534,13.75,11.600000381469727,14.800000190734863,0.6004483441318356
Uttar Pradesh,14.150000678168404,14.300000190734863,11.300000190734863,16.0,0.792499556098741
Uttar Pradesh,15.75972154405382,15.699999809265137,12.899999618530273,17.799999237060547,1.0840586735753381
Uttar Pradesh,17.476224459134617,18.200000762939453,13.199999809265137,20.100000381469727,1.616261693540841
Uttar Pradesh,17.247914632161457,17.0,15.0,19.0,1.0590200985987626
Uttar Pradesh,16.320139567057293,16.399999618530273,13.0,24.5,1.3829607790153902
Uttar Pradesh,15.487943608710106,16.0,10.5,18.0,1.659251956602977
Uttar Pradesh,13.768750508626303,13.699999809265137,11.5,17.299999237060547,1.1800110586217598
Uttar Pradesh,14.609027438693577,14.5,12.199999809265137,16.899999618530273,1.025366665604603
Uttar Pradesh,14.904861450195312,14.699999809265137,12.899999618530273,17.899999618530273,1.1457245395835711
Uttar Pradesh,15.14444308810764,14.899999618530273,13.399999618530273,17.799999237060547,1.0671078316432845
Uttar Pradesh,15.268749660915798,15.199999809265137,14.100000381469727,17.5,0.6782809924458159
Uttar Pradesh,18.61111111111111,16.0,14.800000190734863,36.599998474121094,5.769545353287101
Uttar Pradesh,15.301388210720486,15.300000190734863,14.5,16.200000762939453,0.400344712913003
Uttar Pradesh,15.99583265516493,15.300000190734863,14.399999618530273,28.200000762939453,2.3632567992988722
Uttar Pradesh,15.70902845594618,15.699999809265137,14.600000381469727,17.5,0.610659209379393
Uttar Pradesh,16.212500678168404,16.100000381469727,15.300000190734863,17.700000762939453,0.5449102422829446
Uttar Pradesh,17.020833333333332,16.899999618530273,15.600000381469727,19.5,0.7658395946770211
Uttar Pradesh,17.695139567057293,17.5,16.399999618530273,22.399999618530273,0.9033371594211416
Uttar Pradesh,17.46388922797309,17.299999237060547,16.399999618530273,19.399999618530273,0.6694329380387742
Uttar Pradesh,18.02777777777778,17.600000381469727,16.299999237060547,22.100000381469727,1.297296572970484
Uttar Pradesh,19.090972900390625,18.299999237060547,16.5,25.100000381469727,2.0381061466342616
Uttar Pradesh,19.875524134069057,18.100000381469727,16.5,34.5,4.098050402660395
Uttar Pradesh,31.58169082856514,31.600000381469727,26.299999237060547,38.70000076293945,2.3422819754593247
Uttar Pradesh,,,,,
Uttar Pradesh,15.973334030877977,16.299999237060547,10.899999618530273,21.0,2.646876627663263
Uttar Pradesh,11.022221883138021,10.699999809265137,8.100000381469727,18.0,1.6345422256821907
Uttar Pradesh,10.45034982107736,10.199999809265137,7.599999904632568,22.600000381469727,1.5723517885936897
Uttar Pradesh,10.779861450195312,10.800000190734863,8.399999618530273,22.100000381469727,1.6202957510896214
Uttar Pradesh,12.731943766276041,12.300000190734863,9.899999618530273,29.399999618530273,2.8114510408765563
Uttar Pradesh,12.968795018838652,10.899999618530273,9.399999618530273,30.5,4.840668986798286
Uttar Pradesh,13.268056233723959,13.600000381469727,10.399999618530273,15.0,1.1192540368945705
Uttar Pradesh,12.934027777777779,13.0,11.100000381469727,14.199999809265137,0.7212222306894547
Uttar Pradesh,12.782638549804688,12.899999618530273,10.300000190734863,15.300000190734863,1.4346084473693903
Uttar Pradesh,14.30416531032986,14.399999618530273,10.899999618530273,17.5,1.1940171896841525
Uttar Pradesh,15.924999660915798,15.399999618530273,13.0,19.5,1.7459277857136652
Uttar Pradesh,18.34375,18.299999237060547,17.100000381469727,19.600000381469727,0.5785179809552488
Uttar Pradesh,18.565277099609375,18.600000381469727,16.100000381469727,20.0,0.5325931250832476
Uttar Pradesh,16.521528455946182,16.600000381469727,13.0,21.100000381469727,1.7478623031669656
Uttar Pradesh,17.39236111111111,17.600000381469727,14.5,19.399999618530273,1.0104371766886358
Uttar Pradesh,16.338194105360245,16.399999618530273,13.699999809265137,19.200000762939453,1.379512623130938
Uttar Pradesh,15.984722561306423,15.600000381469727,14.100000381469727,18.600000381469727,1.1573628426093738
Uttar Pradesh,15.988194783528646,15.600000381469727,14.300000190734863,19.5,1.2993853545475456
Uttar Pradesh,15.822916666666666,15.800000190734863,14.899999618530273,17.299999237060547,0.42715444329497376
Uttar Pradesh,15.954225352112676,16.0,14.399999618530273,20.899999618530273,0.9909891565383815
Uttar Pradesh,18.5844972595688,15.800000190734863,13.5,35.29999923706055,5.639457461580407
Uttar Pradesh,17.956643698098777,15.399999618530273,14.5,33.79999923706055,4.38550634388635
Uttar Pradesh,15.698611789279514,15.600000381469727,14.600000381469727,23.399999618530273,0.8900675225762398
Uttar Pradesh,15.893751356336805,15.800000190734863,15.100000381469727,17.0,0.4303129431539948
Uttar Pradesh,16.061804877387154,16.0,15.199999809265137,17.700000762939453,0.45429989339725957
Uttar Pradesh,17.90069580078125,17.150001525878906,15.600000381469727,23.600000381469727,1.9673903407023186
Uttar Pradesh,17.968054877387154,17.700000762939453,15.800000190734863,23.0,1.5504771993569564
Uttar Pradesh,18.097917344835068,18.0,16.799999237060547,20.899999618530273,0.7098972281987704
Uttar Pradesh,17.84583197699653,17.799999237060547,16.100000381469727,20.799999237060547,0.8819859514885653
Uttar Pradesh,19.533335367838543,19.399999618530273,16.600000381469727,24.899999618530273,1.7934681168670643
Uttar Pradesh,25.156061345880683,26.549999237060547,16.100000381469727,34.20000076293945,5.599760032243968
Uttar Pradesh,29.91428484235491,30.0,26.600000381469727,32.599998474121094,2.085616200524197
Uttar Pradesh,18.700000762939453,18.700000762939453,18.700000762939453,18.700000762939453,0.0
Uttar Pradesh,16.16883116883117,16.799999237060547,10.5,21.100000381469727,2.4940064079382673
Uttar Pradesh,13.443795976847628,12.0,10.0,30.200000762939453,3.6274271644300473
Uttar Pradesh,10.862500508626303,10.800000190734863,8.399999618530273,15.399999618530273,1.1288437592907798
Uttar Pradesh,9.257639567057291,9.300000190734863,7.699999809265137,13.100000381469727,0.7016429173988451
Uttar Pradesh,11.859722561306423,11.699999809265137,8.899999618530273,18.100000381469727,1.6300272475399007
Uttar Pradesh,17.449998938519023,15.850000381469727,9.800000190734863,30.600000381469727,5.8316136359299655
Uttar Pradesh,12.431944105360243,11.5,9.899999618530273,26.200000762939453,2.7281875953935684
Uttar Pradesh,13.530554877387154,13.699999809265137,10.300000190734863,15.399999618530273,0.9861032899510033
Uttar Pradesh,13.402777777777779,13.600000381469727,10.899999618530273,14.899999618530273,0.7753981450027535
Uttar Pradesh,13.487500508626303,13.800000190734863,10.399999618530273,15.899999618530273,1.2598431889250885
Uttar Pradesh,14.932639227973091,14.649999618530273,11.300000190734863,18.600000381469727,1.6055818553128118
Uttar Pradesh,16.86597188313802,16.600000381469727,13.699999809265137,28.200000762939453,1.821254281731253
Uttar Pradesh,18.13333468967014,18.5,14.100000381469727,20.100000381469727,1.2929832488253303
Uttar Pradesh,18.657638549804688,18.700000762939453,17.799999237060547,19.700000762939453,0.4139210227060911
Uttar Pradesh,17.018056233723957,17.200000762939453,13.100000381469727,19.600000381469727,1.6348059876101961
Uttar Pradesh,17.54861111111111,17.600000381469727,14.899999618530273,19.899999618530273,0.8025987203009138
Uttar Pradesh,17.24166700575087,17.399999618530273,15.100000381469727,18.799999237060547,0.8541157890175425
Uttar Pradesh,15.460417005750868,15.199999809265137,13.800000190734863,19.200000762939453,1.2514002847152026
Uttar Pradesh,18.09375,18.25,15.5,20.5,1.2260040683513913
Uttar Pradesh,16.290973239474827,16.200000762939453,15.5,18.100000381469727,0.49998795332498147
Uttar Pradesh,16.849644004875888,16.0,14.5,33.29999923706055,3.2229369095281606
Uttar Pradesh,17.943512195849237,15.600000381469727,14.199999809265137,33.79999923706055,5.106590624162867
Uttar Pradesh,17.72777811686198,16.0,14.5,29.899999618530273,3.7003085813262846
Uttar Pradesh,17.313195122612846,15.800000190734863,14.600000381469727,27.399999618530273,2.917243909538362
Uttar Pradesh,16.124304877387154,15.800000190734863,14.800000190734863,25.899999618530273,1.4097501133368149
Uttar Pradesh,16.20138888888889,16.100000381469727,15.100000381469727,18.700000762939453,0.6552126547700351
Uttar Pradesh,17.490970187717014,16.899999618530273,15.699999809265137,23.899999618530273,1.805274351656078
Uttar Pradesh,17.160417344835068,17.0,15.699999809265137,22.200000762939453,0.9582404873514124
Uttar Pradesh,16.626388549804688,16.600000381469727,15.199999809265137,19.200000762939453,0.860150744993014
Uttar Pradesh,17.515277438693577,17.549999237060547,16.100000381469727,18.899999618530273,0.6435923566859724
Uttar Pradesh,20.32638888888889,18.399999618530273,15.600000381469727,37.0,4.495105222731863
Uttar Pradesh,28.777143205915177,28.75,24.799999237060547,32.599998474121094,1.5975132761489619
Uttar Pradesh,11.025,10.5,9.199999809265137,18.200000762939453,1.737491007960011
Uttar Pradesh,12.4,10.100000381469727,8.899999618530273,35.20000076293945,5.570919429022607
Uttar Pradesh,11.219013912577024,10.550000190734863,8.5,32.79999923706055,3.029966132190325
Uttar Pradesh,10.55277845594618,10.399999618530273,8.199999809265137,13.600000381469727,1.234624589193331
Uttar Pradesh,9.995833502875435,10.0,8.399999618530273,12.199999809265137,0.8150387648567268
Uttar Pradesh,12.413194444444445,12.149999618530273,9.899999618530273,16.299999237060547,1.6026993876420867
Uttar Pradesh,16.859154929577464,15.300000190734863,10.699999809265137,29.0,4.77270927809987
Uttar Pradesh,13.058333502875435,13.100000381469727,10.5,16.799999237060547,1.2274917400002394
Uttar Pradesh,14.316665649414062,14.5,10.899999618530273,16.200000762939453,1.0261849741471087
Uttar Pradesh,13.036805894639757,13.399999618530273,9.600000381469727,15.399999618530273,1.2737055519897897
Uttar Pradesh,13.036805894639757,13.0,10.600000381469727,16.200000762939453,1.5361273413007404
Uttar Pradesh,17.325695461697048,17.299999237060547,14.100000381469727,20.100000381469727,1.0285336518928712
Uttar Pradesh,17.443749321831596,17.799999237060547,14.800000190734863,19.899999618530273,1.1144080146718989
Uttar Pradesh,17.747916327582466,18.100000381469727,14.600000381469727,19.399999618530273,1.2410775092034556
Uttar Pradesh,18.75208197699653,18.700000762939453,17.600000381469727,20.600000381469727,0.5774667523589845
Uttar Pradesh,17.933332655164932,18.200000762939453,14.300000190734863,19.600000381469727,1.1370649748371642
Uttar Pradesh,17.583333333333332,17.600000381469727,15.100000381469727,20.5,0.9922617279171483
Uttar Pradesh,15.36319308810764,15.199999809265137,14.399999618530273,18.0,0.6913901351760426
Uttar Pradesh,15.889584011501736,15.899999618530273,14.699999809265137,16.899999618530273,0.5277992864639511
Uttar Pradesh,18.00902642144097,18.100000381469727,15.800000190734863,21.200000762939453,1.304474919968807
Uttar Pradesh,17.394444783528645,17.5,15.899999618530273,21.399999618530273,0.8625525420495628
Uttar Pradesh,19.88088271197151,17.299999237060547,14.899999618530273,33.599998474121094,5.279991511989356
Uttar Pradesh,15.601389567057291,15.600000381469727,14.699999809265137,17.0,0.47287335048117934
Uttar Pradesh,16.829165988498264,16.299999237060547,14.399999618530273,27.100000381469727,1.9729727667315682
Uttar Pradesh,17.217361450195312,16.25,15.0,27.299999237060547,2.486081464468367
Uttar Pradesh,16.480555216471355,15.800000190734863,15.100000381469727,26.299999237060547,2.044853906122817
Uttar Pradesh,16.226389567057293,16.100000381469727,15.100000381469727,19.399999618530273,0.6456032669989911
Uttar Pradesh,16.854166666666668,16.600000381469727,15.600000381469727,25.5,1.0373493911857792
Uttar Pradesh,16.69652642144097,16.700000762939453,15.300000190734863,18.5,0.6462942886395319
Uttar Pradesh,16.53958299424913,16.549999237060547,14.899999618530273,17.799999237060547,0.6731165055560199
Uttar Pradesh,17.746853488308567,17.100000381469727,15.800000190734863,23.5,1.674606918731197
Uttar Pradesh,27.116949566340043,28.100000381469727,16.299999237060547,37.29999923706055,5.702278731343992
Uttar Pradesh,28.0,28.0,27.899999618530273,28.100000381469727,0.10000038146972656
Uttar Pradesh,11.767857142857142,10.050000190734863,9.5,24.0,3.464313245763649
Uttar Pradesh,10.134146341463415,9.899999618530273,9.199999809265137,18.0,1.1039345168743213
Uttar Pradesh,13.40220552332261,10.699999809265137,9.199999809265137,32.70000076293945,5.182343686506626
Uttar Pradesh,11.906294389204545,11.199999809265137,9.0,27.700000762939453,2.6070967150315454
Uttar Pradesh,10.78541734483507,10.699999809265137,8.300000190734863,13.899999618530273,1.1012599185029275
Uttar Pradesh,12.609722561306423,12.5,9.5,22.799999237060547,1.7128322464133472
Uttar Pradesh,15.881818864729022,13.199999809265137,10.199999809265137,32.29999923706055,5.600519886309781
Uttar Pradesh,13.297222561306423,13.0,11.399999618530273,16.700000762939453,1.2175193696960538
Uttar Pradesh,12.560416327582466,12.399999618530273,10.699999809265137,14.899999618530273,1.0107902906557842
Uttar Pradesh,12.350001017252604,11.449999809265137,9.899999618530273,16.0,1.872238646600428
Uttar Pradesh,13.936109754774305,13.800000190734863,10.399999618530273,17.399999618530273,2.117932966565826
Uttar Pradesh,17.850694444444443,17.75,16.299999237060547,19.600000381469727,0.73654570004375
Uttar Pradesh,18.06597222222222,18.100000381469727,16.700000762939453,19.200000762939453,0.5426482378772032
Uttar Pradesh,18.15069580078125,18.200000762939453,17.0,19.399999618530273,0.4990263781366696
Uttar Pradesh,18.462500678168404,18.5,16.899999618530273,20.0,0.6719452814810565
Uttar Pradesh,16.910417344835068,17.200000762939453,14.399999618530273,18.799999237060547,1.0378074602577017
Uttar Pradesh,16.547915988498264,16.200000762939453,14.300000190734863,20.899999618530273,1.5297498422667895
Uttar Pradesh,15.070139567057291,14.800000190734863,13.899999618530273,17.600000381469727,0.8897627003990972
Uttar Pradesh,15.82430691189236,15.699999809265137,14.699999809265137,18.299999237060547,0.5982899374529659
Uttar Pradesh,18.443751017252605,18.349998474121094,15.300000190734863,28.700000762939453,2.1608806762236252
Uttar Pradesh,20.002897843070652,18.0,16.399999618530273,35.70000076293945,4.631945571496066
Uttar Pradesh,17.21631205673759,16.799999237060547,14.399999618530273,33.5,3.2251367343507207
Uttar Pradesh,16.229861789279514,15.899999618530273,14.399999618530273,18.700000762939453,0.9902356240702631
Uttar Pradesh,16.92847357855903,16.700000762939453,15.0,19.0,1.0276498721286103
Uttar Pradesh,17.324305216471355,17.100000381469727,15.5,19.799999237060547,1.1112583706374537
Uttar Pradesh,17.03194342719184,16.299999237060547,15.100000381469727,22.799999237060547,1.6568314434450142
Uttar Pradesh,16.184722900390625,16.100000381469727,15.100000381469727,18.5,0.46968063392033005
Uttar Pradesh,16.69097222222222,16.450000762939453,15.5,22.200000762939453,0.8666597027583973
Uttar Pradesh,16.620832655164932,16.5,15.5,18.299999237060547,0.6481677945961516
Uttar Pradesh,16.931250678168404,16.799999237060547,15.699999809265137,18.299999237060547,0.5272396455376055
Uttar Pradesh,21.412587412587413,19.700000762939453,16.0,31.399999618530273,4.4952635556853275
Uttar Pradesh,30.240908536044035,30.549999237060547,23.799999237060547,33.70000076293945,2.306445445327026
Uttar Pradesh,12.0625,12.149999618530273,10.899999618530273,13.600000381469727,0.795200513513659
Uttar Pradesh,12.618055555555555,11.600000381469727,9.100000381469727,26.399999618530273,3.521080441644096
Uttar Pradesh,12.291378678946659,10.949999809265137,9.899999618530273,31.899999618530273,3.392145285928335
Uttar Pradesh,11.284615043159965,11.300000190734863,9.5,12.899999618530273,0.7195868950717672
Uttar Pradesh,11.69020944875437,11.199999809265137,9.5,29.100000381469727,2.407514916071168
Uttar Pradesh,14.021374418535306,12.600000381469727,10.199999809265137,30.399999618530273,4.26807796339304
Uttar Pradesh,13.994285365513393,12.600000381469727,10.300000190734863,32.5,4.130405864002037
Uttar Pradesh,13.322916666666666,13.100000381469727,11.100000381469727,19.100000381469727,1.3042515397004006
Uttar Pradesh,13.160563724141726,13.100000381469727,10.300000190734863,15.100000381469727,1.230478994401953
Uttar Pradesh,12.777777777777779,12.350000381469727,10.300000190734863,15.300000190734863,1.32410580632741
Uttar Pradesh,15.684027777777779,15.199999809265137,14.0,18.899999618530273,1.2976829054072199
Uttar Pradesh,17.842361450195312,17.799999237060547,15.600000381469727,19.799999237060547,0.6578140872155063
Uttar Pradesh,17.909027099609375,18.0,16.299999237060547,20.0,0.7999924846265949
Uttar Pradesh,17.847917344835068,18.0,15.5,19.399999618530273,0.8333307532665877
Uttar Pradesh,18.032638549804688,18.100000381469727,14.699999809265137,22.200000762939453,1.1039594182664798
Uttar Pradesh,17.529166327582466,17.399999618530273,14.199999809265137,23.100000381469727,2.0833624366132257
Uttar Pradesh,15.77152845594618,15.5,14.100000381469727,19.299999237060547,1.18788228600645
Uttar Pradesh,15.127083672417534,15.100000381469727,13.699999809265137,17.299999237060547,0.5409891805449982
Uttar Pradesh,17.763193766276043,18.049999237060547,14.899999618530273,20.299999237060547,1.265775254061864
Uttar Pradesh,18.849999321831596,19.0,16.0,23.200000762939453,1.1935009192205448
Uttar Pradesh,21.80223880597015,19.549999237060547,16.799999237060547,35.400001525878906,5.3665556593540416
Uttar Pradesh,17.400697934877623,17.5,14.699999809265137,26.100000381469727,1.5070230546875027
Uttar Pradesh,15.36111111111111,15.399999618530273,14.399999618530273,16.200000762939453,0.34603129865473575
Uttar Pradesh,16.515277438693577,16.25,15.100000381469727,28.899999618530273,1.6225545353253792
Uttar Pradesh,16.04791768391927,15.899999618530273,15.100000381469727,18.700000762939453,0.7153057917512182
Uttar Pradesh,16.762500339084202,16.200000762939453,15.199999809265137,22.899999618530273,1.4059829890637046
Uttar Pradesh,18.05902777777778,17.700000762939453,15.199999809265137,32.70000076293945,2.478166163103391
Uttar Pradesh,18.76388888888889,18.549999237060547,16.100000381469727,29.5,1.7823054255801936
Uttar Pradesh,16.950000339084202,16.700000762939453,15.5,19.799999237060547,0.782535092491717
Uttar Pradesh,17.419443766276043,17.5,15.699999809265137,19.700000762939453,0.7027998082364022
Uttar Pradesh,21.9375,20.399999618530273,15.699999809265137,33.0,5.057967779348102
Uttar Pradesh,30.41052888569079,30.0,28.100000381469727,33.20000076293945,1.5714208225794395
Uttar Pradesh,15.628570556640625,15.399999618530273,12.100000381469727,18.600000381469727,2.1305358789815125
Uttar Pradesh,,,,,
Uttar Pradesh,11.118400390625,10.899999618530273,10.199999809265137,13.600000381469727,0.6468859868030128
Uttar Pradesh,11.096503837958917,10.899999618530273,9.600000381469727,18.700000762939453,1.18966485054951
Uttar Pradesh,11.811805725097656,11.800000190734863,9.800000190734863,13.5,0.7951673678530167
Uttar Pradesh,12.517605633802816,12.25,10.199999809265137,18.700000762939453,1.5108201633895912
Uttar Pradesh,13.544366541043134,13.199999809265137,11.199999809265137,23.899999618530273,1.6593959351471275
Uttar Pradesh,14.275735294117647,12.699999809265137,10.899999618530273,30.700000762939453,4.144654508330455
Uttar Pradesh,12.856944613986546,12.800000190734863,11.300000190734863,15.699999809265137,0.6745011320319879
Uttar Pradesh,13.952777438693577,14.100000381469727,11.0,16.200000762939453,1.2127759737839803
Uttar Pradesh,14.058334350585938,14.5,10.699999809265137,16.299999237060547,1.2193178868315806
Uttar Pradesh,16.442362467447918,16.600000381469727,14.300000190734863,18.299999237060547,1.1056408288669182
Uttar Pradesh,17.564337030157343,17.799999237060547,14.199999809265137,19.100000381469727,0.9547383227564589
Uttar Pradesh,18.403472900390625,18.299999237060547,16.200000762939453,20.899999618530273,0.9410701022715289
Uttar Pradesh,18.85277811686198,18.549999237060547,15.0,27.600000381469727,2.03786877683238
Uttar Pradesh,20.493006993006993,20.399999618530273,16.899999618530273,27.299999237060547,1.5997223984555071
Uttar Pradesh,17.74722120496962,17.150001525878906,15.899999618530273,22.0,1.581707246361668
Uttar Pradesh,18.42916700575087,18.899999618530273,14.5,20.799999237060547,1.3546153737721105
Uttar Pradesh,17.359027438693577,17.349998474121094,14.699999809265137,20.399999618530273,1.8092514138873366
Uttar Pradesh,17.919443766276043,17.899999618530273,15.800000190734863,21.600000381469727,1.1480223162333214
Uttar Pradesh,19.453957537095324,18.700000762939453,16.600000381469727,29.600000381469727,2.4115211289273706
Uttar Pradesh,22.279166327582466,19.799999237060547,17.5,35.79999923706055,5.2468624146121945
Uttar Pradesh,18.46783148492133,17.700000762939453,16.299999237060547,43.599998474121094,3.355313054128008
Uttar Pradesh,15.700693766276041,15.5,14.899999618530273,22.5,0.842243715580261
Uttar Pradesh,16.15833197699653,16.100000381469727,15.199999809265137,17.299999237060547,0.43019700242225656
Uttar Pradesh,16.161805894639755,16.200000762939453,14.899999618530273,17.799999237060547,0.4784227584877816
Uttar Pradesh,18.626388549804688,18.399999618530273,16.200000762939453,22.700000762939453,1.4641069158510691
Uttar Pradesh,17.66527642144097,17.600000381469727,15.600000381469727,21.0,0.9957074748724566
Uttar Pradesh,20.595140245225693,20.399999618530273,16.100000381469727,30.600000381469727,2.435311122187253
Uttar Pradesh,18.25,17.799999237060547,16.200000762939453,23.100000381469727,1.5882816723958624
Uttar Pradesh,17.448611789279514,17.600000381469727,15.399999618530273,18.399999618530273,0.5822592700473632
Uttar Pradesh,22.758272678732013,21.0,15.300000190734863,37.20000076293945,5.899821986842085
Uttar Pradesh,32.572916666666664,33.099998474121094,21.200000762939453,39.099998474121094,3.945394889286135
Uttar Pradesh,16.125,16.049999237060547,13.399999618530273,19.0,2.1992897518208516
Uttar Pradesh,19.24285888671875,17.950000762939453,12.399999618530273,38.900001525878906,5.345287145448952
Uttar Pradesh,14.60793728298611,14.199999809265137,11.100000381469727,21.299999237060547,2.1149732116065745
Uttar Pradesh,11.386666870117187,11.199999809265137,10.5,12.800000190734863,0.6365183432135016
Uttar Pradesh,11.782796223958334,11.199999809265137,10.100000381469727,19.899999618530273,1.8029619069601195
Uttar Pradesh,18.324195123487904,18.399999618530273,12.5,23.5,2.1651703965654776
Uttar Pradesh,14.065383911132812,12.799999237060547,10.699999809265137,31.5,3.659544171586105
Uttar Pradesh,11.786713286713287,11.600000381469727,10.199999809265137,23.100000381469727,1.4904469090167887
Uttar Pradesh,11.588194105360243,11.399999618530273,9.399999618530273,14.0,0.8784848488360608
Uttar Pradesh,12.289582994249132,12.300000190734863,10.300000190734863,20.100000381469727,1.0298138737921343
Uttar Pradesh,12.104166666666666,12.0,9.399999618530273,21.299999237060547,1.5783638764979238
Uttar Pradesh,15.134043592087766,12.5,11.0,34.900001525878906,5.7312486167182275
Uttar Pradesh,13.706992836265297,13.199999809265137,11.399999618530273,30.100000381469727,2.6425948958881946
Uttar Pradesh,13.200000339084202,13.199999809265137,11.800000190734863,14.899999618530273,0.4750730631224889
Uttar Pradesh,13.669445461697048,13.300000190734863,11.600000381469727,16.100000381469727,1.1677540753428146
Uttar Pradesh,15.563888549804688,15.5,14.699999809265137,16.600000381469727,0.42074858969280593
Uttar Pradesh,17.331251356336807,17.399999618530273,14.899999618530273,18.700000762939453,0.5994753012093239
Uttar Pradesh,18.042658025568183,18.399999618530273,14.100000381469727,20.100000381469727,1.3752299013412934
Uttar Pradesh,19.337500678168404,19.5,15.300000190734863,23.100000381469727,1.5923809616039093
Uttar Pradesh,18.508331298828125,18.849998474121094,15.199999809265137,21.700000762939453,1.4417148577684777
Uttar Pradesh,20.531945122612846,20.5,18.0,23.700000762939453,1.0515632067053695
Uttar Pradesh,20.106248643663193,19.75,17.200000762939453,24.299999237060547,1.4579865641215737
Uttar Pradesh,19.40277777777778,19.5,17.5,20.899999618530273,0.7548863605788589
Uttar Pradesh,20.118055555555557,20.200000762939453,18.200000762939453,21.799999237060547,0.6694372314083864
Uttar Pradesh,20.146528455946182,19.849998474121094,17.799999237060547,24.700000762939453,1.419991880703481
Uttar Pradesh,23.66187050359712,22.0,18.899999618530273,34.900001525878906,3.803054457885797
Uttar Pradesh,20.538889567057293,20.100000381469727,17.700000762939453,29.399999618530273,1.6266919029778713
Uttar Pradesh,19.757639567057293,19.899999618530273,17.5,22.5,1.4534241139742203
Uttar Pradesh,16.426388210720486,16.299999237060547,15.100000381469727,18.700000762939453,0.7581031446731222
Uttar Pradesh,16.830556233723957,16.600000381469727,15.5,20.600000381469727,0.9141843518894969
Uttar Pradesh,17.188195122612846,16.700000762939453,15.5,28.899999618530273,1.9859749697742375
Uttar Pradesh,19.185416327582466,18.899999618530273,16.5,22.399999618530273,1.3561060078931466
Uttar Pradesh,18.659027099609375,18.299999237060547,16.299999237060547,24.299999237060547,1.6037029122625397
Uttar Pradesh,20.47708468967014,20.450000762939453,17.600000381469727,23.399999618530273,1.1784947241435348
Uttar Pradesh,17.90972222222222,17.299999237060547,16.0,23.899999618530273,1.642293409986838
Uttar Pradesh,17.71881163946473,17.399999618530273,15.899999618530273,25.5,1.5000800553122027
Uttar Pradesh,23.18354430379747,22.0,16.200000762939453,34.29999923706055,4.4585696366417835
Uttar Pradesh,31.99411908318015,31.799999237060547,27.200000762939453,35.599998474121094,2.00630469772666
Uttar Pradesh,13.625,13.399999618530273,11.899999618530273,16.200000762939453,0.9821675041101144
Uttar Pradesh,16.17872392370346,13.850000381469727,11.399999618530273,37.599998474121094,6.142663230110306
Uttar Pradesh,13.800000190734863,13.800000190734863,13.800000190734863,13.800000190734863,0.0
Uttar Pradesh,15.776,14.800000190734863,11.600000381469727,43.900001525878906,4.930256171668377
Uttar Pradesh,11.395833333333334,11.399999618530273,10.100000381469727,12.699999809265137,0.516380954359584
Uttar Pradesh,13.696528116861979,12.5,10.100000381469727,21.100000381469727,2.9515629847253977
Uttar Pradesh,19.057971014492754,18.75,13.0,24.399999618530273,2.501646169662678
Uttar Pradesh,17.311027975643384,15.600000381469727,11.399999618530273,43.599998474121094,5.741101446450871
Uttar Pradesh,11.882638719346788,11.899999618530273,10.899999618530273,13.699999809265137,0.5636352829746197
Uttar Pradesh,13.103472391764322,12.5,11.300000190734863,32.599998474121094,2.632948578554716
Uttar Pradesh,12.134722391764322,12.050000190734863,10.100000381469727,14.5,0.8376819075512927
Uttar Pradesh,11.740972730848524,11.600000381469727,9.899999618530273,16.100000381469727,0.9849149077511736
Uttar Pradesh,14.254135705474624,13.399999618530273,10.0,33.099998474121094,3.63968338412461
Uttar Pradesh,13.43076991368007,13.5,12.0,14.899999618530273,0.646586595322918
Uttar Pradesh,13.195832994249132,13.100000381469727,12.199999809265137,15.0,0.5886513768495469
Uttar Pradesh,14.370137532552084,14.399999618530273,12.5,17.299999237060547,1.1045411133084801
Uttar Pradesh,16.092359754774307,16.100000381469727,12.600000381469727,18.200000762939453,1.0309838791366952
Uttar Pradesh,17.981945461697048,18.0,16.100000381469727,19.899999618530273,0.7017490842870322
Uttar Pradesh,18.993055555555557,18.899999618530273,16.399999618530273,20.799999237060547,0.7635491951056702
Uttar Pradesh,18.777082655164932,18.75,15.0,22.299999237060547,1.3652288675349076
Uttar Pradesh,20.310416327582466,20.700000762939453,14.899999618530273,24.299999237060547,1.6180714850456934
Uttar Pradesh,22.036805894639755,22.0,19.5,25.0,1.0671058164332732
Uttar Pradesh,20.180555555555557,20.100000381469727,16.899999618530273,23.700000762939453,1.6399643433544124
Uttar Pradesh,18.726389567057293,18.600000381469727,17.0,23.799999237060547,1.1816881715015655
Uttar Pradesh,19.37986077202691,19.200000762939453,17.0,26.799999237060547,1.4942752305814764
Uttar Pradesh,20.163889567057293,20.5,17.0,29.200000762939453,1.8765590090162725
Uttar Pradesh,23.13768115942029,21.399999618530273,20.299999237060547,33.400001525878906,3.454386181914384
Uttar Pradesh,20.650000678168404,20.200000762939453,18.899999618530273,32.900001525878906,1.922129992805066
Uttar Pradesh,19.493748982747395,19.5,17.399999618530273,23.200000762939453,1.099887570006007
Uttar Pradesh,17.463194105360245,17.399999618530273,15.300000190734863,26.399999618530273,1.421987376580236
Uttar Pradesh,18.247222900390625,17.799999237060547,16.600000381469727,21.600000381469727,1.2863030364147252
Uttar Pradesh,18.580556233723957,18.399999618530273,16.700000762939453,22.200000762939453,1.1686458153372101
Uttar Pradesh,19.06805419921875,18.899999618530273,16.399999618530273,22.200000762939453,1.282881545832481
Uttar Pradesh,17.895833333333332,17.5,15.600000381469727,28.799999237060547,2.082495589777576
Uttar Pradesh,18.052083333333332,17.799999237060547,16.899999618530273,21.5,0.9215000147728483
Uttar Pradesh,17.599999321831596,17.700000762939453,16.100000381469727,19.399999618530273,0.8137703991232591
Uttar Pradesh,16.666666666666668,16.799999237060547,15.600000381469727,17.399999618530273,0.46844887939814456
Uttar Pradesh,13.305468559265137,12.800000190734863,11.5,19.100000381469727,1.6463173079089037
Uttar Pradesh,13.553521814480634,12.5,10.899999618530273,34.900001525878906,3.703208795643904
Uttar Pradesh,25.318870688384433,20.299999237060547,13.800000190734863,55.599998474121094,11.392782270997426
Uttar Pradesh,17.380672679227942,15.300000190734863,11.199999809265137,49.29999923706055,6.643645741276807
Uttar Pradesh,14.314583672417534,13.100000381469727,10.800000190734863,34.099998474121094,3.8333145970757183
Uttar Pradesh,16.134043592087767,16.200000762939453,10.800000190734863,29.5,4.3084912079204996
Uttar Pradesh,18.243748982747395,16.899999618530273,10.399999618530273,32.29999923706055,4.819012065701076
Uttar Pradesh,17.903496162041083,16.700000762939453,10.100000381469727,37.0,5.77166230814154
Uttar Pradesh,12.706943935818142,12.699999809265137,11.0,14.699999809265137,0.7822379570833397
Uttar Pradesh,13.841667175292969,13.899999618530273,12.0,15.300000190734863,0.8406760052699487
Uttar Pradesh,13.768055386013454,13.600000381469727,11.300000190734863,18.100000381469727,1.497667315494883
Uttar Pradesh,16.59098240586578,14.399999618530273,10.199999809265137,48.70000076293945,6.8745909571060935
Uttar Pradesh,14.17887255171655,13.5,11.100000381469727,34.099998474121094,3.2008983805507256
Uttar Pradesh,13.917143031529017,13.449999809265137,10.899999618530273,33.900001525878906,3.064822201515175
Uttar Pradesh,13.216260956554878,13.300000190734863,10.399999618530273,15.899999618530273,1.0946561674087378
Uttar Pradesh,13.549999660915798,13.399999618530273,11.899999618530273,17.0,0.847709369001096
Uttar Pradesh,15.3125,15.5,12.5,18.5,1.27027315115588
Uttar Pradesh,17.346527099609375,17.600000381469727,13.800000190734863,19.899999618530273,1.2057681500808155
Uttar Pradesh,18.731943766276043,18.75,15.5,21.899999618530273,1.383968322967634
Uttar Pradesh,18.979861789279514,19.100000381469727,16.0,22.700000762939453,1.2919935373335283
Uttar Pradesh,19.65625,19.450000762939453,16.600000381469727,25.600000381469727,1.4629079862911383
Uttar Pradesh,19.515970865885418,19.299999237060547,16.399999618530273,23.899999618530273,1.622654801679414
Uttar Pradesh,18.799306233723957,18.700000762939453,16.5,22.600000381469727,1.1895667395477216
Uttar Pradesh,18.38680691189236,18.100000381469727,14.5,23.0,1.8977049703628017
Uttar Pradesh,18.60763719346788,18.450000762939453,16.100000381469727,21.899999618530273,0.9996582530940166
Uttar Pradesh,20.035415649414062,20.049999237060547,17.299999237060547,24.5,1.099018985863984
Uttar Pradesh,22.318115234375,21.150001525878906,19.700000762939453,32.900001525878906,3.013598073002764
Uttar Pradesh,21.123611450195312,20.700000762939453,19.100000381469727,24.399999618530273,1.2938414978139599
Uttar Pradesh,19.895833333333332,20.0,17.200000762939453,22.899999618530273,0.9690970821117074
Uttar Pradesh,19.842359754774307,19.150001525878906,17.399999618530273,24.0,1.5623424250745317
Uttar Pradesh,19.630555894639755,19.799999237060547,15.899999618530273,23.899999618530273,1.8441453168320565
Uttar Pradesh,17.346527099609375,16.700000762939453,15.5,22.399999618530273,1.5840749321847984
Uttar Pradesh,18.55763922797309,17.899999618530273,15.600000381469727,23.799999237060547,1.8379328255443885
Uttar Pradesh,17.084028455946182,17.0,15.399999618530273,19.5,0.8895741165208788
Uttar Pradesh,17.573611789279514,17.600000381469727,16.700000762939453,19.100000381469727,0.4914528560178158
Uttar Pradesh,17.805714634486606,17.700000762939453,16.5,21.799999237060547,0.6183816591011249
Uttar Pradesh,17.580952962239582,17.600000381469727,16.700000762939453,18.299999237060547,0.38744471729617375
Uttar Pradesh,14.661151254777428,12.899999618530273,11.300000190734863,27.700000762939453,4.230014574522708
Uttar Pradesh,12.179861280653212,11.899999618530273,11.0,15.0,0.8887866176846095
Uttar Pradesh,14.623239436619718,13.449999809265137,11.5,32.20000076293945,3.658420125816231
Uttar Pradesh,18.44580078125,16.399999618530273,13.100000381469727,45.70000076293945,5.690051146567361
Uttar Pradesh,15.758452079665492,13.850000381469727,11.100000381469727,35.20000076293945,5.3679572406730065
Uttar Pradesh,13.998581906582446,12.199999809265137,10.699999809265137,31.899999618530273,4.2475188305859515
Uttar Pradesh,16.23688047152039,14.100000381469727,10.399999618530273,30.100000381469727,5.4811011752225465
Uttar Pradesh,14.261537778627622,13.199999809265137,10.399999618530273,29.0,2.9693757260441895
Uttar Pradesh,13.646478357449384,13.699999809265137,11.600000381469727,15.100000381469727,0.7198064900020673
Uttar Pradesh,14.889584011501736,14.699999809265137,11.800000190734863,28.399999618530273,1.9088506720088632
Uttar Pradesh,14.420144060532824,13.5,11.199999809265137,38.400001525878906,3.648438782093842
Uttar Pradesh,14.618310203014964,13.800000190734863,11.699999809265137,31.600000381469727,2.7053317615272627
Uttar Pradesh,13.934027777777779,14.0,11.800000190734863,16.799999237060547,0.8786956140302864
Uttar Pradesh,15.963829094636525,15.100000381469727,10.800000190734863,31.5,3.5801714455950124
Uttar Pradesh,13.850000796110734,12.850000381469727,10.699999809265137,30.200000762939453,3.7730307545818644
Uttar Pradesh,13.246527777777779,13.199999809265137,12.100000381469727,15.0,0.5637071127092521
Uttar Pradesh,14.103472391764322,14.199999809265137,11.800000190734863,17.100000381469727,1.2903172148752808
Uttar Pradesh,15.302083333333334,15.399999618530273,12.5,18.200000762939453,1.2174352190667392
Uttar Pradesh,17.704165988498264,18.049999237060547,14.0,20.700000762939453,1.7365305743734176
Uttar Pradesh,18.738194783528645,18.600000381469727,16.0,25.200000762939453,1.7269513116083617
Uttar Pradesh,18.787501017252605,18.75,14.399999618530273,26.299999237060547,1.6232201479180919
Uttar Pradesh,18.07083468967014,17.600000381469727,16.100000381469727,23.200000762939453,1.3758772957062095
Uttar Pradesh,17.39722188313802,17.600000381469727,14.800000190734863,19.399999618530273,0.9775923786701458
Uttar Pradesh,17.33472188313802,17.5,14.300000190734863,24.299999237060547,1.6709245293610628
Uttar Pradesh,17.71875,17.5,15.100000381469727,20.799999237060547,1.2112876646411093
Uttar Pradesh,22.158450704225352,20.600000381469727,18.299999237060547,34.400001525878906,3.4759990699422327
Uttar Pradesh,22.662237420782343,22.399999618530273,19.700000762939453,33.79999923706055,1.950786266830585
Uttar Pradesh,23.218054877387154,23.0,20.200000762939453,27.600000381469727,1.626586928188751
Uttar Pradesh,22.150694105360245,22.150001525878906,18.799999237060547,26.399999618530273,1.7439577023209325
Uttar Pradesh,21.417482176027097,21.600000381469727,18.399999618530273,24.899999618530273,1.5221127242640569
Uttar Pradesh,17.901387532552082,17.700000762939453,15.699999809265137,20.5,1.1974501901091692
Uttar Pradesh,17.557640923394096,17.299999237060547,16.299999237060547,20.700000762939453,0.9948883822869579
Uttar Pradesh,17.509721544053818,16.950000762939453,16.0,30.100000381469727,1.7940998504224763
Uttar Pradesh,18.00902811686198,17.899999618530273,16.200000762939453,21.899999618530273,1.0587540996131684
Uttar Pradesh,18.226389567057293,18.0,16.200000762939453,29.700000762939453,1.4518181334455482
Uttar Pradesh,18.516963413783483,18.0,16.700000762939453,30.5,1.6404968772906883
Uttar Pradesh,14.679278399493244,12.399999618530273,11.100000381469727,37.29999923706055,4.804260821400751
Uttar Pradesh,12.309722052680122,11.699999809265137,10.899999618530273,21.700000762939453,1.8268567602454366
Uttar Pradesh,12.30277845594618,12.050000190734863,11.0,17.0,0.9603923016493539
Uttar Pradesh,15.57222154405382,15.600000381469727,11.5,28.0,2.5663269368192902
Uttar Pradesh,14.504862467447916,14.300000190734863,11.5,18.5,1.5605523785765925
Uttar Pradesh,16.178321678321677,13.5,10.800000190734863,45.599998474121094,7.026753477008656
Uttar Pradesh,23.275694105360245,22.700000762939453,14.699999809265137,30.5,3.4766931993459895
Uttar Pradesh,15.283940893020073,14.699999809265137,12.0,29.799999237060547,2.91550679923161
Uttar Pradesh,13.615277608235678,13.600000381469727,11.899999618530273,16.899999618530273,0.8665319922377555
Uttar Pradesh,13.456249660915798,13.199999809265137,11.300000190734863,22.200000762939453,1.3763235829664955
Uttar Pradesh,14.812319548233695,14.149999618530273,11.800000190734863,30.600000381469727,2.4840491929393016
Uttar Pradesh,15.707638210720486,14.899999618530273,12.0,27.299999237060547,2.5337192701453044
Uttar Pradesh,14.509028116861979,14.199999809265137,11.800000190734863,17.600000381469727,1.3897897992224897
Uttar Pradesh,17.71388922797309,17.299999237060547,12.800000190734863,25.299999237060547,2.3477711465205537
Uttar Pradesh,15.334615384615384,14.050000190734863,11.699999809265137,31.299999237060547,3.8381629427832586
Uttar Pradesh,15.460992907801419,13.5,11.699999809265137,32.20000076293945,4.575075392623611
Uttar Pradesh,15.101407762984154,14.699999809265137,12.0,30.299999237060547,3.176719558259133
Uttar Pradesh,14.24027845594618,14.300000190734863,12.100000381469727,16.700000762939453,1.0569426658680845
Uttar Pradesh,16.343054877387154,16.349998474121094,12.399999618530273,20.0,1.8500244762409745
Uttar Pradesh,17.71597120496962,17.200000762939453,13.300000190734863,24.100000381469727,2.3701460041999014
Uttar Pradesh,18.759721544053818,18.5,15.5,31.5,2.331794691847148
Uttar Pradesh,16.89999965854458,16.899999618530273,14.100000381469727,20.100000381469727,1.1045994183770775
Uttar Pradesh,17.347917344835068,17.450000762939453,14.699999809265137,18.899999618530273,0.7504599510874859
Uttar Pradesh,17.50555419921875,17.799999237060547,15.300000190734863,19.899999618530273,1.096508192457889
Uttar Pradesh,20.01571568080357,18.650001525878906,16.0,37.900001525878906,4.059825409512044
Uttar Pradesh,21.74125874125874,21.200000762939453,18.5,34.099998474121094,2.541689498845928
Uttar Pradesh,23.052778455946182,22.899999618530273,20.399999618530273,27.0,1.4735607025343502
Uttar Pradesh,24.29513888888889,24.399999618530273,21.0,27.200000762939453,1.2975045556345284
Uttar Pradesh,21.699305216471355,21.299999237060547,19.5,27.5,1.7099585311947623
Uttar Pradesh,21.974305894639755,22.5,17.799999237060547,24.700000762939453,1.4189073291159295
Uttar Pradesh,21.906429617745534,18.5,16.0,47.70000076293945,7.092281709814652
Uttar Pradesh,17.360415988498264,17.100000381469727,15.899999618530273,25.200000762939453,1.3202073136006958
Uttar Pradesh,18.922220865885418,17.75,16.299999237060547,31.100000381469727,3.1232428062342974
Uttar Pradesh,17.649998982747395,17.600000381469727,15.899999618530273,19.700000762939453,0.8967533938876022
Uttar Pradesh,18.265972561306423,18.0,16.600000381469727,21.5,0.9460563562154118
Uttar Pradesh,19.802563267895298,19.100000381469727,17.0,34.29999923706055,2.439050601018758
Uttar Pradesh,14.240000406901041,13.300000190734863,11.100000381469727,21.200000762939453,2.9778740705069437
Uttar Pradesh,12.22429906542056,11.899999618530273,11.0,15.600000381469727,1.026730738529281
Uttar Pradesh,12.529166327582466,11.800000190734863,10.600000381469727,20.799999237060547,2.1798277258726357
Uttar Pradesh,13.602778116861979,12.25,10.300000190734863,25.5,2.833650595869639
Uttar Pradesh,14.604861789279514,14.5,10.899999618530273,20.399999618530273,1.818093128289723
Uttar Pradesh,16.179021661931817,13.600000381469727,11.300000190734863,49.5,7.269438397696797
Uttar Pradesh,22.21527777777778,22.0,14.0,29.899999618530273,3.407922227550877
Uttar Pradesh,14.150818871670081,13.399999618530273,11.399999618530273,25.899999618530273,2.520123854815995
Uttar Pradesh,13.701408278774208,13.600000381469727,11.100000381469727,26.100000381469727,1.9801118796329853
Uttar Pradesh,13.876087133435236,13.600000381469727,11.600000381469727,22.100000381469727,1.4697211769888199
Uttar Pradesh,16.634999302455356,15.949999809265137,12.399999618530273,32.29999923706055,3.2239045805435675
Uttar Pradesh,15.97062971208479,15.300000190734863,12.399999618530273,31.200000762939453,2.9717747681088618
Uttar Pradesh,14.719445122612846,14.600000381469727,13.0,18.100000381469727,0.9543233422317584
Uttar Pradesh,17.450695461697048,16.799999237060547,13.399999618530273,26.600000381469727,2.336783057439458
Uttar Pradesh,17.470833672417534,16.600000381469727,14.100000381469727,27.0,2.4969112633319117
Uttar Pradesh,16.1809872909331,15.899999618530273,13.100000381469727,28.5,1.970662846361599
Uttar Pradesh,18.6202793788243,15.199999809265137,12.399999618530273,42.599998474121094,7.591019300325729
Uttar Pradesh,14.336110432942709,14.300000190734863,11.800000190734863,17.600000381469727,1.091101050374056
Uttar Pradesh,13.08958265516493,12.600000381469727,11.399999618530273,16.299999237060547,1.2661576594435335
Uttar Pradesh,14.426388210720486,14.199999809265137,12.0,16.899999618530273,1.133761320078892
Uttar Pradesh,16.714582655164932,16.600000381469727,14.100000381469727,21.899999618530273,1.6736507159038576
Uttar Pradesh,15.423776906687063,15.0,13.199999809265137,19.200000762939453,1.440617541746072
Uttar Pradesh,16.46153846153846,16.899999618530273,13.899999618530273,18.399999618530273,1.0279943439348356
Uttar Pradesh,17.002777099609375,17.0,14.699999809265137,19.5,1.0734125221006856
Uttar Pradesh,19.23007095443619,18.600000381469727,16.799999237060547,29.600000381469727,2.2233356741478083
Uttar Pradesh,21.62269538175975,20.700000762939453,18.399999618530273,34.29999923706055,3.197347520608711
Uttar Pradesh,22.404166327582466,22.349998474121094,19.100000381469727,26.399999618530273,1.8332149825946675
Uttar Pradesh,23.669443766276043,23.75,20.399999618530273,26.299999237060547,1.488253975434938
Uttar Pradesh,22.158042640952797,21.700000762939453,19.399999618530273,33.29999923706055,2.106148558577581
Uttar Pradesh,24.74791802300347,23.799999237060547,18.600000381469727,36.5,3.7844522973361134
Uttar Pradesh,22.09722222222222,20.299999237060547,17.5,32.79999923706055,4.106058177481397
Uttar Pradesh,19.712673993177816,17.849998474121094,15.399999618530273,36.0,4.340569507418631
Uttar Pradesh,19.189585367838543,17.349998474121094,15.199999809265137,32.70000076293945,4.202986998282342
Uttar Pradesh,17.772220187717014,17.700000762939453,15.399999618530273,24.899999618530273,1.4003692412522029
Uttar Pradesh,18.33309387646133,18.299999237060547,16.799999237060547,19.799999237060547,0.6621730060724158
Uttar Pradesh,17.84259259259259,17.700000762939453,16.600000381469727,20.799999237060547,0.8830924929155421
Uttar Pradesh,11.800000190734863,11.800000190734863,11.800000190734863,11.800000190734863,0.0
Uttar Pradesh,11.73924081536788,11.600000381469727,10.699999809265137,13.600000381469727,0.6620677058978317
Uttar Pradesh,12.244444444444444,11.800000190734863,10.800000190734863,20.100000381469727,1.553951542437484
Uttar Pradesh,12.73986048131556,12.399999618530273,10.5,16.799999237060547,1.5732972525116498
Uttar Pradesh,13.926761251100352,12.800000190734863,10.100000381469727,40.900001525878906,4.1451467561213065
Uttar Pradesh,23.038570731026784,22.099998474121094,11.899999618530273,47.20000076293945,6.5476668792501656
Uttar Pradesh,14.586110432942709,14.199999809265137,11.399999618530273,27.399999618530273,2.034139553831047
Uttar Pradesh,13.318055894639757,13.199999809265137,11.199999809265137,27.600000381469727,1.70577668704323
Uttar Pradesh,16.037983739098838,14.699999809265137,11.600000381469727,34.099998474121094,4.3283488075251455
Uttar Pradesh,20.811342219716494,19.399999618530273,15.199999809265137,38.0,4.781512509216852
Uttar Pradesh,16.279411764705884,15.699999809265137,12.800000190734863,22.600000381469727,2.6018409934739606
Uttar Pradesh,13.976344611055108,14.0,12.5,15.199999809265137,0.6635515125093615
Uttar Pradesh,17.18359375,15.600000381469727,14.199999809265137,30.5,3.319845052765421
Uttar Pradesh,19.01188947770979,17.700000762939453,14.100000381469727,31.0,3.831840987507173
Uttar Pradesh,16.454165988498264,15.300000190734863,12.800000190734863,34.5,3.8952405485577577
Uttar Pradesh,15.87305033798759,14.800000190734863,12.300000190734863,30.100000381469727,3.285836344576269
Uttar Pradesh,15.29513888888889,15.300000190734863,13.300000190734863,17.399999618530273,0.9311230731161838
Uttar Pradesh,13.070833841959635,12.600000381469727,11.600000381469727,15.899999618530273,1.1273047408611565
Uttar Pradesh,12.688195122612846,12.5,11.600000381469727,15.199999809265137,0.7512486461927034
Uttar Pradesh,13.818749321831596,13.699999809265137,12.100000381469727,19.600000381469727,1.231246496264124
Uttar Pradesh,14.238194783528646,13.800000190734863,12.600000381469727,16.600000381469727,1.0858941704935683
Uttar Pradesh,14.746098944481384,14.199999809265137,12.399999618530273,31.299999237060547,2.37888216263478
Uttar Pradesh,16.718183184003497,17.0,14.699999809265137,22.700000762939453,1.302962592432272
Uttar Pradesh,22.438890245225693,20.100000381469727,16.700000762939453,35.099998474121094,4.802720665244548
Uttar Pradesh,19.84375,19.450000762939453,17.5,27.299999237060547,1.395862868184089
Uttar Pradesh,21.07916768391927,20.700000762939453,18.5,24.799999237060547,1.5849060119836562
Uttar Pradesh,23.096527099609375,22.799999237060547,20.600000381469727,28.600000381469727,1.3919616623384932
Uttar Pradesh,23.085949606146695,22.200000762939453,18.100000381469727,31.0,2.6719635649770845
Uttar Pradesh,20.966177547679226,20.650001525878906,17.399999618530273,27.299999237060547,2.0785394780088393
Uttar Pradesh,20.386805216471355,20.100000381469727,18.100000381469727,34.099998474121094,1.5834317783074
Uttar Pradesh,17.818749321831596,17.549999237060547,15.600000381469727,24.899999618530273,1.6044628983138953
Uttar Pradesh,18.90416802300347,18.799999237060547,16.0,25.899999618530273,1.5521881062824814
Uttar Pradesh,19.305595771416083,19.299999237060547,16.600000381469727,23.299999237060547,1.5300612601540138
Uttar Pradesh,21.265262643914475,21.100000381469727,18.399999618530273,24.700000762939453,1.5823878354980037
Uttar Pradesh,11.683333079020182,11.199999809265137,11.0,13.300000190734863,0.8434388052282669
Uttar Pradesh,14.354285539899553,14.0,11.300000190734863,17.600000381469727,1.8268384406124392
Uttar Pradesh,12.473528693704043,11.899999618530273,10.600000381469727,16.899999618530273,1.6569477543610331
Uttar Pradesh,23.11648458962912,23.299999237060547,15.199999809265137,41.29999923706055,4.776551339747988
Uttar Pradesh,16.56382978723404,15.699999809265137,13.300000190734863,26.399999618530273,2.7094601025756466
Uttar Pradesh,14.143243463189751,13.100000381469727,11.300000190734863,40.400001525878906,3.8930667860028416
Uttar Pradesh,14.114286150251116,14.399999618530273,12.699999809265137,15.300000190734863,0.8542809487442358
Uttar Pradesh,15.72432399440456,15.300000190734863,14.300000190734863,19.5,1.3372834765979553
Uttar Pradesh,17.027972027972027,16.299999237060547,14.5,24.899999618530273,2.0929253559001038
Uttar Pradesh,16.681818181818183,15.300000190734863,12.5,34.099998474121094,4.491898346719674
Uttar Pradesh,14.314581976996529,13.5,11.800000190734863,27.799999237060547,2.5256729231438904
Uttar Pradesh,15.546527438693577,15.600000381469727,12.0,19.0,1.4020774483131653
Uttar Pradesh,14.602082994249132,14.199999809265137,11.899999618530273,20.5,1.8698065004673061
Uttar Pradesh,13.220138549804688,12.600000381469727,11.699999809265137,26.399999618530273,2.243372334226435
Uttar Pradesh,13.398611280653212,13.399999618530273,12.199999809265137,15.800000190734863,0.6580681371852187
Uttar Pradesh,13.875,13.699999809265137,12.100000381469727,16.700000762939453,0.7811583536436164
Uttar Pradesh,14.276389227973091,13.5,12.0,27.799999237060547,2.583655458314022
Uttar Pradesh,17.547915988498264,15.5,13.199999809265137,33.400001525878906,4.97145972802751
Uttar Pradesh,18.14718241087148,16.700000762939453,14.100000381469727,35.599998474121094,4.532040761833168
Uttar Pradesh,18.955556233723957,18.799999237060547,15.399999618530273,29.700000762939453,2.11074558246024
Uttar Pradesh,21.24791802300347,20.049999237060547,18.0,32.599998474121094,3.077245520157364
Uttar Pradesh,24.78472222222222,24.049999237060547,18.799999237060547,35.099998474121094,3.4097962324236493
Uttar Pradesh,20.613138686131386,19.899999618530273,16.799999237060547,30.700000762939453,2.8654962246644082
Uttar Pradesh,19.776978417266186,19.5,17.299999237060547,23.100000381469727,1.1874230579527418
Uttar Pradesh,20.309722900390625,20.100000381469727,17.0,25.399999618530273,1.9174751706843882
Uttar Pradesh,19.863889906141495,19.0,16.200000762939453,24.399999618530273,2.3199200869554444
Uttar Pradesh,19.83541700575087,17.950000762939453,15.699999809265137,34.70000076293945,4.044414358547455
Uttar Pradesh,20.882639567057293,19.200000762939453,15.600000381469727,33.599998474121094,4.639314632487192
Uttar Pradesh,20.890974256727432,20.600000381469727,17.200000762939453,33.900001525878906,2.553861839984457
Uttar Pradesh,19.598413860987105,19.600000381469727,17.899999618530273,22.0,0.7837621622549595
Uttar Pradesh,20.299999237060547,20.299999237060547,20.299999237060547,20.299999237060547,0.0
Uttar Pradesh,23.405263800370065,21.299999237060547,18.5,40.599998474121094,5.3027769420000785
Uttar Pradesh,19.20204006895727,19.700000762939453,13.699999809265137,22.799999237060547,2.203660219890598
Uttar Pradesh,13.177776760525173,12.800000190734863,11.699999809265137,14.699999809265137,1.0653927883119758
Uttar Pradesh,21.319416527609224,19.100000381469727,14.100000381469727,34.70000076293945,5.951487705586211
Uttar Pradesh,19.054609582779257,18.600000381469727,11.899999618530273,34.70000076293945,4.686156972409817
Uttar Pradesh,18.50514849494485,15.949999809265137,12.300000190734863,34.5,5.084453259262773
Uttar Pradesh,15.603571428571428,15.300000190734863,13.600000381469727,20.0,1.1542721723227292
Uttar Pradesh,15.854166666666666,15.800000190734863,12.199999809265137,23.899999618530273,1.964789897578763
Uttar Pradesh,14.021527608235678,13.5,11.800000190734863,19.600000381469727,1.6551754943801922
Uttar Pradesh,12.94718309859155,12.800000190734863,10.800000190734863,15.600000381469727,0.8274084399365091
Uttar Pradesh,14.36126708984375,14.100000381469727,12.800000190734863,21.0,1.2642343527332345
Uttar Pradesh,15.609999302455357,14.699999809265137,13.300000190734863,31.600000381469727,2.7848647372509427
Uttar Pradesh,18.357043628961268,15.5,13.800000190734863,36.599998474121094,5.9298172187989975
Uttar Pradesh,17.68450841769366,16.100000381469727,13.800000190734863,31.200000762939453,3.9368661265668408
Uttar Pradesh,19.60208468967014,18.349998474121094,15.699999809265137,31.899999618530273,3.481667670789135
Uttar Pradesh,19.12847222222222,18.799999237060547,15.699999809265137,27.5,1.8203198149660194
Uttar Pradesh,18.85763888888889,18.600000381469727,15.399999618530273,24.100000381469727,1.9838436734646183
Uttar Pradesh,19.84861077202691,19.849998474121094,17.600000381469727,22.0,0.9356359847942213
Uttar Pradesh,20.452084011501736,20.5,17.399999618530273,22.799999237060547,1.062162964738335
Uttar Pradesh,22.560416327582466,22.75,18.5,24.799999237060547,1.3410308398975355
Uttar Pradesh,22.71388922797309,22.5,17.600000381469727,28.799999237060547,2.728186460903274
Uttar Pradesh,20.899305555555557,21.25,15.399999618530273,30.299999237060547,2.374590483075943
Uttar Pradesh,19.78125,19.100000381469727,15.300000190734863,33.79999923706055,3.2918241628258635
Uttar Pradesh,28.23819308810764,30.25,17.600000381469727,37.400001525878906,6.539049327631677
Uttar Pradesh,20.033333672417534,18.399999618530273,17.100000381469727,36.099998474121094,4.26717122761081
Uttar Pradesh,,,,,
Uttar Pradesh,23.295238676525297,23.75,13.300000190734863,33.20000076293945,6.74381386319685
Uttar Pradesh,20.69790073208042,20.399999618530273,14.5,28.0,2.8090629243819962
Uttar Pradesh,16.669443766276043,16.200000762939453,12.300000190734863,33.29999923706055,3.6217950484313253
Uttar Pradesh,16.767153997490876,15.100000381469727,12.199999809265137,33.79999923706055,5.264217530159278
Uttar Pradesh,14.750695122612846,14.699999809265137,11.899999618530273,18.5,1.8985739432031865
Uttar Pradesh,13.367362128363716,12.899999618530273,11.699999809265137,17.5,1.260557058827129
Uttar Pradesh,12.912500169542101,12.699999809265137,11.899999618530273,15.5,0.7664741827769801
Uttar Pradesh,15.422222561306423,14.949999809265137,12.199999809265137,20.5,2.018334181724491
Uttar Pradesh,15.140972561306423,15.300000190734863,13.300000190734863,17.5,0.7860248902498433
Uttar Pradesh,19.762674680897888,16.700000762939453,14.199999809265137,35.0,5.8806870322781295
Uttar Pradesh,20.173240124339788,17.799999237060547,14.800000190734863,34.099998474121094,4.77836842811727
Uttar Pradesh,17.457638210720486,17.5,15.399999618530273,23.899999618530273,1.2257412374324441
Uttar Pradesh,18.468054877387154,18.399999618530273,16.399999618530273,22.0,1.2411157873184022
Uttar Pradesh,18.780554877387154,19.100000381469727,16.700000762939453,20.899999618530273,0.917974653068671
Uttar Pradesh,19.45416768391927,19.600000381469727,17.100000381469727,23.399999618530273,1.049660976607956
Uttar Pradesh,20.55416700575087,20.700000762939453,18.200000762939453,25.700000762939453,1.1247144977905845
Uttar Pradesh,21.170834011501736,21.0,19.200000762939453,23.600000381469727,1.2145458129218452
Uttar Pradesh,22.624304877387154,23.0,19.100000381469727,29.0,2.0306076642256197
Uttar Pradesh,20.236804538302952,19.75,18.5,26.700000762939453,1.4086412977566
Uttar Pradesh,20.394444783528645,20.0,17.700000762939453,26.899999618530273,1.645438930596068
Uttar Pradesh,25.30416700575087,23.600000381469727,18.100000381469727,37.599998474121094,5.736552805271156
Uttar Pradesh,19.8,19.799999237060547,17.899999618530273,25.200000762939453,1.086124651912139
Uttar Pradesh,14.399999618530273,14.399999618530273,14.399999618530273,14.399999618530273,0.0
Uttar Pradesh,18.794690697594028,18.5,13.199999809265137,27.399999618530273,3.8550470181468826
Uttar Pradesh,15.413194444444445,14.0,13.0,30.5,3.4066978483783514
Uttar Pradesh,16.115601451684398,14.199999809265137,12.0,32.599998474121094,5.081384212700139
Uttar Pradesh,14.652777777777779,14.0,12.0,19.200000762939453,1.829918937034865
Uttar Pradesh,14.192361619737413,14.25,12.399999618530273,16.600000381469727,1.1577084694437794
Uttar Pradesh,13.662499321831596,13.149999618530273,12.0,29.0,2.116629753141463
Uttar Pradesh,14.935416327582466,14.699999809265137,13.0,21.0,1.3262556284399036
Uttar Pradesh,15.308030622718977,14.100000381469727,12.899999618530273,34.900001525878906,3.6646079415715573
Uttar Pradesh,18.90496523160461,15.600000381469727,13.199999809265137,34.5,5.974820932540687
Uttar Pradesh,17.285315026770103,17.0,14.800000190734863,28.399999618530273,1.6822378845719053
Uttar Pradesh,18.339582655164932,18.450000762939453,15.600000381469727,29.299999237060547,1.840298049246031
Uttar Pradesh,18.34013946963028,18.399999618530273,14.0,24.600000381469727,1.7560382922187416
Uttar Pradesh,19.774305555555557,19.700000762939453,16.799999237060547,24.899999618530273,1.4302168490401326
Uttar Pradesh,18.944444444444443,18.799999237060547,17.200000762939453,21.200000762939453,0.956249713766997
Uttar Pradesh,19.52638922797309,19.299999237060547,17.700000762939453,22.799999237060547,0.9201438167370197
Uttar Pradesh,18.850694444444443,18.600000381469727,17.200000762939453,29.399999618530273,1.356619357052363
Uttar Pradesh,19.47361077202691,19.100000381469727,17.399999618530273,28.899999618530273,1.5383065314414655
Uttar Pradesh,20.056250678168404,19.75,18.700000762939453,31.100000381469727,1.4283205797962135
Uttar Pradesh,20.387500339084202,20.200000762939453,18.200000762939453,27.200000762939453,1.2837053340098072
Uttar Pradesh,20.402082655164932,20.299999237060547,18.200000762939453,25.700000762939453,1.4365017498014692
Uttar Pradesh,20.623333740234376,20.700000762939453,18.399999618530273,22.200000762939453,0.8691694553292105
Uttar Pradesh,15.436111450195312,14.649999618530273,12.800000190734863,22.5,2.3811938778193396
Uttar Pradesh,16.192857530381943,14.5,12.600000381469727,32.599998474121094,4.42197214810197
Uttar Pradesh,13.454166836208767,13.399999618530273,12.100000381469727,15.600000381469727,0.7737781715363666
Uttar Pradesh,13.779166327582466,13.5,12.699999809265137,17.299999237060547,0.9227731894395292
Uttar Pradesh,13.622222900390625,13.300000190734863,12.399999618530273,20.899999618530273,1.1178752034867931
Uttar Pradesh,13.685416327582466,13.5,12.399999618530273,16.299999237060547,0.7841280289948865
Uttar Pradesh,14.315277099609375,14.0,12.800000190734863,22.399999618530273,1.3018319840443433
Uttar Pradesh,15.06478838853433,14.5,12.800000190734863,28.200000762939453,2.1500474245718664
Uttar Pradesh,18.57391445878623,16.600000381469727,13.899999618530273,34.900001525878906,5.150957402024129
Uttar Pradesh,17.420834011501736,17.5,14.199999809265137,20.5,1.3500450611527137
Uttar Pradesh,18.074305216471355,18.299999237060547,15.600000381469727,20.700000762939453,1.2495970224513524
Uttar Pradesh,19.12907939937943,19.200000762939453,15.199999809265137,24.799999237060547,1.91431853291936
Uttar Pradesh,18.942362467447918,19.5,15.199999809265137,22.0,1.8232136868077378
Uttar Pradesh,18.320137871636284,18.25,16.0,22.100000381469727,1.2888722518981701
Uttar Pradesh,17.545454545454547,17.399999618530273,15.800000190734863,19.799999237060547,0.8294178357348456
Uttar Pradesh,18.793706293706293,18.700000762939453,17.299999237060547,21.399999618530273,0.6923373485714034
Uttar Pradesh,19.88680691189236,19.399999618530273,17.5,30.799999237060547,1.8506847555378803
Uttar Pradesh,20.31597222222222,20.200000762939453,18.399999618530273,26.399999618530273,1.0417441916670285
Uttar Pradesh,22.947183098591548,21.0,18.399999618530273,36.70000076293945,4.448400500774649
Uttar Pradesh,22.75046546436916,21.100000381469727,18.200000762939453,40.29999923706055,4.615807294763923
Uttar Pradesh,22.174999237060547,22.25,21.299999237060547,22.899999618530273,0.5804094574377437
Uttar Pradesh,13.870831807454428,13.350000381469727,11.800000190734863,19.299999237060547,1.7328875284571437
Uttar Pradesh,14.695000348772322,14.5,13.100000381469727,21.600000381469727,1.0016646607516484
Uttar Pradesh,13.422915988498264,13.399999618530273,12.300000190734863,15.399999618530273,0.5584849039091389
Uttar Pradesh,14.369444105360243,13.600000381469727,12.699999809265137,19.600000381469727,1.7810452367779819
Uttar Pradesh,15.675694783528646,15.5,12.399999618530273,24.700000762939453,1.6395395323352966
Uttar Pradesh,18.010416666666668,17.950000762939453,13.300000190734863,27.600000381469727,3.198365910353974
Uttar Pradesh,17.618976676551096,16.5,13.600000381469727,31.0,3.7576885612724764
Uttar Pradesh,16.39236111111111,16.799999237060547,13.199999809265137,18.100000381469727,1.18151737649758
Uttar Pradesh,16.38402642144097,16.5,14.0,18.200000762939453,1.066514500461373
Uttar Pradesh,15.674757281553399,15.600000381469727,14.0,18.600000381469727,0.9153193582843916
Uttar Pradesh,17.59139653687836,17.5,15.300000190734863,20.0,1.1096503994686853
Uttar Pradesh,17.21875,17.100000381469727,15.199999809265137,20.200000762939453,1.1260161520314815
Uttar Pradesh,16.995832655164932,17.0,15.399999618530273,18.700000762939453,0.7348351038494875
Uttar Pradesh,16.46388922797309,16.399999618530273,15.300000190734863,19.0,0.7515364823863345
Uttar Pradesh,18.493662659551056,18.200000762939453,16.100000381469727,27.100000381469727,1.52075849066191
Uttar Pradesh,18.96041531032986,18.899999618530273,17.899999618530273,21.200000762939453,0.6799937208020626
Uttar Pradesh,20.031429036458334,19.600000381469727,17.600000381469727,30.700000762939453,2.2081803160650315
Uttar Pradesh,23.834116498161766,22.5,17.899999618530273,33.79999923706055,4.572360808284024
Uttar Pradesh,21.92962872540509,20.700000762939453,18.5,29.200000762939453,3.2132612244556067
Uttar Pradesh,18.79315101937072,16.600000381469727,13.300000190734863,31.299999237060547,5.0791091895599205
Uttar Pradesh,13.98273451551259,13.699999809265137,12.199999809265137,24.700000762939453,1.3654487040388168
Uttar Pradesh,14.61111111111111,14.0,12.899999618530273,20.399999618530273,1.5816706044546223
Uttar Pradesh,14.824305216471354,14.399999618530273,12.699999809265137,24.399999618530273,1.7599023583747015
Uttar Pradesh,14.962500678168404,14.899999618530273,12.600000381469727,17.899999618530273,0.9262285293071739
Uttar Pradesh,21.04772810502486,20.299999237060547,14.100000381469727,32.79999923706055,5.186498481044715
Uttar Pradesh,16.068235868566177,15.899999618530273,13.899999618530273,19.399999618530273,1.3303878984936048
Uttar Pradesh,15.529861450195312,15.399999618530273,14.0,17.700000762939453,0.8012213059412836
Uttar Pradesh,15.461017156051376,15.5,14.300000190734863,17.399999618530273,0.7571169260376397
Uttar Pradesh,15.558537180830793,15.300000190734863,14.0,18.5,1.1571571189756997
Uttar Pradesh,18.056835586218526,18.399999618530273,14.399999618530273,21.799999237060547,1.7697315671058564
Uttar Pradesh,18.870832655164932,19.0,15.600000381469727,22.0,1.6382525109067887
Uttar Pradesh,16.757639567057293,16.799999237060547,15.100000381469727,18.5,0.7626324415297666
Uttar Pradesh,18.206315532483554,18.0,16.100000381469727,22.100000381469727,1.2473811977308862
Uttar Pradesh,18.631817441998106,18.799999237060547,17.0,19.899999618530273,0.6154966461019595
Uttar Pradesh,25.169998168945312,25.0,18.799999237060547,31.399999618530273,4.028163225441321
Uttar Pradesh,,,,,
Uttar Pradesh,16.631944444444443,14.5,13.0,31.899999618530273,4.841052003624981
Uttar Pradesh,15.00147112678079,13.800000190734863,12.800000190734863,35.599998474121094,3.774507755626677
Uttar Pradesh,14.563888549804688,13.800000190734863,13.100000381469727,27.600000381469727,2.054385941278087
Uttar Pradesh,16.020192072941708,14.449999809265137,13.0,31.100000381469727,4.017638573849481
Uttar Pradesh,26.633333841959637,28.75,19.399999618530273,31.200000762939453,4.970133444540163
Uttar Pradesh,14.158619847790948,14.199999809265137,13.399999618530273,14.800000190734863,0.33063914120127247
Uttar Pradesh,15.064285520523313,15.0,14.0,17.0,0.5371092297336404
Uttar Pradesh,16.39999944513494,15.800000190734863,15.199999809265137,18.399999618530273,1.0879504364144121
Uttar Pradesh,17.434426229508198,16.799999237060547,15.699999809265137,21.399999618530273,1.4977452224753542
Uttar Pradesh,16.49652777777778,16.200000762939453,14.800000190734863,24.700000762939453,1.466591492753889
Uttar Pradesh,17.210743801652892,17.200000762939453,15.5,19.299999237060547,1.004683306240772
Uttar Pradesh,19.910000610351563,20.200000762939453,18.899999618530273,20.700000762939453,0.5957349613680712
Uttar Pradesh,15.433333079020182,15.100000381469727,14.399999618530273,16.600000381469727,0.7706418378630959
Uttar Pradesh,18.430827434797934,16.200000762939453,12.800000190734863,37.400001525878906,5.0650532747801815
Uttar Pradesh,15.216083233173077,13.800000190734863,12.699999809265137,39.20000076293945,4.4472770610169725
Uttar Pradesh,16.981294261465827,15.0,12.899999618530273,33.400001525878906,4.924429997249147
Uttar Pradesh,27.420001220703124,30.399999618530273,14.300000190734863,35.0,6.788048463659421
Uttar Pradesh,15.821978558550825,15.800000190734863,15.100000381469727,17.200000762939453,0.4285939935459137
Uttar Pradesh,15.708474369372352,15.600000381469727,15.0,16.700000762939453,0.38236033329651425
Uttar Pradesh,19.839534315952037,17.799999237060547,15.600000381469727,33.79999923706055,4.690323463048562
Uttar Pradesh,14.800000190734863,14.800000190734863,14.5,15.100000381469727,0.3000001907348633
Uttar Pradesh,18.60625,15.149999618530273,13.5,40.20000076293945,6.269656150320068
Uttar Pradesh,14.299252638176306,13.899999618530273,12.600000381469727,24.100000381469727,1.4505015505527394
Uttar Pradesh,19.50194127351335,16.200000762939453,13.600000381469727,34.900001525878906,6.222913888486746
Uttar Pradesh,16.643528837316175,15.899999618530273,15.100000381469727,30.399999618530273,2.498067280656914
Uttar Pradesh,17.67436022636218,16.399999618530273,15.100000381469727,24.899999618530273,2.871497249748365
Uttar Pradesh,19.801052374588817,16.799999237060547,13.199999809265137,42.400001525878906,7.385355332281637
Uttar Pradesh,15.57222154405382,14.800000190734863,13.0,31.200000762939453,2.813273217802809
Uttar Pradesh,27.375,29.850000381469727,15.100000381469727,39.099998474121094,7.552606897178513
Uttar Pradesh,24.299999237060547,22.849998474121094,17.899999618530273,32.29999923706055,5.0815844835125885
Uttar Pradesh,,,,,
Uttar Pradesh,15.60769301194411,15.399999618530273,13.699999809265137,26.0,1.5082906831185607
Uttar Pradesh,20.43302931479358,15.699999809265137,13.899999618530273,38.099998474121094,7.386897028362078
Uttar Pradesh,30.5,30.5,30.5,30.5,0.0
Uttar Pradesh,16.95625114440918,16.450000762939453,14.600000381469727,27.200000762939453,2.766082406635427
Uttar Pradesh,26.82857186453683,28.200000762939453,16.200000762939453,34.70000076293945,5.787477626901105
